address_id,city,postal_area,linked_accounts
ADDR00001,Surat,395412,2
ADDR00002,Mumbai,400836,4
ADDR00003,Surat,395135,4
ADDR00004,Chennai,600948,2
ADDR00005,Mumbai,400462,2
ADDR00006,Kolkata,700617,3
ADDR00007,Surat,395645,4
ADDR00008,Delhi,110600,4
ADDR00009,Surat,395393,2
ADDR00010,Bangalore,560226,3
ADDR00011,Kolkata,700857,4
ADDR00012,Kolkata,700550,3
ADDR00013,Lucknow,226249,3
ADDR00014,Pune,411116,3
ADDR00015,Indore,452607,3
ADDR00016,Pune,411173,4
ADDR00017,Ahmedabad,380961,3
ADDR00018,Chennai,600488,2
ADDR00019,Chandigarh,160901,3
ADDR00020,Delhi,110908,3
ADDR00021,Hyderabad,500548,3
ADDR00022,Mumbai,400231,3
ADDR00023,Jaipur,302974,4
ADDR00024,Kolkata,700717,2
ADDR00025,Bangalore,560691,2
ADDR00026,Delhi,110766,3
ADDR00027,Bangalore,560234,4
ADDR00028,Pune,411180,2
ADDR00029,Hyderabad,500338,4
ADDR00030,Mumbai,400473,2
ADDR00031,Delhi,110714,2
ADDR00032,Jaipur,302331,4
ADDR00033,Bangalore,560496,4
ADDR00034,Ahmedabad,380981,2
ADDR00035,Surat,395606,3
ADDR00036,Hyderabad,500878,3
ADDR00037,Mumbai,400340,3
ADDR00038,Ahmedabad,380115,3
ADDR00039,Kochi,682192,2
ADDR00040,Bangalore,560518,2
ADDR00041,Mumbai,400944,4
ADDR00042,Ahmedabad,380981,4
ADDR00043,Mumbai,400971,2
ADDR00044,Mumbai,400255,4
ADDR00045,Pune,411421,3
ADDR00046,Pune,411139,4
ADDR00047,Delhi,110969,3
ADDR00048,Jaipur,302223,3
ADDR00049,Mumbai,400147,4
ADDR00050,Mumbai,400795,2
ADDR00051,Bangalore,560559,2
ADDR00052,Delhi,110606,4
ADDR00053,Kolkata,700849,3
ADDR00054,Bangalore,560976,4
ADDR00055,Surat,395249,3
ADDR00056,Hyderabad,500505,2
ADDR00057,Bangalore,560737,4
ADDR00058,Surat,395500,3
ADDR00059,Chandigarh,160990,2
ADDR00060,Chandigarh,160799,4
ADDR00061,Pune,411218,4
ADDR00062,Hyderabad,500483,3
ADDR00063,Hyderabad,500295,2
ADDR00064,Delhi,110757,2
ADDR00065,Bangalore,560328,2
ADDR00066,Ahmedabad,380474,2
ADDR00067,Mumbai,400865,3
ADDR00068,Surat,395104,3
ADDR00069,Chennai,600608,3
ADDR00070,Mumbai,400316,3
ADDR00071,Hyderabad,500552,2
ADDR00072,Chennai,600603,4
ADDR00073,Surat,395206,3
ADDR00074,Bangalore,560693,2
ADDR00075,Kochi,682748,4
ADDR00076,Mumbai,400115,4
ADDR00077,Kolkata,700823,3
ADDR00078,Bangalore,560276,3
ADDR00079,Mumbai,400754,4
ADDR00080,Kochi,682590,2
ADDR00081,Bangalore,560710,2
ADDR00082,Chennai,600586,4
ADDR00083,Jaipur,302533,2
ADDR00084,Surat,395921,3
ADDR00085,Indore,452503,2
ADDR00086,Kolkata,700294,4
ADDR00087,Pune,411967,4
ADDR00088,Hyderabad,500730,4
ADDR00089,Bangalore,560355,3
ADDR00090,Delhi,110435,2
ADDR00091,Chennai,600388,3
ADDR00092,Bangalore,560813,3
ADDR00093,Bangalore,560322,3
ADDR00094,Jaipur,302782,4
ADDR00095,Jaipur,302792,4
ADDR00096,Hyderabad,500990,4
ADDR00097,Delhi,110731,2
ADDR00098,Surat,395221,4
ADDR00099,Kochi,682678,4
ADDR00100,Delhi,110841,3
ADDR00101,Kolkata,700427,2
ADDR00102,Lucknow,226400,3
ADDR00103,Mumbai,400599,2
ADDR00104,Mumbai,400818,3
ADDR00105,Kochi,682914,3
ADDR00106,Chennai,600911,2
ADDR00107,Bangalore,560281,3
ADDR00108,Jaipur,302103,3
ADDR00109,Bangalore,560443,4
ADDR00110,Delhi,110647,3
ADDR00111,Lucknow,226697,3
ADDR00112,Mumbai,400535,2
ADDR00113,Indore,452678,4
ADDR00114,Mumbai,400131,2
ADDR00115,Delhi,110562,4
ADDR00116,Bangalore,560442,4
ADDR00117,Bangalore,560118,3
ADDR00118,Delhi,110705,2
ADDR00119,Delhi,110765,2
ADDR00120,Hyderabad,500593,2
ADDR00121,Bangalore,560324,4
ADDR00122,Chennai,600236,4
ADDR00123,Kolkata,700422,3
ADDR00124,Kolkata,700227,2
ADDR00125,Indore,452784,2
ADDR00126,Bangalore,560694,3
ADDR00127,Jaipur,302140,3
ADDR00128,Chennai,600242,2
ADDR00129,Jaipur,302132,2
ADDR00130,Surat,395729,4
ADDR00131,Mumbai,400949,2
ADDR00132,Delhi,110944,4
ADDR00133,Pune,411502,3
ADDR00134,Chennai,600899,4
ADDR00135,Delhi,110152,2
ADDR00136,Jaipur,302132,4
ADDR00137,Bangalore,560990,4
ADDR00138,Ahmedabad,380276,4
ADDR00139,Lucknow,226832,3
ADDR00140,Mumbai,400530,3
ADDR00141,Delhi,110837,2
ADDR00142,Ahmedabad,380639,2
ADDR00143,Chennai,600527,2
ADDR00144,Kolkata,700743,2
ADDR00145,Chennai,600893,4
ADDR00146,Kolkata,700271,2
ADDR00147,Delhi,110880,3
ADDR00148,Mumbai,400927,2
ADDR00149,Bangalore,560960,2
ADDR00150,Hyderabad,500552,4
ADDR00151,Jaipur,302482,2
ADDR00152,Surat,395717,4
ADDR00153,Chennai,600228,3
ADDR00154,Mumbai,400669,3
ADDR00155,Hyderabad,500800,4
ADDR00156,Kochi,682340,3
ADDR00157,Mumbai,400870,2
ADDR00158,Mumbai,400858,2
ADDR00159,Hyderabad,500498,2
ADDR00160,Hyderabad,500622,2
ADDR00161,Indore,452141,3
ADDR00162,Bangalore,560616,4
ADDR00163,Mumbai,400598,3
ADDR00164,Bangalore,560584,4
ADDR00165,Bangalore,560760,2
ADDR00166,Delhi,110146,2
ADDR00167,Mumbai,400106,4
ADDR00168,Ahmedabad,380122,3
ADDR00169,Mumbai,400876,4
ADDR00170,Kochi,682532,1
ADDR00171,Jaipur,302147,1
ADDR00172,Hyderabad,500208,1
ADDR00173,Bangalore,560130,1
ADDR00174,Jaipur,302579,1
ADDR00175,Delhi,110104,1
ADDR00176,Chennai,600756,1
ADDR00177,Kolkata,700807,1
ADDR00178,Pune,411226,1
ADDR00179,Chandigarh,160430,1
ADDR00180,Mumbai,400107,1
ADDR00181,Mumbai,400298,1
ADDR00182,Chennai,600485,1
ADDR00183,Bangalore,560549,1
ADDR00184,Chennai,600914,1
ADDR00185,Delhi,110893,1
ADDR00186,Jaipur,302801,1
ADDR00187,Ahmedabad,380869,1
ADDR00188,Lucknow,226181,1
ADDR00189,Mumbai,400387,1
ADDR00190,Bangalore,560606,1
ADDR00191,Ahmedabad,380129,1
ADDR00192,Kolkata,700130,1
ADDR00193,Pune,411713,1
ADDR00194,Delhi,110414,1
ADDR00195,Chennai,600350,1
ADDR00196,Hyderabad,500782,1
ADDR00197,Chennai,600936,1
ADDR00198,Delhi,110805,1
ADDR00199,Ahmedabad,380118,1
ADDR00200,Delhi,110828,1
ADDR00201,Pune,411290,1
ADDR00202,Delhi,110262,1
ADDR00203,Delhi,110394,1
ADDR00204,Bangalore,560843,1
ADDR00205,Bangalore,560408,1
ADDR00206,Jaipur,302223,1
ADDR00207,Indore,452294,1
ADDR00208,Ahmedabad,380942,1
ADDR00209,Surat,395588,1
ADDR00210,Mumbai,400607,1
ADDR00211,Kolkata,700545,1
ADDR00212,Mumbai,400797,1
ADDR00213,Chennai,600936,1
ADDR00214,Bangalore,560753,1
ADDR00215,Delhi,110371,1
ADDR00216,Kolkata,700322,1
ADDR00217,Chennai,600802,1
ADDR00218,Kolkata,700218,1
ADDR00219,Indore,452720,1
ADDR00220,Bangalore,560980,1
ADDR00221,Pune,411730,1
ADDR00222,Ahmedabad,380376,1
ADDR00223,Mumbai,400778,1
ADDR00224,Ahmedabad,380566,1
ADDR00225,Kolkata,700393,1
ADDR00226,Ahmedabad,380839,1
ADDR00227,Mumbai,400230,1
ADDR00228,Surat,395623,1
ADDR00229,Bangalore,560930,1
ADDR00230,Hyderabad,500974,1
ADDR00231,Pune,411393,1
ADDR00232,Kolkata,700663,1
ADDR00233,Delhi,110606,1
ADDR00234,Jaipur,302844,1
ADDR00235,Bangalore,560721,1
ADDR00236,Mumbai,400130,1
ADDR00237,Delhi,110443,1
ADDR00238,Bangalore,560406,1
ADDR00239,Ahmedabad,380120,1
ADDR00240,Jaipur,302664,1
ADDR00241,Kolkata,700181,1
ADDR00242,Mumbai,400434,1
ADDR00243,Hyderabad,500973,1
ADDR00244,Delhi,110693,1
ADDR00245,Indore,452754,1
ADDR00246,Surat,395652,1
ADDR00247,Delhi,110186,1
ADDR00248,Jaipur,302612,1
ADDR00249,Kolkata,700686,1
ADDR00250,Chennai,600842,1
ADDR00251,Mumbai,400359,1
ADDR00252,Jaipur,302562,1
ADDR00253,Delhi,110451,1
ADDR00254,Mumbai,400568,1
ADDR00255,Hyderabad,500190,1
ADDR00256,Mumbai,400483,1
ADDR00257,Bangalore,560122,1
ADDR00258,Pune,411410,1
ADDR00259,Hyderabad,500674,1
ADDR00260,Pune,411927,1
ADDR00261,Mumbai,400947,1
ADDR00262,Delhi,110450,1
ADDR00263,Pune,411203,1
ADDR00264,Mumbai,400444,1
ADDR00265,Pune,411877,1
ADDR00266,Chennai,600781,1
ADDR00267,Pune,411805,1
ADDR00268,Surat,395492,1
ADDR00269,Bangalore,560615,1
ADDR00270,Chandigarh,160451,1
ADDR00271,Chennai,600146,1
ADDR00272,Pune,411290,1
ADDR00273,Kochi,682780,1
ADDR00274,Hyderabad,500523,1
ADDR00275,Bangalore,560626,1
ADDR00276,Surat,395315,1
ADDR00277,Chennai,600766,1
ADDR00278,Delhi,110561,1
ADDR00279,Surat,395274,1
ADDR00280,Indore,452155,1
ADDR00281,Delhi,110876,1
ADDR00282,Mumbai,400932,1
ADDR00283,Chennai,600996,1
ADDR00284,Hyderabad,500857,1
ADDR00285,Ahmedabad,380596,1
ADDR00286,Delhi,110651,1
ADDR00287,Chandigarh,160533,1
ADDR00288,Hyderabad,500293,1
ADDR00289,Delhi,110565,1
ADDR00290,Jaipur,302962,1
ADDR00291,Mumbai,400202,1
ADDR00292,Bangalore,560691,1
ADDR00293,Ahmedabad,380810,1
ADDR00294,Chennai,600113,1
ADDR00295,Chennai,600975,1
ADDR00296,Delhi,110272,1
ADDR00297,Delhi,110180,1
ADDR00298,Bangalore,560970,1
ADDR00299,Bangalore,560287,1
ADDR00300,Chandigarh,160742,1
ADDR00301,Ahmedabad,380593,1
ADDR00302,Ahmedabad,380620,1
ADDR00303,Mumbai,400468,1
ADDR00304,Ahmedabad,380130,1
ADDR00305,Hyderabad,500949,1
ADDR00306,Bangalore,560665,1
ADDR00307,Chennai,600274,1
ADDR00308,Kolkata,700464,1
ADDR00309,Pune,411188,1
ADDR00310,Kolkata,700460,1
ADDR00311,Delhi,110328,1
ADDR00312,Pune,411633,1
ADDR00313,Lucknow,226472,1
ADDR00314,Delhi,110925,1
ADDR00315,Chennai,600283,1
ADDR00316,Jaipur,302189,1
ADDR00317,Chennai,600482,1
ADDR00318,Chandigarh,160368,1
ADDR00319,Delhi,110894,1
ADDR00320,Mumbai,400533,1
ADDR00321,Bangalore,560135,1
ADDR00322,Chandigarh,160919,1
ADDR00323,Bangalore,560156,1
ADDR00324,Mumbai,400595,1
ADDR00325,Delhi,110485,1
ADDR00326,Mumbai,400878,1
ADDR00327,Bangalore,560562,1
ADDR00328,Delhi,110456,1
ADDR00329,Bangalore,560399,1
ADDR00330,Hyderabad,500753,1
ADDR00331,Delhi,110710,1
ADDR00332,Jaipur,302201,1
ADDR00333,Bangalore,560682,1
ADDR00334,Mumbai,400997,1
ADDR00335,Pune,411591,1
ADDR00336,Mumbai,400912,1
ADDR00337,Chennai,600218,1
ADDR00338,Lucknow,226570,1
ADDR00339,Hyderabad,500196,1
ADDR00340,Hyderabad,500814,1
ADDR00341,Kolkata,700449,1
ADDR00342,Mumbai,400698,1
ADDR00343,Pune,411358,1
ADDR00344,Delhi,110924,1
ADDR00345,Jaipur,302132,1
ADDR00346,Delhi,110897,1
ADDR00347,Bangalore,560897,1
ADDR00348,Bangalore,560243,1
ADDR00349,Kolkata,700891,1
ADDR00350,Bangalore,560323,1
ADDR00351,Indore,452888,1
ADDR00352,Pune,411735,1
ADDR00353,Indore,452568,1
ADDR00354,Mumbai,400600,1
ADDR00355,Ahmedabad,380765,1
ADDR00356,Delhi,110463,1
ADDR00357,Mumbai,400550,1
ADDR00358,Hyderabad,500428,1
ADDR00359,Delhi,110469,1
ADDR00360,Delhi,110486,1
ADDR00361,Chennai,600670,1
ADDR00362,Mumbai,400476,1
ADDR00363,Delhi,110301,1
ADDR00364,Surat,395549,1
ADDR00365,Delhi,110217,1
ADDR00366,Bangalore,560640,1
ADDR00367,Chennai,600951,1
ADDR00368,Delhi,110798,1
ADDR00369,Bangalore,560398,1
ADDR00370,Mumbai,400875,1
ADDR00371,Delhi,110107,1
ADDR00372,Ahmedabad,380759,1
ADDR00373,Kolkata,700472,1
ADDR00374,Ahmedabad,380334,1
ADDR00375,Delhi,110427,1
ADDR00376,Mumbai,400887,1
ADDR00377,Indore,452755,1
ADDR00378,Mumbai,400835,1
ADDR00379,Mumbai,400663,1
ADDR00380,Ahmedabad,380236,1
ADDR00381,Kolkata,700194,1
ADDR00382,Chandigarh,160357,1
ADDR00383,Delhi,110431,1
ADDR00384,Kolkata,700961,1
ADDR00385,Lucknow,226302,1
ADDR00386,Surat,395442,1
ADDR00387,Bangalore,560991,1
ADDR00388,Mumbai,400649,1
ADDR00389,Ahmedabad,380141,1
ADDR00390,Bangalore,560856,1
ADDR00391,Delhi,110931,1
ADDR00392,Ahmedabad,380736,1
ADDR00393,Mumbai,400414,1
ADDR00394,Ahmedabad,380892,1
ADDR00395,Kolkata,700335,1
ADDR00396,Delhi,110991,1
ADDR00397,Chennai,600705,1
ADDR00398,Kolkata,700166,1
ADDR00399,Bangalore,560714,1
ADDR00400,Bangalore,560265,1
ADDR00401,Chennai,600926,1
ADDR00402,Chennai,600537,1
ADDR00403,Hyderabad,500785,1
ADDR00404,Ahmedabad,380620,1
ADDR00405,Bangalore,560151,1
ADDR00406,Delhi,110338,1
ADDR00407,Delhi,110171,1
ADDR00408,Kochi,682616,1
ADDR00409,Indore,452565,1
ADDR00410,Delhi,110822,1
ADDR00411,Kolkata,700669,1
ADDR00412,Chennai,600296,1
ADDR00413,Delhi,110190,1
ADDR00414,Mumbai,400925,1
ADDR00415,Mumbai,400482,1
ADDR00416,Mumbai,400253,1
ADDR00417,Bangalore,560209,1
ADDR00418,Mumbai,400550,1
ADDR00419,Hyderabad,500122,1
ADDR00420,Delhi,110919,1
ADDR00421,Kolkata,700803,1
ADDR00422,Kolkata,700640,1
ADDR00423,Kochi,682785,1
ADDR00424,Hyderabad,500278,1
ADDR00425,Mumbai,400750,1
ADDR00426,Bangalore,560864,1
ADDR00427,Hyderabad,500118,1
ADDR00428,Mumbai,400221,1
ADDR00429,Chennai,600559,1
ADDR00430,Delhi,110681,1
ADDR00431,Pune,411125,1
ADDR00432,Ahmedabad,380820,1
ADDR00433,Delhi,110725,1
ADDR00434,Jaipur,302932,1
ADDR00435,Bangalore,560220,1
ADDR00436,Jaipur,302168,1
ADDR00437,Ahmedabad,380600,1
ADDR00438,Indore,452734,1
ADDR00439,Mumbai,400126,1
ADDR00440,Mumbai,400951,1
ADDR00441,Surat,395148,1
ADDR00442,Pune,411220,1
ADDR00443,Jaipur,302316,1
ADDR00444,Hyderabad,500673,1
ADDR00445,Delhi,110851,1
ADDR00446,Kolkata,700935,1
ADDR00447,Hyderabad,500586,1
ADDR00448,Chennai,600403,1
ADDR00449,Jaipur,302291,1
ADDR00450,Hyderabad,500876,1
ADDR00451,Delhi,110450,1
ADDR00452,Surat,395628,1
ADDR00453,Surat,395231,1
ADDR00454,Jaipur,302141,1
ADDR00455,Chennai,600428,1
ADDR00456,Delhi,110899,1
ADDR00457,Mumbai,400826,1
ADDR00458,Bangalore,560638,1
ADDR00459,Pune,411606,1
ADDR00460,Pune,411542,1
ADDR00461,Indore,452150,1
ADDR00462,Lucknow,226686,1
ADDR00463,Surat,395467,1
ADDR00464,Kochi,682846,1
ADDR00465,Kolkata,700175,1
ADDR00466,Indore,452462,1
ADDR00467,Mumbai,400691,1
ADDR00468,Pune,411127,1
ADDR00469,Lucknow,226704,1
ADDR00470,Bangalore,560989,1
ADDR00471,Chandigarh,160130,1
ADDR00472,Mumbai,400909,1
ADDR00473,Delhi,110349,1
ADDR00474,Delhi,110991,1
ADDR00475,Ahmedabad,380880,1
ADDR00476,Jaipur,302865,1
ADDR00477,Lucknow,226574,1
ADDR00478,Lucknow,226105,1
ADDR00479,Chandigarh,160761,1
ADDR00480,Bangalore,560381,1
ADDR00481,Delhi,110684,1
ADDR00482,Delhi,110599,1
ADDR00483,Delhi,110533,1
ADDR00484,Ahmedabad,380592,1
ADDR00485,Ahmedabad,380406,1
ADDR00486,Indore,452225,1
ADDR00487,Hyderabad,500512,1
ADDR00488,Pune,411567,1
ADDR00489,Delhi,110542,1
ADDR00490,Chennai,600327,1
ADDR00491,Bangalore,560669,1
ADDR00492,Bangalore,560956,1
ADDR00493,Kochi,682774,1
ADDR00494,Indore,452205,1
ADDR00495,Bangalore,560517,1
ADDR00496,Jaipur,302990,1
ADDR00497,Chennai,600928,1
ADDR00498,Mumbai,400975,1
ADDR00499,Pune,411612,1
ADDR00500,Chennai,600387,1
ADDR00501,Kochi,682132,1
ADDR00502,Bangalore,560304,1
ADDR00503,Hyderabad,500129,1
ADDR00504,Jaipur,302708,1
ADDR00505,Delhi,110859,1
ADDR00506,Lucknow,226513,1
ADDR00507,Mumbai,400714,1
ADDR00508,Mumbai,400104,1
ADDR00509,Hyderabad,500771,1
ADDR00510,Chennai,600238,1
ADDR00511,Delhi,110694,1
ADDR00512,Jaipur,302416,1
ADDR00513,Mumbai,400803,1
ADDR00514,Chandigarh,160599,1
ADDR00515,Mumbai,400141,1
ADDR00516,Hyderabad,500869,1
ADDR00517,Mumbai,400208,1
ADDR00518,Bangalore,560224,1
ADDR00519,Bangalore,560514,1
ADDR00520,Delhi,110343,1
ADDR00521,Ahmedabad,380753,1
ADDR00522,Bangalore,560627,1
ADDR00523,Kolkata,700752,1
ADDR00524,Hyderabad,500178,1
ADDR00525,Hyderabad,500248,1
ADDR00526,Surat,395890,1
ADDR00527,Chennai,600432,1
ADDR00528,Mumbai,400801,1
ADDR00529,Surat,395965,1
ADDR00530,Mumbai,400260,1
ADDR00531,Delhi,110809,1
ADDR00532,Hyderabad,500463,1
ADDR00533,Bangalore,560574,1
ADDR00534,Hyderabad,500701,1
ADDR00535,Jaipur,302688,1
ADDR00536,Bangalore,560596,1
ADDR00537,Pune,411726,1
ADDR00538,Mumbai,400232,1
ADDR00539,Chennai,600725,1
ADDR00540,Hyderabad,500910,1
ADDR00541,Kolkata,700420,1
ADDR00542,Ahmedabad,380410,1
ADDR00543,Pune,411442,1
ADDR00544,Pune,411957,1
ADDR00545,Bangalore,560599,1
ADDR00546,Delhi,110737,1
ADDR00547,Pune,411454,1
ADDR00548,Kolkata,700299,1
ADDR00549,Mumbai,400235,1
ADDR00550,Hyderabad,500727,1
ADDR00551,Ahmedabad,380766,1
ADDR00552,Jaipur,302440,1
ADDR00553,Mumbai,400441,1
ADDR00554,Hyderabad,500103,1
ADDR00555,Mumbai,400498,1
ADDR00556,Indore,452312,1
ADDR00557,Kolkata,700657,1
ADDR00558,Chennai,600601,1
ADDR00559,Lucknow,226630,1
ADDR00560,Delhi,110574,1
ADDR00561,Delhi,110703,1
ADDR00562,Chennai,600893,1
ADDR00563,Kolkata,700545,1
ADDR00564,Hyderabad,500746,1
ADDR00565,Pune,411337,1
ADDR00566,Jaipur,302940,1
ADDR00567,Kolkata,700486,1
ADDR00568,Kolkata,700809,1
ADDR00569,Pune,411440,1
ADDR00570,Pune,411330,1
ADDR00571,Lucknow,226552,1
ADDR00572,Bangalore,560308,1
ADDR00573,Pune,411739,1
ADDR00574,Bangalore,560493,1
ADDR00575,Chennai,600944,1
ADDR00576,Kochi,682314,1
ADDR00577,Pune,411117,1
ADDR00578,Hyderabad,500678,1
ADDR00579,Hyderabad,500129,1
ADDR00580,Ahmedabad,380327,1
ADDR00581,Kochi,682372,1
ADDR00582,Bangalore,560138,1
ADDR00583,Pune,411525,1
ADDR00584,Pune,411905,1
ADDR00585,Mumbai,400854,1
ADDR00586,Mumbai,400876,1
ADDR00587,Kolkata,700969,1
ADDR00588,Mumbai,400555,1
ADDR00589,Kochi,682109,1
ADDR00590,Mumbai,400910,1
ADDR00591,Bangalore,560235,1
ADDR00592,Jaipur,302125,1
ADDR00593,Ahmedabad,380114,1
ADDR00594,Surat,395499,1
ADDR00595,Kolkata,700708,1
ADDR00596,Ahmedabad,380601,1
ADDR00597,Pune,411428,1
ADDR00598,Chennai,600474,1
ADDR00599,Mumbai,400341,1
ADDR00600,Chennai,600358,1
ADDR00601,Mumbai,400410,1
ADDR00602,Mumbai,400333,1
ADDR00603,Jaipur,302967,1
ADDR00604,Bangalore,560549,1
ADDR00605,Kolkata,700897,1
ADDR00606,Hyderabad,500191,1
ADDR00607,Lucknow,226222,1
ADDR00608,Mumbai,400612,1
ADDR00609,Kolkata,700532,1
ADDR00610,Delhi,110486,1
ADDR00611,Jaipur,302790,1
ADDR00612,Mumbai,400142,1
ADDR00613,Chandigarh,160664,1
ADDR00614,Mumbai,400334,1
ADDR00615,Delhi,110969,1
ADDR00616,Mumbai,400612,1
ADDR00617,Mumbai,400312,1
ADDR00618,Mumbai,400645,1
ADDR00619,Hyderabad,500460,1
ADDR00620,Pune,411267,1
ADDR00621,Bangalore,560781,1
ADDR00622,Jaipur,302927,1
ADDR00623,Delhi,110214,1
ADDR00624,Ahmedabad,380388,1
ADDR00625,Mumbai,400615,1
ADDR00626,Kolkata,700371,1
ADDR00627,Lucknow,226169,1
ADDR00628,Pune,411333,1
ADDR00629,Pune,411897,1
ADDR00630,Delhi,110562,1
ADDR00631,Pune,411805,1
ADDR00632,Pune,411599,1
ADDR00633,Kolkata,700952,1
ADDR00634,Chennai,600956,1
ADDR00635,Lucknow,226598,1
ADDR00636,Bangalore,560699,1
ADDR00637,Chandigarh,160877,1
ADDR00638,Mumbai,400304,1
ADDR00639,Jaipur,302142,1
ADDR00640,Chennai,600114,1
ADDR00641,Kochi,682726,1
ADDR00642,Surat,395789,1
ADDR00643,Lucknow,226480,1
ADDR00644,Chandigarh,160219,1
ADDR00645,Lucknow,226812,1
ADDR00646,Kolkata,700825,1
ADDR00647,Kolkata,700904,1
ADDR00648,Chennai,600555,1
ADDR00649,Mumbai,400988,1
ADDR00650,Mumbai,400916,1
ADDR00651,Jaipur,302572,1
ADDR00652,Kolkata,700960,1
ADDR00653,Delhi,110785,1
ADDR00654,Delhi,110922,1
ADDR00655,Lucknow,226583,1
ADDR00656,Ahmedabad,380575,1
ADDR00657,Mumbai,400775,1
ADDR00658,Mumbai,400866,1
ADDR00659,Kolkata,700675,1
ADDR00660,Indore,452121,1
ADDR00661,Bangalore,560155,1
ADDR00662,Surat,395816,1
ADDR00663,Delhi,110290,1
ADDR00664,Indore,452666,1
ADDR00665,Delhi,110895,1
ADDR00666,Jaipur,302358,1
ADDR00667,Kolkata,700536,1
ADDR00668,Kochi,682449,1
ADDR00669,Pune,411158,1
ADDR00670,Mumbai,400639,1
ADDR00671,Delhi,110662,1
ADDR00672,Lucknow,226657,1
ADDR00673,Pune,411717,1
ADDR00674,Mumbai,400618,1
ADDR00675,Kochi,682434,1
ADDR00676,Bangalore,560357,1
ADDR00677,Hyderabad,500819,1
ADDR00678,Jaipur,302239,1
ADDR00679,Pune,411388,1
ADDR00680,Bangalore,560949,1
ADDR00681,Chennai,600306,1
ADDR00682,Pune,411444,1
ADDR00683,Hyderabad,500331,1
ADDR00684,Mumbai,400463,1
ADDR00685,Delhi,110434,1
ADDR00686,Bangalore,560174,1
ADDR00687,Delhi,110480,1
ADDR00688,Kochi,682875,1
ADDR00689,Jaipur,302835,1
ADDR00690,Kolkata,700127,1
ADDR00691,Jaipur,302782,1
ADDR00692,Pune,411520,1
ADDR00693,Ahmedabad,380315,1
ADDR00694,Bangalore,560857,1
ADDR00695,Hyderabad,500365,1
ADDR00696,Delhi,110136,1
ADDR00697,Chennai,600189,1
ADDR00698,Bangalore,560663,1
ADDR00699,Jaipur,302193,1
ADDR00700,Chandigarh,160239,1
ADDR00701,Lucknow,226120,1
ADDR00702,Bangalore,560832,1
ADDR00703,Chennai,600640,1
ADDR00704,Mumbai,400157,1
ADDR00705,Bangalore,560239,1
ADDR00706,Pune,411477,1
ADDR00707,Surat,395162,1
ADDR00708,Chennai,600441,1
ADDR00709,Pune,411622,1
ADDR00710,Kolkata,700683,1
ADDR00711,Hyderabad,500659,1
ADDR00712,Jaipur,302529,1
ADDR00713,Chennai,600706,1
ADDR00714,Mumbai,400307,1
ADDR00715,Mumbai,400600,1
ADDR00716,Mumbai,400960,1
ADDR00717,Chennai,600180,1
ADDR00718,Hyderabad,500802,1
ADDR00719,Hyderabad,500864,1
ADDR00720,Delhi,110705,1
ADDR00721,Chennai,600721,1
ADDR00722,Delhi,110295,1
ADDR00723,Delhi,110143,1
ADDR00724,Kolkata,700189,1
ADDR00725,Jaipur,302577,1
ADDR00726,Lucknow,226209,1
ADDR00727,Bangalore,560998,1
ADDR00728,Delhi,110693,1
ADDR00729,Jaipur,302476,1
ADDR00730,Kochi,682700,1
ADDR00731,Delhi,110630,1
ADDR00732,Chennai,600671,1
ADDR00733,Delhi,110640,1
ADDR00734,Surat,395694,1
ADDR00735,Hyderabad,500296,1
ADDR00736,Bangalore,560758,1
ADDR00737,Mumbai,400134,1
ADDR00738,Hyderabad,500560,1
ADDR00739,Jaipur,302352,1
ADDR00740,Jaipur,302147,1
ADDR00741,Bangalore,560372,1
ADDR00742,Delhi,110626,1
ADDR00743,Chennai,600723,1
ADDR00744,Bangalore,560272,1
ADDR00745,Ahmedabad,380546,1
ADDR00746,Mumbai,400110,1
ADDR00747,Surat,395859,1
ADDR00748,Delhi,110636,1
ADDR00749,Bangalore,560441,1
ADDR00750,Kolkata,700509,1
ADDR00751,Delhi,110604,1
ADDR00752,Surat,395608,1
ADDR00753,Jaipur,302769,1
ADDR00754,Mumbai,400867,1
ADDR00755,Kolkata,700925,1
ADDR00756,Chennai,600560,1
ADDR00757,Ahmedabad,380816,1
ADDR00758,Hyderabad,500991,1
ADDR00759,Ahmedabad,380125,1
ADDR00760,Bangalore,560753,1
ADDR00761,Chennai,600569,1
ADDR00762,Hyderabad,500276,1
ADDR00763,Mumbai,400930,1
ADDR00764,Delhi,110973,1
ADDR00765,Hyderabad,500369,1
ADDR00766,Pune,411394,1
ADDR00767,Ahmedabad,380277,1
ADDR00768,Delhi,110979,1
ADDR00769,Lucknow,226188,1
ADDR00770,Bangalore,560972,1
ADDR00771,Bangalore,560938,1
ADDR00772,Hyderabad,500939,1
ADDR00773,Ahmedabad,380115,1
ADDR00774,Pune,411932,1
ADDR00775,Kolkata,700803,1
ADDR00776,Kolkata,700450,1
ADDR00777,Kolkata,700491,1
ADDR00778,Chennai,600400,1
ADDR00779,Bangalore,560349,1
ADDR00780,Ahmedabad,380614,1
ADDR00781,Indore,452505,1
ADDR00782,Ahmedabad,380343,1
ADDR00783,Hyderabad,500884,1
ADDR00784,Jaipur,302539,1
ADDR00785,Kolkata,700681,1
ADDR00786,Jaipur,302560,1
ADDR00787,Mumbai,400130,1
ADDR00788,Delhi,110627,1
ADDR00789,Bangalore,560484,1
ADDR00790,Lucknow,226171,1
ADDR00791,Jaipur,302722,1
ADDR00792,Mumbai,400446,1
ADDR00793,Hyderabad,500929,1
ADDR00794,Indore,452648,1
ADDR00795,Bangalore,560280,1
ADDR00796,Bangalore,560337,1
ADDR00797,Pune,411359,1
ADDR00798,Delhi,110522,1
ADDR00799,Delhi,110972,1
ADDR00800,Bangalore,560239,1
ADDR00801,Hyderabad,500483,1
ADDR00802,Ahmedabad,380537,1
ADDR00803,Mumbai,400255,1
ADDR00804,Chennai,600680,1
ADDR00805,Delhi,110867,1
ADDR00806,Delhi,110621,1
ADDR00807,Delhi,110234,1
ADDR00808,Ahmedabad,380506,1
ADDR00809,Surat,395983,1
ADDR00810,Mumbai,400264,1
ADDR00811,Bangalore,560317,1
ADDR00812,Indore,452330,1
ADDR00813,Ahmedabad,380685,1
ADDR00814,Bangalore,560453,1
ADDR00815,Indore,452780,1
ADDR00816,Pune,411260,1
ADDR00817,Delhi,110131,1
ADDR00818,Mumbai,400614,1
ADDR00819,Bangalore,560524,1
ADDR00820,Bangalore,560266,1
ADDR00821,Jaipur,302622,1
ADDR00822,Pune,411852,1
ADDR00823,Indore,452623,1
ADDR00824,Pune,411920,1
ADDR00825,Pune,411955,1
ADDR00826,Hyderabad,500421,1
ADDR00827,Chennai,600158,1
ADDR00828,Mumbai,400539,1
ADDR00829,Lucknow,226827,1
ADDR00830,Jaipur,302993,1
ADDR00831,Lucknow,226281,1
ADDR00832,Kolkata,700177,1
ADDR00833,Kolkata,700204,1
ADDR00834,Delhi,110322,1
ADDR00835,Bangalore,560801,1
ADDR00836,Ahmedabad,380806,1
ADDR00837,Delhi,110910,1
ADDR00838,Delhi,110696,1
ADDR00839,Jaipur,302975,1
ADDR00840,Hyderabad,500685,1
ADDR00841,Delhi,110608,1
ADDR00842,Chandigarh,160289,1
ADDR00843,Mumbai,400105,1
ADDR00844,Lucknow,226653,1
ADDR00845,Mumbai,400621,1
ADDR00846,Ahmedabad,380210,1
ADDR00847,Kolkata,700778,1
ADDR00848,Chennai,600596,1
ADDR00849,Pune,411844,1
ADDR00850,Chandigarh,160835,1
ADDR00851,Delhi,110150,1
ADDR00852,Bangalore,560142,1
ADDR00853,Chandigarh,160220,1
ADDR00854,Lucknow,226214,1
ADDR00855,Delhi,110553,1
ADDR00856,Chennai,600711,1
ADDR00857,Bangalore,560746,1
ADDR00858,Chennai,600339,1
ADDR00859,Mumbai,400244,1
ADDR00860,Bangalore,560893,1
ADDR00861,Hyderabad,500296,1
ADDR00862,Surat,395360,1
ADDR00863,Bangalore,560870,1
ADDR00864,Chennai,600356,1
ADDR00865,Bangalore,560809,1
ADDR00866,Pune,411211,1
ADDR00867,Pune,411468,1
ADDR00868,Delhi,110477,1
ADDR00869,Chandigarh,160482,1
ADDR00870,Delhi,110812,1
ADDR00871,Lucknow,226476,1
ADDR00872,Delhi,110603,1
ADDR00873,Bangalore,560809,1
ADDR00874,Mumbai,400927,1
ADDR00875,Chennai,600173,1
ADDR00876,Kochi,682113,1
ADDR00877,Jaipur,302167,1
ADDR00878,Chennai,600637,1
ADDR00879,Indore,452748,1
ADDR00880,Jaipur,302123,1
ADDR00881,Hyderabad,500805,1
ADDR00882,Mumbai,400200,1
ADDR00883,Jaipur,302138,1
ADDR00884,Ahmedabad,380890,1
ADDR00885,Indore,452271,1
ADDR00886,Chennai,600158,1
ADDR00887,Mumbai,400464,1
ADDR00888,Surat,395849,1
ADDR00889,Jaipur,302705,1
ADDR00890,Mumbai,400728,1
ADDR00891,Mumbai,400765,1
ADDR00892,Bangalore,560230,1
ADDR00893,Pune,411242,1
ADDR00894,Chennai,600153,1
ADDR00895,Delhi,110732,1
ADDR00896,Delhi,110685,1
ADDR00897,Bangalore,560291,1
ADDR00898,Lucknow,226586,1
ADDR00899,Delhi,110483,1
ADDR00900,Hyderabad,500572,1
ADDR00901,Kolkata,700102,1
ADDR00902,Pune,411975,1
ADDR00903,Mumbai,400310,1
ADDR00904,Mumbai,400779,1
ADDR00905,Delhi,110425,1
ADDR00906,Chennai,600237,1
ADDR00907,Pune,411491,1
ADDR00908,Jaipur,302500,1
ADDR00909,Delhi,110165,1
ADDR00910,Mumbai,400813,1
ADDR00911,Chennai,600204,1
ADDR00912,Pune,411955,1
ADDR00913,Hyderabad,500478,1
ADDR00914,Mumbai,400322,1
ADDR00915,Mumbai,400644,1
ADDR00916,Chennai,600283,1
ADDR00917,Pune,411680,1
ADDR00918,Jaipur,302512,1
ADDR00919,Lucknow,226867,1
ADDR00920,Delhi,110359,1
ADDR00921,Bangalore,560403,1
ADDR00922,Mumbai,400893,1
ADDR00923,Lucknow,226779,1
ADDR00924,Chennai,600560,1
ADDR00925,Delhi,110180,1
ADDR00926,Chennai,600275,1
ADDR00927,Pune,411482,1
ADDR00928,Ahmedabad,380380,1
ADDR00929,Lucknow,226890,1
ADDR00930,Delhi,110129,1
ADDR00931,Lucknow,226330,1
ADDR00932,Mumbai,400828,1
ADDR00933,Kolkata,700320,1
ADDR00934,Chennai,600498,1
ADDR00935,Delhi,110574,1
ADDR00936,Indore,452854,1
ADDR00937,Kochi,682874,1
ADDR00938,Delhi,110599,1
ADDR00939,Hyderabad,500720,1
ADDR00940,Chandigarh,160147,1
ADDR00941,Bangalore,560576,1
ADDR00942,Mumbai,400743,1
ADDR00943,Pune,411221,1
ADDR00944,Ahmedabad,380225,1
ADDR00945,Pune,411894,1
ADDR00946,Ahmedabad,380391,1
ADDR00947,Hyderabad,500590,1
ADDR00948,Kolkata,700733,1
ADDR00949,Pune,411224,1
ADDR00950,Mumbai,400966,1
ADDR00951,Bangalore,560204,1
ADDR00952,Delhi,110740,1
ADDR00953,Lucknow,226664,1
ADDR00954,Mumbai,400858,1
ADDR00955,Bangalore,560471,1
ADDR00956,Mumbai,400249,1
ADDR00957,Delhi,110279,1
ADDR00958,Hyderabad,500920,1
ADDR00959,Chennai,600756,1
ADDR00960,Pune,411753,1
ADDR00961,Hyderabad,500884,1
ADDR00962,Jaipur,302624,1
ADDR00963,Delhi,110748,1
ADDR00964,Lucknow,226973,1
ADDR00965,Chennai,600630,1
ADDR00966,Delhi,110819,1
ADDR00967,Chennai,600433,1
ADDR00968,Mumbai,400178,1
ADDR00969,Delhi,110942,1
ADDR00970,Kochi,682859,1
ADDR00971,Kolkata,700694,1
ADDR00972,Mumbai,400739,1
ADDR00973,Chennai,600438,1
ADDR00974,Indore,452636,1
ADDR00975,Kolkata,700303,1
ADDR00976,Delhi,110613,1
ADDR00977,Delhi,110131,1
ADDR00978,Chandigarh,160789,1
ADDR00979,Pune,411392,1
ADDR00980,Chennai,600214,1
ADDR00981,Chandigarh,160281,1
ADDR00982,Hyderabad,500525,1
ADDR00983,Jaipur,302941,1
ADDR00984,Ahmedabad,380584,1
ADDR00985,Pune,411484,1
ADDR00986,Bangalore,560801,1
ADDR00987,Mumbai,400351,1
ADDR00988,Kochi,682583,1
ADDR00989,Ahmedabad,380813,1
ADDR00990,Chennai,600766,1
ADDR00991,Ahmedabad,380805,1
ADDR00992,Indore,452834,1
ADDR00993,Delhi,110234,1
ADDR00994,Delhi,110706,1
ADDR00995,Indore,452985,1
ADDR00996,Jaipur,302602,1
ADDR00997,Chennai,600417,1
ADDR00998,Chennai,600393,1
ADDR00999,Pune,411906,1
ADDR01000,Delhi,110915,1
ADDR01001,Chennai,600779,1
ADDR01002,Bangalore,560223,1
ADDR01003,Mumbai,400284,1
ADDR01004,Kolkata,700982,1
ADDR01005,Lucknow,226183,1
ADDR01006,Indore,452402,1
ADDR01007,Mumbai,400911,1
ADDR01008,Bangalore,560739,1
ADDR01009,Mumbai,400560,1
ADDR01010,Lucknow,226191,1
ADDR01011,Ahmedabad,380895,1
ADDR01012,Hyderabad,500728,1
ADDR01013,Delhi,110448,1
ADDR01014,Mumbai,400505,1
ADDR01015,Lucknow,226557,1
ADDR01016,Delhi,110113,1
ADDR01017,Delhi,110515,1
ADDR01018,Jaipur,302592,1
ADDR01019,Jaipur,302351,1
ADDR01020,Delhi,110880,1
ADDR01021,Bangalore,560694,1
ADDR01022,Ahmedabad,380582,1
ADDR01023,Indore,452981,1
ADDR01024,Bangalore,560584,1
ADDR01025,Kochi,682890,1
ADDR01026,Ahmedabad,380324,1
ADDR01027,Lucknow,226894,1
ADDR01028,Kolkata,700658,1
ADDR01029,Chennai,600619,1
ADDR01030,Delhi,110525,1
ADDR01031,Delhi,110593,1
ADDR01032,Ahmedabad,380176,1
ADDR01033,Hyderabad,500796,1
ADDR01034,Mumbai,400705,1
ADDR01035,Lucknow,226346,1
ADDR01036,Kolkata,700847,1
ADDR01037,Kolkata,700319,1
ADDR01038,Pune,411315,1
ADDR01039,Indore,452562,1
ADDR01040,Kochi,682362,1
ADDR01041,Kochi,682595,1
ADDR01042,Hyderabad,500936,1
ADDR01043,Hyderabad,500772,1
ADDR01044,Surat,395188,1
ADDR01045,Mumbai,400458,1
ADDR01046,Mumbai,400359,1
ADDR01047,Bangalore,560855,1
ADDR01048,Bangalore,560635,1
ADDR01049,Bangalore,560280,1
ADDR01050,Chennai,600448,1
ADDR01051,Lucknow,226848,1
ADDR01052,Lucknow,226137,1
ADDR01053,Kochi,682335,1
ADDR01054,Lucknow,226405,1
ADDR01055,Mumbai,400279,1
ADDR01056,Mumbai,400689,1
ADDR01057,Chennai,600484,1
ADDR01058,Kolkata,700579,1
ADDR01059,Mumbai,400160,1
ADDR01060,Kochi,682287,1
ADDR01061,Bangalore,560946,1
ADDR01062,Bangalore,560563,1
ADDR01063,Kolkata,700523,1
ADDR01064,Delhi,110366,1
ADDR01065,Chennai,600528,1
ADDR01066,Delhi,110677,1
ADDR01067,Mumbai,400635,1
ADDR01068,Mumbai,400776,1
ADDR01069,Chennai,600705,1
ADDR01070,Mumbai,400223,1
ADDR01071,Chennai,600448,1
ADDR01072,Delhi,110370,1
ADDR01073,Delhi,110806,1
ADDR01074,Hyderabad,500346,1
ADDR01075,Delhi,110428,1
ADDR01076,Bangalore,560524,1
ADDR01077,Kochi,682104,1
ADDR01078,Jaipur,302895,1
ADDR01079,Delhi,110597,1
ADDR01080,Indore,452392,1
ADDR01081,Chandigarh,160296,1
ADDR01082,Delhi,110126,1
ADDR01083,Kochi,682234,1
ADDR01084,Kolkata,700126,1
ADDR01085,Delhi,110683,1
ADDR01086,Jaipur,302702,1
ADDR01087,Bangalore,560359,1
ADDR01088,Lucknow,226954,1
ADDR01089,Pune,411791,1
ADDR01090,Hyderabad,500802,1
ADDR01091,Ahmedabad,380491,1
ADDR01092,Pune,411446,1
ADDR01093,Mumbai,400908,1
ADDR01094,Chennai,600156,1
ADDR01095,Hyderabad,500836,1
ADDR01096,Delhi,110617,1
ADDR01097,Indore,452845,1
ADDR01098,Hyderabad,500995,1
ADDR01099,Delhi,110908,1
ADDR01100,Jaipur,302574,1
ADDR01101,Hyderabad,500628,1
ADDR01102,Pune,411610,1
ADDR01103,Delhi,110996,1
ADDR01104,Delhi,110364,1
ADDR01105,Hyderabad,500332,1
ADDR01106,Kochi,682502,1
ADDR01107,Kolkata,700575,1
ADDR01108,Chennai,600346,1
ADDR01109,Delhi,110546,1
ADDR01110,Hyderabad,500954,1
ADDR01111,Mumbai,400704,1
ADDR01112,Kochi,682236,1
ADDR01113,Bangalore,560813,1
ADDR01114,Bangalore,560137,1
ADDR01115,Indore,452204,1
ADDR01116,Ahmedabad,380587,1
ADDR01117,Kolkata,700627,1
ADDR01118,Bangalore,560469,1
ADDR01119,Ahmedabad,380763,1
ADDR01120,Bangalore,560698,1
ADDR01121,Delhi,110611,1
ADDR01122,Mumbai,400932,1
ADDR01123,Jaipur,302821,1
ADDR01124,Kolkata,700173,1
ADDR01125,Ahmedabad,380880,1
ADDR01126,Jaipur,302689,1
ADDR01127,Surat,395589,1
ADDR01128,Mumbai,400880,1
ADDR01129,Mumbai,400655,1
ADDR01130,Ahmedabad,380496,1
ADDR01131,Chennai,600735,1
ADDR01132,Mumbai,400501,1
ADDR01133,Chennai,600245,1
ADDR01134,Bangalore,560776,1
ADDR01135,Kolkata,700300,1
ADDR01136,Kochi,682151,1
ADDR01137,Indore,452401,1
ADDR01138,Mumbai,400620,1
ADDR01139,Bangalore,560584,1
ADDR01140,Delhi,110465,1
ADDR01141,Delhi,110606,1
ADDR01142,Mumbai,400860,1
ADDR01143,Delhi,110498,1
ADDR01144,Mumbai,400644,1
ADDR01145,Indore,452382,1
ADDR01146,Hyderabad,500551,1
ADDR01147,Delhi,110181,1
ADDR01148,Hyderabad,500619,1
ADDR01149,Kolkata,700217,1
ADDR01150,Ahmedabad,380342,1
ADDR01151,Lucknow,226985,1
ADDR01152,Chennai,600478,1
ADDR01153,Indore,452624,1
ADDR01154,Delhi,110216,1
ADDR01155,Delhi,110761,1
ADDR01156,Ahmedabad,380111,1
ADDR01157,Delhi,110182,1
ADDR01158,Mumbai,400995,1
ADDR01159,Surat,395760,1
ADDR01160,Bangalore,560556,1
ADDR01161,Delhi,110427,1
ADDR01162,Delhi,110195,1
ADDR01163,Ahmedabad,380939,1
ADDR01164,Chennai,600836,1
ADDR01165,Lucknow,226667,1
ADDR01166,Delhi,110527,1
ADDR01167,Delhi,110470,1
ADDR01168,Kolkata,700550,1
ADDR01169,Hyderabad,500475,1
ADDR01170,Delhi,110489,1
ADDR01171,Mumbai,400691,1
ADDR01172,Delhi,110366,1
ADDR01173,Chennai,600378,1
ADDR01174,Jaipur,302960,1
ADDR01175,Mumbai,400923,1
ADDR01176,Lucknow,226684,1
ADDR01177,Delhi,110236,1
ADDR01178,Bangalore,560858,1
ADDR01179,Chennai,600787,1
ADDR01180,Mumbai,400912,1
ADDR01181,Mumbai,400162,1
ADDR01182,Indore,452651,1
ADDR01183,Ahmedabad,380667,1
ADDR01184,Kolkata,700711,1
ADDR01185,Hyderabad,500606,1
ADDR01186,Ahmedabad,380726,1
ADDR01187,Hyderabad,500863,1
ADDR01188,Kochi,682810,1
ADDR01189,Kolkata,700148,1
ADDR01190,Bangalore,560726,1
ADDR01191,Pune,411376,1
ADDR01192,Delhi,110315,1
ADDR01193,Delhi,110422,1
ADDR01194,Bangalore,560324,1
ADDR01195,Pune,411145,1
ADDR01196,Mumbai,400113,1
ADDR01197,Jaipur,302474,1
ADDR01198,Bangalore,560432,1
ADDR01199,Mumbai,400606,1
ADDR01200,Ahmedabad,380735,1
ADDR01201,Delhi,110403,1
ADDR01202,Hyderabad,500968,1
ADDR01203,Bangalore,560315,1
ADDR01204,Bangalore,560315,1
ADDR01205,Ahmedabad,380142,1
ADDR01206,Jaipur,302933,1
ADDR01207,Kolkata,700329,1
ADDR01208,Delhi,110484,1
ADDR01209,Ahmedabad,380570,1
ADDR01210,Ahmedabad,380273,1
ADDR01211,Mumbai,400117,1
ADDR01212,Bangalore,560390,1
ADDR01213,Lucknow,226378,1
ADDR01214,Chennai,600865,1
ADDR01215,Mumbai,400616,1
ADDR01216,Bangalore,560639,1
ADDR01217,Delhi,110405,1
ADDR01218,Hyderabad,500392,1
ADDR01219,Bangalore,560518,1
ADDR01220,Pune,411741,1
ADDR01221,Delhi,110606,1
ADDR01222,Bangalore,560461,1
ADDR01223,Kolkata,700803,1
ADDR01224,Bangalore,560714,1
ADDR01225,Indore,452349,1
ADDR01226,Hyderabad,500671,1
ADDR01227,Indore,452951,1
ADDR01228,Chennai,600435,1
ADDR01229,Surat,395873,1
ADDR01230,Pune,411579,1
ADDR01231,Bangalore,560173,1
ADDR01232,Delhi,110121,1
ADDR01233,Mumbai,400334,1
ADDR01234,Pune,411213,1
ADDR01235,Mumbai,400741,1
ADDR01236,Jaipur,302686,1
ADDR01237,Delhi,110480,1
ADDR01238,Delhi,110308,1
ADDR01239,Delhi,110693,1
ADDR01240,Chennai,600848,1
ADDR01241,Delhi,110998,1
ADDR01242,Pune,411672,1
ADDR01243,Mumbai,400489,1
ADDR01244,Pune,411476,1
ADDR01245,Mumbai,400475,1
ADDR01246,Delhi,110846,1
ADDR01247,Kolkata,700569,1
ADDR01248,Ahmedabad,380229,1
ADDR01249,Hyderabad,500840,1
ADDR01250,Pune,411425,1
ADDR01251,Delhi,110990,1
ADDR01252,Kochi,682259,1
ADDR01253,Chandigarh,160845,1
ADDR01254,Hyderabad,500347,1
ADDR01255,Mumbai,400497,1
ADDR01256,Bangalore,560401,1
ADDR01257,Delhi,110797,1
ADDR01258,Jaipur,302659,1
ADDR01259,Chennai,600414,1
ADDR01260,Surat,395783,1
ADDR01261,Pune,411781,1
ADDR01262,Bangalore,560654,1
ADDR01263,Delhi,110448,1
ADDR01264,Mumbai,400549,1
ADDR01265,Chandigarh,160350,1
ADDR01266,Pune,411179,1
ADDR01267,Ahmedabad,380729,1
ADDR01268,Hyderabad,500355,1
ADDR01269,Kolkata,700708,1
ADDR01270,Jaipur,302797,1
ADDR01271,Hyderabad,500852,1
ADDR01272,Ahmedabad,380452,1
ADDR01273,Bangalore,560640,1
ADDR01274,Chennai,600325,1
ADDR01275,Bangalore,560630,1
ADDR01276,Bangalore,560311,1
ADDR01277,Mumbai,400258,1
ADDR01278,Kolkata,700423,1
ADDR01279,Mumbai,400769,1
ADDR01280,Hyderabad,500503,1
ADDR01281,Bangalore,560503,1
ADDR01282,Delhi,110766,1
ADDR01283,Delhi,110332,1
ADDR01284,Hyderabad,500198,1
ADDR01285,Mumbai,400718,1
ADDR01286,Hyderabad,500815,1
ADDR01287,Bangalore,560415,1
ADDR01288,Mumbai,400599,1
ADDR01289,Kolkata,700751,1
ADDR01290,Delhi,110535,1
ADDR01291,Pune,411692,1
ADDR01292,Delhi,110720,1
ADDR01293,Indore,452855,1
ADDR01294,Delhi,110872,1
ADDR01295,Bangalore,560674,1
ADDR01296,Ahmedabad,380382,1
ADDR01297,Mumbai,400531,1
ADDR01298,Mumbai,400561,1
ADDR01299,Bangalore,560467,1
ADDR01300,Mumbai,400265,1
ADDR01301,Delhi,110804,1
ADDR01302,Indore,452470,1
ADDR01303,Hyderabad,500693,1
ADDR01304,Jaipur,302447,1
ADDR01305,Delhi,110836,1
ADDR01306,Mumbai,400346,1
ADDR01307,Lucknow,226330,1
ADDR01308,Pune,411620,1
ADDR01309,Chandigarh,160924,1
ADDR01310,Delhi,110832,1
ADDR01311,Delhi,110853,1
ADDR01312,Ahmedabad,380104,1
ADDR01313,Mumbai,400615,1
ADDR01314,Delhi,110864,1
ADDR01315,Pune,411907,1
ADDR01316,Kolkata,700580,1
ADDR01317,Kolkata,700739,1
ADDR01318,Delhi,110251,1
ADDR01319,Delhi,110130,1
ADDR01320,Delhi,110748,1
ADDR01321,Lucknow,226148,1
ADDR01322,Ahmedabad,380617,1
ADDR01323,Bangalore,560255,1
ADDR01324,Mumbai,400539,1
ADDR01325,Bangalore,560467,1
ADDR01326,Mumbai,400156,1
ADDR01327,Kolkata,700126,1
ADDR01328,Bangalore,560218,1
ADDR01329,Kolkata,700364,1
ADDR01330,Ahmedabad,380959,1
ADDR01331,Jaipur,302842,1
ADDR01332,Bangalore,560809,1
ADDR01333,Lucknow,226169,1
ADDR01334,Delhi,110804,1
ADDR01335,Bangalore,560255,1
ADDR01336,Surat,395318,1
ADDR01337,Pune,411991,1
ADDR01338,Jaipur,302696,1
ADDR01339,Mumbai,400549,1
ADDR01340,Surat,395901,1
ADDR01341,Mumbai,400596,1
ADDR01342,Kolkata,700337,1
ADDR01343,Mumbai,400274,1
ADDR01344,Bangalore,560847,1
ADDR01345,Pune,411617,1
ADDR01346,Delhi,110324,1
ADDR01347,Mumbai,400158,1
ADDR01348,Mumbai,400618,1
ADDR01349,Hyderabad,500689,1
ADDR01350,Ahmedabad,380918,1
ADDR01351,Mumbai,400382,1
ADDR01352,Chandigarh,160672,1
ADDR01353,Mumbai,400481,1
ADDR01354,Jaipur,302271,1
ADDR01355,Mumbai,400194,1
ADDR01356,Mumbai,400327,1
ADDR01357,Indore,452830,1
ADDR01358,Delhi,110723,1
ADDR01359,Bangalore,560566,1
ADDR01360,Kochi,682814,1
ADDR01361,Mumbai,400588,1
ADDR01362,Ahmedabad,380623,1
ADDR01363,Ahmedabad,380760,1
ADDR01364,Hyderabad,500306,1
ADDR01365,Indore,452506,1
ADDR01366,Hyderabad,500606,1
ADDR01367,Delhi,110863,1
ADDR01368,Hyderabad,500657,1
ADDR01369,Ahmedabad,380360,1
ADDR01370,Chennai,600681,1
ADDR01371,Hyderabad,500640,1
ADDR01372,Delhi,110711,1
ADDR01373,Mumbai,400243,1
ADDR01374,Hyderabad,500452,1
ADDR01375,Ahmedabad,380559,1
ADDR01376,Delhi,110922,1
ADDR01377,Kolkata,700130,1
ADDR01378,Hyderabad,500510,1
ADDR01379,Surat,395342,1
ADDR01380,Bangalore,560711,1
ADDR01381,Mumbai,400491,1
ADDR01382,Bangalore,560971,1
ADDR01383,Hyderabad,500507,1
ADDR01384,Kolkata,700694,1
ADDR01385,Pune,411382,1
ADDR01386,Kochi,682698,1
ADDR01387,Chennai,600469,1
ADDR01388,Ahmedabad,380614,1
ADDR01389,Ahmedabad,380710,1
ADDR01390,Chennai,600656,1
ADDR01391,Pune,411386,1
ADDR01392,Bangalore,560580,1
ADDR01393,Chennai,600127,1
ADDR01394,Bangalore,560619,1
ADDR01395,Bangalore,560640,1
ADDR01396,Kolkata,700133,1
ADDR01397,Bangalore,560429,1
ADDR01398,Indore,452185,1
ADDR01399,Delhi,110676,1
ADDR01400,Chennai,600781,1
ADDR01401,Hyderabad,500727,1
ADDR01402,Jaipur,302456,1
ADDR01403,Pune,411518,1
ADDR01404,Delhi,110690,1
ADDR01405,Jaipur,302511,1
ADDR01406,Bangalore,560358,1
ADDR01407,Pune,411456,1
ADDR01408,Surat,395387,1
ADDR01409,Delhi,110657,1
ADDR01410,Ahmedabad,380194,1
ADDR01411,Bangalore,560651,1
ADDR01412,Mumbai,400727,1
ADDR01413,Delhi,110157,1
ADDR01414,Bangalore,560621,1
ADDR01415,Lucknow,226860,1
ADDR01416,Chennai,600988,1
ADDR01417,Chennai,600617,1
ADDR01418,Bangalore,560334,1
ADDR01419,Pune,411282,1
ADDR01420,Chennai,600257,1
ADDR01421,Ahmedabad,380926,1
ADDR01422,Pune,411888,1
ADDR01423,Jaipur,302720,1
ADDR01424,Chennai,600962,1
ADDR01425,Chennai,600662,1
ADDR01426,Kochi,682401,1
ADDR01427,Hyderabad,500696,1
ADDR01428,Pune,411961,1
ADDR01429,Mumbai,400290,1
ADDR01430,Jaipur,302159,1
ADDR01431,Mumbai,400478,1
ADDR01432,Delhi,110401,1
ADDR01433,Bangalore,560271,1
ADDR01434,Mumbai,400871,1
ADDR01435,Mumbai,400941,1
ADDR01436,Surat,395275,1
ADDR01437,Mumbai,400912,1
ADDR01438,Delhi,110566,1
ADDR01439,Delhi,110274,1
ADDR01440,Hyderabad,500315,1
ADDR01441,Hyderabad,500858,1
ADDR01442,Chennai,600935,1
ADDR01443,Bangalore,560379,1
ADDR01444,Pune,411245,1
ADDR01445,Bangalore,560409,1
ADDR01446,Lucknow,226736,1
ADDR01447,Jaipur,302862,1
ADDR01448,Mumbai,400469,1
ADDR01449,Pune,411286,1
ADDR01450,Chennai,600568,1
ADDR01451,Ahmedabad,380975,1
ADDR01452,Surat,395655,1
ADDR01453,Delhi,110781,1
ADDR01454,Chennai,600889,1
ADDR01455,Bangalore,560881,1
ADDR01456,Jaipur,302210,1
ADDR01457,Delhi,110267,1
ADDR01458,Pune,411226,1
ADDR01459,Lucknow,226141,1
ADDR01460,Jaipur,302586,1
ADDR01461,Kolkata,700943,1
ADDR01462,Hyderabad,500280,1
ADDR01463,Bangalore,560843,1
ADDR01464,Mumbai,400563,1
ADDR01465,Pune,411500,1
ADDR01466,Bangalore,560244,1
ADDR01467,Hyderabad,500315,1
ADDR01468,Delhi,110647,1
ADDR01469,Jaipur,302436,1
ADDR01470,Mumbai,400909,1
ADDR01471,Hyderabad,500679,1
ADDR01472,Bangalore,560735,1
ADDR01473,Pune,411388,1
ADDR01474,Mumbai,400664,1
ADDR01475,Mumbai,400232,1
ADDR01476,Delhi,110973,1
ADDR01477,Indore,452449,1
ADDR01478,Delhi,110978,1
ADDR01479,Kochi,682190,1
ADDR01480,Bangalore,560397,1
ADDR01481,Bangalore,560810,1
ADDR01482,Bangalore,560794,1
ADDR01483,Kolkata,700370,1
ADDR01484,Delhi,110487,1
ADDR01485,Bangalore,560152,1
ADDR01486,Hyderabad,500897,1
ADDR01487,Delhi,110339,1
ADDR01488,Chennai,600460,1
ADDR01489,Ahmedabad,380951,1
ADDR01490,Mumbai,400426,1
ADDR01491,Pune,411575,1
ADDR01492,Pune,411196,1
ADDR01493,Ahmedabad,380355,1
ADDR01494,Bangalore,560432,1
ADDR01495,Surat,395557,1
ADDR01496,Chennai,600957,1
ADDR01497,Chennai,600343,1
ADDR01498,Hyderabad,500576,1
ADDR01499,Mumbai,400474,1
ADDR01500,Kolkata,700466,1
ADDR01501,Ahmedabad,380598,1
ADDR01502,Ahmedabad,380727,1
ADDR01503,Chandigarh,160822,1
ADDR01504,Hyderabad,500391,1
ADDR01505,Kolkata,700667,1
ADDR01506,Mumbai,400948,1
ADDR01507,Bangalore,560813,1
ADDR01508,Ahmedabad,380994,1
ADDR01509,Delhi,110342,1
ADDR01510,Bangalore,560277,1
ADDR01511,Lucknow,226504,1
ADDR01512,Indore,452657,1
ADDR01513,Jaipur,302143,1
ADDR01514,Ahmedabad,380757,1
ADDR01515,Lucknow,226624,1
ADDR01516,Surat,395739,1
ADDR01517,Delhi,110975,1
ADDR01518,Hyderabad,500493,1
ADDR01519,Jaipur,302685,1
ADDR01520,Mumbai,400287,1
ADDR01521,Bangalore,560783,1
ADDR01522,Bangalore,560674,1
ADDR01523,Hyderabad,500400,1
ADDR01524,Surat,395917,1
ADDR01525,Mumbai,400486,1
ADDR01526,Jaipur,302292,1
ADDR01527,Delhi,110574,1
ADDR01528,Surat,395310,1
ADDR01529,Indore,452489,1
ADDR01530,Chennai,600430,1
ADDR01531,Surat,395428,1
ADDR01532,Jaipur,302221,1
ADDR01533,Delhi,110258,1
ADDR01534,Jaipur,302615,1
ADDR01535,Chennai,600401,1
ADDR01536,Surat,395777,1
ADDR01537,Pune,411849,1
ADDR01538,Hyderabad,500815,1
ADDR01539,Hyderabad,500585,1
ADDR01540,Bangalore,560345,1
ADDR01541,Bangalore,560263,1
ADDR01542,Delhi,110100,1
ADDR01543,Surat,395250,1
ADDR01544,Hyderabad,500843,1
ADDR01545,Ahmedabad,380799,1
ADDR01546,Mumbai,400204,1
ADDR01547,Bangalore,560797,1
ADDR01548,Mumbai,400471,1
ADDR01549,Mumbai,400680,1
ADDR01550,Kolkata,700785,1
ADDR01551,Lucknow,226918,1
ADDR01552,Kolkata,700370,1
ADDR01553,Lucknow,226424,1
ADDR01554,Ahmedabad,380897,1
ADDR01555,Hyderabad,500827,1
ADDR01556,Kolkata,700311,1
ADDR01557,Delhi,110859,1
ADDR01558,Surat,395147,1
ADDR01559,Mumbai,400576,1
ADDR01560,Chennai,600830,1
ADDR01561,Delhi,110633,1
ADDR01562,Hyderabad,500545,1
ADDR01563,Chennai,600699,1
ADDR01564,Mumbai,400473,1
ADDR01565,Ahmedabad,380204,1
ADDR01566,Bangalore,560435,1
ADDR01567,Bangalore,560100,1
ADDR01568,Surat,395637,1
ADDR01569,Jaipur,302111,1
ADDR01570,Mumbai,400952,1
ADDR01571,Indore,452880,1
ADDR01572,Hyderabad,500175,1
ADDR01573,Bangalore,560502,1
ADDR01574,Pune,411659,1
ADDR01575,Bangalore,560602,1
ADDR01576,Surat,395308,1
ADDR01577,Ahmedabad,380147,1
ADDR01578,Mumbai,400610,1
ADDR01579,Chandigarh,160454,1
ADDR01580,Mumbai,400159,1
ADDR01581,Ahmedabad,380328,1
ADDR01582,Delhi,110432,1
ADDR01583,Delhi,110532,1
ADDR01584,Delhi,110935,1
ADDR01585,Bangalore,560510,1
ADDR01586,Lucknow,226698,1
ADDR01587,Mumbai,400514,1
ADDR01588,Chandigarh,160618,1
ADDR01589,Pune,411112,1
ADDR01590,Mumbai,400837,1
ADDR01591,Hyderabad,500479,1
ADDR01592,Ahmedabad,380279,1
ADDR01593,Chennai,600382,1
ADDR01594,Hyderabad,500801,1
ADDR01595,Kolkata,700632,1
ADDR01596,Bangalore,560562,1
ADDR01597,Delhi,110793,1
ADDR01598,Chennai,600151,1
ADDR01599,Chandigarh,160946,1
ADDR01600,Hyderabad,500833,1
ADDR01601,Kolkata,700629,1
ADDR01602,Indore,452558,1
ADDR01603,Kochi,682667,1
ADDR01604,Bangalore,560620,1
ADDR01605,Lucknow,226894,1
ADDR01606,Mumbai,400171,1
ADDR01607,Pune,411966,1
ADDR01608,Hyderabad,500271,1
ADDR01609,Ahmedabad,380835,1
ADDR01610,Bangalore,560351,1
ADDR01611,Hyderabad,500909,1
ADDR01612,Ahmedabad,380624,1
ADDR01613,Hyderabad,500729,1
ADDR01614,Delhi,110560,1
ADDR01615,Mumbai,400772,1
ADDR01616,Hyderabad,500979,1
ADDR01617,Pune,411186,1
ADDR01618,Pune,411471,1
ADDR01619,Mumbai,400122,1
ADDR01620,Bangalore,560850,1
ADDR01621,Pune,411633,1
ADDR01622,Chennai,600283,1
ADDR01623,Surat,395313,1
ADDR01624,Chennai,600309,1
ADDR01625,Jaipur,302152,1
ADDR01626,Delhi,110122,1
ADDR01627,Chennai,600730,1
ADDR01628,Mumbai,400581,1
ADDR01629,Bangalore,560307,1
ADDR01630,Mumbai,400437,1
ADDR01631,Delhi,110967,1
ADDR01632,Bangalore,560493,1
ADDR01633,Lucknow,226412,1
ADDR01634,Lucknow,226256,1
ADDR01635,Ahmedabad,380438,1
ADDR01636,Hyderabad,500493,1
ADDR01637,Ahmedabad,380843,1
ADDR01638,Mumbai,400554,1
ADDR01639,Mumbai,400907,1
ADDR01640,Chennai,600597,1
ADDR01641,Delhi,110935,1
ADDR01642,Delhi,110854,1
ADDR01643,Kolkata,700195,1
ADDR01644,Lucknow,226329,1
ADDR01645,Delhi,110124,1
ADDR01646,Kochi,682772,1
ADDR01647,Hyderabad,500307,1
ADDR01648,Bangalore,560713,1
ADDR01649,Delhi,110941,1
ADDR01650,Pune,411734,1
ADDR01651,Bangalore,560100,1
ADDR01652,Indore,452417,1
ADDR01653,Hyderabad,500608,1
ADDR01654,Mumbai,400561,1
ADDR01655,Indore,452812,1
ADDR01656,Chennai,600235,1
ADDR01657,Indore,452285,1
ADDR01658,Ahmedabad,380471,1
ADDR01659,Chandigarh,160265,1
ADDR01660,Chennai,600913,1
ADDR01661,Delhi,110814,1
ADDR01662,Surat,395830,1
ADDR01663,Hyderabad,500900,1
ADDR01664,Mumbai,400182,1
ADDR01665,Lucknow,226469,1
ADDR01666,Bangalore,560579,1
ADDR01667,Mumbai,400459,1
ADDR01668,Pune,411254,1
ADDR01669,Mumbai,400779,1
ADDR01670,Jaipur,302804,1
ADDR01671,Mumbai,400978,1
ADDR01672,Bangalore,560575,1
ADDR01673,Delhi,110832,1
ADDR01674,Kolkata,700800,1
ADDR01675,Pune,411528,1
ADDR01676,Mumbai,400542,1
ADDR01677,Kolkata,700646,1
ADDR01678,Bangalore,560570,1
ADDR01679,Bangalore,560667,1
ADDR01680,Bangalore,560763,1
ADDR01681,Mumbai,400649,1
ADDR01682,Pune,411297,1
ADDR01683,Kolkata,700598,1
ADDR01684,Indore,452424,1
ADDR01685,Kochi,682566,1
ADDR01686,Chandigarh,160238,1
ADDR01687,Mumbai,400415,1
ADDR01688,Pune,411234,1
ADDR01689,Hyderabad,500678,1
ADDR01690,Kolkata,700176,1
ADDR01691,Kolkata,700111,1
ADDR01692,Delhi,110857,1
ADDR01693,Hyderabad,500516,1
ADDR01694,Chennai,600719,1
ADDR01695,Delhi,110407,1
ADDR01696,Kochi,682475,1
ADDR01697,Jaipur,302182,1
ADDR01698,Mumbai,400102,1
ADDR01699,Jaipur,302335,1
ADDR01700,Bangalore,560740,1
ADDR01701,Chennai,600129,1
ADDR01702,Hyderabad,500247,1
ADDR01703,Pune,411828,1
ADDR01704,Ahmedabad,380830,1
ADDR01705,Delhi,110436,1
ADDR01706,Ahmedabad,380725,1
ADDR01707,Kochi,682306,1
ADDR01708,Delhi,110328,1
ADDR01709,Mumbai,400441,1
ADDR01710,Chennai,600383,1
ADDR01711,Delhi,110116,1
ADDR01712,Delhi,110498,1
ADDR01713,Delhi,110194,1
ADDR01714,Ahmedabad,380879,1
ADDR01715,Ahmedabad,380714,1
ADDR01716,Chennai,600902,1
ADDR01717,Mumbai,400347,1
ADDR01718,Pune,411304,1
ADDR01719,Kochi,682523,1
ADDR01720,Delhi,110648,1
ADDR01721,Kochi,682232,1
ADDR01722,Hyderabad,500476,1
ADDR01723,Mumbai,400231,1
ADDR01724,Delhi,110522,1
ADDR01725,Pune,411905,1
ADDR01726,Indore,452246,1
ADDR01727,Pune,411226,1
ADDR01728,Bangalore,560217,1
ADDR01729,Ahmedabad,380550,1
ADDR01730,Kochi,682244,1
ADDR01731,Ahmedabad,380778,1
ADDR01732,Jaipur,302148,1
ADDR01733,Indore,452735,1
ADDR01734,Delhi,110413,1
ADDR01735,Hyderabad,500494,1
ADDR01736,Jaipur,302460,1
ADDR01737,Bangalore,560647,1
ADDR01738,Mumbai,400672,1
ADDR01739,Mumbai,400660,1
ADDR01740,Chandigarh,160285,1
ADDR01741,Delhi,110399,1
ADDR01742,Jaipur,302470,1
ADDR01743,Ahmedabad,380608,1
ADDR01744,Pune,411707,1
ADDR01745,Hyderabad,500515,1
ADDR01746,Chennai,600582,1
ADDR01747,Delhi,110594,1
ADDR01748,Hyderabad,500996,1
ADDR01749,Bangalore,560479,1
ADDR01750,Jaipur,302533,1
ADDR01751,Ahmedabad,380731,1
ADDR01752,Bangalore,560466,1
ADDR01753,Lucknow,226131,1
ADDR01754,Ahmedabad,380623,1
ADDR01755,Chennai,600177,1
ADDR01756,Bangalore,560937,1
ADDR01757,Mumbai,400836,1
ADDR01758,Pune,411180,1
ADDR01759,Chennai,600234,1
ADDR01760,Jaipur,302316,1
ADDR01761,Ahmedabad,380286,1
ADDR01762,Surat,395808,1
ADDR01763,Chennai,600914,1
ADDR01764,Mumbai,400262,1
ADDR01765,Chennai,600379,1
ADDR01766,Ahmedabad,380153,1
ADDR01767,Kolkata,700862,1
ADDR01768,Hyderabad,500530,1
ADDR01769,Kochi,682691,1
ADDR01770,Jaipur,302188,1
ADDR01771,Hyderabad,500235,1
ADDR01772,Delhi,110212,1
ADDR01773,Pune,411654,1
ADDR01774,Mumbai,400624,1
ADDR01775,Delhi,110431,1
ADDR01776,Hyderabad,500203,1
ADDR01777,Chennai,600122,1
ADDR01778,Bangalore,560936,1
ADDR01779,Lucknow,226254,1
ADDR01780,Kolkata,700359,1
ADDR01781,Chennai,600937,1
ADDR01782,Jaipur,302658,1
ADDR01783,Chennai,600985,1
ADDR01784,Jaipur,302254,1
ADDR01785,Mumbai,400250,1
ADDR01786,Pune,411980,1
ADDR01787,Mumbai,400640,1
ADDR01788,Mumbai,400470,1
ADDR01789,Pune,411239,1
ADDR01790,Hyderabad,500901,1
ADDR01791,Delhi,110775,1
ADDR01792,Hyderabad,500515,1
ADDR01793,Hyderabad,500365,1
ADDR01794,Delhi,110959,1
ADDR01795,Ahmedabad,380696,1
ADDR01796,Chennai,600962,1
ADDR01797,Bangalore,560407,1
ADDR01798,Ahmedabad,380318,1
ADDR01799,Mumbai,400860,1
ADDR01800,Pune,411509,1
ADDR01801,Kolkata,700484,1
ADDR01802,Bangalore,560938,1
ADDR01803,Pune,411306,1
ADDR01804,Hyderabad,500265,1
ADDR01805,Delhi,110529,1
ADDR01806,Delhi,110273,1
ADDR01807,Kochi,682798,1
ADDR01808,Delhi,110407,1
ADDR01809,Pune,411337,1
ADDR01810,Mumbai,400250,1
ADDR01811,Surat,395415,1
ADDR01812,Bangalore,560944,1
ADDR01813,Surat,395896,1
ADDR01814,Kolkata,700339,1
ADDR01815,Pune,411319,1
ADDR01816,Ahmedabad,380315,1
ADDR01817,Hyderabad,500392,1
ADDR01818,Delhi,110583,1
ADDR01819,Lucknow,226192,1
ADDR01820,Jaipur,302720,1
ADDR01821,Kolkata,700213,1
ADDR01822,Delhi,110224,1
ADDR01823,Bangalore,560752,1
ADDR01824,Bangalore,560573,1
ADDR01825,Bangalore,560373,1
ADDR01826,Delhi,110216,1
ADDR01827,Delhi,110635,1
ADDR01828,Mumbai,400973,1
ADDR01829,Bangalore,560279,1
ADDR01830,Jaipur,302754,1
ADDR01831,Delhi,110344,1
ADDR01832,Chennai,600748,1
ADDR01833,Delhi,110705,1
ADDR01834,Pune,411903,1
ADDR01835,Jaipur,302316,1
ADDR01836,Chennai,600666,1
ADDR01837,Jaipur,302159,1
ADDR01838,Indore,452838,1
ADDR01839,Chennai,600656,1
ADDR01840,Mumbai,400591,1
ADDR01841,Indore,452346,1
ADDR01842,Hyderabad,500359,1
ADDR01843,Jaipur,302206,1
ADDR01844,Bangalore,560712,1
ADDR01845,Jaipur,302706,1
ADDR01846,Bangalore,560412,1
ADDR01847,Mumbai,400334,1
ADDR01848,Mumbai,400578,1
ADDR01849,Chennai,600199,1
ADDR01850,Delhi,110957,1
ADDR01851,Pune,411910,1
ADDR01852,Ahmedabad,380674,1
ADDR01853,Chennai,600728,1
ADDR01854,Mumbai,400687,1
ADDR01855,Bangalore,560499,1
ADDR01856,Bangalore,560671,1
ADDR01857,Delhi,110918,1
ADDR01858,Hyderabad,500181,1
ADDR01859,Delhi,110972,1
ADDR01860,Mumbai,400509,1
ADDR01861,Mumbai,400623,1
ADDR01862,Pune,411818,1
ADDR01863,Pune,411277,1
ADDR01864,Chennai,600258,1
ADDR01865,Chennai,600510,1
ADDR01866,Kolkata,700254,1
ADDR01867,Hyderabad,500478,1
ADDR01868,Bangalore,560808,1
ADDR01869,Hyderabad,500118,1
ADDR01870,Chandigarh,160627,1
ADDR01871,Kolkata,700544,1
ADDR01872,Kolkata,700768,1
ADDR01873,Bangalore,560988,1
ADDR01874,Mumbai,400611,1
ADDR01875,Ahmedabad,380976,1
ADDR01876,Chandigarh,160322,1
ADDR01877,Mumbai,400364,1
ADDR01878,Chennai,600595,1
ADDR01879,Jaipur,302486,1
ADDR01880,Bangalore,560666,1
ADDR01881,Delhi,110171,1
ADDR01882,Mumbai,400394,1
ADDR01883,Hyderabad,500240,1
ADDR01884,Hyderabad,500339,1
ADDR01885,Mumbai,400515,1
ADDR01886,Indore,452891,1
ADDR01887,Lucknow,226121,1
ADDR01888,Mumbai,400574,1
ADDR01889,Kolkata,700452,1
ADDR01890,Mumbai,400120,1
ADDR01891,Kolkata,700843,1
ADDR01892,Pune,411655,1
ADDR01893,Mumbai,400279,1
ADDR01894,Kolkata,700712,1
ADDR01895,Indore,452629,1
ADDR01896,Pune,411969,1
ADDR01897,Jaipur,302384,1
ADDR01898,Indore,452748,1
ADDR01899,Kolkata,700298,1
ADDR01900,Kochi,682702,1
ADDR01901,Delhi,110323,1
ADDR01902,Indore,452626,1
ADDR01903,Bangalore,560329,1
ADDR01904,Kolkata,700213,1
ADDR01905,Mumbai,400824,1
ADDR01906,Surat,395395,1
ADDR01907,Hyderabad,500604,1
ADDR01908,Delhi,110241,1
ADDR01909,Ahmedabad,380227,1
ADDR01910,Bangalore,560829,1
ADDR01911,Lucknow,226449,1
ADDR01912,Bangalore,560343,1
ADDR01913,Chandigarh,160332,1
ADDR01914,Mumbai,400338,1
ADDR01915,Kolkata,700831,1
ADDR01916,Ahmedabad,380517,1
ADDR01917,Ahmedabad,380437,1
ADDR01918,Delhi,110376,1
ADDR01919,Mumbai,400203,1
ADDR01920,Delhi,110982,1
ADDR01921,Hyderabad,500779,1
ADDR01922,Mumbai,400641,1
ADDR01923,Pune,411849,1
ADDR01924,Lucknow,226500,1
ADDR01925,Mumbai,400209,1
ADDR01926,Chandigarh,160408,1
ADDR01927,Pune,411154,1
ADDR01928,Hyderabad,500355,1
ADDR01929,Jaipur,302714,1
ADDR01930,Bangalore,560986,1
ADDR01931,Delhi,110932,1
ADDR01932,Chennai,600332,1
ADDR01933,Bangalore,560657,1
ADDR01934,Chennai,600780,1
ADDR01935,Kolkata,700434,1
ADDR01936,Kolkata,700355,1
ADDR01937,Kolkata,700871,1
ADDR01938,Pune,411339,1
ADDR01939,Bangalore,560781,1
ADDR01940,Kolkata,700613,1
ADDR01941,Mumbai,400880,1
ADDR01942,Delhi,110116,1
ADDR01943,Bangalore,560441,1
ADDR01944,Kolkata,700727,1
ADDR01945,Mumbai,400348,1
ADDR01946,Kolkata,700838,1
ADDR01947,Pune,411456,1
ADDR01948,Lucknow,226506,1
ADDR01949,Mumbai,400917,1
ADDR01950,Mumbai,400794,1
ADDR01951,Ahmedabad,380634,1
ADDR01952,Chennai,600549,1
ADDR01953,Delhi,110195,1
ADDR01954,Delhi,110480,1
ADDR01955,Ahmedabad,380885,1
ADDR01956,Ahmedabad,380810,1
ADDR01957,Chennai,600609,1
ADDR01958,Chennai,600416,1
ADDR01959,Kochi,682469,1
ADDR01960,Pune,411795,1
ADDR01961,Mumbai,400882,1
ADDR01962,Mumbai,400182,1
ADDR01963,Mumbai,400940,1
ADDR01964,Delhi,110447,1
ADDR01965,Bangalore,560709,1
ADDR01966,Lucknow,226986,1
ADDR01967,Mumbai,400488,1
ADDR01968,Kolkata,700236,1
ADDR01969,Hyderabad,500460,1
ADDR01970,Hyderabad,500381,1
ADDR01971,Hyderabad,500843,1
ADDR01972,Lucknow,226667,1
ADDR01973,Bangalore,560167,1
ADDR01974,Chennai,600618,1
ADDR01975,Chandigarh,160974,1
ADDR01976,Delhi,110129,1
ADDR01977,Mumbai,400759,1
ADDR01978,Kochi,682424,1
ADDR01979,Bangalore,560873,1
ADDR01980,Hyderabad,500221,1
ADDR01981,Hyderabad,500365,1
ADDR01982,Delhi,110176,1
ADDR01983,Bangalore,560805,1
ADDR01984,Bangalore,560535,1
ADDR01985,Pune,411151,1
ADDR01986,Chandigarh,160537,1
ADDR01987,Bangalore,560378,1
ADDR01988,Delhi,110134,1
ADDR01989,Ahmedabad,380986,1
ADDR01990,Mumbai,400850,1
ADDR01991,Pune,411989,1
ADDR01992,Hyderabad,500534,1
ADDR01993,Hyderabad,500832,1
ADDR01994,Kochi,682327,1
ADDR01995,Bangalore,560747,1
ADDR01996,Ahmedabad,380507,1
ADDR01997,Kolkata,700413,1
ADDR01998,Kolkata,700823,1
ADDR01999,Mumbai,400183,1
ADDR02000,Kolkata,700514,1
ADDR02001,Mumbai,400649,1
ADDR02002,Chennai,600814,1
ADDR02003,Lucknow,226227,1
ADDR02004,Chennai,600621,1
ADDR02005,Surat,395204,1
ADDR02006,Ahmedabad,380643,1
ADDR02007,Jaipur,302841,1
ADDR02008,Mumbai,400195,1
ADDR02009,Mumbai,400621,1
ADDR02010,Bangalore,560115,1
ADDR02011,Lucknow,226117,1
ADDR02012,Delhi,110795,1
ADDR02013,Mumbai,400982,1
ADDR02014,Mumbai,400693,1
ADDR02015,Kochi,682900,1
ADDR02016,Indore,452975,1
ADDR02017,Kolkata,700259,1
ADDR02018,Ahmedabad,380561,1
ADDR02019,Chennai,600760,1
ADDR02020,Ahmedabad,380695,1
ADDR02021,Indore,452349,1
ADDR02022,Indore,452171,1
ADDR02023,Delhi,110271,1
ADDR02024,Delhi,110372,1
ADDR02025,Delhi,110418,1
ADDR02026,Kolkata,700528,1
ADDR02027,Hyderabad,500445,1
ADDR02028,Mumbai,400486,1
ADDR02029,Pune,411812,1
ADDR02030,Hyderabad,500167,1
ADDR02031,Ahmedabad,380631,1
ADDR02032,Lucknow,226232,1
ADDR02033,Surat,395746,1
ADDR02034,Pune,411967,1
ADDR02035,Pune,411904,1
ADDR02036,Ahmedabad,380903,1
ADDR02037,Mumbai,400892,1
ADDR02038,Hyderabad,500165,1
ADDR02039,Pune,411832,1
ADDR02040,Mumbai,400889,1
ADDR02041,Delhi,110874,1
ADDR02042,Indore,452263,1
ADDR02043,Chandigarh,160120,1
ADDR02044,Mumbai,400694,1
ADDR02045,Hyderabad,500496,1
ADDR02046,Mumbai,400413,1
ADDR02047,Pune,411332,1
ADDR02048,Pune,411105,1
ADDR02049,Lucknow,226763,1
ADDR02050,Surat,395872,1
ADDR02051,Mumbai,400372,1
ADDR02052,Jaipur,302807,1
ADDR02053,Hyderabad,500980,1
ADDR02054,Lucknow,226248,1
ADDR02055,Mumbai,400259,1
ADDR02056,Mumbai,400181,1
ADDR02057,Pune,411969,1
ADDR02058,Mumbai,400577,1
ADDR02059,Ahmedabad,380655,1
ADDR02060,Mumbai,400399,1
ADDR02061,Bangalore,560834,1
ADDR02062,Mumbai,400872,1
ADDR02063,Pune,411495,1
ADDR02064,Bangalore,560994,1
ADDR02065,Chennai,600658,1
ADDR02066,Kolkata,700215,1
ADDR02067,Jaipur,302546,1
ADDR02068,Hyderabad,500122,1
ADDR02069,Kolkata,700642,1
ADDR02070,Mumbai,400741,1
ADDR02071,Kolkata,700768,1
ADDR02072,Pune,411502,1
ADDR02073,Lucknow,226777,1
ADDR02074,Delhi,110121,1
ADDR02075,Delhi,110402,1
ADDR02076,Chennai,600823,1
ADDR02077,Hyderabad,500235,1
ADDR02078,Kolkata,700955,1
ADDR02079,Kochi,682931,1
ADDR02080,Hyderabad,500160,1
ADDR02081,Mumbai,400401,1
ADDR02082,Kolkata,700493,1
ADDR02083,Ahmedabad,380759,1
ADDR02084,Kochi,682358,1
ADDR02085,Pune,411286,1
ADDR02086,Surat,395134,1
ADDR02087,Hyderabad,500646,1
ADDR02088,Pune,411348,1
ADDR02089,Ahmedabad,380404,1
ADDR02090,Bangalore,560460,1
ADDR02091,Pune,411322,1
ADDR02092,Indore,452197,1
ADDR02093,Bangalore,560935,1
ADDR02094,Lucknow,226433,1
ADDR02095,Mumbai,400962,1
ADDR02096,Ahmedabad,380481,1
ADDR02097,Pune,411252,1
ADDR02098,Chennai,600389,1
ADDR02099,Delhi,110218,1
ADDR02100,Lucknow,226831,1
ADDR02101,Delhi,110664,1
ADDR02102,Delhi,110546,1
ADDR02103,Chennai,600494,1
ADDR02104,Bangalore,560390,1
ADDR02105,Pune,411698,1
ADDR02106,Mumbai,400183,1
ADDR02107,Delhi,110765,1
ADDR02108,Hyderabad,500870,1
ADDR02109,Lucknow,226624,1
ADDR02110,Delhi,110518,1
ADDR02111,Kolkata,700280,1
ADDR02112,Lucknow,226421,1
ADDR02113,Mumbai,400595,1
ADDR02114,Ahmedabad,380604,1
ADDR02115,Bangalore,560295,1
ADDR02116,Mumbai,400663,1
ADDR02117,Bangalore,560996,1
ADDR02118,Chandigarh,160943,1
ADDR02119,Mumbai,400671,1
ADDR02120,Kolkata,700556,1
ADDR02121,Delhi,110808,1
ADDR02122,Hyderabad,500101,1
ADDR02123,Surat,395315,1
ADDR02124,Ahmedabad,380858,1
ADDR02125,Jaipur,302309,1
ADDR02126,Kolkata,700142,1
ADDR02127,Lucknow,226588,1
ADDR02128,Surat,395568,1
ADDR02129,Hyderabad,500739,1
ADDR02130,Ahmedabad,380301,1
ADDR02131,Kolkata,700805,1
ADDR02132,Delhi,110743,1
ADDR02133,Mumbai,400600,1
ADDR02134,Pune,411607,1
ADDR02135,Pune,411393,1
ADDR02136,Delhi,110287,1
ADDR02137,Pune,411970,1
ADDR02138,Chennai,600586,1
ADDR02139,Bangalore,560808,1
ADDR02140,Jaipur,302711,1
ADDR02141,Bangalore,560779,1
ADDR02142,Mumbai,400264,1
ADDR02143,Lucknow,226500,1
ADDR02144,Chandigarh,160848,1
ADDR02145,Chennai,600175,1
ADDR02146,Kolkata,700644,1
ADDR02147,Surat,395841,1
ADDR02148,Delhi,110908,1
ADDR02149,Indore,452513,1
ADDR02150,Mumbai,400329,1
ADDR02151,Delhi,110538,1
ADDR02152,Kochi,682941,1
ADDR02153,Ahmedabad,380487,1
ADDR02154,Chandigarh,160171,1
ADDR02155,Chandigarh,160338,1
ADDR02156,Mumbai,400799,1
ADDR02157,Hyderabad,500812,1
ADDR02158,Pune,411741,1
ADDR02159,Pune,411289,1
ADDR02160,Jaipur,302253,1
ADDR02161,Ahmedabad,380438,1
ADDR02162,Bangalore,560616,1
ADDR02163,Pune,411134,1
ADDR02164,Pune,411821,1
ADDR02165,Delhi,110946,1
ADDR02166,Bangalore,560302,1
ADDR02167,Ahmedabad,380840,1
ADDR02168,Mumbai,400277,1
ADDR02169,Jaipur,302741,1
ADDR02170,Bangalore,560387,1
ADDR02171,Pune,411500,1
ADDR02172,Jaipur,302569,1
ADDR02173,Jaipur,302829,1
ADDR02174,Kolkata,700600,1
ADDR02175,Hyderabad,500424,1
ADDR02176,Kolkata,700666,1
ADDR02177,Delhi,110188,1
ADDR02178,Kolkata,700597,1
ADDR02179,Chandigarh,160677,1
ADDR02180,Pune,411759,1
ADDR02181,Lucknow,226617,1
ADDR02182,Chennai,600734,1
ADDR02183,Bangalore,560204,1
ADDR02184,Chandigarh,160849,1
ADDR02185,Indore,452181,1
ADDR02186,Mumbai,400420,1
ADDR02187,Hyderabad,500908,1
ADDR02188,Ahmedabad,380165,1
ADDR02189,Delhi,110528,1
ADDR02190,Pune,411858,1
ADDR02191,Delhi,110591,1
ADDR02192,Delhi,110250,1
ADDR02193,Kolkata,700357,1
ADDR02194,Bangalore,560687,1
ADDR02195,Lucknow,226895,1
ADDR02196,Delhi,110590,1
ADDR02197,Lucknow,226340,1
ADDR02198,Chennai,600470,1
ADDR02199,Chennai,600349,1
ADDR02200,Ahmedabad,380436,1
ADDR02201,Mumbai,400241,1
ADDR02202,Bangalore,560869,1
ADDR02203,Jaipur,302147,1
ADDR02204,Kochi,682922,1
ADDR02205,Bangalore,560343,1
ADDR02206,Delhi,110868,1
ADDR02207,Bangalore,560812,1
ADDR02208,Chennai,600320,1
ADDR02209,Pune,411979,1
ADDR02210,Delhi,110549,1
ADDR02211,Chennai,600710,1
ADDR02212,Bangalore,560412,1
ADDR02213,Pune,411121,1
ADDR02214,Ahmedabad,380415,1
ADDR02215,Hyderabad,500828,1
ADDR02216,Delhi,110667,1
ADDR02217,Pune,411311,1
ADDR02218,Jaipur,302277,1
ADDR02219,Delhi,110764,1
ADDR02220,Ahmedabad,380143,1
ADDR02221,Mumbai,400386,1
ADDR02222,Bangalore,560685,1
ADDR02223,Kochi,682282,1
ADDR02224,Delhi,110679,1
ADDR02225,Ahmedabad,380653,1
ADDR02226,Chennai,600405,1
ADDR02227,Mumbai,400942,1
ADDR02228,Delhi,110460,1
ADDR02229,Delhi,110755,1
ADDR02230,Mumbai,400189,1
ADDR02231,Jaipur,302338,1
ADDR02232,Delhi,110180,1
ADDR02233,Kolkata,700179,1
ADDR02234,Delhi,110408,1
ADDR02235,Kolkata,700359,1
ADDR02236,Delhi,110984,1
ADDR02237,Jaipur,302985,1
ADDR02238,Pune,411693,1
ADDR02239,Ahmedabad,380579,1
ADDR02240,Indore,452780,1
ADDR02241,Pune,411769,1
ADDR02242,Mumbai,400946,1
ADDR02243,Indore,452760,1
ADDR02244,Pune,411573,1
ADDR02245,Chennai,600464,1
ADDR02246,Kolkata,700664,1
ADDR02247,Pune,411275,1
ADDR02248,Lucknow,226589,1
ADDR02249,Kolkata,700558,1
ADDR02250,Lucknow,226437,1
ADDR02251,Delhi,110430,1
ADDR02252,Bangalore,560822,1
ADDR02253,Kolkata,700675,1
ADDR02254,Delhi,110445,1
ADDR02255,Lucknow,226723,1
ADDR02256,Ahmedabad,380190,1
ADDR02257,Bangalore,560623,1
ADDR02258,Bangalore,560949,1
ADDR02259,Chandigarh,160186,1
ADDR02260,Delhi,110285,1
ADDR02261,Pune,411968,1
ADDR02262,Mumbai,400668,1
ADDR02263,Hyderabad,500639,1
ADDR02264,Kolkata,700299,1
ADDR02265,Bangalore,560915,1
ADDR02266,Bangalore,560933,1
ADDR02267,Delhi,110358,1
ADDR02268,Kochi,682524,1
ADDR02269,Ahmedabad,380120,1
ADDR02270,Chandigarh,160962,1
ADDR02271,Surat,395484,1
ADDR02272,Hyderabad,500723,1
ADDR02273,Surat,395179,1
ADDR02274,Jaipur,302694,1
ADDR02275,Mumbai,400742,1
ADDR02276,Bangalore,560673,1
ADDR02277,Mumbai,400235,1
ADDR02278,Delhi,110509,1
ADDR02279,Mumbai,400190,1
ADDR02280,Indore,452586,1
ADDR02281,Surat,395817,1
ADDR02282,Chennai,600411,1
ADDR02283,Pune,411831,1
ADDR02284,Mumbai,400939,1
ADDR02285,Bangalore,560831,1
ADDR02286,Chandigarh,160489,1
ADDR02287,Bangalore,560170,1
ADDR02288,Chandigarh,160460,1
ADDR02289,Delhi,110123,1
ADDR02290,Delhi,110502,1
ADDR02291,Bangalore,560385,1
ADDR02292,Bangalore,560540,1
ADDR02293,Mumbai,400694,1
ADDR02294,Bangalore,560451,1
ADDR02295,Bangalore,560318,1
ADDR02296,Indore,452317,1
ADDR02297,Hyderabad,500130,1
ADDR02298,Ahmedabad,380665,1
ADDR02299,Jaipur,302950,1
ADDR02300,Kochi,682252,1
ADDR02301,Pune,411470,1
ADDR02302,Chennai,600954,1
ADDR02303,Kolkata,700990,1
ADDR02304,Delhi,110503,1
ADDR02305,Kolkata,700187,1
ADDR02306,Mumbai,400342,1
ADDR02307,Delhi,110454,1
ADDR02308,Ahmedabad,380320,1
ADDR02309,Chennai,600791,1
ADDR02310,Mumbai,400492,1
ADDR02311,Ahmedabad,380785,1
ADDR02312,Ahmedabad,380682,1
ADDR02313,Ahmedabad,380336,1
ADDR02314,Indore,452265,1
ADDR02315,Hyderabad,500401,1
ADDR02316,Chandigarh,160868,1
ADDR02317,Mumbai,400332,1
ADDR02318,Kochi,682341,1
ADDR02319,Chandigarh,160309,1
ADDR02320,Chandigarh,160171,1
ADDR02321,Pune,411622,1
ADDR02322,Jaipur,302398,1
ADDR02323,Kochi,682594,1
ADDR02324,Mumbai,400804,1
ADDR02325,Pune,411870,1
ADDR02326,Mumbai,400707,1
ADDR02327,Lucknow,226499,1
ADDR02328,Ahmedabad,380703,1
ADDR02329,Jaipur,302588,1
ADDR02330,Pune,411516,1
ADDR02331,Bangalore,560629,1
ADDR02332,Hyderabad,500105,1
ADDR02333,Hyderabad,500550,1
ADDR02334,Pune,411433,1
ADDR02335,Kochi,682947,1
ADDR02336,Delhi,110164,1
ADDR02337,Kolkata,700369,1
ADDR02338,Chennai,600944,1
ADDR02339,Delhi,110617,1
ADDR02340,Pune,411520,1
ADDR02341,Delhi,110913,1
ADDR02342,Bangalore,560901,1
ADDR02343,Kolkata,700288,1
ADDR02344,Hyderabad,500689,1
ADDR02345,Pune,411756,1
ADDR02346,Kolkata,700385,1
ADDR02347,Mumbai,400362,1
ADDR02348,Chandigarh,160634,1
ADDR02349,Bangalore,560247,1
ADDR02350,Mumbai,400692,1
ADDR02351,Mumbai,400726,1
ADDR02352,Bangalore,560284,1
ADDR02353,Mumbai,400785,1
ADDR02354,Chandigarh,160765,1
ADDR02355,Ahmedabad,380915,1
ADDR02356,Bangalore,560703,1
ADDR02357,Bangalore,560572,1
ADDR02358,Delhi,110207,1
ADDR02359,Surat,395538,1
ADDR02360,Mumbai,400811,1
ADDR02361,Hyderabad,500681,1
ADDR02362,Indore,452963,1
ADDR02363,Chennai,600714,1
ADDR02364,Chandigarh,160288,1
ADDR02365,Kolkata,700460,1
ADDR02366,Indore,452400,1
ADDR02367,Mumbai,400415,1
ADDR02368,Jaipur,302368,1
ADDR02369,Hyderabad,500308,1
ADDR02370,Mumbai,400338,1
ADDR02371,Mumbai,400709,1
ADDR02372,Chennai,600700,1
ADDR02373,Mumbai,400198,1
ADDR02374,Hyderabad,500544,1
ADDR02375,Bangalore,560394,1
ADDR02376,Bangalore,560907,1
ADDR02377,Kolkata,700230,1
ADDR02378,Chennai,600537,1
ADDR02379,Kolkata,700385,1
ADDR02380,Mumbai,400585,1
ADDR02381,Ahmedabad,380267,1
ADDR02382,Bangalore,560866,1
ADDR02383,Pune,411870,1
ADDR02384,Delhi,110950,1
ADDR02385,Kolkata,700760,1
ADDR02386,Lucknow,226460,1
ADDR02387,Kolkata,700911,1
ADDR02388,Ahmedabad,380393,1
ADDR02389,Mumbai,400699,1
ADDR02390,Chennai,600366,1
ADDR02391,Delhi,110163,1
ADDR02392,Jaipur,302467,1
ADDR02393,Bangalore,560308,1
ADDR02394,Pune,411851,1
ADDR02395,Delhi,110445,1
ADDR02396,Mumbai,400748,1
ADDR02397,Mumbai,400974,1
ADDR02398,Lucknow,226983,1
ADDR02399,Bangalore,560535,1
ADDR02400,Lucknow,226753,1
ADDR02401,Surat,395964,1
ADDR02402,Pune,411799,1
ADDR02403,Mumbai,400613,1
ADDR02404,Kochi,682903,1
ADDR02405,Bangalore,560469,1
ADDR02406,Chandigarh,160424,1
ADDR02407,Hyderabad,500395,1
ADDR02408,Pune,411541,1
ADDR02409,Chandigarh,160673,1
ADDR02410,Mumbai,400393,1
ADDR02411,Mumbai,400342,1
ADDR02412,Bangalore,560958,1
ADDR02413,Mumbai,400272,1
ADDR02414,Pune,411259,1
ADDR02415,Mumbai,400656,1
ADDR02416,Pune,411490,1
ADDR02417,Mumbai,400792,1
ADDR02418,Chandigarh,160428,1
ADDR02419,Chennai,600797,1
ADDR02420,Kolkata,700154,1
ADDR02421,Delhi,110913,1
ADDR02422,Mumbai,400826,1
ADDR02423,Bangalore,560589,1
ADDR02424,Mumbai,400710,1
ADDR02425,Ahmedabad,380273,1
ADDR02426,Pune,411669,1
ADDR02427,Delhi,110244,1
ADDR02428,Surat,395126,1
ADDR02429,Hyderabad,500487,1
ADDR02430,Bangalore,560349,1
ADDR02431,Bangalore,560651,1
ADDR02432,Ahmedabad,380595,1
ADDR02433,Ahmedabad,380589,1
ADDR02434,Surat,395979,1
ADDR02435,Chennai,600943,1
ADDR02436,Mumbai,400961,1
ADDR02437,Mumbai,400401,1
ADDR02438,Ahmedabad,380969,1
ADDR02439,Mumbai,400377,1
ADDR02440,Mumbai,400558,1
ADDR02441,Surat,395430,1
ADDR02442,Mumbai,400286,1
ADDR02443,Pune,411503,1
ADDR02444,Delhi,110622,1
ADDR02445,Mumbai,400928,1
ADDR02446,Bangalore,560912,1
ADDR02447,Indore,452985,1
ADDR02448,Ahmedabad,380572,1
ADDR02449,Kochi,682351,1
ADDR02450,Chandigarh,160208,1
ADDR02451,Hyderabad,500947,1
ADDR02452,Pune,411421,1
ADDR02453,Delhi,110142,1
ADDR02454,Bangalore,560724,1
ADDR02455,Mumbai,400248,1
ADDR02456,Kolkata,700323,1
ADDR02457,Bangalore,560183,1
ADDR02458,Bangalore,560487,1
ADDR02459,Mumbai,400720,1
ADDR02460,Ahmedabad,380185,1
ADDR02461,Pune,411326,1
ADDR02462,Surat,395119,1
ADDR02463,Hyderabad,500854,1
ADDR02464,Surat,395369,1
ADDR02465,Chennai,600607,1
ADDR02466,Surat,395384,1
ADDR02467,Delhi,110909,1
ADDR02468,Mumbai,400515,1
ADDR02469,Mumbai,400866,1
ADDR02470,Indore,452241,1
ADDR02471,Chennai,600908,1
ADDR02472,Bangalore,560440,1
ADDR02473,Kochi,682975,1
ADDR02474,Kolkata,700548,1
ADDR02475,Delhi,110338,1
ADDR02476,Delhi,110390,1
ADDR02477,Delhi,110178,1
ADDR02478,Hyderabad,500549,1
ADDR02479,Ahmedabad,380833,1
ADDR02480,Hyderabad,500664,1
ADDR02481,Ahmedabad,380169,1
ADDR02482,Mumbai,400988,1
ADDR02483,Lucknow,226279,1
ADDR02484,Mumbai,400790,1
ADDR02485,Bangalore,560523,1
ADDR02486,Indore,452602,1
ADDR02487,Bangalore,560736,1
ADDR02488,Indore,452492,1
ADDR02489,Bangalore,560949,1
ADDR02490,Delhi,110415,1
ADDR02491,Mumbai,400361,1
ADDR02492,Ahmedabad,380594,1
ADDR02493,Delhi,110931,1
ADDR02494,Bangalore,560358,1
ADDR02495,Lucknow,226674,1
ADDR02496,Mumbai,400952,1
ADDR02497,Pune,411492,1
ADDR02498,Pune,411870,1
ADDR02499,Kochi,682782,1
ADDR02500,Hyderabad,500704,1
ADDR02501,Kolkata,700325,1
ADDR02502,Mumbai,400503,1
ADDR02503,Hyderabad,500244,1
ADDR02504,Delhi,110231,1
ADDR02505,Chennai,600803,1
ADDR02506,Bangalore,560269,1
ADDR02507,Pune,411110,1
ADDR02508,Bangalore,560128,1
ADDR02509,Chandigarh,160645,1
ADDR02510,Chennai,600197,1
ADDR02511,Mumbai,400118,1
ADDR02512,Kochi,682624,1
ADDR02513,Bangalore,560358,1
ADDR02514,Mumbai,400979,1
ADDR02515,Indore,452222,1
ADDR02516,Mumbai,400555,1
ADDR02517,Delhi,110356,1
ADDR02518,Ahmedabad,380882,1
ADDR02519,Lucknow,226486,1
ADDR02520,Chennai,600798,1
ADDR02521,Delhi,110735,1
ADDR02522,Delhi,110205,1
ADDR02523,Kolkata,700988,1
ADDR02524,Chennai,600245,1
ADDR02525,Hyderabad,500915,1
ADDR02526,Bangalore,560224,1
ADDR02527,Ahmedabad,380419,1
ADDR02528,Mumbai,400581,1
ADDR02529,Kolkata,700423,1
ADDR02530,Pune,411494,1
ADDR02531,Bangalore,560988,1
ADDR02532,Mumbai,400828,1
ADDR02533,Kolkata,700307,1
ADDR02534,Surat,395583,1
ADDR02535,Chennai,600113,1
ADDR02536,Surat,395893,1
ADDR02537,Delhi,110458,1
ADDR02538,Delhi,110152,1
ADDR02539,Mumbai,400651,1
ADDR02540,Kochi,682155,1
ADDR02541,Bangalore,560354,1
ADDR02542,Pune,411151,1
ADDR02543,Delhi,110197,1
ADDR02544,Delhi,110882,1
ADDR02545,Bangalore,560342,1
ADDR02546,Bangalore,560873,1
ADDR02547,Jaipur,302253,1
ADDR02548,Pune,411432,1
ADDR02549,Jaipur,302468,1
ADDR02550,Mumbai,400277,1
ADDR02551,Pune,411200,1
ADDR02552,Lucknow,226307,1
ADDR02553,Delhi,110714,1
ADDR02554,Kochi,682709,1
ADDR02555,Pune,411246,1
ADDR02556,Mumbai,400796,1
ADDR02557,Ahmedabad,380599,1
ADDR02558,Jaipur,302246,1
ADDR02559,Mumbai,400657,1
ADDR02560,Hyderabad,500545,1
ADDR02561,Jaipur,302217,1
ADDR02562,Kolkata,700822,1
ADDR02563,Jaipur,302187,1
ADDR02564,Kolkata,700575,1
ADDR02565,Chennai,600761,1
ADDR02566,Delhi,110480,1
ADDR02567,Mumbai,400943,1
ADDR02568,Jaipur,302255,1
ADDR02569,Bangalore,560989,1
ADDR02570,Delhi,110505,1
ADDR02571,Surat,395366,1
ADDR02572,Mumbai,400218,1
ADDR02573,Bangalore,560440,1
ADDR02574,Indore,452604,1
ADDR02575,Chennai,600476,1
ADDR02576,Bangalore,560772,1
ADDR02577,Jaipur,302586,1
ADDR02578,Bangalore,560158,1
ADDR02579,Kochi,682410,1
ADDR02580,Delhi,110580,1
ADDR02581,Delhi,110513,1
ADDR02582,Delhi,110158,1
ADDR02583,Hyderabad,500732,1
ADDR02584,Kolkata,700117,1
ADDR02585,Delhi,110491,1
ADDR02586,Ahmedabad,380987,1
ADDR02587,Indore,452117,1
ADDR02588,Chennai,600633,1
ADDR02589,Hyderabad,500874,1
ADDR02590,Mumbai,400716,1
ADDR02591,Kolkata,700228,1
ADDR02592,Pune,411862,1
ADDR02593,Chandigarh,160182,1
ADDR02594,Pune,411128,1
ADDR02595,Pune,411749,1
ADDR02596,Hyderabad,500942,1
ADDR02597,Mumbai,400764,1
ADDR02598,Hyderabad,500412,1
ADDR02599,Chennai,600802,1
ADDR02600,Bangalore,560904,1
ADDR02601,Chennai,600254,1
ADDR02602,Chennai,600648,1
ADDR02603,Indore,452417,1
ADDR02604,Mumbai,400188,1
ADDR02605,Mumbai,400780,1
ADDR02606,Mumbai,400492,1
ADDR02607,Ahmedabad,380231,1
ADDR02608,Hyderabad,500905,1
ADDR02609,Kolkata,700602,1
ADDR02610,Bangalore,560887,1
ADDR02611,Lucknow,226408,1
ADDR02612,Delhi,110175,1
ADDR02613,Chennai,600477,1
ADDR02614,Delhi,110211,1
ADDR02615,Kochi,682416,1
ADDR02616,Mumbai,400220,1
ADDR02617,Mumbai,400403,1
ADDR02618,Pune,411815,1
ADDR02619,Chandigarh,160620,1
ADDR02620,Bangalore,560980,1
ADDR02621,Chennai,600431,1
ADDR02622,Chandigarh,160449,1
ADDR02623,Indore,452636,1
ADDR02624,Kochi,682255,1
ADDR02625,Pune,411750,1
ADDR02626,Pune,411585,1
ADDR02627,Kochi,682167,1
ADDR02628,Pune,411626,1
ADDR02629,Delhi,110745,1
ADDR02630,Chennai,600849,1
ADDR02631,Jaipur,302562,1
ADDR02632,Mumbai,400354,1
ADDR02633,Delhi,110399,1
ADDR02634,Bangalore,560875,1
ADDR02635,Bangalore,560198,1
ADDR02636,Pune,411129,1
ADDR02637,Hyderabad,500750,1
ADDR02638,Chennai,600593,1
ADDR02639,Kochi,682531,1
ADDR02640,Jaipur,302728,1
ADDR02641,Jaipur,302616,1
ADDR02642,Jaipur,302670,1
ADDR02643,Delhi,110910,1
ADDR02644,Hyderabad,500704,1
ADDR02645,Mumbai,400917,1
ADDR02646,Hyderabad,500572,1
ADDR02647,Hyderabad,500319,1
ADDR02648,Delhi,110404,1
ADDR02649,Bangalore,560934,1
ADDR02650,Kochi,682640,1
ADDR02651,Mumbai,400655,1
ADDR02652,Chennai,600987,1
ADDR02653,Mumbai,400315,1
ADDR02654,Kochi,682877,1
ADDR02655,Bangalore,560255,1
ADDR02656,Delhi,110123,1
ADDR02657,Jaipur,302790,1
ADDR02658,Pune,411618,1
ADDR02659,Delhi,110692,1
ADDR02660,Bangalore,560280,1
ADDR02661,Chennai,600182,1
ADDR02662,Bangalore,560538,1
ADDR02663,Chennai,600292,1
ADDR02664,Ahmedabad,380448,1
ADDR02665,Mumbai,400222,1
ADDR02666,Hyderabad,500532,1
ADDR02667,Lucknow,226629,1
ADDR02668,Mumbai,400180,1
ADDR02669,Delhi,110919,1
ADDR02670,Surat,395166,1
ADDR02671,Delhi,110978,1
ADDR02672,Bangalore,560278,1
ADDR02673,Kolkata,700696,1
ADDR02674,Kolkata,700264,1
ADDR02675,Mumbai,400899,1
ADDR02676,Delhi,110921,1
ADDR02677,Chennai,600698,1
ADDR02678,Jaipur,302268,1
ADDR02679,Pune,411429,1
ADDR02680,Kolkata,700592,1
ADDR02681,Delhi,110427,1
ADDR02682,Kolkata,700602,1
ADDR02683,Hyderabad,500742,1
ADDR02684,Delhi,110394,1
ADDR02685,Chennai,600533,1
ADDR02686,Delhi,110620,1
ADDR02687,Mumbai,400615,1
ADDR02688,Bangalore,560701,1
ADDR02689,Delhi,110766,1
ADDR02690,Mumbai,400643,1
ADDR02691,Jaipur,302674,1
ADDR02692,Bangalore,560207,1
ADDR02693,Mumbai,400722,1
ADDR02694,Kochi,682771,1
ADDR02695,Delhi,110403,1
ADDR02696,Pune,411514,1
ADDR02697,Pune,411493,1
ADDR02698,Jaipur,302464,1
ADDR02699,Delhi,110528,1
ADDR02700,Jaipur,302929,1
ADDR02701,Pune,411322,1
ADDR02702,Mumbai,400538,1
ADDR02703,Pune,411556,1
ADDR02704,Mumbai,400734,1
ADDR02705,Jaipur,302721,1
ADDR02706,Mumbai,400169,1
ADDR02707,Bangalore,560502,1
ADDR02708,Delhi,110126,1
ADDR02709,Chennai,600791,1
ADDR02710,Jaipur,302419,1
ADDR02711,Delhi,110225,1
ADDR02712,Bangalore,560818,1
ADDR02713,Delhi,110765,1
ADDR02714,Mumbai,400422,1
ADDR02715,Bangalore,560799,1
ADDR02716,Bangalore,560469,1
ADDR02717,Jaipur,302189,1
ADDR02718,Delhi,110909,1
ADDR02719,Pune,411876,1
ADDR02720,Pune,411185,1
ADDR02721,Hyderabad,500493,1
ADDR02722,Chandigarh,160175,1
ADDR02723,Chandigarh,160950,1
ADDR02724,Pune,411282,1
ADDR02725,Lucknow,226377,1
ADDR02726,Lucknow,226122,1
ADDR02727,Hyderabad,500705,1
ADDR02728,Mumbai,400151,1
ADDR02729,Delhi,110140,1
ADDR02730,Delhi,110506,1
ADDR02731,Delhi,110440,1
ADDR02732,Mumbai,400641,1
ADDR02733,Mumbai,400360,1
ADDR02734,Kolkata,700796,1
ADDR02735,Delhi,110572,1
ADDR02736,Delhi,110840,1
ADDR02737,Jaipur,302443,1
ADDR02738,Bangalore,560793,1
ADDR02739,Indore,452345,1
ADDR02740,Mumbai,400256,1
ADDR02741,Chennai,600940,1
ADDR02742,Hyderabad,500380,1
ADDR02743,Mumbai,400336,1
ADDR02744,Delhi,110320,1
ADDR02745,Chennai,600310,1
ADDR02746,Chennai,600943,1
ADDR02747,Hyderabad,500594,1
ADDR02748,Hyderabad,500914,1
ADDR02749,Kolkata,700704,1
ADDR02750,Bangalore,560926,1
ADDR02751,Chennai,600601,1
ADDR02752,Ahmedabad,380451,1
ADDR02753,Kolkata,700993,1
ADDR02754,Delhi,110855,1
ADDR02755,Mumbai,400810,1
ADDR02756,Jaipur,302512,1
ADDR02757,Jaipur,302766,1
ADDR02758,Jaipur,302781,1
ADDR02759,Ahmedabad,380893,1
ADDR02760,Ahmedabad,380179,1
ADDR02761,Mumbai,400502,1
ADDR02762,Bangalore,560229,1
ADDR02763,Bangalore,560132,1
ADDR02764,Bangalore,560145,1
ADDR02765,Hyderabad,500232,1
ADDR02766,Delhi,110466,1
ADDR02767,Jaipur,302368,1
ADDR02768,Lucknow,226805,1
ADDR02769,Delhi,110168,1
ADDR02770,Bangalore,560787,1
ADDR02771,Jaipur,302850,1
ADDR02772,Delhi,110355,1
ADDR02773,Lucknow,226838,1
ADDR02774,Jaipur,302676,1
ADDR02775,Kochi,682628,1
ADDR02776,Mumbai,400228,1
ADDR02777,Ahmedabad,380995,1
ADDR02778,Delhi,110151,1
ADDR02779,Kolkata,700870,1
ADDR02780,Delhi,110658,1
ADDR02781,Mumbai,400185,1
ADDR02782,Indore,452529,1
ADDR02783,Bangalore,560928,1
ADDR02784,Kochi,682809,1
ADDR02785,Bangalore,560402,1
ADDR02786,Mumbai,400302,1
ADDR02787,Delhi,110201,1
ADDR02788,Delhi,110702,1
ADDR02789,Kochi,682282,1
ADDR02790,Kolkata,700962,1
ADDR02791,Ahmedabad,380188,1
ADDR02792,Ahmedabad,380384,1
ADDR02793,Chandigarh,160229,1
ADDR02794,Pune,411288,1
ADDR02795,Mumbai,400837,1
ADDR02796,Delhi,110264,1
ADDR02797,Jaipur,302640,1
ADDR02798,Surat,395969,1
ADDR02799,Mumbai,400192,1
ADDR02800,Hyderabad,500308,1
ADDR02801,Delhi,110293,1
ADDR02802,Mumbai,400729,1
ADDR02803,Mumbai,400839,1
ADDR02804,Surat,395810,1
ADDR02805,Mumbai,400228,1
ADDR02806,Surat,395613,1
ADDR02807,Surat,395456,1
ADDR02808,Chennai,600856,1
ADDR02809,Indore,452995,1
ADDR02810,Kochi,682960,1
ADDR02811,Ahmedabad,380995,1
ADDR02812,Bangalore,560912,1
ADDR02813,Delhi,110240,1
ADDR02814,Mumbai,400899,1
ADDR02815,Bangalore,560654,1
ADDR02816,Ahmedabad,380828,1
ADDR02817,Bangalore,560255,1
ADDR02818,Delhi,110381,1
ADDR02819,Bangalore,560637,1
ADDR02820,Bangalore,560767,1
ADDR02821,Surat,395646,1
ADDR02822,Hyderabad,500853,1
ADDR02823,Mumbai,400870,1
ADDR02824,Chandigarh,160848,1
ADDR02825,Mumbai,400370,1
ADDR02826,Mumbai,400266,1
ADDR02827,Chennai,600768,1
ADDR02828,Kochi,682331,1
ADDR02829,Bangalore,560517,1
ADDR02830,Chennai,600824,1
ADDR02831,Jaipur,302802,1
ADDR02832,Hyderabad,500827,1
ADDR02833,Pune,411329,1
ADDR02834,Mumbai,400535,1
ADDR02835,Delhi,110950,1
ADDR02836,Jaipur,302693,1
ADDR02837,Bangalore,560945,1
ADDR02838,Delhi,110555,1
ADDR02839,Chandigarh,160782,1
ADDR02840,Kochi,682369,1
ADDR02841,Delhi,110646,1
ADDR02842,Delhi,110177,1
ADDR02843,Delhi,110427,1
ADDR02844,Bangalore,560520,1
ADDR02845,Jaipur,302948,1
ADDR02846,Mumbai,400561,1
ADDR02847,Pune,411684,1
ADDR02848,Delhi,110137,1
ADDR02849,Pune,411525,1
ADDR02850,Bangalore,560533,1
ADDR02851,Indore,452304,1
ADDR02852,Ahmedabad,380280,1
ADDR02853,Chennai,600940,1
ADDR02854,Mumbai,400256,1
ADDR02855,Mumbai,400741,1
ADDR02856,Chennai,600786,1
ADDR02857,Bangalore,560201,1
ADDR02858,Bangalore,560188,1
ADDR02859,Kolkata,700409,1
ADDR02860,Kochi,682258,1
ADDR02861,Kolkata,700262,1
ADDR02862,Chandigarh,160154,1
ADDR02863,Mumbai,400657,1
ADDR02864,Jaipur,302900,1
ADDR02865,Kolkata,700547,1
ADDR02866,Chennai,600690,1
ADDR02867,Indore,452191,1
ADDR02868,Pune,411385,1
ADDR02869,Ahmedabad,380201,1
ADDR02870,Pune,411239,1
ADDR02871,Jaipur,302851,1
ADDR02872,Lucknow,226672,1
ADDR02873,Bangalore,560115,1
ADDR02874,Ahmedabad,380435,1
ADDR02875,Bangalore,560269,1
ADDR02876,Pune,411141,1
ADDR02877,Bangalore,560529,1
ADDR02878,Chennai,600876,1
ADDR02879,Ahmedabad,380613,1
ADDR02880,Jaipur,302309,1
ADDR02881,Chennai,600317,1
ADDR02882,Ahmedabad,380377,1
ADDR02883,Lucknow,226229,1
ADDR02884,Kolkata,700771,1
ADDR02885,Delhi,110458,1
ADDR02886,Jaipur,302698,1
ADDR02887,Ahmedabad,380253,1
ADDR02888,Bangalore,560917,1
ADDR02889,Pune,411899,1
ADDR02890,Delhi,110196,1
ADDR02891,Bangalore,560800,1
ADDR02892,Kochi,682698,1
ADDR02893,Delhi,110991,1
ADDR02894,Pune,411225,1
ADDR02895,Chandigarh,160642,1
ADDR02896,Chandigarh,160843,1
ADDR02897,Hyderabad,500415,1
ADDR02898,Jaipur,302151,1
ADDR02899,Bangalore,560598,1
ADDR02900,Chennai,600509,1
ADDR02901,Bangalore,560660,1
ADDR02902,Delhi,110470,1
ADDR02903,Jaipur,302391,1
ADDR02904,Pune,411318,1
ADDR02905,Hyderabad,500618,1
ADDR02906,Surat,395449,1
ADDR02907,Chandigarh,160977,1
ADDR02908,Mumbai,400684,1
ADDR02909,Bangalore,560800,1
ADDR02910,Chandigarh,160574,1
ADDR02911,Hyderabad,500949,1
ADDR02912,Lucknow,226322,1
ADDR02913,Pune,411174,1
ADDR02914,Pune,411578,1
ADDR02915,Surat,395486,1
ADDR02916,Chennai,600408,1
ADDR02917,Delhi,110800,1
ADDR02918,Hyderabad,500997,1
ADDR02919,Mumbai,400154,1
ADDR02920,Hyderabad,500404,1
ADDR02921,Bangalore,560874,1
ADDR02922,Delhi,110307,1
ADDR02923,Mumbai,400671,1
ADDR02924,Delhi,110898,1
ADDR02925,Mumbai,400761,1
ADDR02926,Mumbai,400771,1
ADDR02927,Jaipur,302598,1
ADDR02928,Chennai,600399,1
ADDR02929,Chennai,600346,1
ADDR02930,Pune,411398,1
ADDR02931,Chandigarh,160322,1
ADDR02932,Indore,452664,1
ADDR02933,Chennai,600585,1
ADDR02934,Chennai,600953,1
ADDR02935,Lucknow,226237,1
ADDR02936,Mumbai,400749,1
ADDR02937,Pune,411309,1
ADDR02938,Kolkata,700910,1
ADDR02939,Chennai,600974,1
ADDR02940,Delhi,110495,1
ADDR02941,Mumbai,400223,1
ADDR02942,Lucknow,226457,1
ADDR02943,Hyderabad,500445,1
ADDR02944,Delhi,110877,1
ADDR02945,Chandigarh,160932,1
ADDR02946,Delhi,110427,1
ADDR02947,Mumbai,400526,1
ADDR02948,Delhi,110700,1
ADDR02949,Chennai,600861,1
ADDR02950,Mumbai,400416,1
ADDR02951,Hyderabad,500838,1
ADDR02952,Ahmedabad,380676,1
ADDR02953,Mumbai,400470,1
ADDR02954,Hyderabad,500654,1
ADDR02955,Delhi,110125,1
ADDR02956,Bangalore,560844,1
ADDR02957,Bangalore,560982,1
ADDR02958,Kochi,682687,1
ADDR02959,Chennai,600954,1
ADDR02960,Kochi,682108,1
ADDR02961,Kochi,682621,1
ADDR02962,Lucknow,226877,1
ADDR02963,Hyderabad,500301,1
ADDR02964,Bangalore,560801,1
ADDR02965,Delhi,110268,1
ADDR02966,Chennai,600659,1
ADDR02967,Mumbai,400307,1
ADDR02968,Mumbai,400216,1
ADDR02969,Chennai,600966,1
ADDR02970,Pune,411856,1
ADDR02971,Hyderabad,500524,1
ADDR02972,Bangalore,560304,1
ADDR02973,Surat,395189,1
ADDR02974,Delhi,110289,1
ADDR02975,Bangalore,560862,1
ADDR02976,Mumbai,400708,1
ADDR02977,Hyderabad,500106,1
ADDR02978,Delhi,110367,1
ADDR02979,Mumbai,400612,1
ADDR02980,Kochi,682363,1
ADDR02981,Ahmedabad,380686,1
ADDR02982,Indore,452360,1
ADDR02983,Delhi,110440,1
ADDR02984,Delhi,110456,1
ADDR02985,Kolkata,700933,1
ADDR02986,Mumbai,400146,1
ADDR02987,Ahmedabad,380447,1
ADDR02988,Delhi,110395,1
ADDR02989,Pune,411494,1
ADDR02990,Jaipur,302702,1
ADDR02991,Ahmedabad,380632,1
ADDR02992,Delhi,110113,1
ADDR02993,Kolkata,700988,1
ADDR02994,Chandigarh,160544,1
ADDR02995,Mumbai,400596,1
ADDR02996,Mumbai,400679,1
ADDR02997,Indore,452770,1
ADDR02998,Indore,452906,1
ADDR02999,Pune,411447,1
ADDR03000,Chandigarh,160629,1
ADDR03001,Delhi,110570,1
ADDR03002,Mumbai,400362,1
ADDR03003,Chandigarh,160245,1
ADDR03004,Kochi,682608,1
ADDR03005,Delhi,110663,1
ADDR03006,Pune,411206,1
ADDR03007,Surat,395357,1
ADDR03008,Kolkata,700524,1
ADDR03009,Hyderabad,500124,1
ADDR03010,Ahmedabad,380102,1
ADDR03011,Chennai,600468,1
ADDR03012,Chennai,600445,1
ADDR03013,Delhi,110143,1
ADDR03014,Lucknow,226252,1
ADDR03015,Hyderabad,500563,1
ADDR03016,Mumbai,400326,1
ADDR03017,Chandigarh,160568,1
ADDR03018,Jaipur,302429,1
ADDR03019,Delhi,110110,1
ADDR03020,Delhi,110836,1
ADDR03021,Pune,411839,1
ADDR03022,Mumbai,400621,1
ADDR03023,Jaipur,302818,1
ADDR03024,Mumbai,400740,1
ADDR03025,Delhi,110498,1
ADDR03026,Chennai,600502,1
ADDR03027,Hyderabad,500188,1
ADDR03028,Delhi,110285,1
ADDR03029,Bangalore,560994,1
ADDR03030,Kochi,682740,1
ADDR03031,Kolkata,700101,1
ADDR03032,Delhi,110165,1
ADDR03033,Delhi,110529,1
ADDR03034,Pune,411331,1
ADDR03035,Chennai,600787,1
ADDR03036,Delhi,110809,1
ADDR03037,Ahmedabad,380569,1
ADDR03038,Hyderabad,500173,1
ADDR03039,Mumbai,400125,1
ADDR03040,Mumbai,400342,1
ADDR03041,Lucknow,226422,1
ADDR03042,Mumbai,400725,1
ADDR03043,Chandigarh,160479,1
ADDR03044,Surat,395623,1
ADDR03045,Mumbai,400353,1
ADDR03046,Lucknow,226348,1
ADDR03047,Delhi,110605,1
ADDR03048,Hyderabad,500969,1
ADDR03049,Kolkata,700159,1
ADDR03050,Delhi,110441,1
ADDR03051,Delhi,110301,1
ADDR03052,Hyderabad,500866,1
ADDR03053,Hyderabad,500264,1
ADDR03054,Bangalore,560962,1
ADDR03055,Delhi,110383,1
ADDR03056,Chennai,600696,1
ADDR03057,Bangalore,560735,1
ADDR03058,Pune,411516,1
ADDR03059,Kolkata,700658,1
ADDR03060,Delhi,110767,1
ADDR03061,Delhi,110581,1
ADDR03062,Kolkata,700218,1
ADDR03063,Kolkata,700402,1
ADDR03064,Mumbai,400880,1
ADDR03065,Hyderabad,500618,1
ADDR03066,Jaipur,302541,1
ADDR03067,Hyderabad,500357,1
ADDR03068,Bangalore,560813,1
ADDR03069,Pune,411696,1
ADDR03070,Jaipur,302526,1
ADDR03071,Surat,395587,1
ADDR03072,Delhi,110591,1
ADDR03073,Kolkata,700288,1
ADDR03074,Chennai,600279,1
ADDR03075,Kolkata,700960,1
ADDR03076,Bangalore,560204,1
ADDR03077,Kolkata,700428,1
ADDR03078,Pune,411772,1
ADDR03079,Jaipur,302177,1
ADDR03080,Delhi,110224,1
ADDR03081,Mumbai,400506,1
ADDR03082,Hyderabad,500306,1
ADDR03083,Bangalore,560481,1
ADDR03084,Ahmedabad,380307,1
ADDR03085,Bangalore,560501,1
ADDR03086,Kolkata,700221,1
ADDR03087,Mumbai,400890,1
ADDR03088,Hyderabad,500171,1
ADDR03089,Kolkata,700320,1
ADDR03090,Delhi,110310,1
ADDR03091,Ahmedabad,380552,1
ADDR03092,Ahmedabad,380767,1
ADDR03093,Mumbai,400760,1
ADDR03094,Kolkata,700589,1
ADDR03095,Mumbai,400801,1
ADDR03096,Mumbai,400676,1
ADDR03097,Pune,411744,1
ADDR03098,Chennai,600309,1
ADDR03099,Chennai,600271,1
ADDR03100,Kolkata,700325,1
ADDR03101,Jaipur,302790,1
ADDR03102,Bangalore,560828,1
ADDR03103,Mumbai,400397,1
ADDR03104,Kolkata,700678,1
ADDR03105,Mumbai,400723,1
ADDR03106,Kolkata,700979,1
ADDR03107,Delhi,110378,1
ADDR03108,Delhi,110370,1
ADDR03109,Kolkata,700226,1
ADDR03110,Pune,411859,1
ADDR03111,Bangalore,560647,1
ADDR03112,Jaipur,302871,1
ADDR03113,Indore,452524,1
ADDR03114,Delhi,110522,1
ADDR03115,Delhi,110822,1
ADDR03116,Kolkata,700201,1
ADDR03117,Ahmedabad,380679,1
ADDR03118,Kolkata,700833,1
ADDR03119,Bangalore,560885,1
ADDR03120,Mumbai,400167,1
ADDR03121,Delhi,110844,1
ADDR03122,Delhi,110197,1
ADDR03123,Bangalore,560603,1
ADDR03124,Mumbai,400526,1
ADDR03125,Ahmedabad,380686,1
ADDR03126,Chennai,600327,1
ADDR03127,Hyderabad,500337,1
ADDR03128,Bangalore,560486,1
ADDR03129,Indore,452407,1
ADDR03130,Pune,411400,1
ADDR03131,Pune,411149,1
ADDR03132,Mumbai,400280,1
ADDR03133,Delhi,110602,1
ADDR03134,Surat,395345,1
ADDR03135,Chandigarh,160201,1
ADDR03136,Ahmedabad,380708,1
ADDR03137,Indore,452310,1
ADDR03138,Surat,395438,1
ADDR03139,Mumbai,400861,1
ADDR03140,Mumbai,400227,1
ADDR03141,Bangalore,560738,1
ADDR03142,Kochi,682683,1
ADDR03143,Bangalore,560413,1
ADDR03144,Mumbai,400674,1
ADDR03145,Kochi,682541,1
ADDR03146,Jaipur,302981,1
ADDR03147,Surat,395101,1
ADDR03148,Pune,411403,1
ADDR03149,Hyderabad,500813,1
ADDR03150,Hyderabad,500984,1
ADDR03151,Bangalore,560423,1
ADDR03152,Jaipur,302568,1
ADDR03153,Hyderabad,500339,1
ADDR03154,Hyderabad,500248,1
ADDR03155,Delhi,110282,1
ADDR03156,Bangalore,560624,1
ADDR03157,Mumbai,400761,1
ADDR03158,Pune,411800,1
ADDR03159,Pune,411149,1
ADDR03160,Hyderabad,500125,1
ADDR03161,Bangalore,560110,1
ADDR03162,Indore,452110,1
ADDR03163,Delhi,110871,1
ADDR03164,Hyderabad,500266,1
ADDR03165,Bangalore,560144,1
ADDR03166,Lucknow,226458,1
ADDR03167,Kolkata,700499,1
ADDR03168,Kochi,682543,1
ADDR03169,Jaipur,302883,1
ADDR03170,Kolkata,700653,1
ADDR03171,Pune,411455,1
ADDR03172,Delhi,110687,1
ADDR03173,Hyderabad,500367,1
ADDR03174,Hyderabad,500316,1
ADDR03175,Delhi,110790,1
ADDR03176,Mumbai,400569,1
ADDR03177,Ahmedabad,380912,1
ADDR03178,Hyderabad,500977,1
ADDR03179,Mumbai,400811,1
ADDR03180,Hyderabad,500804,1
ADDR03181,Delhi,110938,1
ADDR03182,Delhi,110397,1
ADDR03183,Jaipur,302943,1
ADDR03184,Delhi,110988,1
ADDR03185,Ahmedabad,380756,1
ADDR03186,Lucknow,226388,1
ADDR03187,Hyderabad,500336,1
ADDR03188,Lucknow,226425,1
ADDR03189,Kolkata,700345,1
ADDR03190,Mumbai,400986,1
ADDR03191,Mumbai,400903,1
ADDR03192,Mumbai,400339,1
ADDR03193,Bangalore,560487,1
ADDR03194,Mumbai,400747,1
ADDR03195,Delhi,110748,1
ADDR03196,Jaipur,302776,1
ADDR03197,Hyderabad,500321,1
ADDR03198,Bangalore,560471,1
ADDR03199,Pune,411319,1
ADDR03200,Bangalore,560959,1
ADDR03201,Ahmedabad,380707,1
ADDR03202,Surat,395193,1
ADDR03203,Delhi,110205,1
ADDR03204,Pune,411943,1
ADDR03205,Pune,411381,1
ADDR03206,Kochi,682638,1
ADDR03207,Mumbai,400674,1
ADDR03208,Delhi,110528,1
ADDR03209,Lucknow,226518,1
ADDR03210,Jaipur,302170,1
ADDR03211,Delhi,110864,1
ADDR03212,Indore,452189,1
ADDR03213,Delhi,110306,1
ADDR03214,Bangalore,560923,1
ADDR03215,Hyderabad,500204,1
ADDR03216,Hyderabad,500226,1
ADDR03217,Pune,411507,1
ADDR03218,Surat,395685,1
ADDR03219,Mumbai,400989,1
ADDR03220,Chandigarh,160178,1
ADDR03221,Mumbai,400282,1
ADDR03222,Mumbai,400967,1
ADDR03223,Bangalore,560320,1
ADDR03224,Hyderabad,500711,1
ADDR03225,Mumbai,400202,1
ADDR03226,Chennai,600520,1
ADDR03227,Hyderabad,500542,1
ADDR03228,Bangalore,560442,1
ADDR03229,Delhi,110426,1
ADDR03230,Pune,411655,1
ADDR03231,Mumbai,400154,1
ADDR03232,Kolkata,700170,1
ADDR03233,Kolkata,700479,1
ADDR03234,Indore,452780,1
ADDR03235,Jaipur,302360,1
ADDR03236,Lucknow,226230,1
ADDR03237,Mumbai,400253,1
ADDR03238,Jaipur,302965,1
ADDR03239,Chennai,600711,1
ADDR03240,Pune,411567,1
ADDR03241,Mumbai,400113,1
ADDR03242,Pune,411861,1
ADDR03243,Delhi,110736,1
ADDR03244,Jaipur,302614,1
ADDR03245,Surat,395327,1
ADDR03246,Mumbai,400339,1
ADDR03247,Kolkata,700771,1
ADDR03248,Hyderabad,500560,1
ADDR03249,Ahmedabad,380280,1
ADDR03250,Hyderabad,500864,1
ADDR03251,Delhi,110418,1
ADDR03252,Delhi,110831,1
ADDR03253,Delhi,110142,1
ADDR03254,Mumbai,400418,1
ADDR03255,Delhi,110784,1
ADDR03256,Jaipur,302661,1
ADDR03257,Kolkata,700953,1
ADDR03258,Kolkata,700505,1
ADDR03259,Bangalore,560997,1
ADDR03260,Bangalore,560348,1
ADDR03261,Chennai,600467,1
ADDR03262,Bangalore,560311,1
ADDR03263,Pune,411514,1
ADDR03264,Delhi,110811,1
ADDR03265,Mumbai,400488,1
ADDR03266,Lucknow,226286,1
ADDR03267,Delhi,110773,1
ADDR03268,Mumbai,400567,1
ADDR03269,Delhi,110797,1
ADDR03270,Lucknow,226416,1
ADDR03271,Mumbai,400969,1
ADDR03272,Ahmedabad,380368,1
ADDR03273,Mumbai,400323,1
ADDR03274,Surat,395929,1
ADDR03275,Chandigarh,160223,1
ADDR03276,Mumbai,400174,1
ADDR03277,Ahmedabad,380621,1
ADDR03278,Hyderabad,500586,1
ADDR03279,Chennai,600149,1
ADDR03280,Chandigarh,160553,1
ADDR03281,Hyderabad,500171,1
ADDR03282,Indore,452289,1
ADDR03283,Kolkata,700816,1
ADDR03284,Hyderabad,500835,1
ADDR03285,Pune,411662,1
ADDR03286,Hyderabad,500772,1
ADDR03287,Indore,452168,1
ADDR03288,Mumbai,400154,1
ADDR03289,Pune,411940,1
ADDR03290,Jaipur,302721,1
ADDR03291,Kolkata,700416,1
ADDR03292,Bangalore,560724,1
ADDR03293,Bangalore,560435,1
ADDR03294,Kolkata,700862,1
ADDR03295,Lucknow,226199,1
ADDR03296,Mumbai,400402,1
ADDR03297,Bangalore,560300,1
ADDR03298,Kolkata,700499,1
ADDR03299,Mumbai,400593,1
ADDR03300,Indore,452288,1
ADDR03301,Jaipur,302382,1
ADDR03302,Indore,452799,1
ADDR03303,Chandigarh,160754,1
ADDR03304,Bangalore,560340,1
ADDR03305,Jaipur,302436,1
ADDR03306,Delhi,110821,1
ADDR03307,Bangalore,560805,1
ADDR03308,Delhi,110514,1
ADDR03309,Chennai,600101,1
ADDR03310,Mumbai,400608,1
ADDR03311,Ahmedabad,380467,1
ADDR03312,Pune,411325,1
ADDR03313,Chennai,600897,1
ADDR03314,Mumbai,400113,1
ADDR03315,Chennai,600719,1
ADDR03316,Delhi,110858,1
ADDR03317,Kolkata,700283,1
ADDR03318,Surat,395544,1
ADDR03319,Hyderabad,500851,1
ADDR03320,Delhi,110946,1
ADDR03321,Delhi,110167,1
ADDR03322,Hyderabad,500937,1
ADDR03323,Mumbai,400146,1
ADDR03324,Mumbai,400123,1
ADDR03325,Hyderabad,500543,1
ADDR03326,Surat,395163,1
ADDR03327,Chandigarh,160727,1
ADDR03328,Delhi,110382,1
ADDR03329,Pune,411192,1
ADDR03330,Mumbai,400785,1
ADDR03331,Chandigarh,160987,1
ADDR03332,Delhi,110848,1
ADDR03333,Hyderabad,500921,1
ADDR03334,Ahmedabad,380439,1
ADDR03335,Bangalore,560824,1
ADDR03336,Pune,411766,1
ADDR03337,Mumbai,400647,1
ADDR03338,Mumbai,400732,1
ADDR03339,Pune,411434,1
ADDR03340,Mumbai,400371,1
ADDR03341,Mumbai,400896,1
ADDR03342,Bangalore,560529,1
ADDR03343,Pune,411426,1
ADDR03344,Hyderabad,500884,1
ADDR03345,Lucknow,226899,1
ADDR03346,Bangalore,560515,1
ADDR03347,Mumbai,400782,1
ADDR03348,Mumbai,400670,1
ADDR03349,Pune,411986,1
ADDR03350,Kolkata,700613,1
ADDR03351,Jaipur,302313,1
ADDR03352,Bangalore,560418,1
ADDR03353,Bangalore,560288,1
ADDR03354,Delhi,110903,1
ADDR03355,Chandigarh,160629,1
ADDR03356,Mumbai,400569,1
ADDR03357,Ahmedabad,380404,1
ADDR03358,Delhi,110290,1
ADDR03359,Kolkata,700653,1
ADDR03360,Bangalore,560560,1
ADDR03361,Chennai,600944,1
ADDR03362,Delhi,110182,1
ADDR03363,Mumbai,400716,1
ADDR03364,Hyderabad,500307,1
ADDR03365,Indore,452543,1
ADDR03366,Hyderabad,500952,1
ADDR03367,Chandigarh,160750,1
ADDR03368,Hyderabad,500603,1
ADDR03369,Delhi,110977,1
ADDR03370,Chandigarh,160850,1
ADDR03371,Chennai,600308,1
ADDR03372,Delhi,110842,1
ADDR03373,Mumbai,400642,1
ADDR03374,Hyderabad,500223,1
ADDR03375,Delhi,110747,1
ADDR03376,Ahmedabad,380199,1
ADDR03377,Delhi,110400,1
ADDR03378,Delhi,110981,1
ADDR03379,Ahmedabad,380297,1
ADDR03380,Indore,452480,1
ADDR03381,Chennai,600282,1
ADDR03382,Kolkata,700437,1
ADDR03383,Chennai,600399,1
ADDR03384,Pune,411859,1
ADDR03385,Kolkata,700788,1
ADDR03386,Pune,411273,1
ADDR03387,Indore,452829,1
ADDR03388,Kolkata,700187,1
ADDR03389,Lucknow,226177,1
ADDR03390,Surat,395675,1
ADDR03391,Delhi,110182,1
ADDR03392,Bangalore,560592,1
ADDR03393,Ahmedabad,380828,1
ADDR03394,Delhi,110756,1
ADDR03395,Bangalore,560550,1
ADDR03396,Hyderabad,500387,1
ADDR03397,Surat,395324,1
ADDR03398,Mumbai,400313,1
ADDR03399,Mumbai,400265,1
ADDR03400,Jaipur,302928,1
ADDR03401,Lucknow,226675,1
ADDR03402,Bangalore,560388,1
ADDR03403,Kolkata,700225,1
ADDR03404,Bangalore,560672,1
ADDR03405,Bangalore,560373,1
ADDR03406,Pune,411623,1
ADDR03407,Chennai,600375,1
ADDR03408,Pune,411554,1
ADDR03409,Mumbai,400196,1
ADDR03410,Mumbai,400899,1
ADDR03411,Delhi,110304,1
ADDR03412,Bangalore,560724,1
ADDR03413,Mumbai,400230,1
ADDR03414,Pune,411983,1
ADDR03415,Pune,411145,1
ADDR03416,Jaipur,302979,1
ADDR03417,Ahmedabad,380221,1
ADDR03418,Delhi,110306,1
ADDR03419,Pune,411665,1
ADDR03420,Jaipur,302147,1
ADDR03421,Mumbai,400607,1
ADDR03422,Kolkata,700560,1
ADDR03423,Delhi,110301,1
ADDR03424,Indore,452550,1
ADDR03425,Bangalore,560764,1
ADDR03426,Kolkata,700792,1
ADDR03427,Mumbai,400556,1
ADDR03428,Pune,411589,1
ADDR03429,Mumbai,400911,1
ADDR03430,Bangalore,560449,1
ADDR03431,Mumbai,400551,1
ADDR03432,Delhi,110208,1
ADDR03433,Delhi,110676,1
ADDR03434,Ahmedabad,380187,1
ADDR03435,Lucknow,226361,1
ADDR03436,Bangalore,560470,1
ADDR03437,Lucknow,226197,1
ADDR03438,Pune,411571,1
ADDR03439,Pune,411130,1
ADDR03440,Ahmedabad,380481,1
ADDR03441,Pune,411759,1
ADDR03442,Kolkata,700800,1
ADDR03443,Bangalore,560975,1
ADDR03444,Lucknow,226408,1
ADDR03445,Bangalore,560732,1
ADDR03446,Mumbai,400234,1
ADDR03447,Delhi,110782,1
ADDR03448,Mumbai,400853,1
ADDR03449,Hyderabad,500481,1
ADDR03450,Chennai,600208,1
ADDR03451,Hyderabad,500897,1
ADDR03452,Delhi,110897,1
ADDR03453,Delhi,110275,1
ADDR03454,Pune,411264,1
ADDR03455,Pune,411863,1
ADDR03456,Surat,395866,1
ADDR03457,Bangalore,560862,1
ADDR03458,Kolkata,700210,1
ADDR03459,Delhi,110786,1
ADDR03460,Pune,411958,1
ADDR03461,Pune,411762,1
ADDR03462,Mumbai,400682,1
ADDR03463,Hyderabad,500554,1
ADDR03464,Bangalore,560920,1
ADDR03465,Lucknow,226429,1
ADDR03466,Delhi,110453,1
ADDR03467,Kolkata,700405,1
ADDR03468,Delhi,110578,1
ADDR03469,Chennai,600163,1
ADDR03470,Chennai,600105,1
ADDR03471,Ahmedabad,380267,1
ADDR03472,Delhi,110272,1
ADDR03473,Kochi,682325,1
ADDR03474,Delhi,110228,1
ADDR03475,Jaipur,302992,1
ADDR03476,Pune,411309,1
ADDR03477,Chennai,600849,1
ADDR03478,Mumbai,400281,1
ADDR03479,Chennai,600665,1
ADDR03480,Pune,411243,1
ADDR03481,Delhi,110914,1
ADDR03482,Delhi,110772,1
ADDR03483,Chennai,600872,1
ADDR03484,Bangalore,560978,1
ADDR03485,Jaipur,302342,1
ADDR03486,Kolkata,700353,1
ADDR03487,Delhi,110574,1
ADDR03488,Ahmedabad,380293,1
ADDR03489,Jaipur,302692,1
ADDR03490,Chandigarh,160586,1
ADDR03491,Hyderabad,500435,1
ADDR03492,Mumbai,400815,1
ADDR03493,Mumbai,400595,1
ADDR03494,Pune,411618,1
ADDR03495,Chennai,600882,1
ADDR03496,Chennai,600930,1
ADDR03497,Pune,411786,1
ADDR03498,Bangalore,560869,1
ADDR03499,Lucknow,226662,1
ADDR03500,Ahmedabad,380979,1
ADDR03501,Kolkata,700858,1
ADDR03502,Mumbai,400457,1
ADDR03503,Mumbai,400853,1
ADDR03504,Kolkata,700264,1
ADDR03505,Mumbai,400419,1
ADDR03506,Bangalore,560896,1
ADDR03507,Delhi,110125,1
ADDR03508,Hyderabad,500175,1
ADDR03509,Jaipur,302590,1
ADDR03510,Bangalore,560986,1
ADDR03511,Mumbai,400598,1
ADDR03512,Bangalore,560856,1
ADDR03513,Indore,452779,1
ADDR03514,Mumbai,400617,1
ADDR03515,Kolkata,700190,1
ADDR03516,Delhi,110571,1
ADDR03517,Bangalore,560601,1
ADDR03518,Kochi,682106,1
ADDR03519,Indore,452966,1
ADDR03520,Mumbai,400430,1
ADDR03521,Chennai,600263,1
ADDR03522,Ahmedabad,380100,1
ADDR03523,Pune,411678,1
ADDR03524,Bangalore,560561,1
ADDR03525,Surat,395426,1
ADDR03526,Lucknow,226467,1
ADDR03527,Bangalore,560822,1
ADDR03528,Delhi,110162,1
ADDR03529,Chennai,600629,1
ADDR03530,Hyderabad,500512,1
ADDR03531,Ahmedabad,380732,1
ADDR03532,Chandigarh,160147,1
ADDR03533,Ahmedabad,380975,1
ADDR03534,Hyderabad,500847,1
ADDR03535,Lucknow,226539,1
ADDR03536,Hyderabad,500383,1
ADDR03537,Hyderabad,500444,1
ADDR03538,Indore,452363,1
ADDR03539,Chennai,600202,1
ADDR03540,Chennai,600122,1
ADDR03541,Hyderabad,500628,1
ADDR03542,Delhi,110550,1
ADDR03543,Chennai,600384,1
ADDR03544,Surat,395689,1
ADDR03545,Hyderabad,500211,1
ADDR03546,Kolkata,700448,1
ADDR03547,Delhi,110991,1
ADDR03548,Mumbai,400728,1
ADDR03549,Kolkata,700911,1
ADDR03550,Mumbai,400581,1
ADDR03551,Ahmedabad,380725,1
ADDR03552,Lucknow,226340,1
ADDR03553,Delhi,110153,1
ADDR03554,Chennai,600208,1
ADDR03555,Delhi,110774,1
ADDR03556,Jaipur,302936,1
ADDR03557,Chennai,600127,1
ADDR03558,Hyderabad,500408,1
ADDR03559,Bangalore,560765,1
ADDR03560,Hyderabad,500317,1
ADDR03561,Kochi,682186,1
ADDR03562,Hyderabad,500766,1
ADDR03563,Ahmedabad,380594,1
ADDR03564,Lucknow,226841,1
ADDR03565,Mumbai,400732,1
ADDR03566,Chennai,600430,1
ADDR03567,Hyderabad,500290,1
ADDR03568,Ahmedabad,380100,1
ADDR03569,Pune,411189,1
ADDR03570,Chennai,600855,1
ADDR03571,Mumbai,400172,1
ADDR03572,Mumbai,400168,1
ADDR03573,Indore,452399,1
ADDR03574,Delhi,110305,1
ADDR03575,Jaipur,302850,1
ADDR03576,Lucknow,226679,1
ADDR03577,Hyderabad,500396,1
ADDR03578,Kochi,682628,1
ADDR03579,Lucknow,226922,1
ADDR03580,Indore,452547,1
ADDR03581,Chennai,600462,1
ADDR03582,Hyderabad,500795,1
ADDR03583,Jaipur,302824,1
ADDR03584,Pune,411252,1
ADDR03585,Bangalore,560418,1
ADDR03586,Kolkata,700625,1
ADDR03587,Mumbai,400109,1
ADDR03588,Mumbai,400246,1
ADDR03589,Jaipur,302544,1
ADDR03590,Pune,411932,1
ADDR03591,Bangalore,560328,1
ADDR03592,Chennai,600418,1
ADDR03593,Delhi,110729,1
ADDR03594,Bangalore,560434,1
ADDR03595,Pune,411120,1
ADDR03596,Delhi,110859,1
ADDR03597,Mumbai,400777,1
ADDR03598,Kochi,682866,1
ADDR03599,Chandigarh,160891,1
ADDR03600,Delhi,110976,1
ADDR03601,Chandigarh,160198,1
ADDR03602,Hyderabad,500102,1
ADDR03603,Lucknow,226534,1
ADDR03604,Hyderabad,500318,1
ADDR03605,Delhi,110595,1
ADDR03606,Kochi,682699,1
ADDR03607,Lucknow,226834,1
ADDR03608,Pune,411306,1
ADDR03609,Hyderabad,500838,1
ADDR03610,Surat,395795,1
ADDR03611,Hyderabad,500655,1
ADDR03612,Chennai,600349,1
ADDR03613,Lucknow,226238,1
ADDR03614,Bangalore,560330,1
ADDR03615,Chennai,600111,1
ADDR03616,Hyderabad,500587,1
ADDR03617,Bangalore,560124,1
ADDR03618,Mumbai,400764,1
ADDR03619,Jaipur,302159,1
ADDR03620,Chandigarh,160687,1
ADDR03621,Hyderabad,500819,1
ADDR03622,Delhi,110791,1
ADDR03623,Indore,452342,1
ADDR03624,Ahmedabad,380356,1
ADDR03625,Hyderabad,500615,1
ADDR03626,Bangalore,560129,1
ADDR03627,Chandigarh,160735,1
ADDR03628,Jaipur,302139,1
ADDR03629,Delhi,110258,1
ADDR03630,Mumbai,400680,1
ADDR03631,Lucknow,226327,1
ADDR03632,Delhi,110719,1
ADDR03633,Jaipur,302454,1
ADDR03634,Chennai,600759,1
ADDR03635,Mumbai,400351,1
ADDR03636,Mumbai,400800,1
ADDR03637,Chennai,600577,1
ADDR03638,Kolkata,700432,1
ADDR03639,Chennai,600641,1
ADDR03640,Delhi,110272,1
ADDR03641,Jaipur,302575,1
ADDR03642,Bangalore,560416,1
ADDR03643,Lucknow,226224,1
ADDR03644,Kochi,682626,1
ADDR03645,Pune,411953,1
ADDR03646,Chennai,600635,1
ADDR03647,Delhi,110657,1
ADDR03648,Mumbai,400799,1
ADDR03649,Mumbai,400614,1
ADDR03650,Pune,411500,1
ADDR03651,Delhi,110536,1
ADDR03652,Hyderabad,500749,1
ADDR03653,Hyderabad,500317,1
ADDR03654,Surat,395799,1
ADDR03655,Ahmedabad,380559,1
ADDR03656,Bangalore,560499,1
ADDR03657,Hyderabad,500620,1
ADDR03658,Bangalore,560251,1
ADDR03659,Ahmedabad,380848,1
ADDR03660,Mumbai,400218,1
ADDR03661,Pune,411102,1
ADDR03662,Chennai,600941,1
ADDR03663,Chennai,600205,1
ADDR03664,Jaipur,302276,1
ADDR03665,Bangalore,560362,1
ADDR03666,Kolkata,700481,1
ADDR03667,Kolkata,700817,1
ADDR03668,Delhi,110800,1
ADDR03669,Delhi,110919,1
ADDR03670,Hyderabad,500901,1
ADDR03671,Chennai,600487,1
ADDR03672,Delhi,110866,1
ADDR03673,Kolkata,700107,1
ADDR03674,Bangalore,560549,1
ADDR03675,Kolkata,700172,1
ADDR03676,Ahmedabad,380401,1
ADDR03677,Kolkata,700980,1
ADDR03678,Chandigarh,160329,1
ADDR03679,Hyderabad,500918,1
ADDR03680,Indore,452758,1
ADDR03681,Jaipur,302486,1
ADDR03682,Pune,411852,1
ADDR03683,Lucknow,226867,1
ADDR03684,Lucknow,226228,1
ADDR03685,Mumbai,400823,1
ADDR03686,Delhi,110120,1
ADDR03687,Jaipur,302288,1
ADDR03688,Chennai,600640,1
ADDR03689,Ahmedabad,380282,1
ADDR03690,Chandigarh,160647,1
ADDR03691,Hyderabad,500258,1
ADDR03692,Mumbai,400279,1
ADDR03693,Kolkata,700405,1
ADDR03694,Pune,411317,1
ADDR03695,Kolkata,700964,1
ADDR03696,Kochi,682823,1
ADDR03697,Lucknow,226977,1
ADDR03698,Mumbai,400666,1
ADDR03699,Kolkata,700464,1
ADDR03700,Kochi,682252,1
ADDR03701,Pune,411499,1
ADDR03702,Ahmedabad,380568,1
ADDR03703,Kolkata,700695,1
ADDR03704,Lucknow,226937,1
ADDR03705,Mumbai,400740,1
ADDR03706,Delhi,110115,1
ADDR03707,Mumbai,400688,1
ADDR03708,Mumbai,400191,1
ADDR03709,Bangalore,560151,1
ADDR03710,Bangalore,560149,1
ADDR03711,Chennai,600574,1
ADDR03712,Chennai,600479,1
ADDR03713,Delhi,110706,1
ADDR03714,Pune,411868,1
ADDR03715,Chennai,600283,1
ADDR03716,Mumbai,400304,1
ADDR03717,Bangalore,560924,1
ADDR03718,Ahmedabad,380343,1
ADDR03719,Bangalore,560674,1
ADDR03720,Bangalore,560266,1
ADDR03721,Chennai,600224,1
ADDR03722,Delhi,110410,1
ADDR03723,Mumbai,400315,1
ADDR03724,Indore,452983,1
ADDR03725,Bangalore,560252,1
ADDR03726,Surat,395195,1
ADDR03727,Chandigarh,160614,1
ADDR03728,Ahmedabad,380997,1
ADDR03729,Bangalore,560814,1
ADDR03730,Delhi,110793,1
ADDR03731,Pune,411903,1
ADDR03732,Bangalore,560928,1
ADDR03733,Bangalore,560984,1
ADDR03734,Kochi,682577,1
ADDR03735,Bangalore,560549,1
ADDR03736,Surat,395189,1
ADDR03737,Mumbai,400519,1
ADDR03738,Bangalore,560963,1
ADDR03739,Delhi,110786,1
ADDR03740,Kolkata,700493,1
ADDR03741,Delhi,110233,1
ADDR03742,Ahmedabad,380125,1
ADDR03743,Chennai,600541,1
ADDR03744,Kolkata,700129,1
ADDR03745,Pune,411595,1
ADDR03746,Mumbai,400290,1
ADDR03747,Ahmedabad,380239,1
ADDR03748,Hyderabad,500848,1
ADDR03749,Mumbai,400299,1
ADDR03750,Mumbai,400478,1
ADDR03751,Lucknow,226600,1
ADDR03752,Hyderabad,500643,1
ADDR03753,Mumbai,400154,1
ADDR03754,Chandigarh,160408,1
ADDR03755,Lucknow,226209,1
ADDR03756,Mumbai,400363,1
ADDR03757,Bangalore,560549,1
ADDR03758,Kolkata,700738,1
ADDR03759,Mumbai,400818,1
ADDR03760,Pune,411496,1
ADDR03761,Chandigarh,160700,1
ADDR03762,Indore,452675,1
ADDR03763,Chennai,600904,1
ADDR03764,Bangalore,560981,1
ADDR03765,Ahmedabad,380802,1
ADDR03766,Pune,411706,1
ADDR03767,Bangalore,560540,1
ADDR03768,Pune,411833,1
ADDR03769,Mumbai,400732,1
ADDR03770,Mumbai,400952,1
ADDR03771,Hyderabad,500441,1
ADDR03772,Chennai,600913,1
ADDR03773,Chennai,600509,1
ADDR03774,Delhi,110919,1
ADDR03775,Chennai,600205,1
ADDR03776,Surat,395868,1
ADDR03777,Surat,395636,1
ADDR03778,Delhi,110181,1
ADDR03779,Mumbai,400499,1
ADDR03780,Kolkata,700297,1
ADDR03781,Pune,411307,1
ADDR03782,Chennai,600526,1
ADDR03783,Jaipur,302590,1
ADDR03784,Mumbai,400886,1
ADDR03785,Bangalore,560896,1
ADDR03786,Chandigarh,160751,1
ADDR03787,Pune,411648,1
ADDR03788,Chennai,600154,1
ADDR03789,Pune,411995,1
ADDR03790,Hyderabad,500623,1
ADDR03791,Bangalore,560643,1
ADDR03792,Mumbai,400971,1
ADDR03793,Delhi,110286,1
ADDR03794,Kochi,682198,1
ADDR03795,Chennai,600824,1
ADDR03796,Pune,411253,1
ADDR03797,Delhi,110674,1
ADDR03798,Bangalore,560933,1
ADDR03799,Mumbai,400498,1
ADDR03800,Hyderabad,500701,1
ADDR03801,Hyderabad,500696,1
ADDR03802,Bangalore,560571,1
ADDR03803,Ahmedabad,380176,1
ADDR03804,Mumbai,400597,1
ADDR03805,Hyderabad,500847,1
ADDR03806,Kolkata,700720,1
ADDR03807,Delhi,110403,1
ADDR03808,Hyderabad,500915,1
ADDR03809,Jaipur,302918,1
ADDR03810,Pune,411130,1
ADDR03811,Bangalore,560908,1
ADDR03812,Mumbai,400669,1
ADDR03813,Delhi,110955,1
ADDR03814,Mumbai,400347,1
ADDR03815,Bangalore,560487,1
ADDR03816,Pune,411858,1
ADDR03817,Chennai,600441,1
ADDR03818,Jaipur,302872,1
ADDR03819,Kolkata,700518,1
ADDR03820,Hyderabad,500302,1
ADDR03821,Kolkata,700638,1
ADDR03822,Pune,411729,1
ADDR03823,Pune,411459,1
ADDR03824,Mumbai,400567,1
ADDR03825,Chennai,600304,1
ADDR03826,Mumbai,400148,1
ADDR03827,Delhi,110177,1
ADDR03828,Lucknow,226516,1
ADDR03829,Hyderabad,500411,1
ADDR03830,Bangalore,560359,1
ADDR03831,Hyderabad,500291,1
ADDR03832,Delhi,110123,1
ADDR03833,Mumbai,400977,1
ADDR03834,Bangalore,560493,1
ADDR03835,Ahmedabad,380209,1
ADDR03836,Jaipur,302921,1
ADDR03837,Pune,411671,1
ADDR03838,Ahmedabad,380406,1
ADDR03839,Hyderabad,500278,1
ADDR03840,Hyderabad,500843,1
ADDR03841,Surat,395944,1
ADDR03842,Bangalore,560676,1
ADDR03843,Mumbai,400135,1
ADDR03844,Indore,452172,1
ADDR03845,Delhi,110402,1
ADDR03846,Chennai,600610,1
ADDR03847,Ahmedabad,380846,1
ADDR03848,Kolkata,700930,1
ADDR03849,Mumbai,400628,1
ADDR03850,Mumbai,400468,1
ADDR03851,Delhi,110983,1
ADDR03852,Chennai,600748,1
ADDR03853,Chennai,600350,1
ADDR03854,Kolkata,700445,1
ADDR03855,Pune,411986,1
ADDR03856,Ahmedabad,380660,1
ADDR03857,Chennai,600627,1
ADDR03858,Hyderabad,500220,1
ADDR03859,Bangalore,560229,1
ADDR03860,Pune,411886,1
ADDR03861,Bangalore,560529,1
ADDR03862,Jaipur,302690,1
ADDR03863,Bangalore,560975,1
ADDR03864,Bangalore,560953,1
ADDR03865,Chennai,600326,1
ADDR03866,Chennai,600138,1
ADDR03867,Delhi,110709,1
ADDR03868,Mumbai,400527,1
ADDR03869,Surat,395802,1
ADDR03870,Bangalore,560358,1
ADDR03871,Ahmedabad,380724,1
ADDR03872,Delhi,110480,1
ADDR03873,Pune,411337,1
ADDR03874,Chennai,600836,1
ADDR03875,Indore,452234,1
ADDR03876,Chennai,600753,1
ADDR03877,Bangalore,560502,1
ADDR03878,Pune,411287,1
ADDR03879,Mumbai,400354,1
ADDR03880,Hyderabad,500956,1
ADDR03881,Chennai,600266,1
ADDR03882,Chennai,600535,1
ADDR03883,Pune,411707,1
ADDR03884,Indore,452706,1
ADDR03885,Mumbai,400540,1
ADDR03886,Surat,395886,1
ADDR03887,Surat,395382,1
ADDR03888,Mumbai,400855,1
ADDR03889,Bangalore,560607,1
ADDR03890,Kochi,682425,1
ADDR03891,Indore,452498,1
ADDR03892,Kolkata,700475,1
ADDR03893,Bangalore,560249,1
ADDR03894,Hyderabad,500332,1
ADDR03895,Bangalore,560722,1
ADDR03896,Mumbai,400125,1
ADDR03897,Mumbai,400348,1
ADDR03898,Delhi,110230,1
ADDR03899,Bangalore,560109,1
ADDR03900,Ahmedabad,380246,1
ADDR03901,Lucknow,226223,1
ADDR03902,Hyderabad,500617,1
ADDR03903,Kolkata,700413,1
ADDR03904,Kochi,682601,1
ADDR03905,Chennai,600796,1
ADDR03906,Pune,411959,1
ADDR03907,Pune,411411,1
ADDR03908,Delhi,110398,1
ADDR03909,Pune,411683,1
ADDR03910,Chennai,600616,1
ADDR03911,Lucknow,226120,1
ADDR03912,Mumbai,400272,1
ADDR03913,Jaipur,302161,1
ADDR03914,Kolkata,700730,1
ADDR03915,Jaipur,302987,1
ADDR03916,Pune,411174,1
ADDR03917,Chandigarh,160243,1
ADDR03918,Jaipur,302842,1
ADDR03919,Kolkata,700514,1
ADDR03920,Lucknow,226360,1
ADDR03921,Delhi,110266,1
ADDR03922,Delhi,110759,1
ADDR03923,Pune,411395,1
ADDR03924,Chandigarh,160419,1
ADDR03925,Delhi,110792,1
ADDR03926,Delhi,110395,1
ADDR03927,Mumbai,400992,1
ADDR03928,Delhi,110308,1
ADDR03929,Ahmedabad,380399,1
ADDR03930,Chennai,600160,1
ADDR03931,Hyderabad,500337,1
ADDR03932,Chandigarh,160866,1
ADDR03933,Mumbai,400238,1
ADDR03934,Mumbai,400461,1
ADDR03935,Bangalore,560818,1
ADDR03936,Jaipur,302979,1
ADDR03937,Pune,411947,1
ADDR03938,Pune,411556,1
ADDR03939,Chennai,600957,1
ADDR03940,Chennai,600746,1
ADDR03941,Jaipur,302267,1
ADDR03942,Bangalore,560123,1
ADDR03943,Chennai,600406,1
ADDR03944,Delhi,110469,1
ADDR03945,Pune,411270,1
ADDR03946,Bangalore,560542,1
ADDR03947,Bangalore,560475,1
ADDR03948,Lucknow,226318,1
ADDR03949,Delhi,110715,1
ADDR03950,Delhi,110921,1
ADDR03951,Mumbai,400434,1
ADDR03952,Chennai,600153,1
ADDR03953,Jaipur,302174,1
ADDR03954,Chandigarh,160783,1
ADDR03955,Delhi,110256,1
ADDR03956,Kochi,682307,1
ADDR03957,Mumbai,400843,1
ADDR03958,Pune,411610,1
ADDR03959,Delhi,110201,1
ADDR03960,Lucknow,226641,1
ADDR03961,Ahmedabad,380855,1
ADDR03962,Kolkata,700796,1
ADDR03963,Kolkata,700729,1
ADDR03964,Chennai,600168,1
ADDR03965,Hyderabad,500930,1
ADDR03966,Kolkata,700534,1
ADDR03967,Pune,411530,1
ADDR03968,Bangalore,560328,1
ADDR03969,Ahmedabad,380434,1
ADDR03970,Kochi,682276,1
ADDR03971,Kolkata,700508,1
ADDR03972,Pune,411377,1
ADDR03973,Mumbai,400735,1
ADDR03974,Delhi,110257,1
ADDR03975,Chennai,600488,1
ADDR03976,Lucknow,226268,1
ADDR03977,Chennai,600992,1
ADDR03978,Mumbai,400548,1
ADDR03979,Jaipur,302526,1
ADDR03980,Delhi,110197,1
ADDR03981,Mumbai,400546,1
ADDR03982,Kolkata,700575,1
ADDR03983,Bangalore,560774,1
ADDR03984,Hyderabad,500115,1
ADDR03985,Pune,411717,1
ADDR03986,Indore,452539,1
ADDR03987,Hyderabad,500491,1
ADDR03988,Hyderabad,500964,1
ADDR03989,Jaipur,302107,1
ADDR03990,Pune,411486,1
ADDR03991,Kochi,682324,1
ADDR03992,Chandigarh,160810,1
ADDR03993,Bangalore,560655,1
ADDR03994,Delhi,110638,1
ADDR03995,Bangalore,560542,1
ADDR03996,Mumbai,400380,1
ADDR03997,Bangalore,560730,1
ADDR03998,Chennai,600368,1
ADDR03999,Delhi,110392,1
ADDR04000,Ahmedabad,380470,1
ADDR04001,Hyderabad,500288,1
ADDR04002,Jaipur,302124,1
ADDR04003,Lucknow,226770,1
ADDR04004,Hyderabad,500958,1
ADDR04005,Hyderabad,500650,1
ADDR04006,Delhi,110440,1
ADDR04007,Mumbai,400171,1
ADDR04008,Delhi,110997,1
ADDR04009,Kolkata,700120,1
ADDR04010,Chennai,600671,1
ADDR04011,Ahmedabad,380497,1
ADDR04012,Hyderabad,500693,1
ADDR04013,Kolkata,700309,1
ADDR04014,Mumbai,400664,1
ADDR04015,Hyderabad,500552,1
ADDR04016,Bangalore,560409,1
ADDR04017,Bangalore,560859,1
ADDR04018,Ahmedabad,380140,1
ADDR04019,Delhi,110311,1
ADDR04020,Bangalore,560750,1
ADDR04021,Delhi,110403,1
ADDR04022,Chandigarh,160800,1
ADDR04023,Chennai,600253,1
ADDR04024,Delhi,110124,1
ADDR04025,Indore,452695,1
ADDR04026,Ahmedabad,380218,1
ADDR04027,Bangalore,560429,1
ADDR04028,Delhi,110230,1
ADDR04029,Chandigarh,160852,1
ADDR04030,Lucknow,226322,1
ADDR04031,Indore,452289,1
ADDR04032,Bangalore,560854,1
ADDR04033,Delhi,110289,1
ADDR04034,Ahmedabad,380398,1
ADDR04035,Delhi,110267,1
ADDR04036,Delhi,110341,1
ADDR04037,Delhi,110438,1
ADDR04038,Delhi,110234,1
ADDR04039,Bangalore,560491,1
ADDR04040,Delhi,110192,1
ADDR04041,Bangalore,560612,1
ADDR04042,Bangalore,560263,1
ADDR04043,Delhi,110657,1
ADDR04044,Hyderabad,500276,1
ADDR04045,Bangalore,560364,1
ADDR04046,Delhi,110619,1
ADDR04047,Kochi,682311,1
ADDR04048,Delhi,110656,1
ADDR04049,Kochi,682152,1
ADDR04050,Lucknow,226953,1
ADDR04051,Bangalore,560617,1
ADDR04052,Hyderabad,500702,1
ADDR04053,Delhi,110732,1
ADDR04054,Mumbai,400858,1
ADDR04055,Bangalore,560537,1
ADDR04056,Mumbai,400393,1
ADDR04057,Bangalore,560779,1
ADDR04058,Ahmedabad,380204,1
ADDR04059,Mumbai,400518,1
ADDR04060,Mumbai,400990,1
ADDR04061,Mumbai,400373,1
ADDR04062,Kochi,682828,1
ADDR04063,Pune,411808,1
ADDR04064,Mumbai,400561,1
ADDR04065,Mumbai,400313,1
ADDR04066,Mumbai,400432,1
ADDR04067,Surat,395353,1
ADDR04068,Jaipur,302990,1
ADDR04069,Kolkata,700836,1
ADDR04070,Pune,411692,1
ADDR04071,Pune,411775,1
ADDR04072,Lucknow,226522,1
ADDR04073,Kolkata,700680,1
ADDR04074,Bangalore,560546,1
ADDR04075,Ahmedabad,380478,1
ADDR04076,Surat,395779,1
ADDR04077,Mumbai,400807,1
ADDR04078,Bangalore,560468,1
ADDR04079,Pune,411696,1
ADDR04080,Mumbai,400893,1
ADDR04081,Delhi,110580,1
ADDR04082,Hyderabad,500866,1
ADDR04083,Bangalore,560747,1
ADDR04084,Surat,395864,1
ADDR04085,Hyderabad,500695,1
ADDR04086,Kolkata,700788,1
ADDR04087,Ahmedabad,380646,1
ADDR04088,Hyderabad,500737,1
ADDR04089,Kolkata,700267,1
ADDR04090,Bangalore,560663,1
ADDR04091,Kolkata,700907,1
ADDR04092,Bangalore,560541,1
ADDR04093,Jaipur,302706,1
ADDR04094,Delhi,110778,1
ADDR04095,Delhi,110841,1
ADDR04096,Delhi,110667,1
ADDR04097,Delhi,110231,1
ADDR04098,Jaipur,302252,1
ADDR04099,Kolkata,700404,1
ADDR04100,Ahmedabad,380571,1
ADDR04101,Ahmedabad,380289,1
ADDR04102,Delhi,110442,1
ADDR04103,Mumbai,400785,1
ADDR04104,Jaipur,302133,1
ADDR04105,Delhi,110840,1
ADDR04106,Delhi,110421,1
ADDR04107,Kolkata,700865,1
ADDR04108,Hyderabad,500891,1
ADDR04109,Delhi,110459,1
ADDR04110,Indore,452864,1
ADDR04111,Pune,411833,1
ADDR04112,Mumbai,400459,1
ADDR04113,Hyderabad,500767,1
ADDR04114,Mumbai,400429,1
ADDR04115,Bangalore,560753,1
ADDR04116,Delhi,110686,1
ADDR04117,Mumbai,400372,1
ADDR04118,Chandigarh,160928,1
ADDR04119,Mumbai,400333,1
ADDR04120,Pune,411810,1
ADDR04121,Hyderabad,500918,1
ADDR04122,Bangalore,560673,1
ADDR04123,Bangalore,560129,1
ADDR04124,Delhi,110489,1
ADDR04125,Pune,411505,1
ADDR04126,Bangalore,560683,1
ADDR04127,Delhi,110896,1
ADDR04128,Chennai,600619,1
ADDR04129,Mumbai,400179,1
ADDR04130,Kochi,682811,1
ADDR04131,Kolkata,700333,1
ADDR04132,Pune,411756,1
ADDR04133,Indore,452841,1
ADDR04134,Delhi,110847,1
ADDR04135,Ahmedabad,380129,1
ADDR04136,Delhi,110872,1
ADDR04137,Pune,411529,1
ADDR04138,Bangalore,560668,1
ADDR04139,Bangalore,560353,1
ADDR04140,Delhi,110979,1
ADDR04141,Lucknow,226426,1
ADDR04142,Bangalore,560270,1
ADDR04143,Jaipur,302977,1
ADDR04144,Delhi,110920,1
ADDR04145,Chennai,600347,1
ADDR04146,Mumbai,400612,1
ADDR04147,Kolkata,700130,1
ADDR04148,Hyderabad,500374,1
ADDR04149,Delhi,110424,1
ADDR04150,Bangalore,560847,1
ADDR04151,Bangalore,560342,1
ADDR04152,Mumbai,400304,1
ADDR04153,Lucknow,226822,1
ADDR04154,Kolkata,700265,1
ADDR04155,Kolkata,700752,1
ADDR04156,Delhi,110631,1
ADDR04157,Chennai,600144,1
ADDR04158,Jaipur,302326,1
ADDR04159,Mumbai,400151,1
ADDR04160,Bangalore,560222,1
ADDR04161,Pune,411996,1
ADDR04162,Indore,452611,1
ADDR04163,Delhi,110601,1
ADDR04164,Jaipur,302514,1
ADDR04165,Kochi,682521,1
ADDR04166,Pune,411172,1
ADDR04167,Mumbai,400268,1
ADDR04168,Hyderabad,500684,1
ADDR04169,Pune,411979,1
ADDR04170,Ahmedabad,380642,1
ADDR04171,Delhi,110644,1
ADDR04172,Mumbai,400710,1
ADDR04173,Delhi,110279,1
ADDR04174,Pune,411576,1
ADDR04175,Kolkata,700641,1
ADDR04176,Lucknow,226273,1
ADDR04177,Surat,395421,1
ADDR04178,Delhi,110718,1
ADDR04179,Mumbai,400743,1
ADDR04180,Indore,452428,1
ADDR04181,Chennai,600782,1
ADDR04182,Hyderabad,500360,1
ADDR04183,Kolkata,700710,1
ADDR04184,Jaipur,302432,1
ADDR04185,Kolkata,700731,1
ADDR04186,Kolkata,700476,1
ADDR04187,Chennai,600806,1
ADDR04188,Surat,395944,1
ADDR04189,Pune,411826,1
ADDR04190,Mumbai,400890,1
ADDR04191,Chandigarh,160169,1
ADDR04192,Chennai,600722,1
ADDR04193,Mumbai,400915,1
ADDR04194,Mumbai,400134,1
ADDR04195,Jaipur,302935,1
ADDR04196,Mumbai,400985,1
ADDR04197,Ahmedabad,380467,1
ADDR04198,Surat,395982,1
ADDR04199,Kolkata,700535,1
ADDR04200,Bangalore,560369,1
ADDR04201,Ahmedabad,380205,1
ADDR04202,Bangalore,560594,1
ADDR04203,Bangalore,560412,1
ADDR04204,Bangalore,560201,1
ADDR04205,Hyderabad,500279,1
ADDR04206,Kochi,682773,1
ADDR04207,Chandigarh,160449,1
ADDR04208,Chennai,600223,1
ADDR04209,Mumbai,400804,1
ADDR04210,Kolkata,700781,1
ADDR04211,Kochi,682758,1
ADDR04212,Ahmedabad,380173,1
ADDR04213,Lucknow,226984,1
ADDR04214,Pune,411684,1
ADDR04215,Kochi,682738,1
ADDR04216,Jaipur,302763,1
ADDR04217,Lucknow,226551,1
ADDR04218,Delhi,110283,1
ADDR04219,Delhi,110440,1
ADDR04220,Hyderabad,500855,1
ADDR04221,Ahmedabad,380350,1
ADDR04222,Hyderabad,500665,1
ADDR04223,Bangalore,560926,1
ADDR04224,Lucknow,226449,1
ADDR04225,Mumbai,400880,1
ADDR04226,Kolkata,700174,1
ADDR04227,Chennai,600501,1
ADDR04228,Bangalore,560238,1
ADDR04229,Bangalore,560207,1
ADDR04230,Chennai,600957,1
ADDR04231,Bangalore,560104,1
ADDR04232,Kochi,682667,1
ADDR04233,Mumbai,400833,1
ADDR04234,Jaipur,302915,1
ADDR04235,Chennai,600859,1
ADDR04236,Jaipur,302608,1
ADDR04237,Chandigarh,160713,1
ADDR04238,Mumbai,400296,1
ADDR04239,Jaipur,302429,1
ADDR04240,Kochi,682259,1
ADDR04241,Lucknow,226453,1
ADDR04242,Chandigarh,160251,1
ADDR04243,Delhi,110792,1
ADDR04244,Lucknow,226300,1
ADDR04245,Hyderabad,500733,1
ADDR04246,Mumbai,400965,1
ADDR04247,Bangalore,560484,1
ADDR04248,Ahmedabad,380893,1
ADDR04249,Chennai,600879,1
ADDR04250,Bangalore,560630,1
ADDR04251,Kolkata,700707,1
ADDR04252,Delhi,110476,1
ADDR04253,Mumbai,400597,1
ADDR04254,Hyderabad,500817,1
ADDR04255,Hyderabad,500885,1
ADDR04256,Hyderabad,500749,1
ADDR04257,Indore,452726,1
ADDR04258,Indore,452807,1
ADDR04259,Delhi,110274,1
ADDR04260,Indore,452553,1
ADDR04261,Hyderabad,500526,1
ADDR04262,Jaipur,302677,1
ADDR04263,Chandigarh,160715,1
ADDR04264,Delhi,110790,1
ADDR04265,Bangalore,560519,1
ADDR04266,Bangalore,560539,1
ADDR04267,Delhi,110898,1
ADDR04268,Chennai,600545,1
ADDR04269,Delhi,110806,1
ADDR04270,Jaipur,302660,1
ADDR04271,Bangalore,560743,1
ADDR04272,Kolkata,700746,1
ADDR04273,Hyderabad,500700,1
ADDR04274,Bangalore,560530,1
ADDR04275,Bangalore,560453,1
ADDR04276,Bangalore,560719,1
ADDR04277,Bangalore,560146,1
ADDR04278,Chandigarh,160329,1
ADDR04279,Chandigarh,160856,1
ADDR04280,Chennai,600176,1
ADDR04281,Pune,411337,1
ADDR04282,Ahmedabad,380177,1
ADDR04283,Hyderabad,500749,1
ADDR04284,Delhi,110123,1
ADDR04285,Lucknow,226234,1
ADDR04286,Hyderabad,500449,1
ADDR04287,Lucknow,226391,1
ADDR04288,Delhi,110518,1
ADDR04289,Jaipur,302305,1
ADDR04290,Delhi,110283,1
ADDR04291,Chennai,600227,1
ADDR04292,Pune,411140,1
ADDR04293,Mumbai,400491,1
ADDR04294,Mumbai,400769,1
ADDR04295,Delhi,110446,1
ADDR04296,Mumbai,400644,1
ADDR04297,Ahmedabad,380438,1
ADDR04298,Mumbai,400122,1
ADDR04299,Bangalore,560980,1
ADDR04300,Delhi,110885,1
ADDR04301,Lucknow,226550,1
ADDR04302,Chandigarh,160477,1
ADDR04303,Chennai,600954,1
ADDR04304,Chennai,600220,1
ADDR04305,Mumbai,400251,1
ADDR04306,Mumbai,400405,1
ADDR04307,Hyderabad,500927,1
ADDR04308,Indore,452463,1
ADDR04309,Chennai,600739,1
ADDR04310,Indore,452429,1
ADDR04311,Surat,395806,1
ADDR04312,Chandigarh,160720,1
ADDR04313,Mumbai,400638,1
ADDR04314,Pune,411466,1
ADDR04315,Mumbai,400361,1
ADDR04316,Mumbai,400637,1
ADDR04317,Lucknow,226115,1
ADDR04318,Surat,395302,1
ADDR04319,Hyderabad,500777,1
ADDR04320,Mumbai,400147,1
ADDR04321,Mumbai,400511,1
ADDR04322,Mumbai,400213,1
ADDR04323,Hyderabad,500537,1
ADDR04324,Surat,395940,1
ADDR04325,Delhi,110686,1
ADDR04326,Delhi,110746,1
ADDR04327,Chennai,600371,1
ADDR04328,Delhi,110579,1
ADDR04329,Mumbai,400854,1
ADDR04330,Mumbai,400303,1
ADDR04331,Surat,395377,1
ADDR04332,Chennai,600611,1
ADDR04333,Delhi,110491,1
ADDR04334,Bangalore,560883,1
ADDR04335,Kolkata,700825,1
ADDR04336,Bangalore,560610,1
ADDR04337,Jaipur,302840,1
ADDR04338,Chennai,600136,1
ADDR04339,Lucknow,226895,1
ADDR04340,Ahmedabad,380468,1
ADDR04341,Bangalore,560913,1
ADDR04342,Ahmedabad,380893,1
ADDR04343,Kochi,682536,1
ADDR04344,Kochi,682162,1
ADDR04345,Bangalore,560754,1
ADDR04346,Hyderabad,500324,1
ADDR04347,Delhi,110809,1
ADDR04348,Delhi,110156,1
ADDR04349,Mumbai,400725,1
ADDR04350,Ahmedabad,380458,1
ADDR04351,Delhi,110573,1
ADDR04352,Bangalore,560331,1
ADDR04353,Kolkata,700399,1
ADDR04354,Delhi,110260,1
ADDR04355,Mumbai,400356,1
ADDR04356,Delhi,110593,1
ADDR04357,Surat,395281,1
ADDR04358,Kochi,682836,1
ADDR04359,Delhi,110664,1
ADDR04360,Pune,411163,1
ADDR04361,Pune,411171,1
ADDR04362,Chandigarh,160206,1
ADDR04363,Kochi,682613,1
ADDR04364,Bangalore,560508,1
ADDR04365,Bangalore,560899,1
ADDR04366,Hyderabad,500604,1
ADDR04367,Hyderabad,500699,1
ADDR04368,Jaipur,302556,1
ADDR04369,Mumbai,400902,1
ADDR04370,Surat,395377,1
ADDR04371,Chennai,600926,1
ADDR04372,Chennai,600504,1
ADDR04373,Chennai,600855,1
ADDR04374,Ahmedabad,380989,1
ADDR04375,Bangalore,560369,1
ADDR04376,Hyderabad,500713,1
ADDR04377,Chennai,600381,1
ADDR04378,Pune,411315,1
ADDR04379,Pune,411913,1
ADDR04380,Chennai,600705,1
ADDR04381,Delhi,110173,1
ADDR04382,Bangalore,560561,1
ADDR04383,Mumbai,400355,1
ADDR04384,Delhi,110658,1
ADDR04385,Mumbai,400867,1
ADDR04386,Mumbai,400859,1
ADDR04387,Bangalore,560423,1
ADDR04388,Chandigarh,160976,1
ADDR04389,Ahmedabad,380528,1
ADDR04390,Jaipur,302890,1
ADDR04391,Ahmedabad,380389,1
ADDR04392,Lucknow,226236,1
ADDR04393,Hyderabad,500621,1
ADDR04394,Pune,411535,1
ADDR04395,Bangalore,560547,1
ADDR04396,Hyderabad,500788,1
ADDR04397,Delhi,110628,1
ADDR04398,Delhi,110912,1
ADDR04399,Mumbai,400286,1
ADDR04400,Bangalore,560237,1
ADDR04401,Mumbai,400436,1
ADDR04402,Jaipur,302885,1
ADDR04403,Surat,395669,1
ADDR04404,Pune,411791,1
ADDR04405,Kochi,682648,1
ADDR04406,Pune,411690,1
ADDR04407,Lucknow,226765,1
ADDR04408,Jaipur,302257,1
ADDR04409,Hyderabad,500989,1
ADDR04410,Chennai,600826,1
ADDR04411,Pune,411929,1
ADDR04412,Kolkata,700856,1
ADDR04413,Lucknow,226886,1
ADDR04414,Delhi,110437,1
ADDR04415,Delhi,110207,1
ADDR04416,Mumbai,400172,1
ADDR04417,Hyderabad,500996,1
ADDR04418,Ahmedabad,380611,1
ADDR04419,Lucknow,226471,1
ADDR04420,Mumbai,400808,1
ADDR04421,Jaipur,302719,1
ADDR04422,Jaipur,302596,1
ADDR04423,Mumbai,400466,1
ADDR04424,Ahmedabad,380206,1
ADDR04425,Kolkata,700301,1
ADDR04426,Jaipur,302140,1
ADDR04427,Pune,411484,1
ADDR04428,Pune,411435,1
ADDR04429,Ahmedabad,380204,1
ADDR04430,Surat,395194,1
ADDR04431,Kochi,682652,1
ADDR04432,Bangalore,560479,1
ADDR04433,Ahmedabad,380397,1
ADDR04434,Mumbai,400270,1
ADDR04435,Kolkata,700817,1
ADDR04436,Kochi,682918,1
ADDR04437,Bangalore,560554,1
ADDR04438,Mumbai,400223,1
ADDR04439,Pune,411515,1
ADDR04440,Pune,411856,1
ADDR04441,Kolkata,700156,1
ADDR04442,Hyderabad,500133,1
ADDR04443,Chennai,600470,1
ADDR04444,Bangalore,560524,1
ADDR04445,Kochi,682811,1
ADDR04446,Kochi,682611,1
ADDR04447,Chennai,600357,1
ADDR04448,Bangalore,560626,1
ADDR04449,Ahmedabad,380158,1
ADDR04450,Ahmedabad,380729,1
ADDR04451,Bangalore,560375,1
ADDR04452,Bangalore,560876,1
ADDR04453,Pune,411777,1
ADDR04454,Bangalore,560882,1
ADDR04455,Chennai,600908,1
ADDR04456,Hyderabad,500765,1
ADDR04457,Ahmedabad,380809,1
ADDR04458,Chennai,600297,1
ADDR04459,Mumbai,400108,1
ADDR04460,Ahmedabad,380657,1
ADDR04461,Hyderabad,500115,1
ADDR04462,Jaipur,302954,1
ADDR04463,Pune,411551,1
ADDR04464,Pune,411475,1
ADDR04465,Ahmedabad,380395,1
ADDR04466,Delhi,110497,1
ADDR04467,Kochi,682528,1
ADDR04468,Chennai,600105,1
ADDR04469,Delhi,110311,1
ADDR04470,Ahmedabad,380723,1
ADDR04471,Ahmedabad,380480,1
ADDR04472,Bangalore,560609,1
ADDR04473,Ahmedabad,380728,1
ADDR04474,Bangalore,560326,1
ADDR04475,Mumbai,400419,1
ADDR04476,Ahmedabad,380910,1
ADDR04477,Kolkata,700327,1
ADDR04478,Jaipur,302927,1
ADDR04479,Hyderabad,500839,1
ADDR04480,Delhi,110212,1
ADDR04481,Chennai,600390,1
ADDR04482,Pune,411390,1
ADDR04483,Indore,452776,1
ADDR04484,Hyderabad,500205,1
ADDR04485,Mumbai,400367,1
ADDR04486,Delhi,110682,1
ADDR04487,Kolkata,700544,1
ADDR04488,Jaipur,302450,1
ADDR04489,Bangalore,560714,1
ADDR04490,Chennai,600122,1
ADDR04491,Delhi,110192,1
ADDR04492,Delhi,110384,1
ADDR04493,Delhi,110832,1
ADDR04494,Indore,452813,1
ADDR04495,Hyderabad,500241,1
ADDR04496,Hyderabad,500359,1
ADDR04497,Kochi,682818,1
ADDR04498,Kochi,682477,1
ADDR04499,Kolkata,700677,1
ADDR04500,Bangalore,560927,1
ADDR04501,Pune,411524,1
ADDR04502,Delhi,110744,1
ADDR04503,Bangalore,560689,1
ADDR04504,Indore,452279,1
ADDR04505,Delhi,110788,1
ADDR04506,Chennai,600777,1
ADDR04507,Hyderabad,500837,1
ADDR04508,Hyderabad,500154,1
ADDR04509,Hyderabad,500509,1
ADDR04510,Delhi,110670,1
ADDR04511,Mumbai,400883,1
ADDR04512,Mumbai,400661,1
ADDR04513,Hyderabad,500253,1
ADDR04514,Bangalore,560145,1
ADDR04515,Chennai,600551,1
ADDR04516,Mumbai,400217,1
ADDR04517,Ahmedabad,380679,1
ADDR04518,Ahmedabad,380841,1
ADDR04519,Mumbai,400245,1
ADDR04520,Mumbai,400467,1
ADDR04521,Hyderabad,500298,1
ADDR04522,Mumbai,400158,1
ADDR04523,Delhi,110242,1
ADDR04524,Pune,411125,1
ADDR04525,Ahmedabad,380221,1
ADDR04526,Ahmedabad,380106,1
ADDR04527,Kolkata,700319,1
ADDR04528,Hyderabad,500556,1
ADDR04529,Pune,411958,1
ADDR04530,Ahmedabad,380559,1
ADDR04531,Lucknow,226868,1
ADDR04532,Delhi,110891,1
ADDR04533,Surat,395135,1
ADDR04534,Hyderabad,500186,1
ADDR04535,Delhi,110875,1
ADDR04536,Bangalore,560157,1
ADDR04537,Hyderabad,500359,1
ADDR04538,Kochi,682297,1
ADDR04539,Mumbai,400217,1
ADDR04540,Mumbai,400105,1
ADDR04541,Kochi,682531,1
ADDR04542,Jaipur,302869,1
ADDR04543,Mumbai,400155,1
ADDR04544,Ahmedabad,380315,1
ADDR04545,Delhi,110309,1
ADDR04546,Delhi,110934,1
ADDR04547,Mumbai,400290,1
ADDR04548,Chennai,600990,1
ADDR04549,Delhi,110293,1
ADDR04550,Delhi,110140,1
ADDR04551,Kochi,682108,1
ADDR04552,Chennai,600302,1
ADDR04553,Chennai,600821,1
ADDR04554,Bangalore,560418,1
ADDR04555,Hyderabad,500381,1
ADDR04556,Kolkata,700351,1
ADDR04557,Bangalore,560561,1
ADDR04558,Delhi,110500,1
ADDR04559,Jaipur,302489,1
ADDR04560,Mumbai,400444,1
ADDR04561,Bangalore,560352,1
ADDR04562,Mumbai,400739,1
ADDR04563,Kolkata,700917,1
ADDR04564,Kolkata,700513,1
ADDR04565,Delhi,110155,1
ADDR04566,Hyderabad,500921,1
ADDR04567,Mumbai,400121,1
ADDR04568,Mumbai,400957,1
ADDR04569,Chennai,600550,1
ADDR04570,Bangalore,560602,1
ADDR04571,Kolkata,700751,1
ADDR04572,Hyderabad,500385,1
ADDR04573,Pune,411560,1
ADDR04574,Mumbai,400686,1
ADDR04575,Delhi,110274,1
ADDR04576,Indore,452532,1
ADDR04577,Jaipur,302157,1
ADDR04578,Kochi,682700,1
ADDR04579,Delhi,110754,1
ADDR04580,Mumbai,400706,1
ADDR04581,Bangalore,560598,1
ADDR04582,Chandigarh,160587,1
ADDR04583,Delhi,110552,1
ADDR04584,Surat,395930,1
ADDR04585,Kochi,682530,1
ADDR04586,Bangalore,560756,1
ADDR04587,Ahmedabad,380490,1
ADDR04588,Indore,452796,1
ADDR04589,Mumbai,400261,1
ADDR04590,Surat,395561,1
ADDR04591,Pune,411799,1
ADDR04592,Mumbai,400330,1
ADDR04593,Jaipur,302305,1
ADDR04594,Bangalore,560843,1
ADDR04595,Chandigarh,160448,1
ADDR04596,Ahmedabad,380724,1
ADDR04597,Surat,395957,1
ADDR04598,Delhi,110493,1
ADDR04599,Jaipur,302266,1
ADDR04600,Indore,452551,1
ADDR04601,Mumbai,400972,1
ADDR04602,Surat,395684,1
ADDR04603,Bangalore,560459,1
ADDR04604,Chennai,600827,1
ADDR04605,Hyderabad,500208,1
ADDR04606,Lucknow,226960,1
ADDR04607,Pune,411907,1
ADDR04608,Chennai,600939,1
ADDR04609,Jaipur,302526,1
ADDR04610,Bangalore,560429,1
ADDR04611,Ahmedabad,380734,1
ADDR04612,Chennai,600663,1
ADDR04613,Mumbai,400286,1
ADDR04614,Ahmedabad,380207,1
ADDR04615,Pune,411805,1
ADDR04616,Pune,411537,1
ADDR04617,Ahmedabad,380281,1
ADDR04618,Chennai,600447,1
ADDR04619,Delhi,110970,1
ADDR04620,Pune,411902,1
ADDR04621,Lucknow,226394,1
ADDR04622,Pune,411870,1
ADDR04623,Kochi,682310,1
ADDR04624,Delhi,110330,1
ADDR04625,Delhi,110410,1
ADDR04626,Chennai,600315,1
ADDR04627,Delhi,110711,1
ADDR04628,Ahmedabad,380351,1
ADDR04629,Pune,411327,1
ADDR04630,Lucknow,226736,1
ADDR04631,Hyderabad,500609,1
ADDR04632,Bangalore,560465,1
ADDR04633,Chennai,600203,1
ADDR04634,Chennai,600776,1
ADDR04635,Delhi,110743,1
ADDR04636,Surat,395830,1
ADDR04637,Mumbai,400706,1
ADDR04638,Mumbai,400714,1
ADDR04639,Pune,411101,1
ADDR04640,Ahmedabad,380144,1
ADDR04641,Chennai,600947,1
ADDR04642,Lucknow,226234,1
ADDR04643,Hyderabad,500275,1
ADDR04644,Pune,411219,1
ADDR04645,Bangalore,560538,1
ADDR04646,Indore,452729,1
ADDR04647,Chennai,600796,1
ADDR04648,Bangalore,560220,1
ADDR04649,Chandigarh,160760,1
ADDR04650,Bangalore,560128,1
ADDR04651,Delhi,110784,1
ADDR04652,Chandigarh,160742,1
ADDR04653,Delhi,110180,1
ADDR04654,Ahmedabad,380596,1
ADDR04655,Bangalore,560912,1
ADDR04656,Ahmedabad,380657,1
ADDR04657,Jaipur,302880,1
ADDR04658,Chennai,600423,1
ADDR04659,Ahmedabad,380245,1
ADDR04660,Delhi,110152,1
ADDR04661,Ahmedabad,380780,1
ADDR04662,Ahmedabad,380968,1
ADDR04663,Delhi,110182,1
ADDR04664,Delhi,110557,1
ADDR04665,Bangalore,560180,1
ADDR04666,Delhi,110408,1
