customer_id,signup_date,account_age_days,device_id,address_id,city,customer_segment
CUST00001,2026-04-13,141,DEV00154,ADDR00170,Kochi,occasional
CUST00002,2025-10-22,314,DEV00155,ADDR00171,Jaipur,premium
CUST00003,2025-04-06,513,DEV00156,ADDR00172,Hyderabad,premium
CUST00004,2026-01-19,225,DEV00157,ADDR00173,Bangalore,regular
CUST00005,2026-01-08,236,DEV00158,ADDR00174,Jaipur,regular
CUST00006,2025-06-11,447,DEV00159,ADDR00175,Delhi,regular
CUST00007,2025-10-21,315,DEV00160,ADDR00176,Chennai,premium
CUST00008,2025-06-16,442,DEV00161,ADDR00177,Kolkata,premium
CUST00009,2025-12-18,257,DEV00162,ADDR00178,Pune,regular
CUST00010,2025-04-01,518,DEV00163,ADDR00179,Chandigarh,regular
CUST00011,2025-11-05,300,DEV00164,ADDR00180,Mumbai,regular
CUST00012,2025-08-10,387,DEV00165,ADDR00181,Mumbai,regular
CUST00013,2025-11-09,296,DEV00166,ADDR00182,Chennai,occasional
CUST00014,2025-10-26,310,DEV00167,ADDR00183,Bangalore,premium
CUST00015,2026-03-10,175,DEV00168,ADDR00184,Chennai,regular
CUST00016,2026-05-12,112,DEV00169,ADDR00185,Delhi,premium
CUST00017,2026-02-24,189,DEV00170,ADDR00186,Jaipur,new
CUST00018,2026-04-15,139,DEV00171,ADDR00187,Ahmedabad,occasional
CUST00019,2026-04-23,131,DEV00172,ADDR00188,Lucknow,regular
CUST00020,2025-05-02,487,DEV00173,ADDR00189,Mumbai,occasional
CUST00021,2025-10-29,307,DEV00174,ADDR00190,Bangalore,regular
CUST00022,2025-08-09,388,DEV00175,ADDR00191,Ahmedabad,premium
CUST00023,2026-05-18,106,DEV00176,ADDR00192,Kolkata,new
CUST00024,2025-11-07,298,DEV00177,ADDR00193,Pune,regular
CUST00025,2025-11-30,275,DEV00178,ADDR00194,Delhi,regular
CUST00026,2025-08-02,395,DEV00179,ADDR00195,Chennai,premium
CUST00027,2026-06-30,63,DEV00180,ADDR00196,Hyderabad,new
CUST00028,2025-04-15,504,DEV00181,ADDR00197,Chennai,premium
CUST00029,2026-02-15,198,DEV00182,ADDR00198,Delhi,occasional
CUST00030,2026-03-10,175,DEV00183,ADDR00199,Ahmedabad,new
CUST00031,2025-03-22,528,DEV00184,ADDR00200,Delhi,regular
CUST00032,2025-07-14,414,DEV00185,ADDR00201,Pune,regular
CUST00033,2025-09-15,351,DEV00186,ADDR00202,Delhi,regular
CUST00034,2026-02-17,196,DEV00187,ADDR00203,Delhi,regular
CUST00035,2025-12-16,259,DEV00188,ADDR00204,Bangalore,regular
CUST00036,2025-06-04,454,DEV00189,ADDR00205,Bangalore,regular
CUST00037,2026-02-16,197,DEV00190,ADDR00206,Jaipur,regular
CUST00038,2025-05-09,480,DEV00103,ADDR00207,Indore,regular
CUST00039,2026-06-12,81,DEV00124,ADDR00020,Delhi,new
CUST00040,2025-09-30,336,DEV00191,ADDR00208,Ahmedabad,premium
CUST00041,2025-05-07,482,DEV00192,ADDR00209,Surat,regular
CUST00042,2026-06-20,73,DEV00078,ADDR00210,Mumbai,occasional
CUST00043,2026-02-06,207,DEV00193,ADDR00211,Kolkata,regular
CUST00044,2025-12-05,270,DEV00194,ADDR00121,Bangalore,occasional
CUST00045,2025-04-16,503,DEV00195,ADDR00212,Mumbai,occasional
CUST00046,2026-05-12,112,DEV00196,ADDR00037,Mumbai,regular
CUST00047,2025-05-29,460,DEV00197,ADDR00213,Chennai,occasional
CUST00048,2026-07-19,44,DEV00072,ADDR00214,Bangalore,occasional
CUST00049,2025-03-22,528,DEV00198,ADDR00215,Delhi,regular
CUST00050,2025-12-02,273,DEV00199,ADDR00216,Kolkata,premium
CUST00051,2026-07-20,43,DEV00200,ADDR00217,Chennai,premium
CUST00052,2026-06-11,82,DEV00085,ADDR00218,Kolkata,new
CUST00053,2025-10-21,315,DEV00201,ADDR00219,Indore,regular
CUST00054,2025-04-23,496,DEV00202,ADDR00220,Bangalore,occasional
CUST00055,2025-10-12,324,DEV00203,ADDR00221,Pune,regular
CUST00056,2025-12-15,260,DEV00204,ADDR00222,Ahmedabad,regular
CUST00057,2025-07-19,409,DEV00113,ADDR00223,Mumbai,occasional
CUST00058,2026-01-03,241,DEV00205,ADDR00224,Ahmedabad,premium
CUST00059,2025-12-17,258,DEV00206,ADDR00225,Kolkata,new
CUST00060,2025-09-02,364,DEV00207,ADDR00226,Ahmedabad,premium
CUST00061,2026-02-14,199,DEV00208,ADDR00227,Mumbai,regular
CUST00062,2026-05-04,120,DEV00094,ADDR00150,Hyderabad,occasional
CUST00063,2026-08-06,26,DEV00130,ADDR00228,Surat,new
CUST00064,2026-03-06,179,DEV00209,ADDR00229,Bangalore,new
CUST00065,2025-09-01,365,DEV00210,ADDR00230,Hyderabad,occasional
CUST00066,2026-05-23,101,DEV00211,ADDR00231,Pune,occasional
CUST00067,2026-02-23,190,DEV00212,ADDR00232,Kolkata,regular
CUST00068,2026-02-01,212,DEV00213,ADDR00233,Delhi,new
CUST00069,2026-04-20,134,DEV00214,ADDR00234,Jaipur,regular
CUST00070,2026-01-22,222,DEV00215,ADDR00003,Surat,occasional
CUST00071,2026-01-17,227,DEV00216,ADDR00235,Bangalore,occasional
CUST00072,2025-06-28,430,DEV00217,ADDR00236,Mumbai,regular
CUST00073,2025-07-12,416,DEV00218,ADDR00237,Delhi,regular
CUST00074,2026-05-13,111,DEV00219,ADDR00238,Bangalore,regular
CUST00075,2026-04-24,130,DEV00220,ADDR00239,Ahmedabad,regular
CUST00076,2025-06-18,440,DEV00221,ADDR00240,Jaipur,regular
CUST00077,2025-05-17,472,DEV00222,ADDR00241,Kolkata,regular
CUST00078,2026-03-09,176,DEV00223,ADDR00242,Mumbai,new
CUST00079,2025-07-03,425,DEV00224,ADDR00243,Hyderabad,regular
CUST00080,2026-01-14,230,DEV00225,ADDR00244,Delhi,regular
CUST00081,2026-01-08,236,DEV00226,ADDR00245,Indore,regular
CUST00082,2025-05-10,479,DEV00227,ADDR00246,Surat,premium
CUST00083,2026-04-08,146,DEV00069,ADDR00129,Jaipur,regular
CUST00084,2025-08-11,386,DEV00228,ADDR00247,Delhi,regular
CUST00085,2025-12-20,255,DEV00229,ADDR00248,Jaipur,occasional
CUST00086,2025-11-17,288,DEV00230,ADDR00249,Kolkata,premium
CUST00087,2026-03-22,163,DEV00231,ADDR00250,Chennai,premium
CUST00088,2025-03-28,522,DEV00232,ADDR00251,Mumbai,occasional
CUST00089,2025-10-25,311,DEV00233,ADDR00252,Jaipur,regular
CUST00090,2025-03-01,549,DEV00234,ADDR00253,Delhi,regular
CUST00091,2025-12-23,252,DEV00235,ADDR00254,Mumbai,regular
CUST00092,2025-11-15,290,DEV00236,ADDR00150,Hyderabad,premium
CUST00093,2025-03-10,540,DEV00237,ADDR00255,Hyderabad,occasional
CUST00094,2026-02-19,194,DEV00238,ADDR00256,Mumbai,regular
CUST00095,2026-01-14,230,DEV00239,ADDR00072,Chennai,regular
CUST00096,2025-12-30,245,DEV00021,ADDR00111,Lucknow,new
CUST00097,2025-09-24,342,DEV00240,ADDR00257,Bangalore,regular
CUST00098,2025-11-15,290,DEV00241,ADDR00258,Pune,regular
CUST00099,2025-08-06,391,DEV00242,ADDR00138,Ahmedabad,regular
CUST00100,2025-06-06,452,DEV00243,ADDR00259,Hyderabad,occasional
CUST00101,2025-09-14,352,DEV00244,ADDR00260,Pune,regular
CUST00102,2025-03-12,538,DEV00245,ADDR00261,Mumbai,new
CUST00103,2025-03-09,541,DEV00246,ADDR00262,Delhi,regular
CUST00104,2026-05-24,100,DEV00247,ADDR00073,Surat,regular
CUST00105,2026-05-19,105,DEV00248,ADDR00263,Pune,occasional
CUST00106,2026-03-03,182,DEV00249,ADDR00264,Mumbai,regular
CUST00107,2025-12-03,272,DEV00250,ADDR00265,Pune,occasional
CUST00108,2025-05-21,468,DEV00251,ADDR00106,Chennai,regular
CUST00109,2025-10-09,327,DEV00037,ADDR00027,Bangalore,occasional
CUST00110,2025-12-19,256,DEV00252,ADDR00266,Chennai,regular
CUST00111,2026-01-28,216,DEV00253,ADDR00267,Pune,new
CUST00112,2026-02-20,193,DEV00254,ADDR00268,Surat,regular
CUST00113,2026-05-11,113,DEV00137,ADDR00269,Bangalore,premium
CUST00114,2026-01-13,231,DEV00255,ADDR00270,Chandigarh,regular
CUST00115,2025-12-10,265,DEV00256,ADDR00271,Chennai,regular
CUST00116,2026-01-27,217,DEV00257,ADDR00272,Pune,regular
CUST00117,2025-05-18,471,DEV00258,ADDR00273,Kochi,regular
CUST00118,2025-10-04,332,DEV00259,ADDR00274,Hyderabad,premium
CUST00119,2026-04-12,142,DEV00260,ADDR00275,Bangalore,premium
CUST00120,2025-03-17,533,DEV00261,ADDR00276,Surat,regular
CUST00121,2025-09-05,361,DEV00262,ADDR00277,Chennai,regular
CUST00122,2025-07-28,400,DEV00263,ADDR00278,Delhi,premium
CUST00123,2026-04-05,149,DEV00264,ADDR00279,Surat,regular
CUST00124,2026-02-12,201,DEV00265,ADDR00280,Indore,regular
CUST00125,2025-11-06,299,DEV00266,ADDR00281,Delhi,occasional
CUST00126,2026-04-17,137,DEV00267,ADDR00282,Mumbai,occasional
CUST00127,2025-05-22,467,DEV00135,ADDR00283,Chennai,premium
CUST00128,2025-12-09,266,DEV00268,ADDR00284,Hyderabad,premium
CUST00129,2025-10-06,330,DEV00269,ADDR00285,Ahmedabad,regular
CUST00130,2025-03-14,536,DEV00270,ADDR00286,Delhi,premium
CUST00131,2026-04-16,138,DEV00099,ADDR00287,Chandigarh,new
CUST00132,2026-01-13,231,DEV00128,ADDR00288,Hyderabad,premium
CUST00133,2025-09-05,361,DEV00271,ADDR00289,Delhi,occasional
CUST00134,2025-04-19,500,DEV00272,ADDR00290,Jaipur,premium
CUST00135,2026-06-18,75,DEV00273,ADDR00291,Mumbai,premium
CUST00136,2026-06-29,64,DEV00274,ADDR00292,Bangalore,new
CUST00137,2026-04-09,145,DEV00107,ADDR00160,Hyderabad,regular
CUST00138,2025-10-21,315,DEV00275,ADDR00293,Ahmedabad,premium
CUST00139,2025-05-30,459,DEV00276,ADDR00294,Chennai,regular
CUST00140,2025-09-29,337,DEV00277,ADDR00295,Chennai,regular
CUST00141,2025-07-06,422,DEV00278,ADDR00296,Delhi,premium
CUST00142,2025-05-24,465,DEV00279,ADDR00297,Delhi,premium
CUST00143,2026-05-26,98,DEV00280,ADDR00298,Bangalore,premium
CUST00144,2026-05-11,113,DEV00281,ADDR00299,Bangalore,new
CUST00145,2026-07-20,43,DEV00033,ADDR00300,Chandigarh,new
CUST00146,2026-04-29,125,DEV00282,ADDR00301,Ahmedabad,regular
CUST00147,2025-04-25,494,DEV00283,ADDR00302,Ahmedabad,regular
CUST00148,2025-12-20,255,DEV00284,ADDR00303,Mumbai,premium
CUST00149,2026-03-31,154,DEV00285,ADDR00304,Ahmedabad,regular
CUST00150,2025-03-08,542,DEV00286,ADDR00305,Hyderabad,premium
CUST00151,2025-06-09,449,DEV00287,ADDR00306,Bangalore,occasional
CUST00152,2026-08-07,25,DEV00011,ADDR00307,Chennai,occasional
CUST00153,2026-06-25,68,DEV00109,ADDR00042,Ahmedabad,new
CUST00154,2026-06-26,67,DEV00288,ADDR00308,Kolkata,premium
CUST00155,2025-07-05,423,DEV00289,ADDR00309,Pune,premium
CUST00156,2025-05-08,481,DEV00290,ADDR00310,Kolkata,regular
CUST00157,2025-12-28,247,DEV00291,ADDR00311,Delhi,new
CUST00158,2026-05-01,123,DEV00292,ADDR00312,Pune,regular
CUST00159,2025-10-01,335,DEV00153,ADDR00313,Lucknow,premium
CUST00160,2025-05-12,477,DEV00293,ADDR00314,Delhi,regular
CUST00161,2025-11-29,276,DEV00294,ADDR00315,Chennai,premium
CUST00162,2025-10-22,314,DEV00295,ADDR00316,Jaipur,occasional
CUST00163,2025-09-29,337,DEV00296,ADDR00317,Chennai,premium
CUST00164,2025-04-10,509,DEV00297,ADDR00318,Chandigarh,regular
CUST00165,2025-04-12,507,DEV00298,ADDR00319,Delhi,premium
CUST00166,2026-01-08,236,DEV00299,ADDR00320,Mumbai,regular
CUST00167,2025-03-28,522,DEV00300,ADDR00321,Bangalore,regular
CUST00168,2026-04-14,140,DEV00301,ADDR00322,Chandigarh,occasional
CUST00169,2025-08-09,388,DEV00302,ADDR00323,Bangalore,regular
CUST00170,2026-04-14,140,DEV00303,ADDR00324,Mumbai,premium
CUST00171,2025-09-27,339,DEV00304,ADDR00325,Delhi,regular
CUST00172,2026-02-23,190,DEV00305,ADDR00326,Mumbai,new
CUST00173,2026-04-27,127,DEV00306,ADDR00327,Bangalore,new
CUST00174,2025-04-03,516,DEV00307,ADDR00328,Delhi,regular
CUST00175,2025-04-02,517,DEV00308,ADDR00329,Bangalore,regular
CUST00176,2026-05-30,94,DEV00309,ADDR00330,Hyderabad,new
CUST00177,2025-12-31,244,DEV00310,ADDR00137,Bangalore,occasional
CUST00178,2025-11-26,279,DEV00311,ADDR00076,Mumbai,occasional
CUST00179,2025-04-17,502,DEV00312,ADDR00331,Delhi,premium
CUST00180,2025-11-13,292,DEV00313,ADDR00332,Jaipur,premium
CUST00181,2026-06-07,86,DEV00314,ADDR00062,Hyderabad,new
CUST00182,2026-01-17,227,DEV00315,ADDR00333,Bangalore,regular
CUST00183,2025-07-27,401,DEV00316,ADDR00334,Mumbai,regular
CUST00184,2026-05-24,100,DEV00317,ADDR00335,Pune,occasional
CUST00185,2026-03-28,157,DEV00318,ADDR00336,Mumbai,premium
CUST00186,2026-01-09,235,DEV00319,ADDR00337,Chennai,regular
CUST00187,2026-01-13,231,DEV00320,ADDR00338,Lucknow,regular
CUST00188,2025-04-10,509,DEV00321,ADDR00339,Hyderabad,premium
CUST00189,2025-09-18,348,DEV00322,ADDR00340,Hyderabad,occasional
CUST00190,2025-06-03,455,DEV00323,ADDR00341,Kolkata,occasional
CUST00191,2025-04-28,491,DEV00324,ADDR00342,Mumbai,occasional
CUST00192,2025-03-01,549,DEV00325,ADDR00343,Pune,regular
CUST00193,2026-07-28,35,DEV00121,ADDR00344,Delhi,new
CUST00194,2025-09-27,339,DEV00326,ADDR00345,Jaipur,premium
CUST00195,2026-03-15,170,DEV00050,ADDR00346,Delhi,regular
CUST00196,2026-03-21,164,DEV00327,ADDR00347,Bangalore,regular
CUST00197,2025-05-05,484,DEV00328,ADDR00348,Bangalore,regular
CUST00198,2025-11-30,275,DEV00329,ADDR00349,Kolkata,occasional
CUST00199,2026-04-27,127,DEV00330,ADDR00350,Bangalore,regular
CUST00200,2026-05-28,96,DEV00331,ADDR00139,Lucknow,regular
CUST00201,2025-05-18,471,DEV00332,ADDR00351,Indore,occasional
CUST00202,2025-10-12,324,DEV00333,ADDR00352,Pune,regular
CUST00203,2025-03-23,527,DEV00334,ADDR00353,Indore,regular
CUST00204,2026-06-07,86,DEV00129,ADDR00354,Mumbai,new
CUST00205,2026-03-29,156,DEV00335,ADDR00355,Ahmedabad,occasional
CUST00206,2025-12-11,264,DEV00336,ADDR00356,Delhi,premium
CUST00207,2026-01-19,225,DEV00337,ADDR00357,Mumbai,regular
CUST00208,2025-03-09,541,DEV00338,ADDR00358,Hyderabad,premium
CUST00209,2026-03-23,162,DEV00339,ADDR00359,Delhi,regular
CUST00210,2025-07-03,425,DEV00340,ADDR00360,Delhi,regular
CUST00211,2026-04-30,124,DEV00341,ADDR00361,Chennai,occasional
CUST00212,2025-06-14,444,DEV00342,ADDR00362,Mumbai,regular
CUST00213,2025-08-29,368,DEV00343,ADDR00363,Delhi,regular
CUST00214,2025-12-27,248,DEV00344,ADDR00364,Surat,occasional
CUST00215,2025-10-18,318,DEV00345,ADDR00365,Delhi,occasional
CUST00216,2026-01-13,231,DEV00346,ADDR00366,Bangalore,regular
CUST00217,2025-12-01,274,DEV00347,ADDR00367,Chennai,regular
CUST00218,2026-05-23,101,DEV00348,ADDR00368,Delhi,occasional
CUST00219,2025-10-05,331,DEV00349,ADDR00369,Bangalore,regular
CUST00220,2026-04-01,153,DEV00093,ADDR00370,Mumbai,new
CUST00221,2026-05-28,96,DEV00350,ADDR00371,Delhi,regular
CUST00222,2025-04-14,505,DEV00351,ADDR00372,Ahmedabad,premium
CUST00223,2026-06-06,87,DEV00086,ADDR00373,Kolkata,premium
CUST00224,2025-09-23,343,DEV00352,ADDR00374,Ahmedabad,occasional
CUST00225,2026-04-15,139,DEV00353,ADDR00375,Delhi,regular
CUST00226,2025-06-30,428,DEV00354,ADDR00376,Mumbai,regular
CUST00227,2025-06-06,452,DEV00355,ADDR00377,Indore,regular
CUST00228,2025-07-11,417,DEV00356,ADDR00378,Mumbai,regular
CUST00229,2026-01-31,213,DEV00357,ADDR00379,Mumbai,new
CUST00230,2025-05-04,485,DEV00358,ADDR00380,Ahmedabad,regular
CUST00231,2026-05-25,99,DEV00359,ADDR00381,Kolkata,regular
CUST00232,2025-09-24,342,DEV00360,ADDR00382,Chandigarh,regular
CUST00233,2025-06-29,429,DEV00361,ADDR00383,Delhi,premium
CUST00234,2026-05-27,97,DEV00362,ADDR00067,Mumbai,occasional
CUST00235,2025-05-20,469,DEV00363,ADDR00384,Kolkata,regular
CUST00236,2026-03-12,173,DEV00364,ADDR00385,Lucknow,regular
CUST00237,2025-10-29,307,DEV00365,ADDR00386,Surat,regular
CUST00238,2025-07-24,404,DEV00366,ADDR00067,Mumbai,regular
CUST00239,2025-10-19,317,DEV00367,ADDR00387,Bangalore,premium
CUST00240,2026-02-19,194,DEV00368,ADDR00388,Mumbai,regular
CUST00241,2025-06-17,441,DEV00369,ADDR00389,Ahmedabad,occasional
CUST00242,2025-05-16,473,DEV00370,ADDR00390,Bangalore,regular
CUST00243,2026-08-06,26,DEV00110,ADDR00391,Delhi,regular
CUST00244,2025-12-05,270,DEV00371,ADDR00008,Delhi,premium
CUST00245,2025-12-23,252,DEV00372,ADDR00392,Ahmedabad,occasional
CUST00246,2025-11-24,281,DEV00373,ADDR00393,Mumbai,premium
CUST00247,2026-05-24,100,DEV00374,ADDR00394,Ahmedabad,occasional
CUST00248,2026-05-06,118,DEV00375,ADDR00395,Kolkata,regular
CUST00249,2025-07-11,417,DEV00376,ADDR00396,Delhi,regular
CUST00250,2025-09-05,361,DEV00377,ADDR00397,Chennai,regular
CUST00251,2026-03-03,182,DEV00378,ADDR00003,Surat,regular
CUST00252,2026-08-13,19,DEV00089,ADDR00130,Surat,new
CUST00253,2025-12-28,247,DEV00379,ADDR00398,Kolkata,regular
CUST00254,2026-01-16,228,DEV00380,ADDR00399,Bangalore,new
CUST00255,2025-07-11,417,DEV00381,ADDR00400,Bangalore,regular
CUST00256,2025-11-05,300,DEV00382,ADDR00401,Chennai,premium
CUST00257,2025-04-19,500,DEV00383,ADDR00402,Chennai,regular
CUST00258,2025-10-09,327,DEV00384,ADDR00403,Hyderabad,regular
CUST00259,2026-04-12,142,DEV00385,ADDR00404,Ahmedabad,regular
CUST00260,2025-10-11,325,DEV00386,ADDR00405,Bangalore,premium
CUST00261,2025-09-07,359,DEV00387,ADDR00406,Delhi,regular
CUST00262,2025-10-30,306,DEV00388,ADDR00407,Delhi,regular
CUST00263,2026-02-28,185,DEV00389,ADDR00408,Kochi,occasional
CUST00264,2026-05-26,98,DEV00390,ADDR00058,Surat,occasional
CUST00265,2025-11-15,290,DEV00391,ADDR00409,Indore,regular
CUST00266,2025-09-04,362,DEV00392,ADDR00410,Delhi,regular
CUST00267,2026-03-16,169,DEV00393,ADDR00411,Kolkata,new
CUST00268,2026-02-05,208,DEV00394,ADDR00412,Chennai,new
CUST00269,2025-05-01,488,DEV00395,ADDR00413,Delhi,occasional
CUST00270,2026-03-02,183,DEV00396,ADDR00414,Mumbai,regular
CUST00271,2025-04-15,504,DEV00397,ADDR00415,Mumbai,regular
CUST00272,2025-10-12,324,DEV00398,ADDR00416,Mumbai,occasional
CUST00273,2026-04-05,149,DEV00399,ADDR00417,Bangalore,regular
CUST00274,2025-10-05,331,DEV00400,ADDR00077,Kolkata,regular
CUST00275,2026-05-28,96,DEV00401,ADDR00418,Mumbai,regular
CUST00276,2025-12-30,245,DEV00402,ADDR00419,Hyderabad,regular
CUST00277,2025-04-10,509,DEV00403,ADDR00420,Delhi,premium
CUST00278,2025-04-08,511,DEV00404,ADDR00421,Kolkata,regular
CUST00279,2025-11-24,281,DEV00151,ADDR00422,Kolkata,regular
CUST00280,2025-08-28,369,DEV00405,ADDR00423,Kochi,occasional
CUST00281,2026-06-15,78,DEV00110,ADDR00061,Pune,premium
CUST00282,2026-06-01,92,DEV00063,ADDR00102,Lucknow,regular
CUST00283,2025-12-19,256,DEV00037,ADDR00424,Hyderabad,occasional
CUST00284,2026-02-27,186,DEV00406,ADDR00425,Mumbai,premium
CUST00285,2026-02-26,187,DEV00407,ADDR00426,Bangalore,occasional
CUST00286,2025-06-13,445,DEV00408,ADDR00427,Hyderabad,regular
CUST00287,2025-04-19,500,DEV00409,ADDR00428,Mumbai,regular
CUST00288,2026-03-31,154,DEV00410,ADDR00429,Chennai,regular
CUST00289,2025-11-21,284,DEV00411,ADDR00430,Delhi,regular
CUST00290,2026-02-18,195,DEV00412,ADDR00431,Pune,regular
CUST00291,2025-08-17,380,DEV00413,ADDR00432,Ahmedabad,occasional
CUST00292,2025-12-09,266,DEV00414,ADDR00433,Delhi,premium
CUST00293,2025-06-19,439,DEV00084,ADDR00434,Jaipur,regular
CUST00294,2025-11-08,297,DEV00415,ADDR00435,Bangalore,occasional
CUST00295,2025-07-08,420,DEV00416,ADDR00436,Jaipur,premium
CUST00296,2026-04-08,146,DEV00417,ADDR00437,Ahmedabad,regular
CUST00297,2026-03-09,176,DEV00418,ADDR00438,Indore,occasional
CUST00298,2025-12-07,268,DEV00419,ADDR00439,Mumbai,regular
CUST00299,2026-07-06,57,DEV00420,ADDR00440,Mumbai,new
CUST00300,2025-11-07,298,DEV00421,ADDR00441,Surat,regular
CUST00301,2025-03-15,535,DEV00422,ADDR00442,Pune,occasional
CUST00302,2026-03-20,165,DEV00423,ADDR00443,Jaipur,regular
CUST00303,2026-01-06,238,DEV00424,ADDR00444,Hyderabad,premium
CUST00304,2026-02-09,204,DEV00425,ADDR00445,Delhi,regular
CUST00305,2025-11-07,298,DEV00426,ADDR00446,Kolkata,premium
CUST00306,2025-10-30,306,DEV00094,ADDR00093,Bangalore,premium
CUST00307,2026-06-06,87,DEV00098,ADDR00447,Hyderabad,new
CUST00308,2026-02-15,198,DEV00427,ADDR00448,Chennai,premium
CUST00309,2026-04-21,133,DEV00428,ADDR00449,Jaipur,new
CUST00310,2025-05-22,467,DEV00429,ADDR00450,Hyderabad,regular
CUST00311,2025-05-01,488,DEV00430,ADDR00451,Delhi,premium
CUST00312,2025-04-28,491,DEV00431,ADDR00452,Surat,occasional
CUST00313,2025-07-27,401,DEV00432,ADDR00453,Surat,regular
CUST00314,2025-11-01,304,DEV00433,ADDR00454,Jaipur,regular
CUST00315,2025-12-29,246,DEV00434,ADDR00455,Chennai,occasional
CUST00316,2025-05-23,466,DEV00435,ADDR00456,Delhi,regular
CUST00317,2025-04-28,491,DEV00436,ADDR00457,Mumbai,regular
CUST00318,2026-04-27,127,DEV00437,ADDR00458,Bangalore,occasional
CUST00319,2025-10-30,306,DEV00438,ADDR00459,Pune,occasional
CUST00320,2025-08-15,382,DEV00439,ADDR00460,Pune,premium
CUST00321,2026-01-02,242,DEV00440,ADDR00461,Indore,regular
CUST00322,2026-06-23,70,DEV00033,ADDR00462,Lucknow,regular
CUST00323,2025-12-17,258,DEV00441,ADDR00463,Surat,regular
CUST00324,2025-08-18,379,DEV00442,ADDR00464,Kochi,premium
CUST00325,2026-03-06,179,DEV00443,ADDR00465,Kolkata,occasional
CUST00326,2025-06-02,456,DEV00444,ADDR00466,Indore,occasional
CUST00327,2026-03-11,174,DEV00445,ADDR00467,Mumbai,regular
CUST00328,2026-03-12,173,DEV00446,ADDR00468,Pune,occasional
CUST00329,2026-04-23,131,DEV00447,ADDR00469,Lucknow,new
CUST00330,2025-10-08,328,DEV00003,ADDR00470,Bangalore,premium
CUST00331,2026-04-04,150,DEV00083,ADDR00471,Chandigarh,premium
CUST00332,2025-03-08,542,DEV00448,ADDR00472,Mumbai,premium
CUST00333,2025-11-22,283,DEV00449,ADDR00134,Chennai,regular
CUST00334,2025-05-27,462,DEV00450,ADDR00473,Delhi,premium
CUST00335,2025-12-27,248,DEV00451,ADDR00474,Delhi,regular
CUST00336,2025-12-23,252,DEV00452,ADDR00475,Ahmedabad,occasional
CUST00337,2025-06-08,450,DEV00453,ADDR00476,Jaipur,occasional
CUST00338,2025-09-06,360,DEV00454,ADDR00477,Lucknow,premium
CUST00339,2026-03-18,167,DEV00455,ADDR00478,Lucknow,premium
CUST00340,2025-12-03,272,DEV00456,ADDR00479,Chandigarh,regular
CUST00341,2025-04-22,497,DEV00052,ADDR00480,Bangalore,regular
CUST00342,2026-07-24,39,DEV00001,ADDR00481,Delhi,new
CUST00343,2026-04-09,145,DEV00457,ADDR00482,Delhi,new
CUST00344,2026-04-01,153,DEV00458,ADDR00483,Delhi,regular
CUST00345,2025-04-12,507,DEV00459,ADDR00484,Ahmedabad,regular
CUST00346,2025-08-23,374,DEV00460,ADDR00485,Ahmedabad,premium
CUST00347,2025-12-08,267,DEV00461,ADDR00486,Indore,regular
CUST00348,2026-03-16,169,DEV00462,ADDR00487,Hyderabad,regular
CUST00349,2026-03-10,175,DEV00463,ADDR00488,Pune,regular
CUST00350,2025-05-21,468,DEV00464,ADDR00489,Delhi,occasional
CUST00351,2026-04-29,125,DEV00465,ADDR00490,Chennai,regular
CUST00352,2025-11-14,291,DEV00051,ADDR00126,Bangalore,regular
CUST00353,2025-05-30,459,DEV00062,ADDR00491,Bangalore,regular
CUST00354,2025-07-19,409,DEV00466,ADDR00492,Bangalore,occasional
CUST00355,2026-05-10,114,DEV00019,ADDR00493,Kochi,regular
CUST00356,2025-12-23,252,DEV00467,ADDR00011,Kolkata,premium
CUST00357,2026-01-19,225,DEV00468,ADDR00494,Indore,regular
CUST00358,2026-02-11,202,DEV00469,ADDR00495,Bangalore,new
CUST00359,2025-07-03,425,DEV00470,ADDR00496,Jaipur,premium
CUST00360,2025-06-23,435,DEV00471,ADDR00497,Chennai,regular
CUST00361,2026-03-17,168,DEV00472,ADDR00498,Mumbai,occasional
CUST00362,2026-01-30,214,DEV00473,ADDR00499,Pune,regular
CUST00363,2026-01-09,235,DEV00474,ADDR00500,Chennai,occasional
CUST00364,2026-01-13,231,DEV00475,ADDR00501,Kochi,occasional
CUST00365,2026-01-27,217,DEV00476,ADDR00502,Bangalore,new
CUST00366,2025-06-07,451,DEV00477,ADDR00503,Hyderabad,regular
CUST00367,2025-11-02,303,DEV00478,ADDR00504,Jaipur,regular
CUST00368,2025-04-07,512,DEV00479,ADDR00505,Delhi,regular
CUST00369,2025-11-03,302,DEV00480,ADDR00506,Lucknow,regular
CUST00370,2026-05-27,97,DEV00131,ADDR00066,Ahmedabad,premium
CUST00371,2025-10-09,327,DEV00481,ADDR00507,Mumbai,regular
CUST00372,2026-03-06,179,DEV00141,ADDR00508,Mumbai,regular
CUST00373,2026-01-01,243,DEV00482,ADDR00509,Hyderabad,premium
CUST00374,2026-03-27,158,DEV00483,ADDR00510,Chennai,regular
CUST00375,2025-12-20,255,DEV00484,ADDR00511,Delhi,new
CUST00376,2026-07-06,57,DEV00090,ADDR00029,Hyderabad,new
CUST00377,2025-06-11,447,DEV00485,ADDR00512,Jaipur,regular
CUST00378,2025-09-30,336,DEV00486,ADDR00513,Mumbai,premium
CUST00379,2025-04-26,493,DEV00487,ADDR00514,Chandigarh,occasional
CUST00380,2025-07-13,415,DEV00488,ADDR00515,Mumbai,premium
CUST00381,2025-05-23,466,DEV00489,ADDR00516,Hyderabad,regular
CUST00382,2026-05-16,108,DEV00116,ADDR00517,Mumbai,regular
CUST00383,2025-10-03,333,DEV00490,ADDR00023,Jaipur,regular
CUST00384,2025-06-19,439,DEV00491,ADDR00518,Bangalore,premium
CUST00385,2026-05-26,98,DEV00492,ADDR00519,Bangalore,regular
CUST00386,2025-03-13,537,DEV00493,ADDR00520,Delhi,occasional
CUST00387,2025-05-22,467,DEV00121,ADDR00521,Ahmedabad,premium
CUST00388,2025-10-23,313,DEV00494,ADDR00522,Bangalore,new
CUST00389,2025-03-02,548,DEV00495,ADDR00523,Kolkata,regular
CUST00390,2025-09-26,340,DEV00496,ADDR00524,Hyderabad,regular
CUST00391,2025-08-27,370,DEV00497,ADDR00525,Hyderabad,regular
CUST00392,2026-04-10,144,DEV00064,ADDR00023,Jaipur,occasional
CUST00393,2025-04-30,489,DEV00498,ADDR00526,Surat,regular
CUST00394,2026-02-02,211,DEV00499,ADDR00527,Chennai,premium
CUST00395,2025-11-11,294,DEV00500,ADDR00107,Bangalore,regular
CUST00396,2025-05-18,471,DEV00501,ADDR00528,Mumbai,occasional
CUST00397,2025-12-11,264,DEV00005,ADDR00529,Surat,regular
CUST00398,2025-09-30,336,DEV00100,ADDR00530,Mumbai,premium
CUST00399,2025-10-16,320,DEV00502,ADDR00531,Delhi,regular
CUST00400,2026-05-23,101,DEV00503,ADDR00532,Hyderabad,new
CUST00401,2025-03-26,524,DEV00034,ADDR00533,Bangalore,premium
CUST00402,2026-04-25,129,DEV00504,ADDR00534,Hyderabad,regular
CUST00403,2025-05-12,477,DEV00505,ADDR00535,Jaipur,premium
CUST00404,2025-04-29,490,DEV00506,ADDR00536,Bangalore,regular
CUST00405,2025-08-25,372,DEV00507,ADDR00537,Pune,premium
CUST00406,2026-01-10,234,DEV00508,ADDR00538,Mumbai,occasional
CUST00407,2025-09-25,341,DEV00509,ADDR00539,Chennai,occasional
CUST00408,2025-07-16,412,DEV00510,ADDR00540,Hyderabad,premium
CUST00409,2025-03-18,532,DEV00511,ADDR00541,Kolkata,premium
CUST00410,2025-10-22,314,DEV00512,ADDR00542,Ahmedabad,premium
CUST00411,2026-04-15,139,DEV00513,ADDR00543,Pune,regular
CUST00412,2025-04-30,489,DEV00514,ADDR00544,Pune,premium
CUST00413,2025-05-18,471,DEV00515,ADDR00545,Bangalore,regular
CUST00414,2025-08-18,379,DEV00516,ADDR00546,Delhi,premium
CUST00415,2025-09-24,342,DEV00517,ADDR00547,Pune,regular
CUST00416,2025-07-11,417,DEV00518,ADDR00548,Kolkata,regular
CUST00417,2025-08-23,374,DEV00519,ADDR00549,Mumbai,regular
CUST00418,2025-09-20,346,DEV00111,ADDR00550,Hyderabad,regular
CUST00419,2025-11-30,275,DEV00520,ADDR00551,Ahmedabad,premium
CUST00420,2026-04-13,141,DEV00521,ADDR00552,Jaipur,premium
CUST00421,2025-09-28,338,DEV00522,ADDR00553,Mumbai,regular
CUST00422,2025-08-22,375,DEV00523,ADDR00554,Hyderabad,regular
CUST00423,2025-07-12,416,DEV00524,ADDR00555,Mumbai,regular
CUST00424,2025-09-19,347,DEV00525,ADDR00556,Indore,regular
CUST00425,2025-12-20,255,DEV00526,ADDR00557,Kolkata,regular
CUST00426,2026-04-26,128,DEV00527,ADDR00558,Chennai,regular
CUST00427,2026-04-28,126,DEV00528,ADDR00559,Lucknow,premium
CUST00428,2025-08-03,394,DEV00529,ADDR00122,Chennai,occasional
CUST00429,2026-05-01,123,DEV00530,ADDR00560,Delhi,regular
CUST00430,2025-11-09,296,DEV00531,ADDR00561,Delhi,regular
CUST00431,2025-05-12,477,DEV00532,ADDR00086,Kolkata,occasional
CUST00432,2026-06-02,91,DEV00110,ADDR00082,Chennai,new
CUST00433,2025-09-01,365,DEV00123,ADDR00562,Chennai,occasional
CUST00434,2025-06-18,440,DEV00533,ADDR00563,Kolkata,premium
CUST00435,2025-07-20,408,DEV00534,ADDR00564,Hyderabad,regular
CUST00436,2026-05-19,105,DEV00535,ADDR00565,Pune,regular
CUST00437,2025-12-13,262,DEV00536,ADDR00566,Jaipur,regular
CUST00438,2026-04-27,127,DEV00537,ADDR00567,Kolkata,new
CUST00439,2026-04-11,143,DEV00538,ADDR00568,Kolkata,occasional
CUST00440,2026-03-13,172,DEV00539,ADDR00569,Pune,new
CUST00441,2026-05-09,115,DEV00540,ADDR00570,Pune,new
CUST00442,2025-04-22,497,DEV00541,ADDR00571,Lucknow,premium
CUST00443,2025-08-10,387,DEV00542,ADDR00572,Bangalore,occasional
CUST00444,2026-05-26,98,DEV00543,ADDR00573,Pune,new
CUST00445,2025-03-09,541,DEV00544,ADDR00574,Bangalore,premium
CUST00446,2025-08-21,376,DEV00545,ADDR00575,Chennai,regular
CUST00447,2025-05-09,480,DEV00546,ADDR00576,Kochi,regular
CUST00448,2025-10-04,332,DEV00547,ADDR00577,Pune,regular
CUST00449,2025-04-12,507,DEV00548,ADDR00578,Hyderabad,regular
CUST00450,2026-04-15,139,DEV00549,ADDR00579,Hyderabad,regular
CUST00451,2025-06-05,453,DEV00550,ADDR00580,Ahmedabad,regular
CUST00452,2026-05-20,104,DEV00551,ADDR00581,Kochi,regular
CUST00453,2026-07-22,41,DEV00067,ADDR00582,Bangalore,premium
CUST00454,2025-03-07,543,DEV00552,ADDR00583,Pune,regular
CUST00455,2025-11-06,299,DEV00553,ADDR00584,Pune,regular
CUST00456,2025-03-05,545,DEV00554,ADDR00585,Mumbai,occasional
CUST00457,2026-03-02,183,DEV00555,ADDR00586,Mumbai,regular
CUST00458,2025-08-02,395,DEV00556,ADDR00587,Kolkata,regular
CUST00459,2025-06-21,437,DEV00557,ADDR00588,Mumbai,regular
CUST00460,2026-01-18,226,DEV00558,ADDR00589,Kochi,regular
CUST00461,2025-05-28,461,DEV00559,ADDR00590,Mumbai,regular
CUST00462,2025-10-14,322,DEV00560,ADDR00591,Bangalore,premium
CUST00463,2025-06-30,428,DEV00561,ADDR00592,Jaipur,occasional
CUST00464,2025-11-23,282,DEV00562,ADDR00593,Ahmedabad,regular
CUST00465,2026-02-20,193,DEV00563,ADDR00594,Surat,occasional
CUST00466,2025-06-29,429,DEV00564,ADDR00595,Kolkata,premium
CUST00467,2025-10-05,331,DEV00565,ADDR00596,Ahmedabad,regular
CUST00468,2026-05-15,109,DEV00566,ADDR00597,Pune,regular
CUST00469,2025-09-18,348,DEV00567,ADDR00598,Chennai,regular
CUST00470,2025-11-15,290,DEV00568,ADDR00599,Mumbai,occasional
CUST00471,2025-07-28,400,DEV00569,ADDR00600,Chennai,regular
CUST00472,2025-12-05,270,DEV00570,ADDR00601,Mumbai,regular
CUST00473,2025-11-15,290,DEV00571,ADDR00602,Mumbai,premium
CUST00474,2026-03-24,161,DEV00072,ADDR00603,Jaipur,premium
CUST00475,2026-05-17,107,DEV00572,ADDR00604,Bangalore,regular
CUST00476,2025-03-05,545,DEV00573,ADDR00605,Kolkata,premium
CUST00477,2025-03-06,544,DEV00574,ADDR00606,Hyderabad,premium
CUST00478,2025-10-09,327,DEV00575,ADDR00607,Lucknow,premium
CUST00479,2025-11-21,284,DEV00576,ADDR00608,Mumbai,regular
CUST00480,2025-05-17,472,DEV00577,ADDR00609,Kolkata,premium
CUST00481,2026-04-22,132,DEV00578,ADDR00610,Delhi,regular
CUST00482,2026-05-01,123,DEV00579,ADDR00080,Kochi,occasional
CUST00483,2025-06-17,441,DEV00580,ADDR00611,Jaipur,regular
CUST00484,2025-06-01,457,DEV00581,ADDR00612,Mumbai,occasional
CUST00485,2026-06-22,71,DEV00582,ADDR00613,Chandigarh,new
CUST00486,2026-05-10,114,DEV00583,ADDR00614,Mumbai,regular
CUST00487,2026-02-19,194,DEV00584,ADDR00615,Delhi,regular
CUST00488,2025-05-18,471,DEV00585,ADDR00616,Mumbai,regular
CUST00489,2026-01-16,228,DEV00586,ADDR00617,Mumbai,regular
CUST00490,2026-04-03,151,DEV00587,ADDR00618,Mumbai,occasional
CUST00491,2025-10-22,314,DEV00588,ADDR00619,Hyderabad,premium
CUST00492,2025-03-22,528,DEV00589,ADDR00620,Pune,premium
CUST00493,2025-06-14,444,DEV00590,ADDR00621,Bangalore,occasional
CUST00494,2025-03-30,520,DEV00591,ADDR00622,Jaipur,new
CUST00495,2025-05-28,461,DEV00592,ADDR00623,Delhi,regular
CUST00496,2026-08-11,21,DEV00050,ADDR00624,Ahmedabad,new
CUST00497,2026-01-16,228,DEV00593,ADDR00625,Mumbai,occasional
CUST00498,2025-12-30,245,DEV00594,ADDR00626,Kolkata,regular
CUST00499,2025-09-23,343,DEV00595,ADDR00627,Lucknow,regular
CUST00500,2025-12-09,266,DEV00596,ADDR00628,Pune,regular
CUST00501,2025-07-04,424,DEV00597,ADDR00629,Pune,premium
CUST00502,2025-04-01,518,DEV00598,ADDR00630,Delhi,occasional
CUST00503,2025-07-28,400,DEV00599,ADDR00631,Pune,regular
CUST00504,2026-05-04,120,DEV00600,ADDR00096,Hyderabad,premium
CUST00505,2025-05-04,485,DEV00601,ADDR00632,Pune,regular
CUST00506,2025-04-12,507,DEV00602,ADDR00633,Kolkata,occasional
CUST00507,2025-07-19,409,DEV00603,ADDR00634,Chennai,regular
CUST00508,2025-12-04,271,DEV00604,ADDR00635,Lucknow,regular
CUST00509,2025-04-10,509,DEV00605,ADDR00636,Bangalore,regular
CUST00510,2025-05-29,460,DEV00606,ADDR00637,Chandigarh,premium
CUST00511,2026-04-21,133,DEV00607,ADDR00638,Mumbai,new
CUST00512,2025-07-23,405,DEV00608,ADDR00639,Jaipur,premium
CUST00513,2026-01-05,239,DEV00609,ADDR00640,Chennai,regular
CUST00514,2025-06-27,431,DEV00610,ADDR00641,Kochi,premium
CUST00515,2025-11-04,301,DEV00611,ADDR00642,Surat,regular
CUST00516,2025-05-31,458,DEV00612,ADDR00643,Lucknow,regular
CUST00517,2025-11-24,281,DEV00613,ADDR00644,Chandigarh,regular
CUST00518,2025-11-09,296,DEV00614,ADDR00645,Lucknow,regular
CUST00519,2025-03-03,547,DEV00615,ADDR00646,Kolkata,occasional
CUST00520,2026-04-13,141,DEV00102,ADDR00647,Kolkata,occasional
CUST00521,2026-07-05,58,DEV00616,ADDR00648,Chennai,new
CUST00522,2025-05-01,488,DEV00617,ADDR00649,Mumbai,premium
CUST00523,2025-11-25,280,DEV00618,ADDR00650,Mumbai,occasional
CUST00524,2026-05-30,94,DEV00619,ADDR00651,Jaipur,regular
CUST00525,2026-03-10,175,DEV00620,ADDR00652,Kolkata,regular
CUST00526,2026-03-08,177,DEV00621,ADDR00087,Pune,regular
CUST00527,2025-10-30,306,DEV00115,ADDR00026,Delhi,regular
CUST00528,2025-09-11,355,DEV00622,ADDR00653,Delhi,regular
CUST00529,2025-07-12,416,DEV00623,ADDR00654,Delhi,occasional
CUST00530,2026-02-24,189,DEV00624,ADDR00655,Lucknow,regular
CUST00531,2025-03-30,520,DEV00625,ADDR00656,Ahmedabad,occasional
CUST00532,2026-04-10,144,DEV00626,ADDR00657,Mumbai,regular
CUST00533,2025-07-24,404,DEV00627,ADDR00658,Mumbai,regular
CUST00534,2026-05-12,112,DEV00628,ADDR00659,Kolkata,occasional
CUST00535,2026-04-19,135,DEV00629,ADDR00660,Indore,regular
CUST00536,2025-07-10,418,DEV00630,ADDR00661,Bangalore,premium
CUST00537,2025-09-04,362,DEV00631,ADDR00662,Surat,regular
CUST00538,2025-08-24,373,DEV00632,ADDR00663,Delhi,occasional
CUST00539,2026-01-18,226,DEV00633,ADDR00664,Indore,premium
CUST00540,2026-06-16,77,DEV00634,ADDR00665,Delhi,new
CUST00541,2025-07-31,397,DEV00635,ADDR00666,Jaipur,premium
CUST00542,2025-04-14,505,DEV00636,ADDR00667,Kolkata,regular
CUST00543,2025-12-16,259,DEV00637,ADDR00668,Kochi,regular
CUST00544,2025-09-19,347,DEV00142,ADDR00669,Pune,regular
CUST00545,2025-05-24,465,DEV00638,ADDR00144,Kolkata,regular
CUST00546,2025-10-20,316,DEV00639,ADDR00670,Mumbai,regular
CUST00547,2026-02-08,205,DEV00640,ADDR00671,Delhi,regular
CUST00548,2026-07-01,62,DEV00641,ADDR00672,Lucknow,occasional
CUST00549,2026-05-18,106,DEV00642,ADDR00673,Pune,new
CUST00550,2025-05-20,469,DEV00643,ADDR00674,Mumbai,premium
CUST00551,2025-12-15,260,DEV00644,ADDR00675,Kochi,regular
CUST00552,2025-08-05,392,DEV00645,ADDR00676,Bangalore,regular
CUST00553,2026-06-07,86,DEV00646,ADDR00677,Hyderabad,new
CUST00554,2025-07-18,410,DEV00647,ADDR00678,Jaipur,premium
CUST00555,2025-09-23,343,DEV00648,ADDR00679,Pune,premium
CUST00556,2025-06-21,437,DEV00649,ADDR00680,Bangalore,regular
CUST00557,2025-06-09,449,DEV00650,ADDR00681,Chennai,regular
CUST00558,2026-05-14,110,DEV00651,ADDR00094,Jaipur,regular
CUST00559,2025-11-07,298,DEV00652,ADDR00682,Pune,regular
CUST00560,2026-04-26,128,DEV00653,ADDR00683,Hyderabad,regular
CUST00561,2026-05-15,109,DEV00127,ADDR00684,Mumbai,regular
CUST00562,2025-11-04,301,DEV00654,ADDR00685,Delhi,regular
CUST00563,2025-03-20,530,DEV00655,ADDR00686,Bangalore,premium
CUST00564,2025-12-19,256,DEV00656,ADDR00687,Delhi,occasional
CUST00565,2026-05-12,112,DEV00657,ADDR00688,Kochi,regular
CUST00566,2026-01-31,213,DEV00658,ADDR00689,Jaipur,occasional
CUST00567,2025-10-08,328,DEV00659,ADDR00690,Kolkata,regular
CUST00568,2026-05-10,114,DEV00660,ADDR00691,Jaipur,regular
CUST00569,2025-03-16,534,DEV00661,ADDR00692,Pune,regular
CUST00570,2025-12-04,271,DEV00662,ADDR00693,Ahmedabad,premium
CUST00571,2025-10-04,332,DEV00663,ADDR00694,Bangalore,premium
CUST00572,2025-03-18,532,DEV00664,ADDR00695,Hyderabad,occasional
CUST00573,2025-07-21,407,DEV00665,ADDR00696,Delhi,premium
CUST00574,2025-06-01,457,DEV00666,ADDR00697,Chennai,regular
CUST00575,2025-12-04,271,DEV00667,ADDR00698,Bangalore,regular
CUST00576,2026-05-07,117,DEV00668,ADDR00699,Jaipur,regular
CUST00577,2025-06-17,441,DEV00669,ADDR00700,Chandigarh,regular
CUST00578,2025-12-14,261,DEV00670,ADDR00092,Bangalore,new
CUST00579,2026-03-07,178,DEV00671,ADDR00701,Lucknow,new
CUST00580,2026-06-06,87,DEV00046,ADDR00702,Bangalore,new
CUST00581,2025-12-13,262,DEV00672,ADDR00703,Chennai,regular
CUST00582,2026-05-18,106,DEV00673,ADDR00704,Mumbai,premium
CUST00583,2025-09-28,338,DEV00674,ADDR00705,Bangalore,regular
CUST00584,2026-01-19,225,DEV00675,ADDR00706,Pune,occasional
CUST00585,2026-01-11,233,DEV00052,ADDR00707,Surat,occasional
CUST00586,2025-11-18,287,DEV00676,ADDR00708,Chennai,occasional
CUST00587,2026-06-09,84,DEV00071,ADDR00072,Chennai,premium
CUST00588,2025-04-23,496,DEV00677,ADDR00709,Pune,occasional
CUST00589,2026-01-16,228,DEV00678,ADDR00710,Kolkata,regular
CUST00590,2026-05-17,107,DEV00679,ADDR00711,Hyderabad,regular
CUST00591,2025-08-06,391,DEV00680,ADDR00712,Jaipur,regular
CUST00592,2025-08-08,389,DEV00681,ADDR00713,Chennai,premium
CUST00593,2025-10-16,320,DEV00682,ADDR00115,Delhi,regular
CUST00594,2026-07-10,53,DEV00040,ADDR00714,Mumbai,regular
CUST00595,2026-01-08,236,DEV00683,ADDR00715,Mumbai,occasional
CUST00596,2026-06-01,92,DEV00684,ADDR00716,Mumbai,new
CUST00597,2025-12-18,257,DEV00685,ADDR00717,Chennai,occasional
CUST00598,2026-01-11,233,DEV00686,ADDR00718,Hyderabad,regular
CUST00599,2025-09-07,359,DEV00687,ADDR00719,Hyderabad,premium
CUST00600,2025-08-13,384,DEV00688,ADDR00720,Delhi,premium
CUST00601,2025-09-26,340,DEV00689,ADDR00721,Chennai,premium
CUST00602,2026-05-14,110,DEV00690,ADDR00722,Delhi,regular
CUST00603,2025-10-08,328,DEV00005,ADDR00723,Delhi,regular
CUST00604,2026-04-12,142,DEV00126,ADDR00724,Kolkata,regular
CUST00605,2026-07-24,39,DEV00691,ADDR00074,Bangalore,occasional
CUST00606,2026-03-28,157,DEV00692,ADDR00725,Jaipur,premium
CUST00607,2025-04-17,502,DEV00693,ADDR00726,Lucknow,premium
CUST00608,2025-11-20,285,DEV00694,ADDR00727,Bangalore,occasional
CUST00609,2025-10-02,334,DEV00044,ADDR00728,Delhi,premium
CUST00610,2026-01-23,221,DEV00025,ADDR00729,Jaipur,regular
CUST00611,2025-07-10,418,DEV00695,ADDR00730,Kochi,premium
CUST00612,2026-05-16,108,DEV00092,ADDR00142,Ahmedabad,premium
CUST00613,2025-08-25,372,DEV00696,ADDR00731,Delhi,occasional
CUST00614,2026-01-10,234,DEV00697,ADDR00732,Chennai,regular
CUST00615,2025-07-22,406,DEV00698,ADDR00029,Hyderabad,regular
CUST00616,2025-03-19,531,DEV00699,ADDR00733,Delhi,regular
CUST00617,2025-06-06,452,DEV00700,ADDR00734,Surat,regular
CUST00618,2025-08-24,373,DEV00701,ADDR00735,Hyderabad,occasional
CUST00619,2025-12-13,262,DEV00702,ADDR00736,Bangalore,occasional
CUST00620,2026-03-19,166,DEV00703,ADDR00737,Mumbai,regular
CUST00621,2025-05-20,469,DEV00704,ADDR00738,Hyderabad,premium
CUST00622,2025-09-04,362,DEV00705,ADDR00739,Jaipur,premium
CUST00623,2025-09-10,356,DEV00706,ADDR00740,Jaipur,regular
CUST00624,2025-09-07,359,DEV00707,ADDR00741,Bangalore,premium
CUST00625,2026-06-03,90,DEV00132,ADDR00742,Delhi,occasional
CUST00626,2025-12-13,262,DEV00708,ADDR00743,Chennai,occasional
CUST00627,2026-05-26,98,DEV00709,ADDR00744,Bangalore,new
CUST00628,2025-10-03,333,DEV00710,ADDR00745,Ahmedabad,regular
CUST00629,2025-05-31,458,DEV00711,ADDR00746,Mumbai,regular
CUST00630,2026-05-15,109,DEV00712,ADDR00747,Surat,regular
CUST00631,2026-04-01,153,DEV00713,ADDR00748,Delhi,regular
CUST00632,2025-11-02,303,DEV00714,ADDR00749,Bangalore,regular
CUST00633,2026-05-01,123,DEV00715,ADDR00750,Kolkata,regular
CUST00634,2025-12-14,261,DEV00716,ADDR00751,Delhi,regular
CUST00635,2026-04-10,144,DEV00717,ADDR00752,Surat,regular
CUST00636,2025-06-09,449,DEV00718,ADDR00753,Jaipur,occasional
CUST00637,2025-07-01,427,DEV00719,ADDR00754,Mumbai,occasional
CUST00638,2026-06-29,64,DEV00720,ADDR00755,Kolkata,new
CUST00639,2026-05-10,114,DEV00721,ADDR00756,Chennai,regular
CUST00640,2026-01-31,213,DEV00722,ADDR00757,Ahmedabad,occasional
CUST00641,2025-07-27,401,DEV00723,ADDR00758,Hyderabad,occasional
CUST00642,2026-02-21,192,DEV00724,ADDR00759,Ahmedabad,regular
CUST00643,2025-07-14,414,DEV00725,ADDR00760,Bangalore,regular
CUST00644,2025-04-29,490,DEV00007,ADDR00761,Chennai,premium
CUST00645,2025-08-03,394,DEV00726,ADDR00762,Hyderabad,regular
CUST00646,2025-05-03,486,DEV00727,ADDR00763,Mumbai,occasional
CUST00647,2025-06-17,441,DEV00728,ADDR00764,Delhi,regular
CUST00648,2026-02-17,196,DEV00729,ADDR00765,Hyderabad,premium
CUST00649,2026-05-15,109,DEV00730,ADDR00766,Pune,regular
CUST00650,2025-08-14,383,DEV00731,ADDR00767,Ahmedabad,premium
CUST00651,2026-02-05,208,DEV00112,ADDR00768,Delhi,occasional
CUST00652,2025-10-07,329,DEV00732,ADDR00769,Lucknow,regular
CUST00653,2026-02-09,204,DEV00148,ADDR00770,Bangalore,premium
CUST00654,2025-11-22,283,DEV00733,ADDR00771,Bangalore,occasional
CUST00655,2025-04-20,499,DEV00734,ADDR00772,Hyderabad,occasional
CUST00656,2025-12-13,262,DEV00013,ADDR00773,Ahmedabad,regular
CUST00657,2025-11-02,303,DEV00735,ADDR00774,Pune,regular
CUST00658,2025-10-30,306,DEV00736,ADDR00775,Kolkata,premium
CUST00659,2025-06-29,429,DEV00737,ADDR00776,Kolkata,occasional
CUST00660,2026-01-22,222,DEV00738,ADDR00777,Kolkata,premium
CUST00661,2025-11-05,300,DEV00739,ADDR00778,Chennai,regular
CUST00662,2026-05-01,123,DEV00740,ADDR00779,Bangalore,regular
CUST00663,2025-08-12,385,DEV00741,ADDR00780,Ahmedabad,premium
CUST00664,2025-04-26,493,DEV00742,ADDR00781,Indore,regular
CUST00665,2025-09-04,362,DEV00743,ADDR00782,Ahmedabad,occasional
CUST00666,2025-10-27,309,DEV00744,ADDR00783,Hyderabad,regular
CUST00667,2026-02-01,212,DEV00745,ADDR00784,Jaipur,premium
CUST00668,2025-11-30,275,DEV00746,ADDR00785,Kolkata,regular
CUST00669,2025-12-20,255,DEV00747,ADDR00786,Jaipur,occasional
CUST00670,2026-05-14,110,DEV00748,ADDR00787,Mumbai,regular
CUST00671,2025-12-09,266,DEV00749,ADDR00788,Delhi,regular
CUST00672,2026-02-12,201,DEV00750,ADDR00789,Bangalore,occasional
CUST00673,2025-08-29,368,DEV00751,ADDR00790,Lucknow,regular
CUST00674,2025-04-04,515,DEV00067,ADDR00791,Jaipur,regular
CUST00675,2025-05-26,463,DEV00752,ADDR00792,Mumbai,premium
CUST00676,2026-01-19,225,DEV00753,ADDR00793,Hyderabad,regular
CUST00677,2025-06-15,443,DEV00754,ADDR00794,Indore,regular
CUST00678,2026-05-09,115,DEV00755,ADDR00795,Bangalore,new
CUST00679,2026-04-10,144,DEV00117,ADDR00086,Kolkata,premium
CUST00680,2025-05-02,487,DEV00756,ADDR00796,Bangalore,regular
CUST00681,2025-09-13,353,DEV00131,ADDR00797,Pune,occasional
CUST00682,2026-03-25,160,DEV00757,ADDR00798,Delhi,regular
CUST00683,2026-04-07,147,DEV00758,ADDR00799,Delhi,regular
CUST00684,2025-07-06,422,DEV00759,ADDR00800,Bangalore,regular
CUST00685,2025-05-08,481,DEV00027,ADDR00801,Hyderabad,occasional
CUST00686,2026-07-24,39,DEV00760,ADDR00141,Delhi,premium
CUST00687,2026-03-02,183,DEV00761,ADDR00802,Ahmedabad,regular
CUST00688,2025-12-17,258,DEV00762,ADDR00803,Mumbai,premium
CUST00689,2026-07-27,36,DEV00763,ADDR00804,Chennai,new
CUST00690,2025-09-15,351,DEV00097,ADDR00805,Delhi,occasional
CUST00691,2025-12-29,246,DEV00059,ADDR00806,Delhi,occasional
CUST00692,2025-09-04,362,DEV00764,ADDR00807,Delhi,regular
CUST00693,2025-09-19,347,DEV00765,ADDR00808,Ahmedabad,regular
CUST00694,2025-06-01,457,DEV00766,ADDR00809,Surat,occasional
CUST00695,2025-12-11,264,DEV00767,ADDR00810,Mumbai,regular
CUST00696,2025-04-20,499,DEV00768,ADDR00811,Bangalore,premium
CUST00697,2026-01-14,230,DEV00769,ADDR00812,Indore,regular
CUST00698,2026-02-10,203,DEV00770,ADDR00813,Ahmedabad,regular
CUST00699,2025-08-15,382,DEV00771,ADDR00814,Bangalore,premium
CUST00700,2026-01-12,232,DEV00772,ADDR00107,Bangalore,regular
CUST00701,2026-03-26,159,DEV00773,ADDR00815,Indore,regular
CUST00702,2026-05-02,122,DEV00013,ADDR00816,Pune,regular
CUST00703,2025-03-11,539,DEV00019,ADDR00817,Delhi,premium
CUST00704,2025-10-18,318,DEV00774,ADDR00818,Mumbai,regular
CUST00705,2026-01-22,222,DEV00775,ADDR00819,Bangalore,regular
CUST00706,2025-09-09,357,DEV00776,ADDR00820,Bangalore,premium
CUST00707,2026-01-19,225,DEV00777,ADDR00821,Jaipur,regular
CUST00708,2025-07-05,423,DEV00778,ADDR00822,Pune,occasional
CUST00709,2025-04-17,502,DEV00779,ADDR00823,Indore,premium
CUST00710,2025-11-08,297,DEV00780,ADDR00824,Pune,premium
CUST00711,2026-04-14,140,DEV00781,ADDR00825,Pune,regular
CUST00712,2025-03-26,524,DEV00782,ADDR00826,Hyderabad,occasional
CUST00713,2025-06-23,435,DEV00783,ADDR00072,Chennai,premium
CUST00714,2025-05-06,483,DEV00784,ADDR00162,Bangalore,premium
CUST00715,2025-07-19,409,DEV00785,ADDR00827,Chennai,premium
CUST00716,2025-06-04,454,DEV00786,ADDR00828,Mumbai,premium
CUST00717,2026-01-12,232,DEV00787,ADDR00829,Lucknow,new
CUST00718,2026-05-18,106,DEV00788,ADDR00830,Jaipur,regular
CUST00719,2026-03-15,170,DEV00789,ADDR00831,Lucknow,regular
CUST00720,2026-02-24,189,DEV00790,ADDR00032,Jaipur,regular
CUST00721,2025-08-11,386,DEV00791,ADDR00013,Lucknow,premium
CUST00722,2025-04-05,514,DEV00792,ADDR00047,Delhi,regular
CUST00723,2025-03-21,529,DEV00793,ADDR00832,Kolkata,regular
CUST00724,2025-06-12,446,DEV00794,ADDR00833,Kolkata,regular
CUST00725,2025-06-20,438,DEV00795,ADDR00834,Delhi,regular
CUST00726,2025-12-29,246,DEV00065,ADDR00835,Bangalore,regular
CUST00727,2026-05-10,114,DEV00796,ADDR00836,Ahmedabad,regular
CUST00728,2025-09-04,362,DEV00797,ADDR00837,Delhi,regular
CUST00729,2026-03-10,175,DEV00798,ADDR00838,Delhi,premium
CUST00730,2025-07-22,406,DEV00799,ADDR00839,Jaipur,regular
CUST00731,2025-09-06,360,DEV00116,ADDR00840,Hyderabad,occasional
CUST00732,2025-10-16,320,DEV00800,ADDR00841,Delhi,regular
CUST00733,2025-09-10,356,DEV00801,ADDR00842,Chandigarh,regular
CUST00734,2025-09-15,351,DEV00802,ADDR00843,Mumbai,regular
CUST00735,2026-06-11,82,DEV00143,ADDR00844,Lucknow,regular
CUST00736,2026-02-22,191,DEV00803,ADDR00845,Mumbai,premium
CUST00737,2025-11-26,279,DEV00804,ADDR00846,Ahmedabad,regular
CUST00738,2025-09-22,344,DEV00805,ADDR00847,Kolkata,occasional
CUST00739,2025-05-14,475,DEV00806,ADDR00848,Chennai,regular
CUST00740,2025-03-02,548,DEV00807,ADDR00015,Indore,regular
CUST00741,2026-05-14,110,DEV00067,ADDR00849,Pune,regular
CUST00742,2025-04-13,506,DEV00808,ADDR00049,Mumbai,regular
CUST00743,2026-03-27,158,DEV00809,ADDR00850,Chandigarh,regular
CUST00744,2026-05-14,110,DEV00810,ADDR00042,Ahmedabad,premium
CUST00745,2025-10-09,327,DEV00811,ADDR00851,Delhi,occasional
CUST00746,2026-05-09,115,DEV00812,ADDR00852,Bangalore,premium
CUST00747,2025-11-03,302,DEV00813,ADDR00853,Chandigarh,premium
CUST00748,2026-05-12,112,DEV00814,ADDR00854,Lucknow,new
CUST00749,2025-07-02,426,DEV00815,ADDR00855,Delhi,occasional
CUST00750,2025-12-09,266,DEV00099,ADDR00856,Chennai,premium
CUST00751,2025-10-27,309,DEV00816,ADDR00857,Bangalore,occasional
CUST00752,2025-04-18,501,DEV00817,ADDR00858,Chennai,regular
CUST00753,2026-03-08,177,DEV00818,ADDR00859,Mumbai,occasional
CUST00754,2026-05-23,101,DEV00057,ADDR00860,Bangalore,regular
CUST00755,2026-05-30,94,DEV00147,ADDR00861,Hyderabad,regular
CUST00756,2025-05-14,475,DEV00819,ADDR00125,Indore,premium
CUST00757,2025-10-14,322,DEV00820,ADDR00862,Surat,regular
CUST00758,2026-01-04,240,DEV00821,ADDR00863,Bangalore,regular
CUST00759,2026-04-28,126,DEV00822,ADDR00864,Chennai,occasional
CUST00760,2025-12-15,260,DEV00823,ADDR00865,Bangalore,premium
CUST00761,2025-03-09,541,DEV00824,ADDR00866,Pune,regular
CUST00762,2025-03-12,538,DEV00825,ADDR00867,Pune,regular
CUST00763,2026-04-19,135,DEV00826,ADDR00868,Delhi,regular
CUST00764,2025-07-13,415,DEV00827,ADDR00869,Chandigarh,premium
CUST00765,2026-05-08,116,DEV00828,ADDR00870,Delhi,premium
CUST00766,2026-05-14,110,DEV00829,ADDR00871,Lucknow,regular
CUST00767,2025-11-13,292,DEV00830,ADDR00872,Delhi,regular
CUST00768,2025-07-20,408,DEV00831,ADDR00873,Bangalore,regular
CUST00769,2025-10-20,316,DEV00135,ADDR00874,Mumbai,premium
CUST00770,2025-04-16,503,DEV00832,ADDR00875,Chennai,regular
CUST00771,2025-11-04,301,DEV00833,ADDR00876,Kochi,regular
CUST00772,2025-08-27,370,DEV00834,ADDR00877,Jaipur,regular
CUST00773,2026-05-03,121,DEV00835,ADDR00878,Chennai,regular
CUST00774,2025-09-06,360,DEV00836,ADDR00879,Indore,occasional
CUST00775,2025-05-03,486,DEV00837,ADDR00880,Jaipur,regular
CUST00776,2025-08-11,386,DEV00838,ADDR00881,Hyderabad,regular
CUST00777,2025-04-07,512,DEV00839,ADDR00882,Mumbai,regular
CUST00778,2025-11-09,296,DEV00840,ADDR00883,Jaipur,premium
CUST00779,2025-07-19,409,DEV00841,ADDR00884,Ahmedabad,regular
CUST00780,2025-06-03,455,DEV00842,ADDR00885,Indore,occasional
CUST00781,2025-12-26,249,DEV00843,ADDR00886,Chennai,regular
CUST00782,2025-04-20,499,DEV00844,ADDR00887,Mumbai,occasional
CUST00783,2026-08-11,21,DEV00845,ADDR00888,Surat,regular
CUST00784,2025-04-16,503,DEV00846,ADDR00889,Jaipur,regular
CUST00785,2026-08-11,21,DEV00021,ADDR00890,Mumbai,new
CUST00786,2026-02-05,208,DEV00847,ADDR00891,Mumbai,new
CUST00787,2026-08-04,28,DEV00848,ADDR00892,Bangalore,new
CUST00788,2025-08-20,377,DEV00849,ADDR00893,Pune,occasional
CUST00789,2025-03-30,520,DEV00102,ADDR00894,Chennai,regular
CUST00790,2025-06-02,456,DEV00850,ADDR00895,Delhi,occasional
CUST00791,2026-05-13,111,DEV00851,ADDR00896,Delhi,occasional
CUST00792,2026-04-22,132,DEV00852,ADDR00897,Bangalore,premium
CUST00793,2025-12-31,244,DEV00080,ADDR00898,Lucknow,regular
CUST00794,2025-07-17,411,DEV00853,ADDR00899,Delhi,regular
CUST00795,2026-05-31,93,DEV00854,ADDR00900,Hyderabad,regular
CUST00796,2026-04-14,140,DEV00855,ADDR00901,Kolkata,regular
CUST00797,2025-03-16,534,DEV00856,ADDR00902,Pune,regular
CUST00798,2025-05-29,460,DEV00857,ADDR00903,Mumbai,regular
CUST00799,2026-03-31,154,DEV00858,ADDR00904,Mumbai,occasional
CUST00800,2025-04-25,494,DEV00859,ADDR00905,Delhi,regular
CUST00801,2026-04-11,143,DEV00860,ADDR00906,Chennai,premium
CUST00802,2026-03-26,159,DEV00861,ADDR00907,Pune,regular
CUST00803,2026-04-25,129,DEV00862,ADDR00908,Jaipur,regular
CUST00804,2025-04-14,505,DEV00863,ADDR00909,Delhi,regular
CUST00805,2025-10-08,328,DEV00864,ADDR00910,Mumbai,regular
CUST00806,2026-04-24,130,DEV00075,ADDR00911,Chennai,regular
CUST00807,2026-05-03,121,DEV00865,ADDR00912,Pune,regular
CUST00808,2026-06-22,71,DEV00866,ADDR00142,Ahmedabad,new
CUST00809,2025-08-23,374,DEV00867,ADDR00913,Hyderabad,premium
CUST00810,2026-06-05,88,DEV00868,ADDR00914,Mumbai,occasional
CUST00811,2025-11-13,292,DEV00869,ADDR00915,Mumbai,premium
CUST00812,2025-11-16,289,DEV00870,ADDR00916,Chennai,premium
CUST00813,2025-08-01,396,DEV00871,ADDR00917,Pune,premium
CUST00814,2026-01-23,221,DEV00872,ADDR00918,Jaipur,regular
CUST00815,2026-04-27,127,DEV00873,ADDR00919,Lucknow,regular
CUST00816,2025-12-06,269,DEV00874,ADDR00920,Delhi,occasional
CUST00817,2026-03-02,183,DEV00875,ADDR00921,Bangalore,regular
CUST00818,2025-10-07,329,DEV00876,ADDR00922,Mumbai,regular
CUST00819,2025-10-31,305,DEV00877,ADDR00923,Lucknow,premium
CUST00820,2026-03-30,155,DEV00878,ADDR00924,Chennai,regular
CUST00821,2025-03-01,549,DEV00879,ADDR00925,Delhi,premium
CUST00822,2026-02-09,204,DEV00034,ADDR00926,Chennai,regular
CUST00823,2025-10-29,307,DEV00880,ADDR00927,Pune,regular
CUST00824,2026-05-29,95,DEV00074,ADDR00928,Ahmedabad,premium
CUST00825,2025-03-31,519,DEV00881,ADDR00929,Lucknow,regular
CUST00826,2025-06-14,444,DEV00882,ADDR00930,Delhi,premium
CUST00827,2025-12-31,244,DEV00883,ADDR00931,Lucknow,regular
CUST00828,2025-06-11,447,DEV00884,ADDR00932,Mumbai,occasional
CUST00829,2026-07-30,33,DEV00045,ADDR00933,Kolkata,new
CUST00830,2025-06-03,455,DEV00885,ADDR00934,Chennai,regular
CUST00831,2026-05-22,102,DEV00007,ADDR00935,Delhi,occasional
CUST00832,2025-11-27,278,DEV00886,ADDR00011,Kolkata,new
CUST00833,2026-03-27,158,DEV00887,ADDR00936,Indore,occasional
CUST00834,2025-12-18,257,DEV00085,ADDR00937,Kochi,regular
CUST00835,2026-02-13,200,DEV00150,ADDR00938,Delhi,new
CUST00836,2025-07-27,401,DEV00888,ADDR00939,Hyderabad,regular
CUST00837,2026-03-18,167,DEV00889,ADDR00940,Chandigarh,occasional
CUST00838,2026-01-31,213,DEV00890,ADDR00941,Bangalore,premium
CUST00839,2025-08-12,385,DEV00891,ADDR00942,Mumbai,regular
CUST00840,2025-12-26,249,DEV00892,ADDR00943,Pune,premium
CUST00841,2025-04-20,499,DEV00145,ADDR00944,Ahmedabad,regular
CUST00842,2025-10-24,312,DEV00893,ADDR00945,Pune,occasional
CUST00843,2026-01-22,222,DEV00894,ADDR00946,Ahmedabad,regular
CUST00844,2025-05-19,470,DEV00895,ADDR00947,Hyderabad,regular
CUST00845,2025-06-04,454,DEV00896,ADDR00948,Kolkata,regular
CUST00846,2026-07-05,58,DEV00100,ADDR00949,Pune,new
CUST00847,2025-03-22,528,DEV00897,ADDR00950,Mumbai,regular
CUST00848,2026-04-27,127,DEV00898,ADDR00044,Mumbai,regular
CUST00849,2026-04-13,141,DEV00899,ADDR00951,Bangalore,premium
CUST00850,2026-06-09,84,DEV00092,ADDR00060,Chandigarh,premium
CUST00851,2025-07-26,402,DEV00900,ADDR00952,Delhi,premium
CUST00852,2026-03-20,165,DEV00901,ADDR00953,Lucknow,regular
CUST00853,2026-04-15,139,DEV00902,ADDR00954,Mumbai,occasional
CUST00854,2025-10-26,310,DEV00903,ADDR00955,Bangalore,regular
CUST00855,2026-03-02,183,DEV00904,ADDR00956,Mumbai,occasional
CUST00856,2025-06-13,445,DEV00905,ADDR00957,Delhi,regular
CUST00857,2026-05-29,95,DEV00906,ADDR00958,Hyderabad,regular
CUST00858,2025-12-26,249,DEV00907,ADDR00959,Chennai,regular
CUST00859,2026-07-13,50,DEV00068,ADDR00054,Bangalore,new
CUST00860,2025-04-08,511,DEV00908,ADDR00960,Pune,premium
CUST00861,2025-11-07,298,DEV00909,ADDR00961,Hyderabad,regular
CUST00862,2025-12-08,267,DEV00910,ADDR00962,Jaipur,regular
CUST00863,2025-07-21,407,DEV00911,ADDR00963,Delhi,premium
CUST00864,2025-11-03,302,DEV00912,ADDR00018,Chennai,regular
CUST00865,2025-08-22,375,DEV00913,ADDR00964,Lucknow,regular
CUST00866,2025-12-01,274,DEV00108,ADDR00040,Bangalore,occasional
CUST00867,2025-10-12,324,DEV00914,ADDR00965,Chennai,premium
CUST00868,2025-10-13,323,DEV00915,ADDR00966,Delhi,premium
CUST00869,2025-05-04,485,DEV00916,ADDR00967,Chennai,occasional
CUST00870,2026-03-11,174,DEV00917,ADDR00968,Mumbai,regular
CUST00871,2025-03-27,523,DEV00918,ADDR00969,Delhi,regular
CUST00872,2025-04-29,490,DEV00919,ADDR00970,Kochi,regular
CUST00873,2025-03-06,544,DEV00920,ADDR00971,Kolkata,regular
CUST00874,2025-09-18,348,DEV00042,ADDR00140,Mumbai,occasional
CUST00875,2025-08-24,373,DEV00921,ADDR00972,Mumbai,occasional
CUST00876,2025-08-03,394,DEV00922,ADDR00002,Mumbai,occasional
CUST00877,2025-12-28,247,DEV00923,ADDR00973,Chennai,regular
CUST00878,2025-09-10,356,DEV00924,ADDR00974,Indore,regular
CUST00879,2025-05-06,483,DEV00925,ADDR00975,Kolkata,premium
CUST00880,2025-07-23,405,DEV00926,ADDR00976,Delhi,premium
CUST00881,2025-12-11,264,DEV00144,ADDR00977,Delhi,occasional
CUST00882,2025-04-16,503,DEV00927,ADDR00978,Chandigarh,regular
CUST00883,2025-07-29,399,DEV00928,ADDR00979,Pune,occasional
CUST00884,2025-10-03,333,DEV00929,ADDR00980,Chennai,premium
CUST00885,2025-10-06,330,DEV00930,ADDR00981,Chandigarh,regular
CUST00886,2025-10-28,308,DEV00931,ADDR00982,Hyderabad,regular
CUST00887,2025-12-08,267,DEV00074,ADDR00983,Jaipur,regular
CUST00888,2025-09-19,347,DEV00932,ADDR00984,Ahmedabad,premium
CUST00889,2026-05-19,105,DEV00100,ADDR00985,Pune,occasional
CUST00890,2026-06-03,90,DEV00933,ADDR00986,Bangalore,occasional
CUST00891,2026-03-05,180,DEV00130,ADDR00987,Mumbai,occasional
CUST00892,2025-10-24,312,DEV00934,ADDR00988,Kochi,regular
CUST00893,2026-04-09,145,DEV00935,ADDR00989,Ahmedabad,regular
CUST00894,2025-04-05,514,DEV00936,ADDR00990,Chennai,premium
CUST00895,2026-04-15,139,DEV00937,ADDR00088,Hyderabad,regular
CUST00896,2026-01-01,243,DEV00938,ADDR00991,Ahmedabad,premium
CUST00897,2025-08-13,384,DEV00939,ADDR00992,Indore,regular
CUST00898,2026-04-14,140,DEV00940,ADDR00993,Delhi,new
CUST00899,2026-04-03,151,DEV00941,ADDR00994,Delhi,regular
CUST00900,2025-11-13,292,DEV00942,ADDR00101,Kolkata,regular
CUST00901,2026-02-12,201,DEV00943,ADDR00995,Indore,occasional
CUST00902,2026-05-23,101,DEV00944,ADDR00996,Jaipur,regular
CUST00903,2026-07-07,56,DEV00104,ADDR00997,Chennai,new
CUST00904,2025-06-27,431,DEV00945,ADDR00998,Chennai,premium
CUST00905,2026-04-30,124,DEV00946,ADDR00999,Pune,regular
CUST00906,2025-07-05,423,DEV00947,ADDR01000,Delhi,premium
CUST00907,2025-10-15,321,DEV00948,ADDR01001,Chennai,occasional
CUST00908,2026-03-20,165,DEV00949,ADDR01002,Bangalore,regular
CUST00909,2025-11-29,276,DEV00950,ADDR01003,Mumbai,regular
CUST00910,2026-06-15,78,DEV00074,ADDR01004,Kolkata,new
CUST00911,2025-10-08,328,DEV00951,ADDR01005,Lucknow,regular
CUST00912,2025-07-30,398,DEV00952,ADDR01006,Indore,regular
CUST00913,2025-05-10,479,DEV00953,ADDR01007,Mumbai,occasional
CUST00914,2026-03-17,168,DEV00954,ADDR01008,Bangalore,regular
CUST00915,2026-04-30,124,DEV00955,ADDR01009,Mumbai,regular
CUST00916,2025-04-25,494,DEV00956,ADDR01010,Lucknow,regular
CUST00917,2025-03-15,535,DEV00957,ADDR01011,Ahmedabad,occasional
CUST00918,2025-07-15,413,DEV00077,ADDR01012,Hyderabad,regular
CUST00919,2026-05-14,110,DEV00127,ADDR00124,Kolkata,regular
CUST00920,2025-05-31,458,DEV00958,ADDR01013,Delhi,occasional
CUST00921,2026-03-17,168,DEV00110,ADDR01014,Mumbai,regular
CUST00922,2025-05-12,477,DEV00959,ADDR01015,Lucknow,regular
CUST00923,2025-09-22,344,DEV00960,ADDR01016,Delhi,regular
CUST00924,2026-03-17,168,DEV00961,ADDR00113,Indore,occasional
CUST00925,2026-03-01,184,DEV00962,ADDR01017,Delhi,premium
CUST00926,2025-10-31,305,DEV00963,ADDR01018,Jaipur,regular
CUST00927,2026-05-01,123,DEV00964,ADDR01019,Jaipur,regular
CUST00928,2025-11-21,284,DEV00965,ADDR01020,Delhi,regular
CUST00929,2025-09-03,363,DEV00966,ADDR01021,Bangalore,regular
CUST00930,2025-04-21,498,DEV00967,ADDR01022,Ahmedabad,regular
CUST00931,2026-02-20,193,DEV00968,ADDR01023,Indore,regular
CUST00932,2026-02-06,207,DEV00141,ADDR01024,Bangalore,regular
CUST00933,2025-09-02,364,DEV00969,ADDR01025,Kochi,regular
CUST00934,2025-10-14,322,DEV00970,ADDR00037,Mumbai,occasional
CUST00935,2025-03-11,539,DEV00971,ADDR01026,Ahmedabad,regular
CUST00936,2025-07-09,419,DEV00972,ADDR01027,Lucknow,regular
CUST00937,2025-09-16,350,DEV00029,ADDR00163,Mumbai,regular
CUST00938,2026-02-13,200,DEV00973,ADDR01028,Kolkata,occasional
CUST00939,2025-12-22,253,DEV00974,ADDR01029,Chennai,premium
CUST00940,2025-10-14,322,DEV00975,ADDR01030,Delhi,regular
CUST00941,2025-10-02,334,DEV00976,ADDR01031,Delhi,premium
CUST00942,2026-05-19,105,DEV00977,ADDR00137,Bangalore,regular
CUST00943,2026-01-23,221,DEV00978,ADDR01032,Ahmedabad,occasional
CUST00944,2025-08-27,370,DEV00979,ADDR01033,Hyderabad,regular
CUST00945,2026-03-24,161,DEV00980,ADDR01034,Mumbai,regular
CUST00946,2025-04-20,499,DEV00981,ADDR01035,Lucknow,regular
CUST00947,2025-07-18,410,DEV00982,ADDR01036,Kolkata,regular
CUST00948,2025-10-20,316,DEV00983,ADDR01037,Kolkata,occasional
CUST00949,2026-05-17,107,DEV00984,ADDR01038,Pune,regular
CUST00950,2026-04-14,140,DEV00985,ADDR01039,Indore,premium
CUST00951,2026-05-08,116,DEV00986,ADDR01040,Kochi,premium
CUST00952,2025-10-02,334,DEV00987,ADDR01041,Kochi,occasional
CUST00953,2025-04-06,513,DEV00988,ADDR01042,Hyderabad,premium
CUST00954,2026-04-26,128,DEV00989,ADDR01043,Hyderabad,new
CUST00955,2025-10-28,308,DEV00990,ADDR01044,Surat,occasional
CUST00956,2025-09-25,341,DEV00081,ADDR01045,Mumbai,regular
CUST00957,2025-06-07,451,DEV00991,ADDR01046,Mumbai,regular
CUST00958,2025-09-03,363,DEV00992,ADDR01047,Bangalore,regular
CUST00959,2026-02-05,208,DEV00993,ADDR01048,Bangalore,regular
CUST00960,2025-08-16,381,DEV00994,ADDR01049,Bangalore,premium
CUST00961,2025-05-23,466,DEV00995,ADDR01050,Chennai,regular
CUST00962,2026-02-26,187,DEV00996,ADDR00087,Pune,regular
CUST00963,2025-11-11,294,DEV00997,ADDR01051,Lucknow,regular
CUST00964,2025-07-30,398,DEV00998,ADDR01052,Lucknow,regular
CUST00965,2025-11-03,302,DEV00999,ADDR01053,Kochi,regular
CUST00966,2026-03-29,156,DEV01000,ADDR01054,Lucknow,regular
CUST00967,2025-10-30,306,DEV01001,ADDR01055,Mumbai,regular
CUST00968,2025-12-18,257,DEV01002,ADDR01056,Mumbai,occasional
CUST00969,2025-07-03,425,DEV01003,ADDR01057,Chennai,premium
CUST00970,2025-09-28,338,DEV01004,ADDR01058,Kolkata,occasional
CUST00971,2025-03-16,534,DEV01005,ADDR01059,Mumbai,occasional
CUST00972,2026-03-16,169,DEV01006,ADDR01060,Kochi,occasional
CUST00973,2025-12-11,264,DEV01007,ADDR01061,Bangalore,regular
CUST00974,2025-04-15,504,DEV01008,ADDR01062,Bangalore,occasional
CUST00975,2025-07-21,407,DEV01009,ADDR00052,Delhi,occasional
CUST00976,2026-01-12,232,DEV01010,ADDR01063,Kolkata,occasional
CUST00977,2026-01-15,229,DEV01011,ADDR01064,Delhi,regular
CUST00978,2025-03-16,534,DEV01012,ADDR01065,Chennai,regular
CUST00979,2025-03-03,547,DEV01013,ADDR01066,Delhi,regular
CUST00980,2025-06-03,455,DEV01014,ADDR01067,Mumbai,premium
CUST00981,2026-02-11,202,DEV01015,ADDR01068,Mumbai,regular
CUST00982,2025-11-09,296,DEV01016,ADDR01069,Chennai,occasional
CUST00983,2025-10-07,329,DEV01017,ADDR01070,Mumbai,occasional
CUST00984,2026-04-17,137,DEV01018,ADDR01071,Chennai,regular
CUST00985,2025-07-17,411,DEV01019,ADDR01072,Delhi,occasional
CUST00986,2025-10-22,314,DEV01020,ADDR01073,Delhi,occasional
CUST00987,2026-05-28,96,DEV01021,ADDR00067,Mumbai,regular
CUST00988,2025-03-30,520,DEV01022,ADDR01074,Hyderabad,premium
CUST00989,2026-01-11,233,DEV01023,ADDR01075,Delhi,occasional
CUST00990,2025-11-15,290,DEV01024,ADDR01076,Bangalore,occasional
CUST00991,2026-01-01,243,DEV01025,ADDR01077,Kochi,occasional
CUST00992,2025-04-27,492,DEV01026,ADDR01078,Jaipur,regular
CUST00993,2025-07-12,416,DEV00122,ADDR00099,Kochi,regular
CUST00994,2026-05-07,117,DEV01027,ADDR01079,Delhi,regular
CUST00995,2026-05-26,98,DEV00136,ADDR01080,Indore,premium
CUST00996,2026-06-28,65,DEV01028,ADDR01081,Chandigarh,new
CUST00997,2025-09-12,354,DEV01029,ADDR01082,Delhi,regular
CUST00998,2025-03-10,540,DEV01030,ADDR01083,Kochi,regular
CUST00999,2025-07-18,410,DEV01031,ADDR01084,Kolkata,occasional
CUST01000,2025-05-20,469,DEV01032,ADDR01085,Delhi,occasional
CUST01001,2025-10-06,330,DEV01033,ADDR01086,Jaipur,regular
CUST01002,2025-10-29,307,DEV01034,ADDR01087,Bangalore,regular
CUST01003,2025-11-17,288,DEV01035,ADDR01088,Lucknow,occasional
CUST01004,2026-01-27,217,DEV01036,ADDR01089,Pune,regular
CUST01005,2026-04-16,138,DEV01037,ADDR00150,Hyderabad,occasional
CUST01006,2025-08-22,375,DEV01038,ADDR01090,Hyderabad,occasional
CUST01007,2026-05-02,122,DEV01039,ADDR01091,Ahmedabad,regular
CUST01008,2026-08-08,24,DEV01040,ADDR01092,Pune,new
CUST01009,2025-03-03,547,DEV01041,ADDR01093,Mumbai,regular
CUST01010,2025-04-12,507,DEV01042,ADDR00006,Kolkata,regular
CUST01011,2025-11-21,284,DEV01043,ADDR01094,Chennai,occasional
CUST01012,2025-03-22,528,DEV01044,ADDR00019,Chandigarh,occasional
CUST01013,2026-07-21,42,DEV00001,ADDR00010,Bangalore,new
CUST01014,2025-06-15,443,DEV01045,ADDR01095,Hyderabad,premium
CUST01015,2025-10-18,318,DEV01046,ADDR01096,Delhi,regular
CUST01016,2025-05-11,478,DEV01047,ADDR01097,Indore,regular
CUST01017,2026-03-09,176,DEV01048,ADDR01098,Hyderabad,regular
CUST01018,2025-09-20,346,DEV00064,ADDR01099,Delhi,regular
CUST01019,2025-05-23,466,DEV01049,ADDR01100,Jaipur,regular
CUST01020,2026-04-18,136,DEV01050,ADDR01101,Hyderabad,occasional
CUST01021,2026-07-26,37,DEV00036,ADDR01102,Pune,new
CUST01022,2026-01-19,225,DEV01051,ADDR01103,Delhi,regular
CUST01023,2025-06-14,444,DEV01052,ADDR01104,Delhi,regular
CUST01024,2025-09-29,337,DEV01053,ADDR01105,Hyderabad,premium
CUST01025,2025-04-25,494,DEV01054,ADDR00145,Chennai,premium
CUST01026,2025-06-04,454,DEV01055,ADDR01106,Kochi,occasional
CUST01027,2025-10-01,335,DEV01056,ADDR01107,Kolkata,premium
CUST01028,2026-04-26,128,DEV00086,ADDR01108,Chennai,occasional
CUST01029,2026-05-29,95,DEV01057,ADDR01109,Delhi,regular
CUST01030,2025-05-27,462,DEV01058,ADDR01110,Hyderabad,regular
CUST01031,2025-05-02,487,DEV01059,ADDR01111,Mumbai,premium
CUST01032,2026-03-10,175,DEV01060,ADDR01112,Kochi,premium
CUST01033,2025-09-20,346,DEV01061,ADDR01113,Bangalore,regular
CUST01034,2025-05-24,465,DEV01062,ADDR01114,Bangalore,occasional
CUST01035,2026-04-22,132,DEV00066,ADDR00109,Bangalore,regular
CUST01036,2026-02-02,211,DEV01063,ADDR01115,Indore,premium
CUST01037,2025-12-31,244,DEV01064,ADDR01116,Ahmedabad,occasional
CUST01038,2026-03-20,165,DEV01065,ADDR01117,Kolkata,regular
CUST01039,2025-10-04,332,DEV01066,ADDR01118,Bangalore,regular
CUST01040,2025-05-15,474,DEV01067,ADDR01119,Ahmedabad,regular
CUST01041,2026-05-26,98,DEV01068,ADDR01120,Bangalore,regular
CUST01042,2026-04-28,126,DEV00013,ADDR01121,Delhi,regular
CUST01043,2025-12-18,257,DEV01069,ADDR01122,Mumbai,premium
CUST01044,2026-04-03,151,DEV01070,ADDR01123,Jaipur,regular
CUST01045,2026-05-13,111,DEV01071,ADDR01124,Kolkata,occasional
CUST01046,2025-09-08,358,DEV01072,ADDR01125,Ahmedabad,regular
CUST01047,2025-06-12,446,DEV01073,ADDR00133,Pune,regular
CUST01048,2025-08-31,366,DEV01074,ADDR01126,Jaipur,regular
CUST01049,2025-09-14,352,DEV01075,ADDR01127,Surat,regular
CUST01050,2025-10-09,327,DEV01076,ADDR01128,Mumbai,occasional
CUST01051,2025-05-18,471,DEV01077,ADDR01129,Mumbai,regular
CUST01052,2025-06-02,456,DEV01078,ADDR01130,Ahmedabad,premium
CUST01053,2025-07-10,418,DEV01079,ADDR01131,Chennai,premium
CUST01054,2025-10-18,318,DEV01080,ADDR01132,Mumbai,regular
CUST01055,2025-07-29,399,DEV01081,ADDR01133,Chennai,regular
CUST01056,2026-04-23,131,DEV01082,ADDR01134,Bangalore,premium
CUST01057,2026-01-13,231,DEV01083,ADDR01135,Kolkata,premium
CUST01058,2025-11-24,281,DEV01084,ADDR01136,Kochi,regular
CUST01059,2025-10-07,329,DEV01085,ADDR01137,Indore,regular
CUST01060,2025-10-28,308,DEV01086,ADDR00094,Jaipur,occasional
CUST01061,2025-07-24,404,DEV01087,ADDR01138,Mumbai,occasional
CUST01062,2026-02-24,189,DEV01088,ADDR01139,Bangalore,regular
CUST01063,2026-01-22,222,DEV01089,ADDR01140,Delhi,regular
CUST01064,2026-04-17,137,DEV01090,ADDR01141,Delhi,regular
CUST01065,2025-10-08,328,DEV01091,ADDR01142,Mumbai,regular
CUST01066,2025-12-01,274,DEV00060,ADDR01143,Delhi,regular
CUST01067,2025-10-31,305,DEV01092,ADDR01144,Mumbai,regular
CUST01068,2026-03-29,156,DEV01093,ADDR01145,Indore,regular
CUST01069,2025-11-13,292,DEV01094,ADDR01146,Hyderabad,occasional
CUST01070,2025-06-05,453,DEV01095,ADDR01147,Delhi,occasional
CUST01071,2026-05-16,108,DEV01096,ADDR01148,Hyderabad,premium
CUST01072,2025-05-02,487,DEV01097,ADDR01149,Kolkata,occasional
CUST01073,2026-05-29,95,DEV01098,ADDR01150,Ahmedabad,premium
CUST01074,2025-08-01,396,DEV01099,ADDR01151,Lucknow,regular
CUST01075,2025-04-04,515,DEV01100,ADDR01152,Chennai,regular
CUST01076,2025-03-27,523,DEV01101,ADDR01153,Indore,regular
CUST01077,2025-12-31,244,DEV01102,ADDR01154,Delhi,regular
CUST01078,2025-08-06,391,DEV01103,ADDR01155,Delhi,premium
CUST01079,2025-11-13,292,DEV00007,ADDR01156,Ahmedabad,occasional
CUST01080,2025-09-09,357,DEV01104,ADDR01157,Delhi,regular
CUST01081,2026-03-21,164,DEV00148,ADDR01158,Mumbai,regular
CUST01082,2026-04-20,134,DEV01105,ADDR00151,Jaipur,premium
CUST01083,2025-10-09,327,DEV01106,ADDR01159,Surat,occasional
CUST01084,2025-03-24,526,DEV01107,ADDR01160,Bangalore,regular
CUST01085,2025-04-29,490,DEV01108,ADDR01161,Delhi,regular
CUST01086,2025-08-01,396,DEV01109,ADDR00036,Hyderabad,premium
CUST01087,2026-02-05,208,DEV01110,ADDR01162,Delhi,regular
CUST01088,2025-05-14,475,DEV01111,ADDR01163,Ahmedabad,regular
CUST01089,2025-05-07,482,DEV01112,ADDR00145,Chennai,regular
CUST01090,2026-02-27,186,DEV01113,ADDR01164,Chennai,regular
CUST01091,2025-04-11,508,DEV01114,ADDR01165,Lucknow,regular
CUST01092,2026-06-01,92,DEV01115,ADDR01166,Delhi,regular
CUST01093,2026-01-21,223,DEV01116,ADDR01167,Delhi,occasional
CUST01094,2025-03-20,530,DEV01117,ADDR01168,Kolkata,premium
CUST01095,2026-04-09,145,DEV00017,ADDR01169,Hyderabad,regular
CUST01096,2026-04-29,125,DEV00066,ADDR01170,Delhi,occasional
CUST01097,2025-07-23,405,DEV01118,ADDR01171,Mumbai,regular
CUST01098,2026-02-17,196,DEV01119,ADDR01172,Delhi,regular
CUST01099,2025-08-08,389,DEV01120,ADDR01173,Chennai,regular
CUST01100,2025-10-01,335,DEV01121,ADDR01174,Jaipur,occasional
CUST01101,2026-02-24,189,DEV01122,ADDR01175,Mumbai,regular
CUST01102,2025-10-11,325,DEV01123,ADDR01176,Lucknow,premium
CUST01103,2026-07-20,43,DEV00099,ADDR00027,Bangalore,occasional
CUST01104,2025-04-02,517,DEV01124,ADDR01177,Delhi,occasional
CUST01105,2025-03-29,521,DEV01125,ADDR01178,Bangalore,regular
CUST01106,2026-04-27,127,DEV01126,ADDR01179,Chennai,new
CUST01107,2026-06-03,90,DEV01127,ADDR01180,Mumbai,occasional
CUST01108,2025-06-22,436,DEV01128,ADDR01181,Mumbai,occasional
CUST01109,2026-01-24,220,DEV01129,ADDR01182,Indore,occasional
CUST01110,2025-06-18,440,DEV01130,ADDR01183,Ahmedabad,regular
CUST01111,2025-08-14,383,DEV01131,ADDR01184,Kolkata,regular
CUST01112,2025-09-30,336,DEV01132,ADDR01185,Hyderabad,premium
CUST01113,2025-04-14,505,DEV01133,ADDR01186,Ahmedabad,new
CUST01114,2025-06-25,433,DEV01134,ADDR01187,Hyderabad,premium
CUST01115,2025-08-17,380,DEV01135,ADDR01188,Kochi,regular
CUST01116,2026-01-24,220,DEV01136,ADDR01189,Kolkata,regular
CUST01117,2025-05-13,476,DEV01137,ADDR00083,Jaipur,occasional
CUST01118,2026-05-31,93,DEV01138,ADDR00026,Delhi,new
CUST01119,2025-10-09,327,DEV01139,ADDR01190,Bangalore,occasional
CUST01120,2026-05-02,122,DEV01140,ADDR01191,Pune,regular
CUST01121,2025-04-16,503,DEV01141,ADDR01192,Delhi,regular
CUST01122,2025-04-05,514,DEV01142,ADDR01193,Delhi,regular
CUST01123,2026-05-18,106,DEV01143,ADDR01194,Bangalore,regular
CUST01124,2025-04-11,508,DEV00060,ADDR01195,Pune,regular
CUST01125,2026-04-02,152,DEV01144,ADDR01196,Mumbai,new
CUST01126,2026-02-20,193,DEV01145,ADDR01197,Jaipur,regular
CUST01127,2026-03-24,161,DEV01146,ADDR01198,Bangalore,regular
CUST01128,2026-07-10,53,DEV00024,ADDR01199,Mumbai,new
CUST01129,2025-10-09,327,DEV01147,ADDR01200,Ahmedabad,regular
CUST01130,2025-06-17,441,DEV01148,ADDR01201,Delhi,occasional
CUST01131,2026-04-04,150,DEV01149,ADDR01202,Hyderabad,premium
CUST01132,2026-06-18,75,DEV00063,ADDR00153,Chennai,premium
CUST01133,2025-07-17,411,DEV01150,ADDR01203,Bangalore,regular
CUST01134,2025-08-13,384,DEV01151,ADDR01204,Bangalore,regular
CUST01135,2025-11-12,293,DEV01152,ADDR01205,Ahmedabad,occasional
CUST01136,2026-07-07,56,DEV00041,ADDR01206,Jaipur,new
CUST01137,2026-05-17,107,DEV01153,ADDR01207,Kolkata,occasional
CUST01138,2026-03-29,156,DEV01154,ADDR01208,Delhi,regular
CUST01139,2025-05-19,470,DEV00016,ADDR01209,Ahmedabad,occasional
CUST01140,2026-05-30,94,DEV01155,ADDR01210,Ahmedabad,regular
CUST01141,2025-09-10,356,DEV01156,ADDR01211,Mumbai,regular
CUST01142,2026-03-10,175,DEV01157,ADDR01212,Bangalore,regular
CUST01143,2026-02-06,207,DEV01158,ADDR01213,Lucknow,occasional
CUST01144,2025-11-27,278,DEV01159,ADDR01214,Chennai,regular
CUST01145,2026-05-04,120,DEV01160,ADDR01215,Mumbai,regular
CUST01146,2026-03-16,169,DEV01161,ADDR01216,Bangalore,occasional
CUST01147,2026-03-10,175,DEV01162,ADDR01217,Delhi,regular
CUST01148,2026-05-09,115,DEV01163,ADDR01218,Hyderabad,new
CUST01149,2026-05-10,114,DEV01164,ADDR01219,Bangalore,occasional
CUST01150,2025-10-02,334,DEV01165,ADDR01220,Pune,regular
CUST01151,2025-06-15,443,DEV01166,ADDR01221,Delhi,regular
CUST01152,2026-04-29,125,DEV01167,ADDR01222,Bangalore,occasional
CUST01153,2026-03-10,175,DEV01168,ADDR01223,Kolkata,occasional
CUST01154,2025-06-25,433,DEV00017,ADDR00017,Ahmedabad,regular
CUST01155,2025-09-10,356,DEV01169,ADDR01224,Bangalore,regular
CUST01156,2025-05-02,487,DEV01170,ADDR01225,Indore,regular
CUST01157,2026-01-22,222,DEV01171,ADDR01226,Hyderabad,regular
CUST01158,2026-06-14,79,DEV01172,ADDR01227,Indore,new
CUST01159,2026-05-12,112,DEV01173,ADDR01228,Chennai,premium
CUST01160,2026-02-14,199,DEV01174,ADDR01229,Surat,regular
CUST01161,2026-02-11,202,DEV01175,ADDR01230,Pune,premium
CUST01162,2026-02-01,212,DEV01176,ADDR00116,Bangalore,regular
CUST01163,2025-05-12,477,DEV01177,ADDR01231,Bangalore,regular
CUST01164,2025-04-21,498,DEV01178,ADDR01232,Delhi,regular
CUST01165,2026-04-12,142,DEV01179,ADDR01233,Mumbai,regular
CUST01166,2026-01-17,227,DEV01180,ADDR01234,Pune,regular
CUST01167,2025-11-19,286,DEV01181,ADDR01235,Mumbai,regular
CUST01168,2025-12-16,259,DEV01182,ADDR01236,Jaipur,premium
CUST01169,2025-12-03,272,DEV01183,ADDR01237,Delhi,occasional
CUST01170,2026-01-16,228,DEV01184,ADDR01238,Delhi,regular
CUST01171,2025-06-02,456,DEV01185,ADDR01239,Delhi,occasional
CUST01172,2025-08-16,381,DEV01186,ADDR01240,Chennai,occasional
CUST01173,2025-10-13,323,DEV01187,ADDR01241,Delhi,regular
CUST01174,2025-09-09,357,DEV01188,ADDR01242,Pune,regular
CUST01175,2025-10-10,326,DEV01189,ADDR01243,Mumbai,occasional
CUST01176,2026-01-23,221,DEV01190,ADDR01244,Pune,premium
CUST01177,2026-05-25,99,DEV01191,ADDR01245,Mumbai,regular
CUST01178,2026-04-23,131,DEV01192,ADDR01246,Delhi,regular
CUST01179,2026-07-11,52,DEV01193,ADDR01247,Kolkata,new
CUST01180,2025-12-28,247,DEV01194,ADDR01248,Ahmedabad,regular
CUST01181,2026-07-19,44,DEV01195,ADDR01249,Hyderabad,new
CUST01182,2025-08-12,385,DEV01196,ADDR01250,Pune,premium
CUST01183,2026-01-25,219,DEV01197,ADDR01251,Delhi,regular
CUST01184,2025-06-28,430,DEV01198,ADDR01252,Kochi,regular
CUST01185,2026-02-07,206,DEV01199,ADDR01253,Chandigarh,regular
CUST01186,2025-07-08,420,DEV01200,ADDR01254,Hyderabad,regular
CUST01187,2026-05-11,113,DEV01201,ADDR01255,Mumbai,regular
CUST01188,2025-06-01,457,DEV01202,ADDR01256,Bangalore,regular
CUST01189,2026-05-02,122,DEV01203,ADDR00052,Delhi,regular
CUST01190,2026-07-28,35,DEV01204,ADDR01257,Delhi,occasional
CUST01191,2025-06-18,440,DEV01205,ADDR01258,Jaipur,regular
CUST01192,2025-10-30,306,DEV01206,ADDR01259,Chennai,premium
CUST01193,2025-10-11,325,DEV01207,ADDR01260,Surat,premium
CUST01194,2026-05-20,104,DEV01208,ADDR01261,Pune,regular
CUST01195,2026-01-08,236,DEV01209,ADDR01262,Bangalore,occasional
CUST01196,2026-04-16,138,DEV01210,ADDR00009,Surat,premium
CUST01197,2025-07-14,414,DEV01211,ADDR01263,Delhi,occasional
CUST01198,2025-04-27,492,DEV01212,ADDR01264,Mumbai,occasional
CUST01199,2025-03-01,549,DEV01213,ADDR00058,Surat,occasional
CUST01200,2025-03-10,540,DEV01214,ADDR01265,Chandigarh,occasional
CUST01201,2025-07-26,402,DEV01215,ADDR01266,Pune,premium
CUST01202,2025-09-02,364,DEV01216,ADDR01267,Ahmedabad,premium
CUST01203,2025-11-14,291,DEV01217,ADDR01268,Hyderabad,occasional
CUST01204,2026-04-18,136,DEV01218,ADDR01269,Kolkata,regular
CUST01205,2025-04-03,516,DEV01219,ADDR01270,Jaipur,premium
CUST01206,2025-04-27,492,DEV01220,ADDR00120,Hyderabad,regular
CUST01207,2025-11-20,285,DEV01221,ADDR01271,Hyderabad,premium
CUST01208,2025-03-25,525,DEV01222,ADDR01272,Ahmedabad,occasional
CUST01209,2026-03-17,168,DEV01223,ADDR01273,Bangalore,new
CUST01210,2025-06-01,457,DEV01224,ADDR01274,Chennai,regular
CUST01211,2025-08-10,387,DEV01225,ADDR01275,Bangalore,regular
CUST01212,2025-06-27,431,DEV01226,ADDR01276,Bangalore,regular
CUST01213,2025-06-09,449,DEV01227,ADDR01277,Mumbai,premium
CUST01214,2026-02-26,187,DEV01228,ADDR01278,Kolkata,new
CUST01215,2026-05-11,113,DEV00063,ADDR00099,Kochi,regular
CUST01216,2025-12-04,271,DEV01229,ADDR01279,Mumbai,regular
CUST01217,2025-05-20,469,DEV01230,ADDR01280,Hyderabad,regular
CUST01218,2026-01-13,231,DEV01231,ADDR01281,Bangalore,regular
CUST01219,2025-06-01,457,DEV01232,ADDR01282,Delhi,occasional
CUST01220,2025-03-27,523,DEV01233,ADDR01283,Delhi,premium
CUST01221,2026-01-26,218,DEV01234,ADDR01284,Hyderabad,new
CUST01222,2026-05-12,112,DEV01235,ADDR01285,Mumbai,occasional
CUST01223,2025-08-05,392,DEV01236,ADDR01286,Hyderabad,occasional
CUST01224,2026-04-11,143,DEV01237,ADDR01287,Bangalore,premium
CUST01225,2026-05-13,111,DEV01238,ADDR01288,Mumbai,new
CUST01226,2025-08-14,383,DEV01239,ADDR01289,Kolkata,regular
CUST01227,2025-12-23,252,DEV01240,ADDR01290,Delhi,regular
CUST01228,2026-01-23,221,DEV01241,ADDR01291,Pune,new
CUST01229,2025-05-04,485,DEV01242,ADDR01292,Delhi,regular
CUST01230,2026-04-18,136,DEV01243,ADDR01293,Indore,regular
CUST01231,2025-09-09,357,DEV01244,ADDR01294,Delhi,premium
CUST01232,2025-09-21,345,DEV01245,ADDR01295,Bangalore,regular
CUST01233,2025-08-03,394,DEV01246,ADDR01296,Ahmedabad,regular
CUST01234,2026-05-24,100,DEV01247,ADDR01297,Mumbai,regular
CUST01235,2026-08-03,29,DEV01248,ADDR01298,Mumbai,new
CUST01236,2025-07-21,407,DEV01249,ADDR01299,Bangalore,occasional
CUST01237,2025-12-20,255,DEV01250,ADDR00085,Indore,regular
CUST01238,2025-10-13,323,DEV01251,ADDR01300,Mumbai,regular
CUST01239,2025-03-14,536,DEV01252,ADDR01301,Delhi,regular
CUST01240,2026-04-27,127,DEV01253,ADDR01302,Indore,occasional
CUST01241,2025-12-06,269,DEV00086,ADDR01303,Hyderabad,premium
CUST01242,2025-04-03,516,DEV00054,ADDR01304,Jaipur,premium
CUST01243,2025-09-18,348,DEV01254,ADDR00064,Delhi,premium
CUST01244,2026-04-06,148,DEV01255,ADDR01305,Delhi,regular
CUST01245,2025-05-07,482,DEV01256,ADDR01306,Mumbai,regular
CUST01246,2025-04-17,502,DEV00073,ADDR01307,Lucknow,premium
CUST01247,2025-05-23,466,DEV01257,ADDR01308,Pune,regular
CUST01248,2025-11-07,298,DEV01258,ADDR01309,Chandigarh,regular
CUST01249,2026-05-24,100,DEV00113,ADDR01310,Delhi,regular
CUST01250,2026-05-09,115,DEV01259,ADDR00044,Mumbai,regular
CUST01251,2025-12-22,253,DEV00082,ADDR01311,Delhi,regular
CUST01252,2025-07-05,423,DEV01260,ADDR01312,Ahmedabad,premium
CUST01253,2025-09-22,344,DEV01261,ADDR00109,Bangalore,occasional
CUST01254,2025-09-01,365,DEV01262,ADDR01313,Mumbai,regular
CUST01255,2025-10-25,311,DEV01263,ADDR01314,Delhi,regular
CUST01256,2026-06-11,82,DEV01264,ADDR01315,Pune,regular
CUST01257,2026-04-17,137,DEV00017,ADDR01316,Kolkata,new
CUST01258,2025-08-23,374,DEV01265,ADDR01317,Kolkata,regular
CUST01259,2025-03-17,533,DEV01266,ADDR00038,Ahmedabad,regular
CUST01260,2025-12-14,261,DEV01267,ADDR01318,Delhi,regular
CUST01261,2025-07-24,404,DEV01268,ADDR01319,Delhi,occasional
CUST01262,2025-08-12,385,DEV01269,ADDR00006,Kolkata,occasional
CUST01263,2025-05-13,476,DEV01270,ADDR01320,Delhi,premium
CUST01264,2025-10-01,335,DEV01271,ADDR01321,Lucknow,regular
CUST01265,2026-05-05,119,DEV01272,ADDR01322,Ahmedabad,premium
CUST01266,2025-07-26,402,DEV01273,ADDR01323,Bangalore,premium
CUST01267,2025-03-23,527,DEV01274,ADDR01324,Mumbai,regular
CUST01268,2026-04-17,137,DEV01275,ADDR00043,Mumbai,regular
CUST01269,2025-10-29,307,DEV01276,ADDR01325,Bangalore,premium
CUST01270,2025-08-19,378,DEV01277,ADDR01326,Mumbai,premium
CUST01271,2026-04-30,124,DEV01278,ADDR01327,Kolkata,occasional
CUST01272,2025-10-09,327,DEV01279,ADDR01328,Bangalore,regular
CUST01273,2026-05-13,111,DEV01280,ADDR01329,Kolkata,regular
CUST01274,2025-10-21,315,DEV00153,ADDR00100,Delhi,regular
CUST01275,2025-10-05,331,DEV01281,ADDR01330,Ahmedabad,regular
CUST01276,2025-08-10,387,DEV01282,ADDR01331,Jaipur,premium
CUST01277,2025-08-08,389,DEV01283,ADDR01332,Bangalore,regular
CUST01278,2026-05-26,98,DEV01284,ADDR01333,Lucknow,regular
CUST01279,2026-02-18,195,DEV01285,ADDR01334,Delhi,occasional
CUST01280,2025-06-21,437,DEV01286,ADDR01335,Bangalore,occasional
CUST01281,2025-08-21,376,DEV01287,ADDR01336,Surat,regular
CUST01282,2026-01-19,225,DEV01288,ADDR01337,Pune,new
CUST01283,2026-07-22,41,DEV00041,ADDR00034,Ahmedabad,occasional
CUST01284,2025-09-28,338,DEV01289,ADDR01338,Jaipur,regular
CUST01285,2025-12-15,260,DEV01290,ADDR01339,Mumbai,regular
CUST01286,2025-12-29,246,DEV00084,ADDR01340,Surat,occasional
CUST01287,2025-08-28,369,DEV01291,ADDR01341,Mumbai,regular
CUST01288,2026-03-21,164,DEV01292,ADDR01342,Kolkata,regular
CUST01289,2025-05-21,468,DEV01293,ADDR01343,Mumbai,new
CUST01290,2026-01-03,241,DEV01294,ADDR01344,Bangalore,regular
CUST01291,2026-07-15,48,DEV01295,ADDR00165,Bangalore,new
CUST01292,2025-11-27,278,DEV01296,ADDR01345,Pune,premium
CUST01293,2026-07-09,54,DEV00118,ADDR00151,Jaipur,new
CUST01294,2026-06-25,68,DEV01297,ADDR01346,Delhi,new
CUST01295,2025-11-10,295,DEV01298,ADDR01347,Mumbai,regular
CUST01296,2025-12-14,261,DEV01299,ADDR01348,Mumbai,regular
CUST01297,2025-05-05,484,DEV01300,ADDR01349,Hyderabad,regular
CUST01298,2025-09-06,360,DEV01301,ADDR01350,Ahmedabad,occasional
CUST01299,2026-04-14,140,DEV01302,ADDR01351,Mumbai,occasional
CUST01300,2025-05-15,474,DEV01303,ADDR01352,Chandigarh,regular
CUST01301,2025-11-17,288,DEV01304,ADDR01353,Mumbai,regular
CUST01302,2025-12-09,266,DEV00041,ADDR01354,Jaipur,occasional
CUST01303,2026-05-17,107,DEV01305,ADDR01355,Mumbai,new
CUST01304,2025-12-17,258,DEV01306,ADDR01356,Mumbai,occasional
CUST01305,2026-03-03,182,DEV01307,ADDR01357,Indore,regular
CUST01306,2026-05-07,117,DEV01308,ADDR01358,Delhi,regular
CUST01307,2026-06-02,91,DEV01309,ADDR01359,Bangalore,regular
CUST01308,2025-08-05,392,DEV01310,ADDR00129,Jaipur,premium
CUST01309,2025-06-16,442,DEV01311,ADDR01360,Kochi,premium
CUST01310,2025-08-27,370,DEV01312,ADDR01361,Mumbai,premium
CUST01311,2026-04-18,136,DEV01313,ADDR01362,Ahmedabad,regular
CUST01312,2025-05-02,487,DEV01314,ADDR00002,Mumbai,occasional
CUST01313,2025-12-15,260,DEV01315,ADDR01363,Ahmedabad,regular
CUST01314,2026-02-17,196,DEV01316,ADDR01364,Hyderabad,regular
CUST01315,2025-11-24,281,DEV01317,ADDR01365,Indore,regular
CUST01316,2025-12-30,245,DEV01318,ADDR01366,Hyderabad,regular
CUST01317,2025-05-06,483,DEV01319,ADDR01367,Delhi,occasional
CUST01318,2026-01-01,243,DEV01320,ADDR01368,Hyderabad,occasional
CUST01319,2025-03-26,524,DEV01321,ADDR00075,Kochi,occasional
CUST01320,2025-10-19,317,DEV01322,ADDR01369,Ahmedabad,premium
CUST01321,2026-04-29,125,DEV01323,ADDR01370,Chennai,regular
CUST01322,2025-03-25,525,DEV01324,ADDR00087,Pune,regular
CUST01323,2026-04-18,136,DEV01325,ADDR01371,Hyderabad,occasional
CUST01324,2025-12-24,251,DEV01326,ADDR01372,Delhi,new
CUST01325,2026-05-14,110,DEV01327,ADDR01373,Mumbai,occasional
CUST01326,2026-07-06,57,DEV00136,ADDR00068,Surat,occasional
CUST01327,2026-02-25,188,DEV01328,ADDR01374,Hyderabad,occasional
CUST01328,2025-12-26,249,DEV01329,ADDR01375,Ahmedabad,occasional
CUST01329,2025-10-04,332,DEV01330,ADDR01376,Delhi,regular
CUST01330,2025-11-01,304,DEV01331,ADDR01377,Kolkata,regular
CUST01331,2025-11-11,294,DEV01332,ADDR01378,Hyderabad,premium
CUST01332,2025-11-19,286,DEV01333,ADDR01379,Surat,premium
CUST01333,2025-11-26,279,DEV01334,ADDR01380,Bangalore,regular
CUST01334,2026-03-05,180,DEV01335,ADDR01381,Mumbai,regular
CUST01335,2025-04-10,509,DEV01336,ADDR01382,Bangalore,premium
CUST01336,2026-05-21,103,DEV01337,ADDR01383,Hyderabad,regular
CUST01337,2026-02-07,206,DEV01338,ADDR01384,Kolkata,regular
CUST01338,2026-07-09,54,DEV01339,ADDR01385,Pune,new
CUST01339,2025-11-07,298,DEV01340,ADDR01386,Kochi,occasional
CUST01340,2025-10-11,325,DEV01341,ADDR01387,Chennai,new
CUST01341,2025-04-23,496,DEV01342,ADDR01388,Ahmedabad,premium
CUST01342,2026-03-05,180,DEV01343,ADDR01389,Ahmedabad,regular
CUST01343,2026-01-15,229,DEV01344,ADDR01390,Chennai,regular
CUST01344,2025-08-25,372,DEV01345,ADDR01391,Pune,premium
CUST01345,2026-05-08,116,DEV01346,ADDR01392,Bangalore,regular
CUST01346,2026-04-29,125,DEV01347,ADDR00146,Kolkata,regular
CUST01347,2025-09-24,342,DEV01348,ADDR01393,Chennai,regular
CUST01348,2025-05-20,469,DEV01349,ADDR01394,Bangalore,regular
CUST01349,2025-12-30,245,DEV01350,ADDR01395,Bangalore,regular
CUST01350,2025-11-29,276,DEV01351,ADDR01396,Kolkata,premium
CUST01351,2026-05-19,105,DEV00005,ADDR01397,Bangalore,regular
CUST01352,2025-06-28,430,DEV01352,ADDR01398,Indore,premium
CUST01353,2025-07-06,422,DEV01353,ADDR01399,Delhi,regular
CUST01354,2026-02-15,198,DEV01354,ADDR01400,Chennai,occasional
CUST01355,2025-08-11,386,DEV01355,ADDR01401,Hyderabad,regular
CUST01356,2025-08-31,366,DEV00041,ADDR00055,Surat,premium
CUST01357,2025-10-23,313,DEV01356,ADDR01402,Jaipur,regular
CUST01358,2025-08-06,391,DEV01357,ADDR01403,Pune,regular
CUST01359,2025-04-11,508,DEV01358,ADDR01404,Delhi,premium
CUST01360,2025-09-01,365,DEV01359,ADDR01405,Jaipur,premium
CUST01361,2025-11-09,296,DEV01360,ADDR01406,Bangalore,premium
CUST01362,2025-10-30,306,DEV00096,ADDR01407,Pune,premium
CUST01363,2025-08-07,390,DEV01361,ADDR01408,Surat,regular
CUST01364,2025-05-04,485,DEV01362,ADDR01409,Delhi,occasional
CUST01365,2026-03-17,168,DEV01363,ADDR01410,Ahmedabad,occasional
CUST01366,2025-10-11,325,DEV01364,ADDR00032,Jaipur,regular
CUST01367,2025-04-09,510,DEV00148,ADDR01411,Bangalore,regular
CUST01368,2025-06-06,452,DEV01365,ADDR01412,Mumbai,premium
CUST01369,2025-03-24,526,DEV01366,ADDR01413,Delhi,occasional
CUST01370,2025-10-31,305,DEV01367,ADDR01414,Bangalore,regular
CUST01371,2025-04-01,518,DEV01368,ADDR01415,Lucknow,regular
CUST01372,2025-12-28,247,DEV01369,ADDR01416,Chennai,regular
CUST01373,2025-09-21,345,DEV01370,ADDR01417,Chennai,regular
CUST01374,2026-03-28,157,DEV01371,ADDR01418,Bangalore,new
CUST01375,2026-05-17,107,DEV01372,ADDR01419,Pune,regular
CUST01376,2025-10-24,312,DEV01373,ADDR01420,Chennai,regular
CUST01377,2026-07-18,45,DEV00078,ADDR00055,Surat,occasional
CUST01378,2025-09-05,361,DEV01374,ADDR01421,Ahmedabad,premium
CUST01379,2026-05-30,94,DEV01375,ADDR00158,Mumbai,occasional
CUST01380,2025-07-07,421,DEV01376,ADDR01422,Pune,regular
CUST01381,2025-08-11,386,DEV01377,ADDR01423,Jaipur,occasional
CUST01382,2026-04-02,152,DEV01378,ADDR01424,Chennai,occasional
CUST01383,2025-11-20,285,DEV01379,ADDR01425,Chennai,occasional
CUST01384,2026-05-06,118,DEV01380,ADDR01426,Kochi,regular
CUST01385,2026-04-08,146,DEV00120,ADDR01427,Hyderabad,regular
CUST01386,2025-07-07,421,DEV01381,ADDR01428,Pune,premium
CUST01387,2026-02-10,203,DEV01382,ADDR01429,Mumbai,regular
CUST01388,2025-09-11,355,DEV01383,ADDR01430,Jaipur,regular
CUST01389,2026-03-15,170,DEV01384,ADDR01431,Mumbai,occasional
CUST01390,2025-06-06,452,DEV01385,ADDR01432,Delhi,regular
CUST01391,2025-12-20,255,DEV01386,ADDR01433,Bangalore,occasional
CUST01392,2025-07-23,405,DEV01387,ADDR01434,Mumbai,premium
CUST01393,2025-09-27,339,DEV01388,ADDR01435,Mumbai,regular
CUST01394,2025-05-15,474,DEV01389,ADDR01436,Surat,new
CUST01395,2026-02-22,191,DEV01390,ADDR01437,Mumbai,regular
CUST01396,2025-09-18,348,DEV01391,ADDR01438,Delhi,regular
CUST01397,2025-10-24,312,DEV01392,ADDR01439,Delhi,regular
CUST01398,2026-03-19,166,DEV01393,ADDR01440,Hyderabad,new
CUST01399,2026-02-03,210,DEV01394,ADDR01441,Hyderabad,regular
CUST01400,2025-04-12,507,DEV01395,ADDR01442,Chennai,regular
CUST01401,2025-12-29,246,DEV01396,ADDR01443,Bangalore,regular
CUST01402,2026-05-01,123,DEV01397,ADDR00082,Chennai,new
CUST01403,2025-07-02,426,DEV01398,ADDR01444,Pune,premium
CUST01404,2025-03-14,536,DEV01399,ADDR01445,Bangalore,regular
CUST01405,2025-06-16,442,DEV01400,ADDR01446,Lucknow,occasional
CUST01406,2026-08-12,20,DEV00119,ADDR01447,Jaipur,regular
CUST01407,2025-11-24,281,DEV01401,ADDR01448,Mumbai,regular
CUST01408,2026-07-05,58,DEV01402,ADDR00004,Chennai,premium
CUST01409,2025-10-13,323,DEV01403,ADDR01449,Pune,occasional
CUST01410,2026-05-31,93,DEV01404,ADDR01450,Chennai,occasional
CUST01411,2026-03-29,156,DEV01405,ADDR01451,Ahmedabad,regular
CUST01412,2026-03-20,165,DEV01406,ADDR01452,Surat,regular
CUST01413,2025-03-05,545,DEV01407,ADDR01453,Delhi,occasional
CUST01414,2025-07-23,405,DEV01408,ADDR01454,Chennai,premium
CUST01415,2025-08-06,391,DEV01409,ADDR01455,Bangalore,premium
CUST01416,2026-05-21,103,DEV01410,ADDR01456,Jaipur,premium
CUST01417,2026-01-13,231,DEV01411,ADDR01457,Delhi,regular
CUST01418,2025-09-08,358,DEV01412,ADDR01458,Pune,occasional
CUST01419,2025-04-01,518,DEV01413,ADDR01459,Lucknow,premium
CUST01420,2025-06-16,442,DEV01414,ADDR01460,Jaipur,occasional
CUST01421,2026-02-01,212,DEV01415,ADDR01461,Kolkata,regular
CUST01422,2026-05-13,111,DEV01416,ADDR00168,Ahmedabad,regular
CUST01423,2025-12-16,259,DEV01417,ADDR01462,Hyderabad,regular
CUST01424,2025-11-28,277,DEV01418,ADDR01463,Bangalore,regular
CUST01425,2026-07-30,33,DEV01419,ADDR01464,Mumbai,new
CUST01426,2025-12-20,255,DEV01420,ADDR01465,Pune,regular
CUST01427,2025-03-11,539,DEV01421,ADDR01466,Bangalore,occasional
CUST01428,2026-05-16,108,DEV01422,ADDR01467,Hyderabad,premium
CUST01429,2026-03-23,162,DEV01423,ADDR01468,Delhi,regular
CUST01430,2026-05-28,96,DEV01424,ADDR01469,Jaipur,premium
CUST01431,2026-04-19,135,DEV01425,ADDR01470,Mumbai,regular
CUST01432,2025-10-03,333,DEV01426,ADDR01471,Hyderabad,regular
CUST01433,2025-04-29,490,DEV01427,ADDR00124,Kolkata,regular
CUST01434,2026-05-04,120,DEV01428,ADDR01472,Bangalore,occasional
CUST01435,2025-04-14,505,DEV01429,ADDR01473,Pune,premium
CUST01436,2026-04-09,145,DEV01430,ADDR01474,Mumbai,premium
CUST01437,2026-05-24,100,DEV01431,ADDR01475,Mumbai,occasional
CUST01438,2025-04-19,500,DEV01432,ADDR01476,Delhi,premium
CUST01439,2026-04-13,141,DEV01433,ADDR01477,Indore,occasional
CUST01440,2026-03-16,169,DEV01434,ADDR01478,Delhi,premium
CUST01441,2025-10-02,334,DEV00107,ADDR01479,Kochi,occasional
CUST01442,2025-10-01,335,DEV01435,ADDR01480,Bangalore,regular
CUST01443,2026-01-08,236,DEV01436,ADDR01481,Bangalore,occasional
CUST01444,2026-05-29,95,DEV00068,ADDR00117,Bangalore,occasional
CUST01445,2025-10-10,326,DEV01437,ADDR01482,Bangalore,regular
CUST01446,2025-06-18,440,DEV01438,ADDR01483,Kolkata,regular
CUST01447,2025-11-05,300,DEV01439,ADDR01484,Delhi,premium
CUST01448,2025-05-26,463,DEV01440,ADDR01485,Bangalore,regular
CUST01449,2025-08-06,391,DEV01441,ADDR01486,Hyderabad,occasional
CUST01450,2026-02-21,192,DEV01442,ADDR01487,Delhi,regular
CUST01451,2025-04-01,518,DEV01443,ADDR01488,Chennai,premium
CUST01452,2026-05-24,100,DEV01444,ADDR01489,Ahmedabad,occasional
CUST01453,2025-12-24,251,DEV00071,ADDR00125,Indore,regular
CUST01454,2026-04-03,151,DEV01445,ADDR01490,Mumbai,regular
CUST01455,2026-05-10,114,DEV01446,ADDR00161,Indore,regular
CUST01456,2026-03-05,180,DEV01447,ADDR01491,Pune,regular
CUST01457,2025-11-02,303,DEV01448,ADDR01492,Pune,regular
CUST01458,2025-10-04,332,DEV01449,ADDR01493,Ahmedabad,regular
CUST01459,2026-04-14,140,DEV01450,ADDR01494,Bangalore,regular
CUST01460,2025-08-16,381,DEV00030,ADDR01495,Surat,occasional
CUST01461,2025-07-30,398,DEV01451,ADDR01496,Chennai,occasional
CUST01462,2025-03-22,528,DEV01452,ADDR01497,Chennai,occasional
CUST01463,2026-05-07,117,DEV01453,ADDR01498,Hyderabad,regular
CUST01464,2025-04-21,498,DEV00029,ADDR01499,Mumbai,regular
CUST01465,2025-11-05,300,DEV01454,ADDR01500,Kolkata,occasional
CUST01466,2026-04-19,135,DEV01455,ADDR01501,Ahmedabad,regular
CUST01467,2025-03-06,544,DEV01456,ADDR01502,Ahmedabad,premium
CUST01468,2026-04-13,141,DEV01457,ADDR00024,Kolkata,new
CUST01469,2026-04-15,139,DEV01458,ADDR01503,Chandigarh,regular
CUST01470,2026-02-25,188,DEV01459,ADDR01504,Hyderabad,premium
CUST01471,2026-06-20,73,DEV01460,ADDR00014,Pune,new
CUST01472,2026-06-11,82,DEV01461,ADDR01505,Kolkata,regular
CUST01473,2026-04-26,128,DEV01462,ADDR00165,Bangalore,regular
CUST01474,2025-06-24,434,DEV01463,ADDR01506,Mumbai,premium
CUST01475,2025-03-30,520,DEV01464,ADDR01507,Bangalore,regular
CUST01476,2025-03-05,545,DEV01465,ADDR01508,Ahmedabad,occasional
CUST01477,2025-06-14,444,DEV01466,ADDR01509,Delhi,premium
CUST01478,2026-03-29,156,DEV01467,ADDR01510,Bangalore,regular
CUST01479,2025-12-25,250,DEV00144,ADDR01511,Lucknow,new
CUST01480,2026-04-19,135,DEV01468,ADDR00135,Delhi,premium
CUST01481,2026-05-16,108,DEV00089,ADDR00093,Bangalore,occasional
CUST01482,2025-05-01,488,DEV01469,ADDR01512,Indore,regular
CUST01483,2025-12-10,265,DEV01470,ADDR01513,Jaipur,regular
CUST01484,2026-05-27,97,DEV01471,ADDR00121,Bangalore,premium
CUST01485,2026-04-27,127,DEV01472,ADDR01514,Ahmedabad,regular
CUST01486,2025-10-20,316,DEV01473,ADDR01515,Lucknow,regular
CUST01487,2025-10-23,313,DEV01474,ADDR01516,Surat,regular
CUST01488,2026-02-11,202,DEV01475,ADDR01517,Delhi,occasional
CUST01489,2025-11-18,287,DEV01476,ADDR01518,Hyderabad,regular
CUST01490,2026-03-03,182,DEV01477,ADDR01519,Jaipur,premium
CUST01491,2025-10-01,335,DEV01478,ADDR01520,Mumbai,premium
CUST01492,2025-12-07,268,DEV01479,ADDR01521,Bangalore,regular
CUST01493,2025-03-18,532,DEV01480,ADDR01522,Bangalore,occasional
CUST01494,2025-03-02,548,DEV01481,ADDR01523,Hyderabad,regular
CUST01495,2026-05-21,103,DEV01482,ADDR01524,Surat,regular
CUST01496,2025-08-11,386,DEV00044,ADDR01525,Mumbai,regular
CUST01497,2025-03-26,524,DEV01483,ADDR01526,Jaipur,occasional
CUST01498,2025-12-07,268,DEV01484,ADDR01527,Delhi,regular
CUST01499,2025-06-30,428,DEV00029,ADDR01528,Surat,regular
CUST01500,2025-12-08,267,DEV01485,ADDR01529,Indore,premium
CUST01501,2026-03-09,176,DEV01486,ADDR00169,Mumbai,regular
CUST01502,2025-09-17,349,DEV01487,ADDR01530,Chennai,regular
CUST01503,2025-11-09,296,DEV00087,ADDR01531,Surat,regular
CUST01504,2025-07-12,416,DEV01488,ADDR01532,Jaipur,regular
CUST01505,2025-04-11,508,DEV01489,ADDR01533,Delhi,regular
CUST01506,2026-02-23,190,DEV01490,ADDR01534,Jaipur,regular
CUST01507,2026-03-23,162,DEV01491,ADDR01535,Chennai,occasional
CUST01508,2026-05-01,123,DEV01492,ADDR01536,Surat,regular
CUST01509,2026-03-02,183,DEV01493,ADDR01537,Pune,regular
CUST01510,2026-05-16,108,DEV01494,ADDR01538,Hyderabad,premium
CUST01511,2026-03-26,159,DEV01495,ADDR01539,Hyderabad,occasional
CUST01512,2025-11-13,292,DEV01496,ADDR01540,Bangalore,occasional
CUST01513,2026-05-25,99,DEV01497,ADDR00048,Jaipur,regular
CUST01514,2025-06-27,431,DEV01498,ADDR00155,Hyderabad,premium
CUST01515,2025-12-04,271,DEV01499,ADDR01541,Bangalore,regular
CUST01516,2026-03-15,170,DEV01500,ADDR01542,Delhi,regular
CUST01517,2025-03-16,534,DEV00085,ADDR01543,Surat,premium
CUST01518,2025-10-27,309,DEV01501,ADDR01544,Hyderabad,regular
CUST01519,2025-06-03,455,DEV01502,ADDR01545,Ahmedabad,premium
CUST01520,2025-07-14,414,DEV01503,ADDR01546,Mumbai,regular
CUST01521,2026-01-12,232,DEV01504,ADDR01547,Bangalore,new
CUST01522,2025-04-19,500,DEV01505,ADDR01548,Mumbai,premium
CUST01523,2025-06-08,450,DEV01506,ADDR01549,Mumbai,premium
CUST01524,2025-05-16,473,DEV01507,ADDR01550,Kolkata,premium
CUST01525,2026-02-11,202,DEV01508,ADDR01551,Lucknow,regular
CUST01526,2025-08-26,371,DEV01509,ADDR01552,Kolkata,regular
CUST01527,2025-10-08,328,DEV01510,ADDR00006,Kolkata,regular
CUST01528,2025-06-26,432,DEV01511,ADDR01553,Lucknow,premium
CUST01529,2025-09-03,363,DEV01512,ADDR01554,Ahmedabad,regular
CUST01530,2026-01-05,239,DEV01513,ADDR01555,Hyderabad,regular
CUST01531,2025-12-24,251,DEV01514,ADDR01556,Kolkata,regular
CUST01532,2025-10-03,333,DEV01515,ADDR01557,Delhi,occasional
CUST01533,2026-01-12,232,DEV01516,ADDR01558,Surat,premium
CUST01534,2026-03-06,179,DEV01517,ADDR01559,Mumbai,new
CUST01535,2026-02-24,189,DEV01518,ADDR01560,Chennai,regular
CUST01536,2025-12-23,252,DEV01519,ADDR01561,Delhi,regular
CUST01537,2025-09-01,365,DEV01520,ADDR01562,Hyderabad,premium
CUST01538,2025-09-14,352,DEV01521,ADDR01563,Chennai,premium
CUST01539,2025-10-18,318,DEV01522,ADDR01564,Mumbai,new
CUST01540,2025-06-26,432,DEV01523,ADDR01565,Ahmedabad,regular
CUST01541,2025-07-30,398,DEV01524,ADDR01566,Bangalore,premium
CUST01542,2025-08-09,388,DEV01525,ADDR01567,Bangalore,regular
CUST01543,2026-01-13,231,DEV01526,ADDR01568,Surat,regular
CUST01544,2026-02-03,210,DEV01527,ADDR01569,Jaipur,regular
CUST01545,2025-04-11,508,DEV01528,ADDR01570,Mumbai,premium
CUST01546,2025-05-13,476,DEV01529,ADDR01571,Indore,premium
CUST01547,2025-03-25,525,DEV01530,ADDR00126,Bangalore,regular
CUST01548,2025-10-28,308,DEV01531,ADDR01572,Hyderabad,premium
CUST01549,2026-03-24,161,DEV01532,ADDR01573,Bangalore,regular
CUST01550,2026-02-17,196,DEV01533,ADDR01574,Pune,occasional
CUST01551,2026-04-29,125,DEV00055,ADDR01575,Bangalore,regular
CUST01552,2025-10-27,309,DEV01534,ADDR01576,Surat,premium
CUST01553,2026-02-26,187,DEV01535,ADDR01577,Ahmedabad,regular
CUST01554,2025-11-23,282,DEV01536,ADDR01578,Mumbai,occasional
CUST01555,2026-06-30,63,DEV00137,ADDR01579,Chandigarh,new
CUST01556,2025-07-30,398,DEV01537,ADDR01580,Mumbai,premium
CUST01557,2025-11-08,297,DEV01538,ADDR01581,Ahmedabad,regular
CUST01558,2025-03-29,521,DEV01539,ADDR01582,Delhi,premium
CUST01559,2026-04-12,142,DEV01540,ADDR01583,Delhi,regular
CUST01560,2025-12-13,262,DEV01541,ADDR01584,Delhi,occasional
CUST01561,2025-10-19,317,DEV01542,ADDR01585,Bangalore,premium
CUST01562,2026-03-28,157,DEV01543,ADDR01586,Lucknow,regular
CUST01563,2026-03-12,173,DEV01544,ADDR01587,Mumbai,regular
CUST01564,2025-08-29,368,DEV01545,ADDR01588,Chandigarh,regular
CUST01565,2025-09-05,361,DEV01546,ADDR01589,Pune,premium
CUST01566,2026-02-07,206,DEV01547,ADDR01590,Mumbai,occasional
CUST01567,2026-01-10,234,DEV01548,ADDR01591,Hyderabad,regular
CUST01568,2025-09-17,349,DEV01549,ADDR01592,Ahmedabad,premium
CUST01569,2026-05-12,112,DEV01550,ADDR01593,Chennai,occasional
CUST01570,2025-09-02,364,DEV01551,ADDR01594,Hyderabad,occasional
CUST01571,2025-09-17,349,DEV01552,ADDR01595,Kolkata,occasional
CUST01572,2026-04-24,130,DEV01553,ADDR01596,Bangalore,regular
CUST01573,2025-03-25,525,DEV01554,ADDR01597,Delhi,regular
CUST01574,2025-05-10,479,DEV01555,ADDR01598,Chennai,occasional
CUST01575,2025-03-11,539,DEV01556,ADDR01599,Chandigarh,regular
CUST01576,2026-03-15,170,DEV01557,ADDR01600,Hyderabad,premium
CUST01577,2026-07-08,55,DEV01558,ADDR00154,Mumbai,new
CUST01578,2025-11-18,287,DEV01559,ADDR01601,Kolkata,regular
CUST01579,2025-09-01,365,DEV01560,ADDR01602,Indore,premium
CUST01580,2026-04-23,131,DEV00026,ADDR01603,Kochi,regular
CUST01581,2026-06-24,69,DEV01561,ADDR01604,Bangalore,new
CUST01582,2026-06-27,66,DEV01562,ADDR01605,Lucknow,new
CUST01583,2025-07-12,416,DEV00112,ADDR01606,Mumbai,regular
CUST01584,2026-06-24,69,DEV00125,ADDR00159,Hyderabad,regular
CUST01585,2025-04-24,495,DEV01563,ADDR01607,Pune,regular
CUST01586,2025-07-13,415,DEV01564,ADDR01608,Hyderabad,regular
CUST01587,2026-01-11,233,DEV01565,ADDR01609,Ahmedabad,regular
CUST01588,2026-06-08,85,DEV01566,ADDR00136,Jaipur,new
CUST01589,2026-05-31,93,DEV01567,ADDR01610,Bangalore,regular
CUST01590,2025-06-24,434,DEV01568,ADDR01611,Hyderabad,regular
CUST01591,2025-10-18,318,DEV01569,ADDR01612,Ahmedabad,premium
CUST01592,2025-09-24,342,DEV01570,ADDR01613,Hyderabad,premium
CUST01593,2026-08-01,31,DEV00049,ADDR01614,Delhi,new
CUST01594,2025-11-14,291,DEV01571,ADDR01615,Mumbai,occasional
CUST01595,2026-05-01,123,DEV01572,ADDR01616,Hyderabad,regular
CUST01596,2025-09-20,346,DEV01573,ADDR00003,Surat,new
CUST01597,2025-10-24,312,DEV01574,ADDR01617,Pune,regular
CUST01598,2025-10-20,316,DEV00083,ADDR01618,Pune,regular
CUST01599,2025-10-06,330,DEV01575,ADDR01619,Mumbai,occasional
CUST01600,2025-11-16,289,DEV01576,ADDR01620,Bangalore,new
CUST01601,2025-09-18,348,DEV01577,ADDR01621,Pune,regular
CUST01602,2025-06-08,450,DEV00065,ADDR01622,Chennai,regular
CUST01603,2026-07-19,44,DEV01578,ADDR01623,Surat,new
CUST01604,2025-11-25,280,DEV01579,ADDR01624,Chennai,regular
CUST01605,2026-08-09,23,DEV00018,ADDR01625,Jaipur,new
CUST01606,2025-09-04,362,DEV01580,ADDR01626,Delhi,regular
CUST01607,2025-12-02,273,DEV01581,ADDR01627,Chennai,occasional
CUST01608,2026-05-28,96,DEV01582,ADDR00169,Mumbai,regular
CUST01609,2026-03-29,156,DEV01583,ADDR01628,Mumbai,premium
CUST01610,2025-07-18,410,DEV01584,ADDR01629,Bangalore,new
CUST01611,2026-04-17,137,DEV01585,ADDR01630,Mumbai,new
CUST01612,2025-09-09,357,DEV01586,ADDR01631,Delhi,premium
CUST01613,2025-04-08,511,DEV01587,ADDR01632,Bangalore,regular
CUST01614,2026-03-02,183,DEV01588,ADDR01633,Lucknow,new
CUST01615,2026-03-14,171,DEV01589,ADDR01634,Lucknow,new
CUST01616,2025-03-05,545,DEV01590,ADDR01635,Ahmedabad,regular
CUST01617,2026-01-08,236,DEV00105,ADDR01636,Hyderabad,occasional
CUST01618,2025-06-13,445,DEV01591,ADDR01637,Ahmedabad,regular
CUST01619,2026-01-13,231,DEV01592,ADDR01638,Mumbai,premium
CUST01620,2025-06-16,442,DEV01593,ADDR01639,Mumbai,occasional
CUST01621,2025-03-22,528,DEV01594,ADDR01640,Chennai,occasional
CUST01622,2025-07-05,423,DEV01595,ADDR01641,Delhi,regular
CUST01623,2025-09-14,352,DEV01596,ADDR01642,Delhi,regular
CUST01624,2025-04-13,506,DEV01597,ADDR01643,Kolkata,regular
CUST01625,2025-04-08,511,DEV01598,ADDR01644,Lucknow,regular
CUST01626,2025-07-15,413,DEV01599,ADDR01645,Delhi,occasional
CUST01627,2026-05-05,119,DEV01600,ADDR01646,Kochi,occasional
CUST01628,2026-02-03,210,DEV01601,ADDR01647,Hyderabad,regular
CUST01629,2025-09-15,351,DEV01602,ADDR01648,Bangalore,premium
CUST01630,2025-04-27,492,DEV01603,ADDR01649,Delhi,regular
CUST01631,2025-05-27,462,DEV01604,ADDR01650,Pune,regular
CUST01632,2025-12-06,269,DEV01605,ADDR01651,Bangalore,new
CUST01633,2025-08-19,378,DEV01606,ADDR01652,Indore,premium
CUST01634,2026-06-02,91,DEV01607,ADDR01653,Hyderabad,premium
CUST01635,2026-02-09,204,DEV01608,ADDR01654,Mumbai,premium
CUST01636,2025-08-12,385,DEV01609,ADDR01655,Indore,premium
CUST01637,2025-10-03,333,DEV01610,ADDR01656,Chennai,occasional
CUST01638,2026-05-01,123,DEV01611,ADDR01657,Indore,regular
CUST01639,2026-05-08,116,DEV01612,ADDR01658,Ahmedabad,regular
CUST01640,2025-11-02,303,DEV01613,ADDR01659,Chandigarh,regular
CUST01641,2025-09-11,355,DEV01614,ADDR01660,Chennai,regular
CUST01642,2025-11-26,279,DEV01615,ADDR00113,Indore,regular
CUST01643,2026-02-20,193,DEV01616,ADDR01661,Delhi,premium
CUST01644,2025-11-03,302,DEV01617,ADDR01662,Surat,premium
CUST01645,2025-10-13,323,DEV01618,ADDR01663,Hyderabad,regular
CUST01646,2025-09-12,354,DEV01619,ADDR01664,Mumbai,regular
CUST01647,2026-01-08,236,DEV01620,ADDR01665,Lucknow,regular
CUST01648,2025-04-08,511,DEV01621,ADDR01666,Bangalore,occasional
CUST01649,2025-03-05,545,DEV01622,ADDR01667,Mumbai,premium
CUST01650,2025-10-14,322,DEV01623,ADDR01668,Pune,regular
CUST01651,2025-04-26,493,DEV01624,ADDR01669,Mumbai,occasional
CUST01652,2026-02-22,191,DEV01625,ADDR01670,Jaipur,regular
CUST01653,2025-05-21,468,DEV01626,ADDR01671,Mumbai,regular
CUST01654,2025-05-04,485,DEV01627,ADDR01672,Bangalore,regular
CUST01655,2025-12-15,260,DEV01628,ADDR01673,Delhi,regular
CUST01656,2025-07-14,414,DEV01629,ADDR01674,Kolkata,regular
CUST01657,2025-06-02,456,DEV01630,ADDR01675,Pune,regular
CUST01658,2025-06-08,450,DEV01631,ADDR00065,Bangalore,regular
CUST01659,2025-06-25,433,DEV01632,ADDR01676,Mumbai,regular
CUST01660,2026-05-01,123,DEV00010,ADDR01677,Kolkata,regular
CUST01661,2026-05-12,112,DEV01633,ADDR01678,Bangalore,regular
CUST01662,2025-05-11,478,DEV01634,ADDR01679,Bangalore,regular
CUST01663,2026-03-06,179,DEV01635,ADDR01680,Bangalore,regular
CUST01664,2025-07-05,423,DEV01636,ADDR01681,Mumbai,regular
CUST01665,2026-03-20,165,DEV01637,ADDR01682,Pune,regular
CUST01666,2025-05-16,473,DEV01638,ADDR01683,Kolkata,premium
CUST01667,2025-03-05,545,DEV01639,ADDR01684,Indore,regular
CUST01668,2025-08-04,393,DEV01640,ADDR01685,Kochi,premium
CUST01669,2026-03-02,183,DEV00010,ADDR01686,Chandigarh,premium
CUST01670,2026-03-21,164,DEV01641,ADDR01687,Mumbai,regular
CUST01671,2025-03-29,521,DEV01642,ADDR01688,Pune,regular
CUST01672,2026-01-14,230,DEV01643,ADDR01689,Hyderabad,regular
CUST01673,2025-07-16,412,DEV01644,ADDR01690,Kolkata,regular
CUST01674,2026-02-27,186,DEV01645,ADDR00081,Bangalore,occasional
CUST01675,2025-06-02,456,DEV01646,ADDR01691,Kolkata,new
CUST01676,2026-01-15,229,DEV01647,ADDR01692,Delhi,regular
CUST01677,2026-01-15,229,DEV01648,ADDR01693,Hyderabad,regular
CUST01678,2025-12-29,246,DEV01649,ADDR01694,Chennai,regular
CUST01679,2026-03-27,158,DEV01650,ADDR01695,Delhi,regular
CUST01680,2025-12-24,251,DEV00082,ADDR00016,Pune,regular
CUST01681,2025-11-15,290,DEV01651,ADDR01696,Kochi,premium
CUST01682,2025-05-29,460,DEV01652,ADDR01697,Jaipur,regular
CUST01683,2026-01-25,219,DEV00089,ADDR01698,Mumbai,regular
CUST01684,2026-04-22,132,DEV01653,ADDR01699,Jaipur,premium
CUST01685,2025-10-15,321,DEV00066,ADDR01700,Bangalore,premium
CUST01686,2026-03-25,160,DEV01654,ADDR01701,Chennai,premium
CUST01687,2026-02-22,191,DEV01655,ADDR01702,Hyderabad,premium
CUST01688,2025-10-20,316,DEV01656,ADDR00164,Bangalore,occasional
CUST01689,2025-09-11,355,DEV01657,ADDR01703,Pune,premium
CUST01690,2026-06-17,76,DEV01658,ADDR01704,Ahmedabad,new
CUST01691,2025-07-23,405,DEV01659,ADDR01705,Delhi,occasional
CUST01692,2025-06-16,442,DEV00108,ADDR01706,Ahmedabad,regular
CUST01693,2025-09-19,347,DEV01660,ADDR01707,Kochi,premium
CUST01694,2026-01-07,237,DEV00024,ADDR01708,Delhi,occasional
CUST01695,2026-04-02,152,DEV01661,ADDR01709,Mumbai,premium
CUST01696,2026-07-04,59,DEV00135,ADDR01710,Chennai,new
CUST01697,2025-11-28,277,DEV01662,ADDR01711,Delhi,regular
CUST01698,2025-12-17,258,DEV01663,ADDR01712,Delhi,regular
CUST01699,2025-12-24,251,DEV01664,ADDR01713,Delhi,regular
CUST01700,2025-09-22,344,DEV01665,ADDR01714,Ahmedabad,premium
CUST01701,2026-04-11,143,DEV01666,ADDR01715,Ahmedabad,regular
CUST01702,2025-08-24,373,DEV01667,ADDR01716,Chennai,premium
CUST01703,2025-08-03,394,DEV01668,ADDR01717,Mumbai,new
CUST01704,2025-06-17,441,DEV01669,ADDR01718,Pune,premium
CUST01705,2025-10-07,329,DEV01670,ADDR01719,Kochi,premium
CUST01706,2026-03-12,173,DEV01671,ADDR01720,Delhi,occasional
CUST01707,2025-05-14,475,DEV01672,ADDR01721,Kochi,premium
CUST01708,2025-10-28,308,DEV01673,ADDR01722,Hyderabad,premium
CUST01709,2026-01-17,227,DEV01674,ADDR00024,Kolkata,regular
CUST01710,2026-06-09,84,DEV00052,ADDR01723,Mumbai,regular
CUST01711,2025-05-05,484,DEV01675,ADDR01724,Delhi,premium
CUST01712,2025-06-25,433,DEV01676,ADDR00112,Mumbai,premium
CUST01713,2025-03-21,529,DEV01677,ADDR01725,Pune,occasional
CUST01714,2026-02-17,196,DEV01678,ADDR01726,Indore,regular
CUST01715,2025-08-18,379,DEV01679,ADDR01727,Pune,regular
CUST01716,2025-12-12,263,DEV01680,ADDR01728,Bangalore,regular
CUST01717,2026-01-12,232,DEV01681,ADDR01729,Ahmedabad,regular
CUST01718,2026-06-26,67,DEV00030,ADDR00003,Surat,premium
CUST01719,2025-10-31,305,DEV01682,ADDR01730,Kochi,premium
CUST01720,2026-06-05,88,DEV00122,ADDR00097,Delhi,new
CUST01721,2025-11-28,277,DEV01683,ADDR01731,Ahmedabad,premium
CUST01722,2025-10-06,330,DEV01684,ADDR01732,Jaipur,regular
CUST01723,2025-06-16,442,DEV01685,ADDR01733,Indore,premium
CUST01724,2025-09-26,340,DEV01686,ADDR01734,Delhi,regular
CUST01725,2026-02-11,202,DEV01687,ADDR01735,Hyderabad,regular
CUST01726,2025-03-16,534,DEV01688,ADDR01736,Jaipur,new
CUST01727,2026-03-25,160,DEV01689,ADDR01737,Bangalore,regular
CUST01728,2026-04-12,142,DEV01690,ADDR01738,Mumbai,occasional
CUST01729,2026-02-23,190,DEV01691,ADDR01739,Mumbai,premium
CUST01730,2026-07-02,61,DEV01692,ADDR00035,Surat,occasional
CUST01731,2026-02-27,186,DEV01693,ADDR01740,Chandigarh,premium
CUST01732,2025-09-30,336,DEV01694,ADDR01741,Delhi,regular
CUST01733,2025-12-12,263,DEV01695,ADDR01742,Jaipur,regular
CUST01734,2025-10-17,319,DEV00113,ADDR01743,Ahmedabad,regular
CUST01735,2025-06-11,447,DEV01696,ADDR01744,Pune,occasional
CUST01736,2025-07-29,399,DEV01697,ADDR01745,Hyderabad,regular
CUST01737,2026-02-15,198,DEV01698,ADDR01746,Chennai,regular
CUST01738,2025-04-25,494,DEV01699,ADDR01747,Delhi,regular
CUST01739,2026-05-30,94,DEV01700,ADDR01748,Hyderabad,new
CUST01740,2025-07-12,416,DEV01701,ADDR01749,Bangalore,regular
CUST01741,2025-07-01,427,DEV01702,ADDR01750,Jaipur,premium
CUST01742,2025-04-21,498,DEV01703,ADDR01751,Ahmedabad,premium
CUST01743,2026-04-08,146,DEV00044,ADDR01752,Bangalore,regular
CUST01744,2025-04-28,491,DEV01704,ADDR01753,Lucknow,premium
CUST01745,2025-07-14,414,DEV01705,ADDR01754,Ahmedabad,premium
CUST01746,2025-10-28,308,DEV01706,ADDR01755,Chennai,regular
CUST01747,2025-12-13,262,DEV01707,ADDR01756,Bangalore,new
CUST01748,2025-05-24,465,DEV01708,ADDR01757,Mumbai,regular
CUST01749,2025-06-10,448,DEV01709,ADDR01758,Pune,regular
CUST01750,2025-03-03,547,DEV01710,ADDR01759,Chennai,regular
CUST01751,2025-11-02,303,DEV00103,ADDR01760,Jaipur,regular
CUST01752,2026-04-01,153,DEV01711,ADDR00164,Bangalore,premium
CUST01753,2026-01-21,223,DEV01712,ADDR01761,Ahmedabad,regular
CUST01754,2025-07-05,423,DEV01713,ADDR01762,Surat,occasional
CUST01755,2025-10-17,319,DEV00004,ADDR01763,Chennai,regular
CUST01756,2026-05-16,108,DEV01714,ADDR01764,Mumbai,regular
CUST01757,2025-04-15,504,DEV01715,ADDR01765,Chennai,regular
CUST01758,2025-03-03,547,DEV01716,ADDR01766,Ahmedabad,premium
CUST01759,2025-03-22,528,DEV01717,ADDR01767,Kolkata,regular
CUST01760,2026-05-22,102,DEV01718,ADDR01768,Hyderabad,regular
CUST01761,2026-03-08,177,DEV01719,ADDR01769,Kochi,occasional
CUST01762,2026-06-04,89,DEV00071,ADDR00084,Surat,premium
CUST01763,2025-03-18,532,DEV01720,ADDR01770,Jaipur,occasional
CUST01764,2025-09-02,364,DEV01721,ADDR01771,Hyderabad,regular
CUST01765,2026-08-14,18,DEV01722,ADDR00136,Jaipur,new
CUST01766,2026-05-29,95,DEV00025,ADDR01772,Delhi,regular
CUST01767,2025-05-19,470,DEV01723,ADDR01773,Pune,occasional
CUST01768,2025-03-22,528,DEV01724,ADDR00117,Bangalore,regular
CUST01769,2026-04-24,130,DEV00090,ADDR01774,Mumbai,regular
CUST01770,2025-12-09,266,DEV01725,ADDR01775,Delhi,regular
CUST01771,2026-06-26,67,DEV01726,ADDR01776,Hyderabad,new
CUST01772,2025-09-08,358,DEV00097,ADDR01777,Chennai,regular
CUST01773,2025-05-11,478,DEV01727,ADDR01778,Bangalore,regular
CUST01774,2025-11-21,284,DEV01728,ADDR01779,Lucknow,premium
CUST01775,2025-12-20,255,DEV01729,ADDR01780,Kolkata,regular
CUST01776,2026-08-12,20,DEV01730,ADDR00019,Chandigarh,premium
CUST01777,2025-10-07,329,DEV00134,ADDR01781,Chennai,occasional
CUST01778,2025-03-24,526,DEV01731,ADDR01782,Jaipur,occasional
CUST01779,2025-10-08,328,DEV01732,ADDR00127,Jaipur,regular
CUST01780,2025-12-01,274,DEV01733,ADDR01783,Chennai,regular
CUST01781,2025-10-29,307,DEV01734,ADDR01784,Jaipur,occasional
CUST01782,2026-05-07,117,DEV01735,ADDR01785,Mumbai,new
CUST01783,2025-11-27,278,DEV01736,ADDR00150,Hyderabad,premium
CUST01784,2026-02-03,210,DEV01737,ADDR01786,Pune,regular
CUST01785,2025-07-06,422,DEV01738,ADDR01787,Mumbai,occasional
CUST01786,2025-04-10,509,DEV01739,ADDR01788,Mumbai,regular
CUST01787,2025-11-27,278,DEV01740,ADDR01789,Pune,regular
CUST01788,2025-11-21,284,DEV01741,ADDR01790,Hyderabad,occasional
CUST01789,2026-05-06,118,DEV01742,ADDR01791,Delhi,occasional
CUST01790,2025-12-14,261,DEV01743,ADDR01792,Hyderabad,regular
CUST01791,2026-05-20,104,DEV00015,ADDR01793,Hyderabad,regular
CUST01792,2026-02-07,206,DEV01744,ADDR01794,Delhi,occasional
CUST01793,2025-08-30,367,DEV01745,ADDR01795,Ahmedabad,premium
CUST01794,2026-01-28,216,DEV01746,ADDR01796,Chennai,occasional
CUST01795,2025-03-29,521,DEV01747,ADDR01797,Bangalore,occasional
CUST01796,2025-09-28,338,DEV01748,ADDR01798,Ahmedabad,regular
CUST01797,2025-05-11,478,DEV01749,ADDR01799,Mumbai,occasional
CUST01798,2025-06-21,437,DEV01750,ADDR01800,Pune,premium
CUST01799,2025-04-12,507,DEV01751,ADDR01801,Kolkata,regular
CUST01800,2025-04-15,504,DEV01752,ADDR01802,Bangalore,premium
CUST01801,2025-10-11,325,DEV01753,ADDR01803,Pune,regular
CUST01802,2025-06-09,449,DEV01754,ADDR01804,Hyderabad,occasional
CUST01803,2025-05-28,461,DEV01755,ADDR00155,Hyderabad,occasional
CUST01804,2026-02-26,187,DEV01756,ADDR01805,Delhi,occasional
CUST01805,2025-10-17,319,DEV01757,ADDR01806,Delhi,new
CUST01806,2025-09-16,350,DEV01758,ADDR01807,Kochi,premium
CUST01807,2026-05-11,113,DEV01759,ADDR01808,Delhi,regular
CUST01808,2025-09-11,355,DEV01760,ADDR01809,Pune,occasional
CUST01809,2026-02-26,187,DEV01761,ADDR01810,Mumbai,regular
CUST01810,2025-12-03,272,DEV01762,ADDR01811,Surat,regular
CUST01811,2026-02-04,209,DEV01763,ADDR01812,Bangalore,occasional
CUST01812,2026-01-19,225,DEV01764,ADDR01813,Surat,regular
CUST01813,2026-05-11,113,DEV01765,ADDR01814,Kolkata,regular
CUST01814,2026-05-17,107,DEV01766,ADDR01815,Pune,regular
CUST01815,2026-05-15,109,DEV01767,ADDR01816,Ahmedabad,regular
CUST01816,2025-03-25,525,DEV00047,ADDR01817,Hyderabad,occasional
CUST01817,2026-07-19,44,DEV00090,ADDR01818,Delhi,new
CUST01818,2026-05-07,117,DEV01768,ADDR01819,Lucknow,occasional
CUST01819,2026-03-22,163,DEV01769,ADDR01820,Jaipur,regular
CUST01820,2026-04-02,152,DEV01770,ADDR01821,Kolkata,occasional
CUST01821,2026-02-06,207,DEV01771,ADDR01822,Delhi,regular
CUST01822,2025-12-05,270,DEV01772,ADDR01823,Bangalore,regular
CUST01823,2025-09-13,353,DEV01773,ADDR01824,Bangalore,premium
CUST01824,2025-04-16,503,DEV00137,ADDR01825,Bangalore,occasional
CUST01825,2026-02-09,204,DEV01774,ADDR01826,Delhi,new
CUST01826,2025-05-31,458,DEV01775,ADDR01827,Delhi,occasional
CUST01827,2025-07-16,412,DEV01776,ADDR01828,Mumbai,regular
CUST01828,2026-04-15,139,DEV00013,ADDR01829,Bangalore,premium
CUST01829,2025-06-11,447,DEV01777,ADDR01830,Jaipur,regular
CUST01830,2025-04-07,512,DEV01778,ADDR01831,Delhi,occasional
CUST01831,2025-08-23,374,DEV01779,ADDR01832,Chennai,regular
CUST01832,2026-04-09,145,DEV01780,ADDR01833,Delhi,occasional
CUST01833,2025-11-07,298,DEV01781,ADDR01834,Pune,occasional
CUST01834,2025-11-23,282,DEV01782,ADDR01835,Jaipur,premium
CUST01835,2025-08-11,386,DEV01783,ADDR01836,Chennai,occasional
CUST01836,2026-03-26,159,DEV01784,ADDR01837,Jaipur,regular
CUST01837,2025-09-10,356,DEV01785,ADDR01838,Indore,premium
CUST01838,2025-05-23,466,DEV01786,ADDR01839,Chennai,premium
CUST01839,2025-04-16,503,DEV01787,ADDR01840,Mumbai,regular
CUST01840,2026-05-24,100,DEV01788,ADDR01841,Indore,regular
CUST01841,2025-07-25,403,DEV01789,ADDR00152,Surat,premium
CUST01842,2025-03-22,528,DEV00056,ADDR01842,Hyderabad,regular
CUST01843,2026-03-21,164,DEV01790,ADDR01843,Jaipur,regular
CUST01844,2026-08-06,26,DEV01791,ADDR00025,Bangalore,new
CUST01845,2025-10-03,333,DEV01792,ADDR01844,Bangalore,regular
CUST01846,2026-03-25,160,DEV01793,ADDR01845,Jaipur,regular
CUST01847,2026-08-01,31,DEV00050,ADDR00138,Ahmedabad,new
CUST01848,2026-05-28,96,DEV01794,ADDR00047,Delhi,regular
CUST01849,2026-05-14,110,DEV00098,ADDR01846,Bangalore,occasional
CUST01850,2025-04-18,501,DEV01795,ADDR01847,Mumbai,regular
CUST01851,2026-08-08,24,DEV01796,ADDR01848,Mumbai,new
CUST01852,2026-03-27,158,DEV01797,ADDR00164,Bangalore,occasional
CUST01853,2025-03-22,528,DEV01798,ADDR01849,Chennai,regular
CUST01854,2026-04-26,128,DEV01799,ADDR01850,Delhi,regular
CUST01855,2026-03-08,177,DEV01800,ADDR01851,Pune,regular
CUST01856,2025-12-11,264,DEV01801,ADDR01852,Ahmedabad,regular
CUST01857,2026-04-08,146,DEV01802,ADDR01853,Chennai,occasional
CUST01858,2026-04-08,146,DEV00054,ADDR00132,Delhi,regular
CUST01859,2026-05-21,103,DEV01803,ADDR01854,Mumbai,regular
CUST01860,2026-01-12,232,DEV01804,ADDR01855,Bangalore,occasional
CUST01861,2025-07-16,412,DEV01805,ADDR01856,Bangalore,premium
CUST01862,2025-07-26,402,DEV01806,ADDR01857,Delhi,regular
CUST01863,2026-01-26,218,DEV01807,ADDR01858,Hyderabad,occasional
CUST01864,2026-03-26,159,DEV01808,ADDR01859,Delhi,regular
CUST01865,2026-03-02,183,DEV01809,ADDR01860,Mumbai,regular
CUST01866,2025-11-01,304,DEV01810,ADDR01861,Mumbai,new
CUST01867,2026-02-25,188,DEV01811,ADDR01862,Pune,regular
CUST01868,2026-05-16,108,DEV01812,ADDR01863,Pune,new
CUST01869,2026-04-02,152,DEV01813,ADDR01864,Chennai,regular
CUST01870,2025-10-03,333,DEV01814,ADDR01865,Chennai,occasional
CUST01871,2025-06-13,445,DEV01815,ADDR01866,Kolkata,regular
CUST01872,2025-12-12,263,DEV01816,ADDR01867,Hyderabad,regular
CUST01873,2025-09-10,356,DEV01817,ADDR01868,Bangalore,regular
CUST01874,2025-11-05,300,DEV01818,ADDR01869,Hyderabad,regular
CUST01875,2026-05-08,116,DEV01819,ADDR01870,Chandigarh,premium
CUST01876,2026-04-09,145,DEV01820,ADDR01871,Kolkata,regular
CUST01877,2026-02-03,210,DEV01821,ADDR01872,Kolkata,occasional
CUST01878,2026-01-10,234,DEV01822,ADDR01873,Bangalore,regular
CUST01879,2025-06-16,442,DEV01823,ADDR01874,Mumbai,regular
CUST01880,2025-12-17,258,DEV01824,ADDR01875,Ahmedabad,premium
CUST01881,2026-07-25,38,DEV01825,ADDR00009,Surat,premium
CUST01882,2025-08-21,376,DEV01826,ADDR01876,Chandigarh,occasional
CUST01883,2025-09-14,352,DEV01827,ADDR01877,Mumbai,regular
CUST01884,2026-04-30,124,DEV00103,ADDR00022,Mumbai,regular
CUST01885,2026-07-05,58,DEV01828,ADDR01878,Chennai,regular
CUST01886,2025-12-03,272,DEV01829,ADDR01879,Jaipur,regular
CUST01887,2025-10-20,316,DEV01830,ADDR00098,Surat,regular
CUST01888,2026-06-02,91,DEV01831,ADDR01880,Bangalore,regular
CUST01889,2025-11-19,286,DEV01832,ADDR01881,Delhi,regular
CUST01890,2026-02-24,189,DEV01833,ADDR01882,Mumbai,occasional
CUST01891,2026-03-03,182,DEV01834,ADDR01883,Hyderabad,regular
CUST01892,2026-04-04,150,DEV01835,ADDR01884,Hyderabad,regular
CUST01893,2026-06-28,65,DEV00102,ADDR01885,Mumbai,new
CUST01894,2025-05-30,459,DEV01836,ADDR01886,Indore,regular
CUST01895,2025-12-17,258,DEV01837,ADDR01887,Lucknow,premium
CUST01896,2025-06-07,451,DEV01838,ADDR01888,Mumbai,occasional
CUST01897,2026-05-15,109,DEV01839,ADDR01889,Kolkata,occasional
CUST01898,2026-03-09,176,DEV01840,ADDR01890,Mumbai,regular
CUST01899,2025-06-20,438,DEV01841,ADDR01891,Kolkata,regular
CUST01900,2026-03-18,167,DEV01842,ADDR01892,Pune,occasional
CUST01901,2026-08-05,27,DEV01843,ADDR01893,Mumbai,new
CUST01902,2026-01-09,235,DEV01844,ADDR01894,Kolkata,new
CUST01903,2025-12-21,254,DEV01845,ADDR01895,Indore,regular
CUST01904,2025-03-09,541,DEV00060,ADDR01896,Pune,regular
CUST01905,2025-05-20,469,DEV01846,ADDR01897,Jaipur,regular
CUST01906,2026-07-14,49,DEV01847,ADDR01898,Indore,regular
CUST01907,2025-09-06,360,DEV01848,ADDR01899,Kolkata,regular
CUST01908,2025-09-11,355,DEV01849,ADDR01900,Kochi,premium
CUST01909,2025-05-09,480,DEV01850,ADDR01901,Delhi,occasional
CUST01910,2026-06-01,92,DEV01851,ADDR00060,Chandigarh,premium
CUST01911,2025-07-23,405,DEV01852,ADDR01902,Indore,occasional
CUST01912,2025-10-07,329,DEV01853,ADDR01903,Bangalore,regular
CUST01913,2025-03-10,540,DEV01854,ADDR01904,Kolkata,occasional
CUST01914,2026-02-02,211,DEV01855,ADDR01905,Mumbai,occasional
CUST01915,2026-01-07,237,DEV01856,ADDR01906,Surat,regular
CUST01916,2026-03-31,154,DEV01857,ADDR01907,Hyderabad,regular
CUST01917,2025-07-08,420,DEV01858,ADDR01908,Delhi,premium
CUST01918,2025-05-20,469,DEV01859,ADDR01909,Ahmedabad,regular
CUST01919,2025-04-17,502,DEV01860,ADDR01910,Bangalore,premium
CUST01920,2026-01-24,220,DEV01861,ADDR01911,Lucknow,occasional
CUST01921,2025-06-07,451,DEV01862,ADDR01912,Bangalore,regular
CUST01922,2025-09-26,340,DEV01863,ADDR01913,Chandigarh,regular
CUST01923,2026-05-08,116,DEV01864,ADDR01914,Mumbai,regular
CUST01924,2026-05-04,120,DEV00130,ADDR01915,Kolkata,occasional
CUST01925,2025-08-06,391,DEV01865,ADDR01916,Ahmedabad,occasional
CUST01926,2025-04-05,514,DEV01866,ADDR01917,Ahmedabad,regular
CUST01927,2025-10-04,332,DEV00144,ADDR01918,Delhi,regular
CUST01928,2025-09-24,342,DEV01867,ADDR01919,Mumbai,occasional
CUST01929,2026-08-11,21,DEV01868,ADDR01920,Delhi,new
CUST01930,2026-05-07,117,DEV01869,ADDR01921,Hyderabad,regular
CUST01931,2026-02-12,201,DEV01870,ADDR01922,Mumbai,regular
CUST01932,2026-01-19,225,DEV01871,ADDR01923,Pune,regular
CUST01933,2025-10-08,328,DEV01872,ADDR01924,Lucknow,regular
CUST01934,2026-06-24,69,DEV01873,ADDR01925,Mumbai,new
CUST01935,2025-07-22,406,DEV01874,ADDR01926,Chandigarh,premium
CUST01936,2025-04-04,515,DEV01875,ADDR01927,Pune,premium
CUST01937,2026-02-19,194,DEV01876,ADDR01928,Hyderabad,occasional
CUST01938,2026-05-24,100,DEV01877,ADDR01929,Jaipur,regular
CUST01939,2026-03-31,154,DEV01878,ADDR01930,Bangalore,regular
CUST01940,2026-01-03,241,DEV01879,ADDR01931,Delhi,regular
CUST01941,2025-11-10,295,DEV01880,ADDR01932,Chennai,regular
CUST01942,2025-03-10,540,DEV01881,ADDR01933,Bangalore,regular
CUST01943,2025-04-08,511,DEV01882,ADDR01934,Chennai,premium
CUST01944,2026-02-08,205,DEV01883,ADDR01935,Kolkata,regular
CUST01945,2025-08-05,392,DEV00092,ADDR01936,Kolkata,regular
CUST01946,2025-12-14,261,DEV01884,ADDR01937,Kolkata,premium
CUST01947,2025-03-12,538,DEV01885,ADDR01938,Pune,regular
CUST01948,2025-06-01,457,DEV01886,ADDR01939,Bangalore,regular
CUST01949,2025-09-10,356,DEV01887,ADDR01940,Kolkata,premium
CUST01950,2025-12-04,271,DEV01888,ADDR01941,Mumbai,regular
CUST01951,2025-09-01,365,DEV01889,ADDR01942,Delhi,regular
CUST01952,2025-04-28,491,DEV01890,ADDR01943,Bangalore,regular
CUST01953,2025-08-29,368,DEV01891,ADDR01944,Kolkata,occasional
CUST01954,2026-05-01,123,DEV01892,ADDR01945,Mumbai,premium
CUST01955,2026-08-05,27,DEV01893,ADDR01946,Kolkata,new
CUST01956,2026-04-24,130,DEV01894,ADDR01947,Pune,regular
CUST01957,2025-10-18,318,DEV01895,ADDR01948,Lucknow,occasional
CUST01958,2025-12-10,265,DEV01896,ADDR01949,Mumbai,regular
CUST01959,2026-06-09,84,DEV01897,ADDR01950,Mumbai,new
CUST01960,2026-07-31,32,DEV00092,ADDR00042,Ahmedabad,premium
CUST01961,2026-06-04,89,DEV01898,ADDR00037,Mumbai,new
CUST01962,2026-02-10,203,DEV01899,ADDR01951,Ahmedabad,regular
CUST01963,2025-03-05,545,DEV01900,ADDR01952,Chennai,regular
CUST01964,2026-07-14,49,DEV01901,ADDR01953,Delhi,new
CUST01965,2025-03-07,543,DEV01902,ADDR01954,Delhi,regular
CUST01966,2025-10-14,322,DEV01903,ADDR01955,Ahmedabad,regular
CUST01967,2025-08-28,369,DEV01904,ADDR01956,Ahmedabad,occasional
CUST01968,2025-11-23,282,DEV01905,ADDR01957,Chennai,occasional
CUST01969,2026-02-27,186,DEV01906,ADDR01958,Chennai,premium
CUST01970,2025-05-27,462,DEV01907,ADDR01959,Kochi,regular
CUST01971,2025-12-11,264,DEV01908,ADDR01960,Pune,premium
CUST01972,2025-06-10,448,DEV01909,ADDR00095,Jaipur,regular
CUST01973,2025-12-29,246,DEV01910,ADDR01961,Mumbai,occasional
CUST01974,2026-05-03,121,DEV01911,ADDR00152,Surat,regular
CUST01975,2026-01-21,223,DEV01912,ADDR01962,Mumbai,premium
CUST01976,2025-06-20,438,DEV01913,ADDR01963,Mumbai,regular
CUST01977,2025-04-03,516,DEV01914,ADDR01964,Delhi,premium
CUST01978,2025-03-27,523,DEV01915,ADDR01965,Bangalore,regular
CUST01979,2025-10-19,317,DEV01916,ADDR00017,Ahmedabad,regular
CUST01980,2026-08-14,18,DEV01917,ADDR01966,Lucknow,regular
CUST01981,2026-05-08,116,DEV01918,ADDR01967,Mumbai,new
CUST01982,2026-04-20,134,DEV01919,ADDR01968,Kolkata,new
CUST01983,2026-04-14,140,DEV01920,ADDR01969,Hyderabad,occasional
CUST01984,2026-07-09,54,DEV00073,ADDR00070,Mumbai,regular
CUST01985,2026-05-15,109,DEV01921,ADDR01970,Hyderabad,occasional
CUST01986,2025-04-08,511,DEV01922,ADDR01971,Hyderabad,occasional
CUST01987,2025-06-23,435,DEV01923,ADDR01972,Lucknow,premium
CUST01988,2025-10-17,319,DEV01924,ADDR01973,Bangalore,regular
CUST01989,2025-05-25,464,DEV01925,ADDR01974,Chennai,regular
CUST01990,2025-11-16,289,DEV01926,ADDR01975,Chandigarh,occasional
CUST01991,2025-06-30,428,DEV01927,ADDR01976,Delhi,regular
CUST01992,2025-06-05,453,DEV01928,ADDR00119,Delhi,regular
CUST01993,2025-12-11,264,DEV01929,ADDR01977,Mumbai,regular
CUST01994,2025-04-16,503,DEV01930,ADDR01978,Kochi,premium
CUST01995,2025-05-29,460,DEV00053,ADDR01979,Bangalore,regular
CUST01996,2025-08-09,388,DEV01931,ADDR01980,Hyderabad,regular
CUST01997,2025-03-01,549,DEV00071,ADDR01981,Hyderabad,premium
CUST01998,2025-08-08,389,DEV01932,ADDR01982,Delhi,occasional
CUST01999,2025-12-11,264,DEV01933,ADDR01983,Bangalore,regular
CUST02000,2025-11-24,281,DEV01934,ADDR01984,Bangalore,regular
CUST02001,2026-02-20,193,DEV01935,ADDR01985,Pune,premium
CUST02002,2026-05-21,103,DEV01936,ADDR01986,Chandigarh,regular
CUST02003,2025-12-17,258,DEV01937,ADDR01987,Bangalore,premium
CUST02004,2026-05-03,121,DEV01938,ADDR01988,Delhi,new
CUST02005,2025-03-05,545,DEV01939,ADDR01989,Ahmedabad,regular
CUST02006,2025-08-03,394,DEV00081,ADDR01990,Mumbai,regular
CUST02007,2025-06-06,452,DEV01940,ADDR00139,Lucknow,occasional
CUST02008,2025-03-07,543,DEV01941,ADDR01991,Pune,occasional
CUST02009,2026-03-19,166,DEV01942,ADDR01992,Hyderabad,regular
CUST02010,2026-05-14,110,DEV01943,ADDR01993,Hyderabad,regular
CUST02011,2025-10-30,306,DEV01944,ADDR01994,Kochi,regular
CUST02012,2025-07-20,408,DEV01945,ADDR01995,Bangalore,premium
CUST02013,2025-07-08,420,DEV01946,ADDR01996,Ahmedabad,regular
CUST02014,2025-12-28,247,DEV01947,ADDR01997,Kolkata,regular
CUST02015,2025-05-30,459,DEV00102,ADDR00008,Delhi,premium
CUST02016,2026-04-10,144,DEV01948,ADDR01998,Kolkata,premium
CUST02017,2025-07-02,426,DEV01949,ADDR01999,Mumbai,occasional
CUST02018,2025-09-23,343,DEV01950,ADDR02000,Kolkata,occasional
CUST02019,2025-09-10,356,DEV01951,ADDR02001,Mumbai,premium
CUST02020,2025-10-06,330,DEV01952,ADDR02002,Chennai,regular
CUST02021,2026-05-25,99,DEV00121,ADDR00062,Hyderabad,premium
CUST02022,2026-06-19,74,DEV01953,ADDR00101,Kolkata,new
CUST02023,2025-07-27,401,DEV01954,ADDR00137,Bangalore,regular
CUST02024,2025-11-23,282,DEV00042,ADDR02003,Lucknow,occasional
CUST02025,2026-03-08,177,DEV01955,ADDR02004,Chennai,occasional
CUST02026,2025-03-31,519,DEV01956,ADDR02005,Surat,regular
CUST02027,2026-05-05,119,DEV01957,ADDR00092,Bangalore,regular
CUST02028,2026-04-29,125,DEV01958,ADDR02006,Ahmedabad,regular
CUST02029,2026-05-30,94,DEV00105,ADDR00060,Chandigarh,regular
CUST02030,2026-06-04,89,DEV01959,ADDR00147,Delhi,new
CUST02031,2025-03-12,538,DEV01960,ADDR02007,Jaipur,regular
CUST02032,2025-11-05,300,DEV01961,ADDR02008,Mumbai,occasional
CUST02033,2026-03-21,164,DEV00138,ADDR00017,Ahmedabad,occasional
CUST02034,2025-05-23,466,DEV01962,ADDR02009,Mumbai,premium
CUST02035,2025-11-28,277,DEV01963,ADDR00078,Bangalore,regular
CUST02036,2025-07-30,398,DEV01964,ADDR02010,Bangalore,premium
CUST02037,2026-06-23,70,DEV00002,ADDR02011,Lucknow,new
CUST02038,2026-07-09,54,DEV01965,ADDR02012,Delhi,regular
CUST02039,2025-04-19,500,DEV01966,ADDR02013,Mumbai,regular
CUST02040,2026-04-08,146,DEV01967,ADDR02014,Mumbai,regular
CUST02041,2026-04-26,128,DEV00108,ADDR02015,Kochi,regular
CUST02042,2025-11-06,299,DEV01968,ADDR02016,Indore,premium
CUST02043,2025-04-16,503,DEV01969,ADDR02017,Kolkata,occasional
CUST02044,2025-03-07,543,DEV01970,ADDR02018,Ahmedabad,occasional
CUST02045,2025-09-28,338,DEV01971,ADDR02019,Chennai,premium
CUST02046,2026-06-27,66,DEV00027,ADDR00005,Mumbai,regular
CUST02047,2025-10-04,332,DEV01972,ADDR02020,Ahmedabad,regular
CUST02048,2025-09-13,353,DEV01973,ADDR02021,Indore,premium
CUST02049,2026-04-20,134,DEV01974,ADDR02022,Indore,regular
CUST02050,2025-03-24,526,DEV01975,ADDR02023,Delhi,regular
CUST02051,2026-03-22,163,DEV01976,ADDR02024,Delhi,regular
CUST02052,2025-11-21,284,DEV01977,ADDR02025,Delhi,regular
CUST02053,2025-10-09,327,DEV01978,ADDR02026,Kolkata,premium
CUST02054,2025-12-31,244,DEV01979,ADDR02027,Hyderabad,regular
CUST02055,2026-05-10,114,DEV01980,ADDR02028,Mumbai,occasional
CUST02056,2026-01-09,235,DEV01981,ADDR02029,Pune,regular
CUST02057,2026-07-05,58,DEV00053,ADDR00062,Hyderabad,new
CUST02058,2025-06-26,432,DEV00073,ADDR02030,Hyderabad,regular
CUST02059,2026-05-02,122,DEV00070,ADDR02031,Ahmedabad,regular
CUST02060,2026-03-12,173,DEV01982,ADDR02032,Lucknow,regular
CUST02061,2025-05-11,478,DEV01983,ADDR02033,Surat,premium
CUST02062,2025-10-01,335,DEV01984,ADDR02034,Pune,premium
CUST02063,2026-04-26,128,DEV01985,ADDR02035,Pune,occasional
CUST02064,2026-05-24,100,DEV01986,ADDR02036,Ahmedabad,regular
CUST02065,2026-04-15,139,DEV01987,ADDR02037,Mumbai,regular
CUST02066,2025-04-20,499,DEV01988,ADDR02038,Hyderabad,regular
CUST02067,2026-02-06,207,DEV01989,ADDR02039,Pune,regular
CUST02068,2025-09-18,348,DEV00111,ADDR02040,Mumbai,regular
CUST02069,2025-07-24,404,DEV01990,ADDR02041,Delhi,premium
CUST02070,2026-05-02,122,DEV01991,ADDR02042,Indore,regular
CUST02071,2025-06-12,446,DEV00145,ADDR00112,Mumbai,premium
CUST02072,2026-01-10,234,DEV01992,ADDR02043,Chandigarh,premium
CUST02073,2025-12-28,247,DEV01993,ADDR02044,Mumbai,regular
CUST02074,2026-03-27,158,DEV01994,ADDR02045,Hyderabad,occasional
CUST02075,2025-12-04,271,DEV01995,ADDR02046,Mumbai,premium
CUST02076,2025-06-21,437,DEV01996,ADDR02047,Pune,regular
CUST02077,2026-01-21,223,DEV01997,ADDR02048,Pune,occasional
CUST02078,2025-07-14,414,DEV01998,ADDR02049,Lucknow,occasional
CUST02079,2026-05-04,120,DEV00075,ADDR02050,Surat,regular
CUST02080,2025-09-05,361,DEV01999,ADDR02051,Mumbai,premium
CUST02081,2026-03-22,163,DEV02000,ADDR02052,Jaipur,new
CUST02082,2025-09-30,336,DEV02001,ADDR02053,Hyderabad,premium
CUST02083,2025-03-23,527,DEV02002,ADDR02054,Lucknow,regular
CUST02084,2026-04-13,141,DEV02003,ADDR02055,Mumbai,new
CUST02085,2025-03-20,530,DEV02004,ADDR02056,Mumbai,occasional
CUST02086,2026-04-24,130,DEV02005,ADDR02057,Pune,occasional
CUST02087,2025-10-26,310,DEV02006,ADDR02058,Mumbai,regular
CUST02088,2025-06-28,430,DEV02007,ADDR02059,Ahmedabad,regular
CUST02089,2026-03-09,176,DEV02008,ADDR02060,Mumbai,occasional
CUST02090,2025-08-05,392,DEV02009,ADDR02061,Bangalore,occasional
CUST02091,2026-02-20,193,DEV02010,ADDR02062,Mumbai,regular
CUST02092,2026-03-03,182,DEV00118,ADDR02063,Pune,regular
CUST02093,2026-01-30,214,DEV02011,ADDR02064,Bangalore,premium
CUST02094,2025-08-25,372,DEV02012,ADDR02065,Chennai,occasional
CUST02095,2025-12-22,253,DEV02013,ADDR02066,Kolkata,regular
CUST02096,2025-04-01,518,DEV02014,ADDR02067,Jaipur,new
CUST02097,2026-04-24,130,DEV02015,ADDR02068,Hyderabad,new
CUST02098,2025-10-07,329,DEV02016,ADDR02069,Kolkata,regular
CUST02099,2026-01-07,237,DEV02017,ADDR02070,Mumbai,regular
CUST02100,2025-07-09,419,DEV02018,ADDR02071,Kolkata,regular
CUST02101,2025-03-07,543,DEV02019,ADDR02072,Pune,occasional
CUST02102,2026-06-25,68,DEV02020,ADDR02073,Lucknow,new
CUST02103,2026-01-11,233,DEV02021,ADDR02074,Delhi,regular
CUST02104,2026-03-22,163,DEV02022,ADDR02075,Delhi,regular
CUST02105,2025-07-30,398,DEV02023,ADDR02076,Chennai,regular
CUST02106,2025-10-14,322,DEV00070,ADDR02077,Hyderabad,occasional
CUST02107,2025-09-07,359,DEV02024,ADDR02078,Kolkata,regular
CUST02108,2026-07-22,41,DEV02025,ADDR02079,Kochi,new
CUST02109,2025-10-28,308,DEV02026,ADDR02080,Hyderabad,regular
CUST02110,2026-04-19,135,DEV00018,ADDR02081,Mumbai,occasional
CUST02111,2026-05-16,108,DEV02027,ADDR00028,Pune,premium
CUST02112,2026-04-24,130,DEV02028,ADDR02082,Kolkata,new
CUST02113,2025-04-26,493,DEV02029,ADDR02083,Ahmedabad,premium
CUST02114,2026-05-01,123,DEV02030,ADDR02084,Kochi,regular
CUST02115,2026-06-01,92,DEV00064,ADDR00085,Indore,regular
CUST02116,2026-05-14,110,DEV02031,ADDR02085,Pune,regular
CUST02117,2025-08-09,388,DEV02032,ADDR02086,Surat,regular
CUST02118,2026-05-21,103,DEV02033,ADDR02087,Hyderabad,regular
CUST02119,2026-02-13,200,DEV02034,ADDR02088,Pune,regular
CUST02120,2025-07-15,413,DEV02035,ADDR02089,Ahmedabad,premium
CUST02121,2026-02-22,191,DEV02036,ADDR02090,Bangalore,new
CUST02122,2025-03-27,523,DEV02037,ADDR02091,Pune,regular
CUST02123,2025-08-18,379,DEV02038,ADDR02092,Indore,regular
CUST02124,2026-05-17,107,DEV00076,ADDR00130,Surat,regular
CUST02125,2025-05-03,486,DEV02039,ADDR02093,Bangalore,occasional
CUST02126,2025-03-12,538,DEV02040,ADDR02094,Lucknow,occasional
CUST02127,2025-12-21,254,DEV02041,ADDR00079,Mumbai,regular
CUST02128,2026-05-15,109,DEV00093,ADDR02095,Mumbai,new
CUST02129,2025-11-02,303,DEV02042,ADDR02096,Ahmedabad,regular
CUST02130,2026-02-28,185,DEV02043,ADDR00117,Bangalore,regular
CUST02131,2026-02-28,185,DEV02044,ADDR02097,Pune,regular
CUST02132,2025-10-13,323,DEV02045,ADDR00169,Mumbai,regular
CUST02133,2026-06-19,74,DEV02046,ADDR00066,Ahmedabad,occasional
CUST02134,2026-03-29,156,DEV02047,ADDR02098,Chennai,occasional
CUST02135,2026-03-02,183,DEV02048,ADDR02099,Delhi,occasional
CUST02136,2025-04-28,491,DEV00050,ADDR02100,Lucknow,regular
CUST02137,2026-04-30,124,DEV00015,ADDR00039,Kochi,new
CUST02138,2026-01-02,242,DEV02049,ADDR02101,Delhi,regular
CUST02139,2025-12-05,270,DEV02050,ADDR02102,Delhi,regular
CUST02140,2025-08-28,369,DEV02051,ADDR02103,Chennai,regular
CUST02141,2026-03-09,176,DEV02052,ADDR02104,Bangalore,regular
CUST02142,2025-12-18,257,DEV02053,ADDR02105,Pune,occasional
CUST02143,2025-09-14,352,DEV02054,ADDR02106,Mumbai,regular
CUST02144,2025-08-15,382,DEV02055,ADDR02107,Delhi,premium
CUST02145,2025-10-16,320,DEV02056,ADDR02108,Hyderabad,regular
CUST02146,2025-07-13,415,DEV02057,ADDR02109,Lucknow,occasional
CUST02147,2025-04-07,512,DEV02058,ADDR02110,Delhi,occasional
CUST02148,2025-08-15,382,DEV02059,ADDR02111,Kolkata,regular
CUST02149,2026-07-19,44,DEV02060,ADDR02112,Lucknow,new
CUST02150,2026-04-26,128,DEV02061,ADDR02113,Mumbai,regular
CUST02151,2026-01-04,240,DEV02062,ADDR02114,Ahmedabad,regular
CUST02152,2025-05-22,467,DEV02063,ADDR02115,Bangalore,occasional
CUST02153,2025-12-09,266,DEV00022,ADDR02116,Mumbai,premium
CUST02154,2025-11-23,282,DEV02064,ADDR02117,Bangalore,premium
CUST02155,2025-05-18,471,DEV02065,ADDR02118,Chandigarh,regular
CUST02156,2025-11-24,281,DEV02066,ADDR02119,Mumbai,premium
CUST02157,2025-10-30,306,DEV02067,ADDR02120,Kolkata,occasional
CUST02158,2025-06-09,449,DEV02068,ADDR02121,Delhi,premium
CUST02159,2025-04-04,515,DEV02069,ADDR02122,Hyderabad,regular
CUST02160,2025-12-08,267,DEV02070,ADDR02123,Surat,regular
CUST02161,2025-08-08,389,DEV02071,ADDR02124,Ahmedabad,regular
CUST02162,2026-05-07,117,DEV02072,ADDR00093,Bangalore,new
CUST02163,2025-11-29,276,DEV02073,ADDR02125,Jaipur,regular
CUST02164,2026-01-16,228,DEV02074,ADDR02126,Kolkata,regular
CUST02165,2025-04-27,492,DEV00136,ADDR02127,Lucknow,regular
CUST02166,2026-03-23,162,DEV02075,ADDR02128,Surat,occasional
CUST02167,2025-11-18,287,DEV02076,ADDR02129,Hyderabad,regular
CUST02168,2026-01-19,225,DEV02077,ADDR00020,Delhi,regular
CUST02169,2026-01-06,238,DEV00088,ADDR00049,Mumbai,occasional
CUST02170,2025-07-19,409,DEV02078,ADDR02130,Ahmedabad,premium
CUST02171,2026-03-11,174,DEV00012,ADDR00116,Bangalore,occasional
CUST02172,2025-09-09,357,DEV02079,ADDR02131,Kolkata,premium
CUST02173,2025-09-05,361,DEV02080,ADDR00132,Delhi,regular
CUST02174,2026-02-03,210,DEV02081,ADDR02132,Delhi,regular
CUST02175,2026-05-15,109,DEV02082,ADDR00102,Lucknow,new
CUST02176,2026-01-18,226,DEV02083,ADDR02133,Mumbai,premium
CUST02177,2025-12-29,246,DEV02084,ADDR02134,Pune,regular
CUST02178,2026-02-09,204,DEV00004,ADDR02135,Pune,new
CUST02179,2025-08-22,375,DEV02085,ADDR02136,Delhi,regular
CUST02180,2026-01-10,234,DEV02086,ADDR02137,Pune,regular
CUST02181,2026-07-06,57,DEV02087,ADDR00030,Mumbai,new
CUST02182,2025-03-27,523,DEV02088,ADDR02138,Chennai,regular
CUST02183,2025-04-20,499,DEV02089,ADDR02139,Bangalore,occasional
CUST02184,2026-02-19,194,DEV02090,ADDR02140,Jaipur,regular
CUST02185,2026-02-22,191,DEV02091,ADDR00051,Bangalore,regular
CUST02186,2025-04-06,513,DEV02092,ADDR00115,Delhi,occasional
CUST02187,2026-05-13,111,DEV02093,ADDR02141,Bangalore,premium
CUST02188,2026-04-07,147,DEV02094,ADDR02142,Mumbai,occasional
CUST02189,2025-09-13,353,DEV02095,ADDR02143,Lucknow,regular
CUST02190,2025-06-07,451,DEV02096,ADDR02144,Chandigarh,regular
CUST02191,2025-10-16,320,DEV02097,ADDR02145,Chennai,occasional
CUST02192,2025-08-11,386,DEV02098,ADDR02146,Kolkata,regular
CUST02193,2025-09-30,336,DEV02099,ADDR02147,Surat,regular
CUST02194,2026-06-15,78,DEV02100,ADDR02148,Delhi,new
CUST02195,2026-01-26,218,DEV02101,ADDR02149,Indore,regular
CUST02196,2025-05-18,471,DEV02102,ADDR02150,Mumbai,occasional
CUST02197,2026-05-11,113,DEV02103,ADDR02151,Delhi,premium
CUST02198,2026-03-27,158,DEV02104,ADDR02152,Kochi,premium
CUST02199,2025-03-20,530,DEV00059,ADDR02153,Ahmedabad,regular
CUST02200,2026-01-17,227,DEV02105,ADDR02154,Chandigarh,regular
CUST02201,2026-03-17,168,DEV02106,ADDR02155,Chandigarh,regular
CUST02202,2025-05-19,470,DEV02107,ADDR02156,Mumbai,regular
CUST02203,2025-05-13,476,DEV02108,ADDR02157,Hyderabad,occasional
CUST02204,2025-07-20,408,DEV02109,ADDR02158,Pune,regular
CUST02205,2025-07-28,400,DEV02110,ADDR02159,Pune,regular
CUST02206,2026-06-03,90,DEV00125,ADDR00007,Surat,regular
CUST02207,2025-05-21,468,DEV02111,ADDR00028,Pune,regular
CUST02208,2025-10-20,316,DEV02112,ADDR02160,Jaipur,premium
CUST02209,2025-04-11,508,DEV02113,ADDR02161,Ahmedabad,regular
CUST02210,2025-11-24,281,DEV02114,ADDR02162,Bangalore,regular
CUST02211,2025-11-21,284,DEV02115,ADDR02163,Pune,regular
CUST02212,2026-04-11,143,DEV00142,ADDR02164,Pune,regular
CUST02213,2025-11-24,281,DEV02116,ADDR02165,Delhi,regular
CUST02214,2026-04-28,126,DEV02117,ADDR02166,Bangalore,regular
CUST02215,2025-05-22,467,DEV02118,ADDR02167,Ahmedabad,regular
CUST02216,2026-04-13,141,DEV00080,ADDR00156,Kochi,regular
CUST02217,2026-07-27,36,DEV00045,ADDR02168,Mumbai,new
CUST02218,2026-07-07,56,DEV00031,ADDR02169,Jaipur,regular
CUST02219,2025-10-30,306,DEV02119,ADDR02170,Bangalore,regular
CUST02220,2025-12-16,259,DEV02120,ADDR02171,Pune,regular
CUST02221,2025-08-21,376,DEV02121,ADDR02172,Jaipur,regular
CUST02222,2025-06-08,450,DEV02122,ADDR02173,Jaipur,regular
CUST02223,2025-06-04,454,DEV02123,ADDR02174,Kolkata,regular
CUST02224,2026-02-03,210,DEV02124,ADDR02175,Hyderabad,regular
CUST02225,2026-03-27,158,DEV02125,ADDR02176,Kolkata,regular
CUST02226,2025-12-12,263,DEV02126,ADDR02177,Delhi,occasional
CUST02227,2026-01-05,239,DEV02127,ADDR02178,Kolkata,regular
CUST02228,2025-09-11,355,DEV02128,ADDR02179,Chandigarh,occasional
CUST02229,2025-10-10,326,DEV02129,ADDR02180,Pune,regular
CUST02230,2026-02-02,211,DEV02130,ADDR02181,Lucknow,regular
CUST02231,2025-12-24,251,DEV02131,ADDR00130,Surat,occasional
CUST02232,2025-10-12,324,DEV02132,ADDR02182,Chennai,premium
CUST02233,2025-05-10,479,DEV02133,ADDR02183,Bangalore,occasional
CUST02234,2026-05-08,116,DEV02134,ADDR02184,Chandigarh,occasional
CUST02235,2025-04-10,509,DEV02135,ADDR02185,Indore,premium
CUST02236,2025-12-05,270,DEV02136,ADDR02186,Mumbai,regular
CUST02237,2026-05-27,97,DEV00129,ADDR02187,Hyderabad,premium
CUST02238,2026-03-08,177,DEV00031,ADDR02188,Ahmedabad,regular
CUST02239,2025-09-13,353,DEV02137,ADDR02189,Delhi,premium
CUST02240,2025-03-30,520,DEV02138,ADDR02190,Pune,occasional
CUST02241,2025-10-08,328,DEV02139,ADDR02191,Delhi,occasional
CUST02242,2026-02-02,211,DEV02140,ADDR02192,Delhi,premium
CUST02243,2025-12-01,274,DEV02141,ADDR02193,Kolkata,regular
CUST02244,2025-05-24,465,DEV02142,ADDR02194,Bangalore,occasional
CUST02245,2025-08-27,370,DEV02143,ADDR02195,Lucknow,occasional
CUST02246,2025-11-16,289,DEV02144,ADDR02196,Delhi,regular
CUST02247,2025-10-15,321,DEV02145,ADDR02197,Lucknow,new
CUST02248,2026-04-21,133,DEV00134,ADDR02198,Chennai,premium
CUST02249,2025-12-08,267,DEV02146,ADDR02199,Chennai,regular
CUST02250,2026-06-25,68,DEV00118,ADDR02200,Ahmedabad,new
CUST02251,2025-11-14,291,DEV02147,ADDR02201,Mumbai,occasional
CUST02252,2025-12-01,274,DEV02148,ADDR02202,Bangalore,regular
CUST02253,2026-01-09,235,DEV02149,ADDR02203,Jaipur,regular
CUST02254,2026-01-02,242,DEV00014,ADDR02204,Kochi,regular
CUST02255,2026-05-11,113,DEV02150,ADDR02205,Bangalore,regular
CUST02256,2025-03-11,539,DEV02151,ADDR02206,Delhi,premium
CUST02257,2025-11-20,285,DEV02152,ADDR02207,Bangalore,premium
CUST02258,2026-01-12,232,DEV02153,ADDR02208,Chennai,regular
CUST02259,2026-04-03,151,DEV02154,ADDR02209,Pune,occasional
CUST02260,2026-06-06,87,DEV02155,ADDR00126,Bangalore,regular
CUST02261,2026-01-05,239,DEV02156,ADDR02210,Delhi,regular
CUST02262,2025-11-27,278,DEV02157,ADDR02211,Chennai,regular
CUST02263,2026-03-26,159,DEV00053,ADDR00035,Surat,regular
CUST02264,2025-07-28,400,DEV02158,ADDR02212,Bangalore,regular
CUST02265,2026-05-20,104,DEV02159,ADDR02213,Pune,occasional
CUST02266,2025-05-28,461,DEV02160,ADDR02214,Ahmedabad,regular
CUST02267,2026-05-16,108,DEV02161,ADDR02215,Hyderabad,regular
CUST02268,2025-06-04,454,DEV02162,ADDR02216,Delhi,regular
CUST02269,2026-05-07,117,DEV00150,ADDR02217,Pune,occasional
CUST02270,2025-08-27,370,DEV02163,ADDR02218,Jaipur,premium
CUST02271,2026-04-10,144,DEV02164,ADDR02219,Delhi,new
CUST02272,2025-06-15,443,DEV02165,ADDR02220,Ahmedabad,premium
CUST02273,2025-04-16,503,DEV02166,ADDR02221,Mumbai,regular
CUST02274,2026-06-08,85,DEV02167,ADDR02222,Bangalore,new
CUST02275,2025-03-02,548,DEV02168,ADDR00141,Delhi,occasional
CUST02276,2026-04-12,142,DEV00112,ADDR02223,Kochi,regular
CUST02277,2026-03-02,183,DEV02169,ADDR02224,Delhi,regular
CUST02278,2026-07-25,38,DEV02170,ADDR02225,Ahmedabad,new
CUST02279,2026-03-18,167,DEV02171,ADDR02226,Chennai,premium
CUST02280,2026-02-13,200,DEV02172,ADDR02227,Mumbai,premium
CUST02281,2025-06-23,435,DEV02173,ADDR02228,Delhi,regular
CUST02282,2025-11-29,276,DEV00101,ADDR02229,Delhi,occasional
CUST02283,2025-12-17,258,DEV02174,ADDR02230,Mumbai,occasional
CUST02284,2025-05-29,460,DEV02175,ADDR02231,Jaipur,regular
CUST02285,2026-04-10,144,DEV02176,ADDR02232,Delhi,regular
CUST02286,2025-08-17,380,DEV00014,ADDR02233,Kolkata,premium
CUST02287,2026-03-25,160,DEV02177,ADDR02234,Delhi,premium
CUST02288,2025-03-30,520,DEV02178,ADDR02235,Kolkata,occasional
CUST02289,2026-05-11,113,DEV02179,ADDR02236,Delhi,premium
CUST02290,2025-10-23,313,DEV02180,ADDR02237,Jaipur,premium
CUST02291,2025-05-11,478,DEV02181,ADDR02238,Pune,regular
CUST02292,2025-07-05,423,DEV02182,ADDR02239,Ahmedabad,occasional
CUST02293,2025-09-01,365,DEV02183,ADDR02240,Indore,regular
CUST02294,2025-12-03,272,DEV02184,ADDR02241,Pune,occasional
CUST02295,2025-10-05,331,DEV02185,ADDR02242,Mumbai,regular
CUST02296,2026-07-30,33,DEV00042,ADDR02243,Indore,new
CUST02297,2026-04-12,142,DEV02186,ADDR02244,Pune,occasional
CUST02298,2025-11-26,279,DEV02187,ADDR02245,Chennai,regular
CUST02299,2025-06-05,453,DEV02188,ADDR00061,Pune,premium
CUST02300,2025-08-20,377,DEV00082,ADDR02246,Kolkata,occasional
CUST02301,2026-04-16,138,DEV02189,ADDR02247,Pune,regular
CUST02302,2025-12-04,271,DEV02190,ADDR02248,Lucknow,regular
CUST02303,2025-11-03,302,DEV02191,ADDR00088,Hyderabad,premium
CUST02304,2026-06-24,69,DEV02192,ADDR02249,Kolkata,new
CUST02305,2026-08-04,28,DEV02193,ADDR02250,Lucknow,new
CUST02306,2026-04-26,128,DEV02194,ADDR02251,Delhi,regular
CUST02307,2026-05-04,120,DEV02195,ADDR02252,Bangalore,regular
CUST02308,2025-04-19,500,DEV02196,ADDR00046,Pune,regular
CUST02309,2026-05-31,93,DEV00083,ADDR02253,Kolkata,premium
CUST02310,2026-07-01,62,DEV00061,ADDR02254,Delhi,regular
CUST02311,2026-05-12,112,DEV02197,ADDR00110,Delhi,occasional
CUST02312,2025-11-29,276,DEV02198,ADDR02255,Lucknow,regular
CUST02313,2025-11-11,294,DEV02199,ADDR02256,Ahmedabad,premium
CUST02314,2025-05-12,477,DEV02200,ADDR00108,Jaipur,occasional
CUST02315,2025-05-18,471,DEV02201,ADDR02257,Bangalore,regular
CUST02316,2025-09-03,363,DEV02202,ADDR02258,Bangalore,regular
CUST02317,2025-12-23,252,DEV02203,ADDR02259,Chandigarh,premium
CUST02318,2026-01-30,214,DEV02204,ADDR02260,Delhi,regular
CUST02319,2026-05-30,94,DEV02205,ADDR02261,Pune,regular
CUST02320,2025-12-28,247,DEV02206,ADDR02262,Mumbai,new
CUST02321,2026-04-06,148,DEV02207,ADDR02263,Hyderabad,regular
CUST02322,2026-03-14,171,DEV02208,ADDR02264,Kolkata,regular
CUST02323,2026-03-24,161,DEV02209,ADDR02265,Bangalore,regular
CUST02324,2025-09-18,348,DEV02210,ADDR02266,Bangalore,occasional
CUST02325,2025-04-04,515,DEV02211,ADDR02267,Delhi,premium
CUST02326,2025-11-04,301,DEV02212,ADDR02268,Kochi,premium
CUST02327,2026-06-22,71,DEV00026,ADDR02269,Ahmedabad,new
CUST02328,2026-04-16,138,DEV02213,ADDR02270,Chandigarh,regular
CUST02329,2026-05-05,119,DEV02214,ADDR02271,Surat,premium
CUST02330,2025-04-26,493,DEV02215,ADDR02272,Hyderabad,occasional
CUST02331,2026-05-31,93,DEV00152,ADDR00057,Bangalore,regular
CUST02332,2026-03-18,167,DEV00111,ADDR02273,Surat,new
CUST02333,2025-10-26,310,DEV02216,ADDR00036,Hyderabad,regular
CUST02334,2025-05-05,484,DEV02217,ADDR02274,Jaipur,occasional
CUST02335,2025-05-20,469,DEV02218,ADDR02275,Mumbai,regular
CUST02336,2025-05-02,487,DEV02219,ADDR02276,Bangalore,premium
CUST02337,2025-05-11,478,DEV02220,ADDR02277,Mumbai,regular
CUST02338,2026-01-12,232,DEV02221,ADDR02278,Delhi,regular
CUST02339,2025-09-07,359,DEV02222,ADDR02279,Mumbai,new
CUST02340,2026-07-13,50,DEV02223,ADDR02280,Indore,regular
CUST02341,2025-06-15,443,DEV02224,ADDR02281,Surat,premium
CUST02342,2025-10-22,314,DEV02225,ADDR02282,Chennai,premium
CUST02343,2026-01-27,217,DEV02226,ADDR02283,Pune,regular
CUST02344,2025-11-10,295,DEV00014,ADDR02284,Mumbai,regular
CUST02345,2025-09-20,346,DEV02227,ADDR02285,Bangalore,regular
CUST02346,2025-05-11,478,DEV02228,ADDR02286,Chandigarh,regular
CUST02347,2025-07-08,420,DEV02229,ADDR02287,Bangalore,occasional
CUST02348,2025-12-29,246,DEV00020,ADDR02288,Chandigarh,premium
CUST02349,2025-08-30,367,DEV02230,ADDR02289,Delhi,premium
CUST02350,2026-08-06,26,DEV00107,ADDR02290,Delhi,regular
CUST02351,2026-05-07,117,DEV00088,ADDR02291,Bangalore,regular
CUST02352,2026-07-28,35,DEV02231,ADDR02292,Bangalore,new
CUST02353,2026-02-28,185,DEV02232,ADDR02293,Mumbai,occasional
CUST02354,2026-01-28,216,DEV02233,ADDR02294,Bangalore,regular
CUST02355,2026-04-09,145,DEV02234,ADDR00070,Mumbai,regular
CUST02356,2025-05-16,473,DEV02235,ADDR02295,Bangalore,occasional
CUST02357,2025-09-12,354,DEV00047,ADDR02296,Indore,occasional
CUST02358,2026-05-02,122,DEV00132,ADDR00064,Delhi,regular
CUST02359,2026-03-13,172,DEV02236,ADDR02297,Hyderabad,new
CUST02360,2025-10-19,317,DEV02237,ADDR02298,Ahmedabad,premium
CUST02361,2025-08-17,380,DEV02238,ADDR02299,Jaipur,regular
CUST02362,2025-03-14,536,DEV02239,ADDR02300,Kochi,new
CUST02363,2025-10-05,331,DEV02240,ADDR02301,Pune,regular
CUST02364,2026-04-11,143,DEV02241,ADDR00148,Mumbai,regular
CUST02365,2026-05-05,119,DEV02242,ADDR02302,Chennai,regular
CUST02366,2025-03-08,542,DEV02243,ADDR02303,Kolkata,regular
CUST02367,2025-04-09,510,DEV02244,ADDR02304,Delhi,regular
CUST02368,2025-07-01,427,DEV02245,ADDR02305,Kolkata,regular
CUST02369,2025-09-19,347,DEV02246,ADDR02306,Mumbai,regular
CUST02370,2025-07-30,398,DEV02247,ADDR02307,Delhi,regular
CUST02371,2025-07-24,404,DEV02248,ADDR02308,Ahmedabad,regular
CUST02372,2026-04-14,140,DEV02249,ADDR02309,Chennai,regular
CUST02373,2026-08-07,25,DEV02250,ADDR02310,Mumbai,new
CUST02374,2025-10-14,322,DEV02251,ADDR02311,Ahmedabad,occasional
CUST02375,2025-11-22,283,DEV02252,ADDR02312,Ahmedabad,premium
CUST02376,2026-05-18,106,DEV02253,ADDR02313,Ahmedabad,regular
CUST02377,2025-08-31,366,DEV02254,ADDR02314,Indore,occasional
CUST02378,2026-01-21,223,DEV02255,ADDR02315,Hyderabad,occasional
CUST02379,2025-07-19,409,DEV02256,ADDR02316,Chandigarh,regular
CUST02380,2026-03-13,172,DEV02257,ADDR02317,Mumbai,regular
CUST02381,2025-12-06,269,DEV00029,ADDR02318,Kochi,new
CUST02382,2025-04-07,512,DEV02258,ADDR02319,Chandigarh,regular
CUST02383,2026-05-16,108,DEV02259,ADDR02320,Chandigarh,regular
CUST02384,2025-05-24,465,DEV02260,ADDR02321,Pune,regular
CUST02385,2025-04-06,513,DEV02261,ADDR00156,Kochi,occasional
CUST02386,2025-06-06,452,DEV02262,ADDR02322,Jaipur,regular
CUST02387,2025-03-30,520,DEV02263,ADDR00041,Mumbai,regular
CUST02388,2025-09-07,359,DEV02264,ADDR02323,Kochi,regular
CUST02389,2026-05-30,94,DEV02265,ADDR02324,Mumbai,occasional
CUST02390,2025-09-05,361,DEV02266,ADDR00033,Bangalore,regular
CUST02391,2026-05-06,118,DEV02267,ADDR02325,Pune,regular
CUST02392,2026-04-16,138,DEV02268,ADDR00076,Mumbai,regular
CUST02393,2026-04-10,144,DEV02269,ADDR02326,Mumbai,new
CUST02394,2025-03-24,526,DEV02270,ADDR02327,Lucknow,regular
CUST02395,2026-04-23,131,DEV00060,ADDR02328,Ahmedabad,regular
CUST02396,2025-05-28,461,DEV02271,ADDR02329,Jaipur,regular
CUST02397,2025-04-13,506,DEV02272,ADDR02330,Pune,premium
CUST02398,2026-06-07,86,DEV02273,ADDR02331,Bangalore,new
CUST02399,2025-05-09,480,DEV02274,ADDR02332,Hyderabad,premium
CUST02400,2026-04-06,148,DEV02275,ADDR02333,Hyderabad,occasional
CUST02401,2025-09-24,342,DEV00109,ADDR00105,Kochi,regular
CUST02402,2026-03-07,178,DEV02276,ADDR02334,Pune,occasional
CUST02403,2025-08-01,396,DEV02277,ADDR02335,Kochi,premium
CUST02404,2025-10-26,310,DEV02278,ADDR02336,Delhi,regular
CUST02405,2025-08-26,371,DEV02279,ADDR02337,Kolkata,premium
CUST02406,2026-01-20,224,DEV02280,ADDR02338,Chennai,regular
CUST02407,2025-06-14,444,DEV02281,ADDR02339,Delhi,premium
CUST02408,2025-06-12,446,DEV02282,ADDR02340,Pune,regular
CUST02409,2026-02-23,190,DEV02283,ADDR02341,Delhi,regular
CUST02410,2025-10-07,329,DEV02284,ADDR02342,Bangalore,occasional
CUST02411,2026-05-08,116,DEV02285,ADDR00011,Kolkata,new
CUST02412,2025-10-17,319,DEV02286,ADDR02343,Kolkata,regular
CUST02413,2025-06-26,432,DEV02287,ADDR02344,Hyderabad,premium
CUST02414,2025-06-22,436,DEV02288,ADDR02345,Pune,regular
CUST02415,2025-03-30,520,DEV02289,ADDR02346,Kolkata,premium
CUST02416,2025-05-20,469,DEV02290,ADDR02347,Mumbai,new
CUST02417,2026-04-17,137,DEV02291,ADDR02348,Chandigarh,new
CUST02418,2026-07-20,43,DEV02292,ADDR02349,Bangalore,regular
CUST02419,2025-11-21,284,DEV02293,ADDR02350,Mumbai,occasional
CUST02420,2025-10-01,335,DEV02294,ADDR02351,Mumbai,regular
CUST02421,2025-05-17,472,DEV02295,ADDR02352,Bangalore,premium
CUST02422,2025-04-21,498,DEV02296,ADDR02353,Mumbai,regular
CUST02423,2025-08-22,375,DEV02297,ADDR00115,Delhi,regular
CUST02424,2026-05-07,117,DEV02298,ADDR04666,Delhi,occasional
CUST02425,2025-05-03,486,DEV02299,ADDR00057,Bangalore,regular
CUST02426,2025-09-04,362,DEV02300,ADDR02354,Chandigarh,regular
CUST02427,2026-03-10,175,DEV02301,ADDR02355,Ahmedabad,occasional
CUST02428,2025-07-28,400,DEV02302,ADDR02356,Bangalore,premium
CUST02429,2025-09-14,352,DEV00079,ADDR02357,Bangalore,premium
CUST02430,2025-12-03,272,DEV02303,ADDR02358,Delhi,occasional
CUST02431,2026-02-22,191,DEV00005,ADDR02359,Surat,occasional
CUST02432,2025-09-19,347,DEV02304,ADDR02360,Mumbai,regular
CUST02433,2025-04-25,494,DEV02305,ADDR02361,Hyderabad,premium
CUST02434,2025-04-19,500,DEV02306,ADDR02362,Indore,premium
CUST02435,2026-05-15,109,DEV00079,ADDR02363,Chennai,regular
CUST02436,2025-06-12,446,DEV02307,ADDR02364,Chandigarh,regular
CUST02437,2026-02-06,207,DEV02308,ADDR02365,Kolkata,regular
CUST02438,2026-04-12,142,DEV02309,ADDR02366,Indore,regular
CUST02439,2025-07-03,425,DEV02310,ADDR02367,Mumbai,regular
CUST02440,2026-01-24,220,DEV00077,ADDR02368,Jaipur,regular
CUST02441,2026-03-28,157,DEV02311,ADDR02369,Hyderabad,occasional
CUST02442,2025-06-21,437,DEV02312,ADDR02370,Mumbai,premium
CUST02443,2026-02-05,208,DEV02313,ADDR02371,Mumbai,regular
CUST02444,2025-07-23,405,DEV02314,ADDR02372,Chennai,occasional
CUST02445,2025-04-07,512,DEV02315,ADDR02373,Mumbai,regular
CUST02446,2026-07-11,52,DEV02316,ADDR02374,Hyderabad,regular
CUST02447,2025-06-01,457,DEV02317,ADDR02375,Bangalore,regular
CUST02448,2025-12-20,255,DEV02318,ADDR02376,Bangalore,new
CUST02449,2025-05-20,469,DEV02319,ADDR02377,Kolkata,regular
CUST02450,2025-07-14,414,DEV02320,ADDR02378,Chennai,regular
CUST02451,2025-07-25,403,DEV02321,ADDR02379,Kolkata,occasional
CUST02452,2025-03-09,541,DEV02322,ADDR02380,Mumbai,occasional
CUST02453,2026-01-12,232,DEV02323,ADDR02381,Ahmedabad,occasional
CUST02454,2025-10-29,307,DEV02324,ADDR02382,Bangalore,new
CUST02455,2026-05-11,113,DEV02325,ADDR02383,Pune,occasional
CUST02456,2025-11-30,275,DEV02326,ADDR02384,Delhi,regular
CUST02457,2025-12-07,268,DEV02327,ADDR02385,Kolkata,regular
CUST02458,2025-09-19,347,DEV02328,ADDR02386,Lucknow,regular
CUST02459,2026-04-23,131,DEV02329,ADDR02387,Kolkata,occasional
CUST02460,2025-10-12,324,DEV02330,ADDR02388,Ahmedabad,premium
CUST02461,2026-06-15,78,DEV02331,ADDR00100,Delhi,premium
CUST02462,2026-04-19,135,DEV02332,ADDR02389,Mumbai,regular
CUST02463,2026-07-23,40,DEV02333,ADDR02390,Chennai,new
CUST02464,2025-06-28,430,DEV02334,ADDR02391,Delhi,new
CUST02465,2026-02-02,211,DEV02335,ADDR02392,Jaipur,occasional
CUST02466,2026-06-03,90,DEV00131,ADDR02393,Bangalore,regular
CUST02467,2026-05-12,112,DEV02336,ADDR02394,Pune,occasional
CUST02468,2025-11-04,301,DEV00015,ADDR02395,Delhi,regular
CUST02469,2025-05-18,471,DEV00138,ADDR02396,Mumbai,regular
CUST02470,2026-03-13,172,DEV02337,ADDR02397,Mumbai,regular
CUST02471,2026-07-25,38,DEV02338,ADDR02398,Lucknow,new
CUST02472,2025-09-08,358,DEV02339,ADDR02399,Bangalore,premium
CUST02473,2026-07-26,37,DEV02340,ADDR02400,Lucknow,premium
CUST02474,2025-10-17,319,DEV02341,ADDR02401,Surat,regular
CUST02475,2026-04-07,147,DEV02342,ADDR02402,Pune,regular
CUST02476,2025-08-27,370,DEV02343,ADDR02403,Mumbai,regular
CUST02477,2026-05-15,109,DEV02344,ADDR00005,Mumbai,new
CUST02478,2025-10-26,310,DEV02345,ADDR02404,Kochi,premium
CUST02479,2026-01-31,213,DEV02346,ADDR02405,Bangalore,regular
CUST02480,2026-07-11,52,DEV02347,ADDR02406,Chandigarh,new
CUST02481,2026-01-01,243,DEV02348,ADDR02407,Hyderabad,regular
CUST02482,2025-11-02,303,DEV02349,ADDR02408,Pune,regular
CUST02483,2025-08-19,378,DEV02350,ADDR02409,Chandigarh,premium
CUST02484,2025-05-02,487,DEV00139,ADDR02410,Mumbai,regular
CUST02485,2025-08-16,381,DEV02351,ADDR02411,Mumbai,regular
CUST02486,2025-11-23,282,DEV02352,ADDR02412,Bangalore,occasional
CUST02487,2025-05-12,477,DEV02353,ADDR02413,Mumbai,premium
CUST02488,2025-03-25,525,DEV02354,ADDR02414,Pune,regular
CUST02489,2025-06-26,432,DEV02355,ADDR02415,Mumbai,regular
CUST02490,2025-10-28,308,DEV02356,ADDR02416,Pune,occasional
CUST02491,2025-04-25,494,DEV02357,ADDR02417,Mumbai,regular
CUST02492,2025-04-09,510,DEV02358,ADDR02418,Chandigarh,regular
CUST02493,2026-04-16,138,DEV02359,ADDR00118,Delhi,premium
CUST02494,2026-07-21,42,DEV00090,ADDR02419,Chennai,new
CUST02495,2025-08-16,381,DEV02360,ADDR02420,Kolkata,occasional
CUST02496,2025-06-24,434,DEV02361,ADDR02421,Delhi,regular
CUST02497,2025-10-17,319,DEV02362,ADDR02422,Mumbai,occasional
CUST02498,2025-11-12,293,DEV00095,ADDR02423,Bangalore,regular
CUST02499,2026-07-11,52,DEV02363,ADDR02424,Mumbai,new
CUST02500,2025-05-25,464,DEV02364,ADDR02425,Ahmedabad,occasional
CUST02501,2026-05-10,114,DEV02365,ADDR02426,Pune,regular
CUST02502,2026-01-08,236,DEV02366,ADDR02427,Delhi,occasional
CUST02503,2026-01-09,235,DEV02367,ADDR02428,Surat,regular
CUST02504,2026-02-09,204,DEV02368,ADDR02429,Hyderabad,premium
CUST02505,2025-09-01,365,DEV02369,ADDR02430,Bangalore,regular
CUST02506,2025-12-01,274,DEV02370,ADDR02431,Bangalore,regular
CUST02507,2026-05-18,106,DEV02371,ADDR02432,Ahmedabad,new
CUST02508,2025-12-31,244,DEV00079,ADDR02433,Ahmedabad,regular
CUST02509,2025-04-19,500,DEV02372,ADDR02434,Surat,regular
CUST02510,2025-05-11,478,DEV02373,ADDR02435,Chennai,occasional
CUST02511,2026-04-06,148,DEV02374,ADDR02436,Mumbai,regular
CUST02512,2025-05-19,470,DEV02375,ADDR02437,Mumbai,premium
CUST02513,2025-06-06,452,DEV02376,ADDR02438,Ahmedabad,regular
CUST02514,2026-04-10,144,DEV02377,ADDR02439,Mumbai,regular
CUST02515,2025-09-30,336,DEV02378,ADDR02440,Mumbai,occasional
CUST02516,2026-05-22,102,DEV00129,ADDR02441,Surat,occasional
CUST02517,2025-08-08,389,DEV02379,ADDR02442,Mumbai,regular
CUST02518,2025-11-23,282,DEV02380,ADDR02443,Pune,regular
CUST02519,2026-04-11,143,DEV02381,ADDR02444,Delhi,premium
CUST02520,2025-07-15,413,DEV02382,ADDR02445,Mumbai,occasional
CUST02521,2025-05-12,477,DEV02383,ADDR02446,Bangalore,regular
CUST02522,2026-05-03,121,DEV02384,ADDR02447,Indore,regular
CUST02523,2026-03-29,156,DEV00140,ADDR02448,Ahmedabad,regular
CUST02524,2025-11-15,290,DEV02385,ADDR02449,Kochi,occasional
CUST02525,2025-07-17,411,DEV02386,ADDR02450,Chandigarh,occasional
CUST02526,2025-10-28,308,DEV02387,ADDR02451,Hyderabad,premium
CUST02527,2026-07-21,42,DEV02388,ADDR02452,Pune,regular
CUST02528,2026-04-26,128,DEV02389,ADDR02453,Delhi,new
CUST02529,2026-02-07,206,DEV02390,ADDR02454,Bangalore,premium
CUST02530,2025-08-02,395,DEV00011,ADDR00044,Mumbai,regular
CUST02531,2025-11-21,284,DEV02391,ADDR02455,Mumbai,occasional
CUST02532,2025-05-30,459,DEV02392,ADDR02456,Kolkata,occasional
CUST02533,2025-06-13,445,DEV02393,ADDR02457,Bangalore,premium
CUST02534,2025-05-23,466,DEV02394,ADDR00121,Bangalore,regular
CUST02535,2025-12-04,271,DEV02395,ADDR02458,Bangalore,occasional
CUST02536,2026-01-01,243,DEV02396,ADDR02459,Mumbai,new
CUST02537,2026-01-12,232,DEV02397,ADDR02460,Ahmedabad,regular
CUST02538,2026-01-08,236,DEV02398,ADDR02461,Pune,regular
CUST02539,2025-10-26,310,DEV02399,ADDR00061,Pune,occasional
CUST02540,2026-07-20,43,DEV02400,ADDR02462,Surat,regular
CUST02541,2026-05-17,107,DEV00091,ADDR02463,Hyderabad,regular
CUST02542,2025-06-26,432,DEV02401,ADDR02464,Surat,premium
CUST02543,2025-09-23,343,DEV02402,ADDR00127,Jaipur,occasional
CUST02544,2025-06-04,454,DEV02403,ADDR02465,Chennai,new
CUST02545,2025-07-23,405,DEV02404,ADDR02466,Surat,premium
CUST02546,2026-04-09,145,DEV02405,ADDR02467,Delhi,regular
CUST02547,2026-02-16,197,DEV02406,ADDR02468,Mumbai,regular
CUST02548,2025-12-10,265,DEV02407,ADDR00016,Pune,regular
CUST02549,2026-05-12,112,DEV02408,ADDR02469,Mumbai,new
CUST02550,2026-01-27,217,DEV00058,ADDR02470,Indore,regular
CUST02551,2025-10-09,327,DEV02409,ADDR02471,Chennai,regular
CUST02552,2025-06-13,445,DEV02410,ADDR02472,Bangalore,regular
CUST02553,2025-10-28,308,DEV02411,ADDR02473,Kochi,regular
CUST02554,2026-03-18,167,DEV00149,ADDR02474,Kolkata,occasional
CUST02555,2025-05-08,481,DEV02412,ADDR02475,Delhi,occasional
CUST02556,2026-04-20,134,DEV00055,ADDR00056,Hyderabad,new
CUST02557,2025-08-14,383,DEV02413,ADDR00148,Mumbai,regular
CUST02558,2026-04-08,146,DEV00070,ADDR02476,Delhi,regular
CUST02559,2026-03-29,156,DEV02414,ADDR02477,Delhi,regular
CUST02560,2025-09-22,344,DEV02415,ADDR02478,Hyderabad,premium
CUST02561,2025-10-25,311,DEV02416,ADDR02479,Ahmedabad,regular
CUST02562,2026-07-30,33,DEV02417,ADDR02480,Hyderabad,new
CUST02563,2026-02-19,194,DEV02418,ADDR02481,Ahmedabad,premium
CUST02564,2025-12-17,258,DEV02419,ADDR02482,Mumbai,occasional
CUST02565,2026-04-27,127,DEV02420,ADDR02483,Lucknow,occasional
CUST02566,2026-04-26,128,DEV02421,ADDR02484,Mumbai,premium
CUST02567,2025-12-31,244,DEV02422,ADDR02485,Bangalore,regular
CUST02568,2026-03-08,177,DEV02423,ADDR00015,Indore,regular
CUST02569,2026-05-08,116,DEV02424,ADDR02486,Indore,regular
CUST02570,2025-07-10,418,DEV00032,ADDR02487,Bangalore,regular
CUST02571,2026-08-03,29,DEV00150,ADDR02488,Indore,occasional
CUST02572,2026-08-13,19,DEV00097,ADDR02489,Bangalore,new
CUST02573,2026-03-09,176,DEV02425,ADDR02490,Delhi,new
CUST02574,2026-03-04,181,DEV02426,ADDR02491,Mumbai,occasional
CUST02575,2025-11-15,290,DEV02427,ADDR02492,Ahmedabad,premium
CUST02576,2026-03-09,176,DEV02428,ADDR02493,Delhi,occasional
CUST02577,2025-05-28,461,DEV02429,ADDR02494,Bangalore,regular
CUST02578,2026-01-23,221,DEV00129,ADDR02495,Lucknow,occasional
CUST02579,2025-04-08,511,DEV02430,ADDR02496,Mumbai,regular
CUST02580,2025-06-15,443,DEV02431,ADDR02497,Pune,premium
CUST02581,2025-11-27,278,DEV02432,ADDR02498,Pune,occasional
CUST02582,2026-06-12,81,DEV02433,ADDR02499,Kochi,new
CUST02583,2026-06-16,77,DEV02434,ADDR02500,Hyderabad,premium
CUST02584,2026-03-23,162,DEV02435,ADDR02501,Kolkata,regular
CUST02585,2026-02-18,195,DEV02436,ADDR02502,Mumbai,regular
CUST02586,2026-05-11,113,DEV02437,ADDR02503,Hyderabad,regular
CUST02587,2025-07-13,415,DEV02438,ADDR02504,Delhi,premium
CUST02588,2025-07-27,401,DEV02439,ADDR02505,Chennai,premium
CUST02589,2025-09-03,363,DEV02440,ADDR02506,Bangalore,premium
CUST02590,2026-06-06,87,DEV00109,ADDR00143,Chennai,new
CUST02591,2025-11-29,276,DEV02441,ADDR02507,Pune,premium
CUST02592,2025-06-18,440,DEV02442,ADDR02508,Bangalore,occasional
CUST02593,2026-07-16,47,DEV02443,ADDR02509,Chandigarh,occasional
CUST02594,2026-04-27,127,DEV02444,ADDR02510,Chennai,occasional
CUST02595,2025-10-13,323,DEV02445,ADDR02511,Mumbai,regular
CUST02596,2025-09-20,346,DEV02446,ADDR02512,Kochi,regular
CUST02597,2026-02-06,207,DEV02447,ADDR02513,Bangalore,premium
CUST02598,2026-04-01,153,DEV02448,ADDR02514,Mumbai,regular
CUST02599,2025-05-20,469,DEV02449,ADDR02515,Indore,occasional
CUST02600,2025-09-18,348,DEV02450,ADDR02516,Mumbai,premium
CUST02601,2025-07-08,420,DEV02451,ADDR02517,Delhi,regular
CUST02602,2025-12-28,247,DEV02452,ADDR00051,Bangalore,occasional
CUST02603,2026-01-04,240,DEV02453,ADDR02518,Ahmedabad,regular
CUST02604,2025-09-02,364,DEV02454,ADDR02519,Lucknow,premium
CUST02605,2025-09-11,355,DEV02455,ADDR02520,Chennai,regular
CUST02606,2026-05-06,118,DEV02456,ADDR02521,Delhi,regular
CUST02607,2026-05-23,101,DEV02457,ADDR02522,Delhi,premium
CUST02608,2025-03-17,533,DEV02458,ADDR02523,Kolkata,occasional
CUST02609,2026-02-12,201,DEV02459,ADDR02524,Chennai,occasional
CUST02610,2026-07-09,54,DEV02460,ADDR02525,Hyderabad,new
CUST02611,2025-03-05,545,DEV02461,ADDR02526,Bangalore,occasional
CUST02612,2026-02-10,203,DEV02462,ADDR02527,Ahmedabad,regular
CUST02613,2026-05-17,107,DEV02463,ADDR02528,Mumbai,new
CUST02614,2026-05-25,99,DEV02464,ADDR02529,Kolkata,regular
CUST02615,2025-03-26,524,DEV02465,ADDR02530,Pune,premium
CUST02616,2025-12-20,255,DEV02466,ADDR02531,Bangalore,new
CUST02617,2026-05-18,106,DEV02467,ADDR02532,Mumbai,regular
CUST02618,2026-01-06,238,DEV02468,ADDR02533,Kolkata,regular
CUST02619,2025-05-02,487,DEV02469,ADDR02534,Surat,regular
CUST02620,2025-10-19,317,DEV02470,ADDR02535,Chennai,regular
CUST02621,2025-11-08,297,DEV02471,ADDR00053,Kolkata,premium
CUST02622,2025-08-29,368,DEV00122,ADDR02536,Surat,new
CUST02623,2026-02-20,193,DEV02472,ADDR02537,Delhi,regular
CUST02624,2025-05-02,487,DEV00087,ADDR02538,Delhi,regular
CUST02625,2025-07-03,425,DEV02473,ADDR02539,Mumbai,regular
CUST02626,2025-10-11,325,DEV02474,ADDR02540,Kochi,occasional
CUST02627,2026-05-02,122,DEV02475,ADDR02541,Bangalore,regular
CUST02628,2025-07-04,424,DEV02476,ADDR02542,Pune,premium
CUST02629,2025-04-30,489,DEV00151,ADDR02543,Delhi,regular
CUST02630,2025-09-17,349,DEV02477,ADDR02544,Delhi,occasional
CUST02631,2025-05-02,487,DEV02478,ADDR02545,Bangalore,regular
CUST02632,2025-11-07,298,DEV02479,ADDR02546,Bangalore,premium
CUST02633,2026-03-06,179,DEV02480,ADDR02547,Jaipur,premium
CUST02634,2026-05-03,121,DEV02481,ADDR02548,Pune,occasional
CUST02635,2026-01-02,242,DEV02482,ADDR02549,Jaipur,new
CUST02636,2025-10-27,309,DEV02483,ADDR02550,Mumbai,regular
CUST02637,2026-01-27,217,DEV02484,ADDR02551,Pune,regular
CUST02638,2025-03-16,534,DEV02485,ADDR02552,Lucknow,premium
CUST02639,2025-10-18,318,DEV02486,ADDR02553,Delhi,occasional
CUST02640,2025-12-31,244,DEV02487,ADDR02554,Kochi,regular
CUST02641,2026-03-05,180,DEV02488,ADDR02555,Pune,regular
CUST02642,2026-03-26,159,DEV02489,ADDR02556,Mumbai,regular
CUST02643,2025-07-18,410,DEV02490,ADDR02557,Ahmedabad,regular
CUST02644,2026-07-27,36,DEV00137,ADDR00078,Bangalore,regular
CUST02645,2025-04-03,516,DEV02491,ADDR02558,Jaipur,regular
CUST02646,2026-04-25,129,DEV02492,ADDR02559,Mumbai,occasional
CUST02647,2026-03-03,182,DEV02493,ADDR02560,Hyderabad,occasional
CUST02648,2026-05-03,121,DEV02494,ADDR02561,Jaipur,regular
CUST02649,2025-10-15,321,DEV02495,ADDR02562,Kolkata,occasional
CUST02650,2025-05-10,479,DEV02496,ADDR02563,Jaipur,regular
CUST02651,2026-06-02,91,DEV02497,ADDR02564,Kolkata,premium
CUST02652,2026-01-04,240,DEV02498,ADDR02565,Chennai,premium
CUST02653,2025-05-18,471,DEV02499,ADDR02566,Delhi,regular
CUST02654,2025-09-11,355,DEV02500,ADDR02567,Mumbai,occasional
CUST02655,2025-12-13,262,DEV02501,ADDR02568,Jaipur,premium
CUST02656,2025-11-28,277,DEV02502,ADDR02569,Bangalore,occasional
CUST02657,2025-03-22,528,DEV02503,ADDR02570,Delhi,premium
CUST02658,2026-06-14,79,DEV00126,ADDR00047,Delhi,regular
CUST02659,2026-02-06,207,DEV02504,ADDR02571,Surat,premium
CUST02660,2025-12-07,268,DEV02505,ADDR02572,Mumbai,regular
CUST02661,2026-06-10,83,DEV02506,ADDR02573,Bangalore,new
CUST02662,2025-07-04,424,DEV02507,ADDR02574,Indore,regular
CUST02663,2025-04-19,500,DEV02508,ADDR02575,Chennai,premium
CUST02664,2025-12-07,268,DEV02509,ADDR02576,Bangalore,occasional
CUST02665,2026-03-08,177,DEV02510,ADDR02577,Jaipur,regular
CUST02666,2025-11-17,288,DEV02511,ADDR02578,Bangalore,premium
CUST02667,2025-10-20,316,DEV02512,ADDR02579,Kochi,regular
CUST02668,2025-10-21,315,DEV02513,ADDR02580,Delhi,regular
CUST02669,2025-03-04,546,DEV02514,ADDR02581,Delhi,regular
CUST02670,2025-05-11,478,DEV02515,ADDR02582,Delhi,premium
CUST02671,2026-01-16,228,DEV02516,ADDR02583,Hyderabad,regular
CUST02672,2025-03-22,528,DEV02517,ADDR02584,Kolkata,regular
CUST02673,2025-04-20,499,DEV02518,ADDR02585,Delhi,regular
CUST02674,2026-04-16,138,DEV00113,ADDR02586,Ahmedabad,occasional
CUST02675,2025-04-13,506,DEV02519,ADDR00120,Hyderabad,regular
CUST02676,2025-07-28,400,DEV02520,ADDR02587,Indore,occasional
CUST02677,2025-06-18,440,DEV02521,ADDR02588,Chennai,regular
CUST02678,2026-01-30,214,DEV02522,ADDR02589,Hyderabad,occasional
CUST02679,2025-09-28,338,DEV02523,ADDR02590,Mumbai,premium
CUST02680,2026-02-13,200,DEV02524,ADDR02591,Kolkata,regular
CUST02681,2025-11-10,295,DEV00042,ADDR02592,Pune,regular
CUST02682,2025-09-25,341,DEV02525,ADDR02593,Chandigarh,occasional
CUST02683,2026-05-17,107,DEV02526,ADDR02594,Pune,regular
CUST02684,2025-03-21,529,DEV02527,ADDR02595,Pune,occasional
CUST02685,2025-11-16,289,DEV02528,ADDR02596,Hyderabad,regular
CUST02686,2026-03-27,158,DEV02529,ADDR02597,Mumbai,new
CUST02687,2026-04-26,128,DEV00075,ADDR02598,Hyderabad,regular
CUST02688,2025-03-12,538,DEV02530,ADDR02599,Chennai,regular
CUST02689,2025-03-30,520,DEV02531,ADDR02600,Bangalore,regular
CUST02690,2026-06-14,79,DEV02532,ADDR02601,Chennai,new
CUST02691,2026-04-01,153,DEV00069,ADDR00055,Surat,regular
CUST02692,2026-05-08,116,DEV02533,ADDR02602,Chennai,regular
CUST02693,2025-12-21,254,DEV02534,ADDR02603,Indore,regular
CUST02694,2025-05-30,459,DEV02535,ADDR02604,Mumbai,premium
CUST02695,2026-07-15,48,DEV02536,ADDR02605,Mumbai,new
CUST02696,2025-03-07,543,DEV02537,ADDR02606,Mumbai,regular
CUST02697,2025-07-18,410,DEV02538,ADDR02607,Ahmedabad,new
CUST02698,2026-04-07,147,DEV02539,ADDR02608,Hyderabad,regular
CUST02699,2025-07-04,424,DEV02540,ADDR02609,Kolkata,regular
CUST02700,2025-12-07,268,DEV02541,ADDR02610,Bangalore,regular
CUST02701,2025-04-14,505,DEV02542,ADDR02611,Lucknow,premium
CUST02702,2025-08-11,386,DEV02543,ADDR02612,Delhi,premium
CUST02703,2026-07-02,61,DEV00045,ADDR00157,Mumbai,new
CUST02704,2026-06-10,83,DEV02544,ADDR00033,Bangalore,premium
CUST02705,2025-10-02,334,DEV02545,ADDR02613,Chennai,regular
CUST02706,2025-05-18,471,DEV02546,ADDR02614,Delhi,regular
CUST02707,2026-02-02,211,DEV02547,ADDR02615,Kochi,new
CUST02708,2025-09-18,348,DEV02548,ADDR02616,Mumbai,occasional
CUST02709,2026-01-22,222,DEV02549,ADDR02617,Mumbai,premium
CUST02710,2026-02-12,201,DEV02550,ADDR02618,Pune,premium
CUST02711,2025-10-20,316,DEV02551,ADDR02619,Chandigarh,regular
CUST02712,2025-03-31,519,DEV02552,ADDR02620,Bangalore,regular
CUST02713,2025-12-05,270,DEV02553,ADDR02621,Chennai,regular
CUST02714,2026-05-01,123,DEV02554,ADDR02622,Chandigarh,regular
CUST02715,2025-10-18,318,DEV02555,ADDR02623,Indore,regular
CUST02716,2025-12-24,251,DEV02556,ADDR02624,Kochi,occasional
CUST02717,2025-08-21,376,DEV02557,ADDR02625,Pune,regular
CUST02718,2025-03-01,549,DEV02558,ADDR02626,Pune,regular
CUST02719,2025-06-25,433,DEV02559,ADDR02627,Kochi,occasional
CUST02720,2025-10-19,317,DEV02560,ADDR00045,Pune,premium
CUST02721,2025-05-02,487,DEV02561,ADDR02628,Pune,regular
CUST02722,2026-04-18,136,DEV02562,ADDR02629,Delhi,occasional
CUST02723,2025-08-15,382,DEV02563,ADDR02630,Chennai,regular
CUST02724,2025-12-16,259,DEV02564,ADDR02631,Jaipur,regular
CUST02725,2026-03-30,155,DEV02565,ADDR02632,Mumbai,regular
CUST02726,2025-09-07,359,DEV02566,ADDR02633,Delhi,regular
CUST02727,2025-03-07,543,DEV02567,ADDR02634,Bangalore,regular
CUST02728,2025-04-08,511,DEV02568,ADDR02635,Bangalore,premium
CUST02729,2025-11-11,294,DEV00081,ADDR02636,Pune,occasional
CUST02730,2025-07-27,401,DEV02569,ADDR02637,Hyderabad,regular
CUST02731,2026-01-01,243,DEV02570,ADDR02638,Chennai,regular
CUST02732,2025-12-05,270,DEV02571,ADDR02639,Kochi,premium
CUST02733,2025-03-06,544,DEV02572,ADDR00091,Chennai,occasional
CUST02734,2026-05-05,119,DEV00054,ADDR00016,Pune,regular
CUST02735,2025-05-18,471,DEV02573,ADDR02640,Jaipur,regular
CUST02736,2026-06-11,82,DEV00061,ADDR02641,Jaipur,new
CUST02737,2025-06-14,444,DEV02574,ADDR02642,Jaipur,regular
CUST02738,2026-06-26,67,DEV02575,ADDR02643,Delhi,new
CUST02739,2025-04-13,506,DEV02576,ADDR02644,Hyderabad,regular
CUST02740,2026-05-02,122,DEV02577,ADDR02645,Mumbai,regular
CUST02741,2026-03-05,180,DEV02578,ADDR02646,Hyderabad,occasional
CUST02742,2025-10-12,324,DEV02579,ADDR02647,Hyderabad,premium
CUST02743,2025-12-03,272,DEV02580,ADDR02648,Delhi,occasional
CUST02744,2026-05-03,121,DEV00090,ADDR02649,Bangalore,regular
CUST02745,2026-04-02,152,DEV02581,ADDR02650,Kochi,regular
CUST02746,2025-03-25,525,DEV02582,ADDR02651,Mumbai,regular
CUST02747,2025-05-26,463,DEV02583,ADDR02652,Chennai,premium
CUST02748,2025-09-17,349,DEV02584,ADDR02653,Mumbai,regular
CUST02749,2025-12-30,245,DEV00088,ADDR02654,Kochi,premium
CUST02750,2026-02-04,209,DEV02585,ADDR02655,Bangalore,regular
CUST02751,2025-09-14,352,DEV02586,ADDR02656,Delhi,regular
CUST02752,2026-04-08,146,DEV02587,ADDR02657,Jaipur,regular
CUST02753,2025-07-30,398,DEV02588,ADDR02658,Pune,regular
CUST02754,2026-06-06,87,DEV00084,ADDR02659,Delhi,premium
CUST02755,2025-10-05,331,DEV02589,ADDR02660,Bangalore,regular
CUST02756,2026-07-16,47,DEV00127,ADDR00136,Jaipur,premium
CUST02757,2025-10-13,323,DEV02590,ADDR02661,Chennai,premium
CUST02758,2025-11-22,283,DEV02591,ADDR02662,Bangalore,occasional
CUST02759,2025-10-20,316,DEV02592,ADDR02663,Chennai,premium
CUST02760,2025-08-07,390,DEV02593,ADDR02664,Ahmedabad,occasional
CUST02761,2025-09-01,365,DEV02594,ADDR02665,Mumbai,occasional
CUST02762,2025-08-10,387,DEV02595,ADDR02666,Hyderabad,regular
CUST02763,2026-04-10,144,DEV02596,ADDR02667,Lucknow,regular
CUST02764,2026-06-15,78,DEV00022,ADDR02668,Mumbai,new
CUST02765,2025-12-07,268,DEV02597,ADDR02669,Delhi,regular
CUST02766,2025-10-22,314,DEV02598,ADDR02670,Surat,regular
CUST02767,2026-04-11,143,DEV02599,ADDR02671,Delhi,occasional
CUST02768,2026-07-11,52,DEV02600,ADDR02672,Bangalore,regular
CUST02769,2025-05-18,471,DEV02601,ADDR02673,Kolkata,regular
CUST02770,2026-01-30,214,DEV02602,ADDR02674,Kolkata,regular
CUST02771,2025-11-21,284,DEV02603,ADDR02675,Mumbai,regular
CUST02772,2025-04-29,490,DEV02604,ADDR02676,Delhi,regular
CUST02773,2025-04-17,502,DEV02605,ADDR02677,Chennai,occasional
CUST02774,2026-03-14,171,DEV02606,ADDR02678,Jaipur,regular
CUST02775,2026-02-12,201,DEV00061,ADDR02679,Pune,occasional
CUST02776,2025-08-12,385,DEV02607,ADDR02680,Kolkata,regular
CUST02777,2026-01-14,230,DEV02608,ADDR02681,Delhi,regular
CUST02778,2026-05-15,109,DEV00055,ADDR00019,Chandigarh,regular
CUST02779,2026-04-15,139,DEV02609,ADDR02682,Kolkata,occasional
CUST02780,2025-10-01,335,DEV02610,ADDR02683,Hyderabad,occasional
CUST02781,2026-01-18,226,DEV02611,ADDR02684,Delhi,regular
CUST02782,2025-05-19,470,DEV02612,ADDR02685,Chennai,regular
CUST02783,2026-05-10,114,DEV02613,ADDR02686,Delhi,regular
CUST02784,2026-06-20,73,DEV02614,ADDR00098,Surat,new
CUST02785,2026-01-18,226,DEV02615,ADDR02687,Mumbai,occasional
CUST02786,2025-06-09,449,DEV02616,ADDR02688,Bangalore,regular
CUST02787,2026-05-18,106,DEV02617,ADDR02689,Delhi,regular
CUST02788,2025-10-01,335,DEV02618,ADDR02690,Mumbai,regular
CUST02789,2025-07-09,419,DEV02619,ADDR02691,Jaipur,regular
CUST02790,2025-12-11,264,DEV02620,ADDR02692,Bangalore,premium
CUST02791,2026-03-23,162,DEV02621,ADDR02693,Mumbai,premium
CUST02792,2026-06-10,83,DEV02622,ADDR02694,Kochi,new
CUST02793,2025-12-15,260,DEV02623,ADDR02695,Delhi,occasional
CUST02794,2025-03-18,532,DEV02624,ADDR02696,Pune,regular
CUST02795,2026-07-15,48,DEV02625,ADDR02697,Pune,regular
CUST02796,2025-12-05,270,DEV02626,ADDR02698,Jaipur,premium
CUST02797,2025-09-24,342,DEV02627,ADDR02699,Delhi,regular
CUST02798,2026-03-10,175,DEV02628,ADDR00090,Delhi,new
CUST02799,2025-12-18,257,DEV02629,ADDR02700,Jaipur,regular
CUST02800,2026-04-27,127,DEV02630,ADDR02701,Pune,regular
CUST02801,2026-01-12,232,DEV02631,ADDR02702,Mumbai,regular
CUST02802,2026-02-12,201,DEV02632,ADDR02703,Pune,occasional
CUST02803,2026-04-05,149,DEV02633,ADDR02704,Mumbai,new
CUST02804,2025-04-16,503,DEV02634,ADDR02705,Jaipur,occasional
CUST02805,2026-08-14,18,DEV02635,ADDR02706,Mumbai,new
CUST02806,2026-02-16,197,DEV02636,ADDR02707,Bangalore,premium
CUST02807,2026-01-13,231,DEV02637,ADDR02708,Delhi,regular
CUST02808,2025-03-30,520,DEV02638,ADDR00167,Mumbai,premium
CUST02809,2026-07-15,48,DEV00016,ADDR00008,Delhi,new
CUST02810,2025-09-21,345,DEV02639,ADDR02709,Chennai,occasional
CUST02811,2025-12-22,253,DEV02640,ADDR02710,Jaipur,regular
CUST02812,2025-10-01,335,DEV02641,ADDR02711,Delhi,occasional
CUST02813,2026-05-30,94,DEV00126,ADDR00116,Bangalore,regular
CUST02814,2026-04-01,153,DEV02642,ADDR02712,Bangalore,premium
CUST02815,2025-04-18,501,DEV02643,ADDR02713,Delhi,occasional
CUST02816,2025-11-26,279,DEV02644,ADDR02714,Mumbai,regular
CUST02817,2026-03-27,158,DEV02645,ADDR02715,Bangalore,premium
CUST02818,2025-12-15,260,DEV02646,ADDR02716,Bangalore,occasional
CUST02819,2026-04-30,124,DEV02647,ADDR02717,Jaipur,occasional
CUST02820,2026-02-28,185,DEV00052,ADDR02718,Delhi,new
CUST02821,2026-05-28,96,DEV02648,ADDR02719,Pune,regular
CUST02822,2026-02-09,204,DEV02649,ADDR02720,Pune,regular
CUST02823,2026-04-06,148,DEV02650,ADDR02721,Hyderabad,occasional
CUST02824,2025-06-17,441,DEV02651,ADDR02722,Chandigarh,regular
CUST02825,2025-11-08,297,DEV02652,ADDR02723,Chandigarh,regular
CUST02826,2025-12-27,248,DEV00015,ADDR02724,Pune,regular
CUST02827,2025-09-25,341,DEV02653,ADDR02725,Lucknow,regular
CUST02828,2025-07-08,420,DEV00132,ADDR02726,Lucknow,regular
CUST02829,2026-05-16,108,DEV02654,ADDR02727,Hyderabad,regular
CUST02830,2025-11-09,296,DEV02655,ADDR02728,Mumbai,regular
CUST02831,2025-12-28,247,DEV02656,ADDR02729,Delhi,regular
CUST02832,2025-12-30,245,DEV02657,ADDR02730,Delhi,occasional
CUST02833,2026-05-26,98,DEV02658,ADDR02731,Delhi,occasional
CUST02834,2025-10-13,323,DEV02659,ADDR02732,Mumbai,premium
CUST02835,2025-04-20,499,DEV00132,ADDR02733,Mumbai,regular
CUST02836,2026-02-01,212,DEV02660,ADDR00138,Ahmedabad,regular
CUST02837,2025-04-21,498,DEV02661,ADDR02734,Kolkata,regular
CUST02838,2025-06-03,455,DEV02662,ADDR02735,Delhi,occasional
CUST02839,2025-03-11,539,DEV02663,ADDR02736,Delhi,regular
CUST02840,2026-02-20,193,DEV02664,ADDR02737,Jaipur,new
CUST02841,2025-03-09,541,DEV02665,ADDR02738,Bangalore,regular
CUST02842,2026-07-28,35,DEV02666,ADDR02739,Indore,occasional
CUST02843,2025-04-25,494,DEV02667,ADDR02740,Mumbai,regular
CUST02844,2025-03-23,527,DEV02668,ADDR02741,Chennai,regular
CUST02845,2026-07-30,33,DEV02669,ADDR00088,Hyderabad,new
CUST02846,2026-03-22,163,DEV02670,ADDR02742,Hyderabad,regular
CUST02847,2025-10-13,323,DEV02671,ADDR02743,Mumbai,premium
CUST02848,2025-04-12,507,DEV02672,ADDR00088,Hyderabad,regular
CUST02849,2026-04-25,129,DEV02673,ADDR02744,Delhi,premium
CUST02850,2026-04-16,138,DEV00091,ADDR02745,Chennai,regular
CUST02851,2025-11-26,279,DEV02674,ADDR02746,Chennai,premium
CUST02852,2026-03-21,164,DEV02675,ADDR02747,Hyderabad,regular
CUST02853,2026-02-13,200,DEV02676,ADDR02748,Hyderabad,regular
CUST02854,2025-05-07,482,DEV02677,ADDR02749,Kolkata,regular
CUST02855,2025-06-04,454,DEV02678,ADDR02750,Bangalore,regular
CUST02856,2025-11-12,293,DEV02679,ADDR02751,Chennai,occasional
CUST02857,2025-11-30,275,DEV02680,ADDR02752,Ahmedabad,premium
CUST02858,2025-10-24,312,DEV02681,ADDR02753,Kolkata,regular
CUST02859,2025-10-13,323,DEV02682,ADDR02754,Delhi,occasional
CUST02860,2026-04-13,141,DEV02683,ADDR02755,Mumbai,premium
CUST02861,2025-03-06,544,DEV02684,ADDR02756,Jaipur,occasional
CUST02862,2025-08-04,393,DEV02685,ADDR02757,Jaipur,regular
CUST02863,2026-05-25,99,DEV02686,ADDR02758,Jaipur,occasional
CUST02864,2025-11-12,293,DEV02687,ADDR02759,Ahmedabad,occasional
CUST02865,2026-04-29,125,DEV00038,ADDR00065,Bangalore,regular
CUST02866,2025-07-11,417,DEV02688,ADDR02760,Ahmedabad,regular
CUST02867,2026-05-23,101,DEV02689,ADDR02761,Mumbai,new
CUST02868,2026-05-27,97,DEV02690,ADDR00091,Chennai,regular
CUST02869,2026-05-16,108,DEV02691,ADDR02762,Bangalore,regular
CUST02870,2025-07-20,408,DEV02692,ADDR00089,Bangalore,occasional
CUST02871,2026-01-15,229,DEV02693,ADDR02763,Bangalore,regular
CUST02872,2026-01-15,229,DEV02694,ADDR02764,Bangalore,regular
CUST02873,2026-02-19,194,DEV02695,ADDR02765,Hyderabad,regular
CUST02874,2025-10-11,325,DEV02696,ADDR02766,Delhi,premium
CUST02875,2025-03-24,526,DEV02697,ADDR02767,Jaipur,premium
CUST02876,2026-02-12,201,DEV02698,ADDR02768,Lucknow,occasional
CUST02877,2025-07-07,421,DEV00146,ADDR02769,Delhi,occasional
CUST02878,2026-04-21,133,DEV02699,ADDR02770,Bangalore,regular
CUST02879,2026-05-21,103,DEV02700,ADDR02771,Jaipur,regular
CUST02880,2025-03-28,522,DEV00152,ADDR02772,Delhi,regular
CUST02881,2025-12-04,271,DEV02701,ADDR00089,Bangalore,occasional
CUST02882,2026-06-26,67,DEV02702,ADDR02773,Lucknow,new
CUST02883,2025-07-14,414,DEV02703,ADDR02774,Jaipur,occasional
CUST02884,2026-05-26,98,DEV02704,ADDR02775,Kochi,regular
CUST02885,2026-04-18,136,DEV02705,ADDR02776,Mumbai,occasional
CUST02886,2025-11-14,291,DEV02706,ADDR02777,Ahmedabad,premium
CUST02887,2025-06-12,446,DEV02707,ADDR02778,Delhi,occasional
CUST02888,2026-05-16,108,DEV02708,ADDR02779,Kolkata,premium
CUST02889,2025-12-21,254,DEV02709,ADDR02780,Delhi,regular
CUST02890,2026-07-26,37,DEV02710,ADDR00043,Mumbai,new
CUST02891,2025-10-03,333,DEV00124,ADDR00114,Mumbai,occasional
CUST02892,2025-07-10,418,DEV02711,ADDR02781,Mumbai,occasional
CUST02893,2025-12-21,254,DEV02712,ADDR00063,Hyderabad,occasional
CUST02894,2026-01-08,236,DEV02713,ADDR02782,Indore,regular
CUST02895,2025-08-09,388,DEV02714,ADDR02783,Bangalore,regular
CUST02896,2026-01-18,226,DEV02715,ADDR02784,Kochi,occasional
CUST02897,2025-05-07,482,DEV02716,ADDR02785,Bangalore,premium
CUST02898,2025-11-03,302,DEV02717,ADDR02786,Mumbai,premium
CUST02899,2025-08-12,385,DEV02718,ADDR02787,Delhi,premium
CUST02900,2025-03-04,546,DEV02719,ADDR02788,Delhi,occasional
CUST02901,2026-07-17,46,DEV02720,ADDR02789,Kochi,new
CUST02902,2025-11-22,283,DEV02721,ADDR02790,Kolkata,regular
CUST02903,2025-08-13,384,DEV02722,ADDR02791,Ahmedabad,regular
CUST02904,2025-08-01,396,DEV02723,ADDR02792,Ahmedabad,regular
CUST02905,2025-05-15,474,DEV02724,ADDR02793,Chandigarh,premium
CUST02906,2025-11-25,280,DEV02725,ADDR02794,Pune,occasional
CUST02907,2025-03-25,525,DEV02726,ADDR02795,Mumbai,regular
CUST02908,2025-06-14,444,DEV02727,ADDR02796,Delhi,regular
CUST02909,2025-11-21,284,DEV02728,ADDR00075,Kochi,premium
CUST02910,2026-05-15,109,DEV02729,ADDR02797,Jaipur,occasional
CUST02911,2025-12-10,265,DEV02730,ADDR02798,Surat,regular
CUST02912,2025-11-11,294,DEV02731,ADDR02799,Mumbai,regular
CUST02913,2026-05-01,123,DEV02732,ADDR02800,Hyderabad,premium
CUST02914,2025-10-05,331,DEV02733,ADDR02801,Delhi,premium
CUST02915,2026-02-13,200,DEV02734,ADDR02802,Mumbai,regular
CUST02916,2026-02-13,200,DEV02735,ADDR02803,Mumbai,occasional
CUST02917,2026-02-28,185,DEV02736,ADDR02804,Surat,regular
CUST02918,2026-06-26,67,DEV02737,ADDR00160,Hyderabad,new
CUST02919,2025-06-23,435,DEV00144,ADDR00137,Bangalore,occasional
CUST02920,2025-07-25,403,DEV02738,ADDR02805,Mumbai,regular
CUST02921,2025-10-01,335,DEV02739,ADDR02806,Surat,premium
CUST02922,2025-06-03,455,DEV02740,ADDR02807,Surat,occasional
CUST02923,2025-10-04,332,DEV02741,ADDR00095,Jaipur,regular
CUST02924,2025-04-21,498,DEV02742,ADDR00004,Chennai,regular
CUST02925,2025-08-22,375,DEV02743,ADDR02808,Chennai,regular
CUST02926,2026-02-23,190,DEV02744,ADDR02809,Indore,premium
CUST02927,2026-04-29,125,DEV02745,ADDR02810,Kochi,regular
CUST02928,2025-10-13,323,DEV02746,ADDR02811,Ahmedabad,regular
CUST02929,2026-04-24,130,DEV02747,ADDR02812,Bangalore,regular
CUST02930,2026-05-09,115,DEV02748,ADDR00111,Lucknow,regular
CUST02931,2026-08-14,18,DEV02749,ADDR00046,Pune,new
CUST02932,2025-12-15,260,DEV02750,ADDR02813,Delhi,occasional
CUST02933,2025-04-24,495,DEV02751,ADDR02814,Mumbai,regular
CUST02934,2026-04-06,148,DEV02752,ADDR00039,Kochi,regular
CUST02935,2026-05-11,113,DEV02753,ADDR02815,Bangalore,regular
CUST02936,2026-06-19,74,DEV02754,ADDR02816,Ahmedabad,new
CUST02937,2025-05-29,460,DEV02755,ADDR02817,Bangalore,regular
CUST02938,2025-03-22,528,DEV02756,ADDR02818,Delhi,regular
CUST02939,2025-10-20,316,DEV02757,ADDR02819,Bangalore,premium
CUST02940,2025-08-10,387,DEV02758,ADDR02820,Bangalore,premium
CUST02941,2025-10-30,306,DEV02759,ADDR02821,Surat,premium
CUST02942,2026-02-04,209,DEV02760,ADDR02822,Hyderabad,occasional
CUST02943,2025-08-06,391,DEV02761,ADDR02823,Mumbai,regular
CUST02944,2026-05-08,116,DEV02762,ADDR02824,Chandigarh,new
CUST02945,2025-03-14,536,DEV02763,ADDR02825,Mumbai,premium
CUST02946,2026-04-15,139,DEV02764,ADDR02826,Mumbai,premium
CUST02947,2025-05-18,471,DEV02765,ADDR02827,Chennai,regular
CUST02948,2026-05-11,113,DEV02766,ADDR02828,Kochi,new
CUST02949,2026-03-08,177,DEV02767,ADDR02829,Bangalore,regular
CUST02950,2026-03-17,168,DEV02768,ADDR02830,Chennai,regular
CUST02951,2025-03-24,526,DEV02769,ADDR02831,Jaipur,new
CUST02952,2025-11-25,280,DEV02770,ADDR02832,Hyderabad,regular
CUST02953,2025-12-05,270,DEV02771,ADDR02833,Pune,regular
CUST02954,2025-07-25,403,DEV02772,ADDR02834,Mumbai,regular
CUST02955,2025-03-02,548,DEV02773,ADDR02835,Delhi,occasional
CUST02956,2025-04-05,514,DEV02774,ADDR02836,Jaipur,regular
CUST02957,2025-04-20,499,DEV02775,ADDR02837,Bangalore,regular
CUST02958,2026-05-10,114,DEV02776,ADDR02838,Delhi,occasional
CUST02959,2025-05-16,473,DEV02777,ADDR02839,Chandigarh,regular
CUST02960,2026-05-12,112,DEV02778,ADDR02840,Kochi,regular
CUST02961,2026-03-19,166,DEV02779,ADDR02841,Delhi,regular
CUST02962,2025-11-18,287,DEV02780,ADDR02842,Delhi,regular
CUST02963,2026-04-14,140,DEV02781,ADDR02843,Delhi,regular
CUST02964,2025-10-12,324,DEV02782,ADDR02844,Bangalore,regular
CUST02965,2026-02-21,192,DEV02783,ADDR02845,Jaipur,premium
CUST02966,2025-11-06,299,DEV02784,ADDR02846,Mumbai,regular
CUST02967,2025-10-31,305,DEV02785,ADDR02847,Pune,occasional
CUST02968,2026-04-02,152,DEV00026,ADDR00029,Hyderabad,premium
CUST02969,2026-04-06,148,DEV02786,ADDR02848,Delhi,regular
CUST02970,2025-07-21,407,DEV00140,ADDR00115,Delhi,regular
CUST02971,2026-05-04,120,DEV02787,ADDR02849,Pune,regular
CUST02972,2026-05-10,114,DEV02788,ADDR02850,Bangalore,regular
CUST02973,2026-05-08,116,DEV02789,ADDR02851,Indore,regular
CUST02974,2025-11-09,296,DEV02790,ADDR02852,Ahmedabad,regular
CUST02975,2025-05-16,473,DEV02791,ADDR02853,Chennai,occasional
CUST02976,2025-03-21,529,DEV02792,ADDR02854,Mumbai,regular
CUST02977,2026-05-16,108,DEV02793,ADDR02855,Mumbai,premium
CUST02978,2025-12-11,264,DEV02794,ADDR02856,Chennai,regular
CUST02979,2025-07-22,406,DEV02795,ADDR02857,Bangalore,occasional
CUST02980,2025-12-15,260,DEV00045,ADDR02858,Bangalore,regular
CUST02981,2026-01-31,213,DEV02796,ADDR02859,Kolkata,regular
CUST02982,2025-06-11,447,DEV02797,ADDR02860,Kochi,regular
CUST02983,2025-11-11,294,DEV02798,ADDR02861,Kolkata,occasional
CUST02984,2026-03-20,165,DEV02799,ADDR02862,Chandigarh,regular
CUST02985,2025-06-09,449,DEV02800,ADDR02863,Mumbai,premium
CUST02986,2026-05-24,100,DEV02801,ADDR02864,Jaipur,premium
CUST02987,2025-10-26,310,DEV02802,ADDR00032,Jaipur,premium
CUST02988,2026-01-13,231,DEV02803,ADDR02865,Kolkata,regular
CUST02989,2025-04-04,515,DEV02804,ADDR00105,Kochi,premium
CUST02990,2025-09-05,361,DEV02805,ADDR02866,Chennai,occasional
CUST02991,2026-02-21,192,DEV02806,ADDR02867,Indore,premium
CUST02992,2025-05-06,483,DEV02807,ADDR02868,Pune,premium
CUST02993,2025-12-12,263,DEV02808,ADDR02869,Ahmedabad,new
CUST02994,2026-05-11,113,DEV02809,ADDR02870,Pune,occasional
CUST02995,2026-04-14,140,DEV02810,ADDR02871,Jaipur,regular
CUST02996,2025-05-31,458,DEV02811,ADDR02872,Lucknow,regular
CUST02997,2026-03-08,177,DEV02812,ADDR02873,Bangalore,occasional
CUST02998,2025-05-06,483,DEV02813,ADDR02874,Ahmedabad,occasional
CUST02999,2026-07-08,55,DEV00125,ADDR00159,Hyderabad,premium
CUST03000,2025-04-01,518,DEV02814,ADDR02875,Bangalore,regular
CUST03001,2025-08-01,396,DEV00039,ADDR00079,Mumbai,regular
CUST03002,2025-09-13,353,DEV02815,ADDR02876,Pune,occasional
CUST03003,2026-06-06,87,DEV02816,ADDR00121,Bangalore,new
CUST03004,2026-01-15,229,DEV02817,ADDR00113,Indore,regular
CUST03005,2025-06-08,450,DEV00045,ADDR02877,Bangalore,regular
CUST03006,2026-05-17,107,DEV02818,ADDR02878,Chennai,occasional
CUST03007,2025-07-22,406,DEV02819,ADDR02879,Ahmedabad,occasional
CUST03008,2025-11-12,293,DEV02820,ADDR02880,Jaipur,premium
CUST03009,2025-03-08,542,DEV02821,ADDR02881,Chennai,regular
CUST03010,2025-12-15,260,DEV02822,ADDR02882,Ahmedabad,occasional
CUST03011,2025-12-18,257,DEV02823,ADDR02883,Lucknow,regular
CUST03012,2025-05-23,466,DEV02824,ADDR02884,Kolkata,regular
CUST03013,2025-03-24,526,DEV02825,ADDR02885,Delhi,regular
CUST03014,2026-01-19,225,DEV02826,ADDR02886,Jaipur,occasional
CUST03015,2025-04-07,512,DEV02827,ADDR02887,Ahmedabad,occasional
CUST03016,2026-04-14,140,DEV02828,ADDR02888,Bangalore,occasional
CUST03017,2026-01-27,217,DEV02829,ADDR02889,Pune,new
CUST03018,2026-03-20,165,DEV02830,ADDR02890,Delhi,regular
CUST03019,2025-06-22,436,DEV02831,ADDR02891,Bangalore,premium
CUST03020,2026-01-19,225,DEV02832,ADDR02892,Kochi,regular
CUST03021,2026-04-12,142,DEV02833,ADDR02893,Delhi,regular
CUST03022,2026-01-29,215,DEV02834,ADDR02894,Pune,regular
CUST03023,2026-06-25,68,DEV00148,ADDR02895,Chandigarh,occasional
CUST03024,2025-04-14,505,DEV00070,ADDR02896,Chandigarh,premium
CUST03025,2025-12-15,260,DEV02835,ADDR02897,Hyderabad,occasional
CUST03026,2025-10-21,315,DEV02836,ADDR02898,Jaipur,regular
CUST03027,2025-08-08,389,DEV02837,ADDR02899,Bangalore,regular
CUST03028,2026-07-18,45,DEV02838,ADDR00020,Delhi,new
CUST03029,2025-12-10,265,DEV02839,ADDR00002,Mumbai,occasional
CUST03030,2026-03-13,172,DEV00139,ADDR00145,Chennai,premium
CUST03031,2025-12-09,266,DEV02840,ADDR02900,Chennai,occasional
CUST03032,2025-07-02,426,DEV02841,ADDR02901,Bangalore,premium
CUST03033,2026-04-08,146,DEV02842,ADDR02902,Delhi,regular
CUST03034,2025-10-15,321,DEV02843,ADDR02903,Jaipur,occasional
CUST03035,2025-05-04,485,DEV02844,ADDR02904,Pune,regular
CUST03036,2026-05-07,117,DEV00140,ADDR02905,Hyderabad,premium
CUST03037,2025-11-05,300,DEV00113,ADDR02906,Surat,new
CUST03038,2026-04-21,133,DEV02845,ADDR02907,Chandigarh,regular
CUST03039,2025-07-21,407,DEV02846,ADDR02908,Mumbai,premium
CUST03040,2025-04-30,489,DEV02847,ADDR02909,Bangalore,premium
CUST03041,2026-01-21,223,DEV02848,ADDR02910,Chandigarh,regular
CUST03042,2026-05-20,104,DEV02849,ADDR02911,Hyderabad,occasional
CUST03043,2025-03-14,536,DEV02850,ADDR02912,Lucknow,occasional
CUST03044,2025-03-09,541,DEV02851,ADDR02913,Pune,regular
CUST03045,2026-07-26,37,DEV02852,ADDR00135,Delhi,premium
CUST03046,2025-03-03,547,DEV00068,ADDR02914,Pune,regular
CUST03047,2026-06-19,74,DEV02853,ADDR02915,Surat,new
CUST03048,2026-06-24,69,DEV02854,ADDR02916,Chennai,new
CUST03049,2025-04-12,507,DEV00146,ADDR02917,Delhi,regular
CUST03050,2025-08-31,366,DEV02855,ADDR02918,Hyderabad,regular
CUST03051,2026-04-19,135,DEV02856,ADDR02919,Mumbai,regular
CUST03052,2025-08-26,371,DEV02857,ADDR02920,Hyderabad,regular
CUST03053,2025-12-10,265,DEV00027,ADDR02921,Bangalore,premium
CUST03054,2026-06-04,89,DEV00019,ADDR02922,Delhi,new
CUST03055,2026-02-13,200,DEV02858,ADDR02923,Mumbai,regular
CUST03056,2025-11-24,281,DEV02859,ADDR02924,Delhi,regular
CUST03057,2025-06-09,449,DEV02860,ADDR02925,Mumbai,regular
CUST03058,2026-01-05,239,DEV02861,ADDR02926,Mumbai,new
CUST03059,2026-03-12,173,DEV02862,ADDR02927,Jaipur,regular
CUST03060,2026-03-01,184,DEV02863,ADDR02928,Chennai,premium
CUST03061,2026-04-14,140,DEV02864,ADDR02929,Chennai,occasional
CUST03062,2025-09-15,351,DEV02865,ADDR02930,Pune,premium
CUST03063,2026-04-21,133,DEV02866,ADDR02931,Chandigarh,regular
CUST03064,2026-04-06,148,DEV02867,ADDR02932,Indore,premium
CUST03065,2025-07-07,421,DEV02868,ADDR02933,Chennai,regular
CUST03066,2025-11-14,291,DEV02869,ADDR02934,Chennai,occasional
CUST03067,2026-05-09,115,DEV02870,ADDR02935,Lucknow,new
CUST03068,2025-08-31,366,DEV02871,ADDR00044,Mumbai,regular
CUST03069,2025-10-07,329,DEV02872,ADDR02936,Mumbai,regular
CUST03070,2025-10-27,309,DEV02873,ADDR02937,Pune,premium
CUST03071,2026-01-27,217,DEV02874,ADDR00118,Delhi,premium
CUST03072,2025-09-01,365,DEV02875,ADDR02938,Kolkata,regular
CUST03073,2025-03-25,525,DEV02876,ADDR02939,Chennai,occasional
CUST03074,2025-05-01,488,DEV02877,ADDR02940,Delhi,regular
CUST03075,2026-04-21,133,DEV02878,ADDR02941,Mumbai,regular
CUST03076,2025-12-11,264,DEV02879,ADDR02942,Lucknow,regular
CUST03077,2025-08-22,375,DEV02880,ADDR02943,Hyderabad,premium
CUST03078,2025-08-17,380,DEV02881,ADDR02944,Delhi,regular
CUST03079,2026-05-01,123,DEV00006,ADDR02945,Chandigarh,premium
CUST03080,2026-02-20,193,DEV02882,ADDR02946,Delhi,regular
CUST03081,2025-11-03,302,DEV02883,ADDR00134,Chennai,regular
CUST03082,2026-04-01,153,DEV00108,ADDR02947,Mumbai,regular
CUST03083,2026-06-22,71,DEV00150,ADDR02948,Delhi,new
CUST03084,2026-02-22,191,DEV02884,ADDR02949,Chennai,regular
CUST03085,2025-05-17,472,DEV02885,ADDR02950,Mumbai,regular
CUST03086,2026-02-15,198,DEV02886,ADDR02951,Hyderabad,new
CUST03087,2025-06-03,455,DEV02887,ADDR02952,Ahmedabad,regular
CUST03088,2025-06-03,455,DEV02888,ADDR02953,Mumbai,regular
CUST03089,2026-05-07,117,DEV02889,ADDR02954,Hyderabad,premium
CUST03090,2025-04-13,506,DEV02890,ADDR02955,Delhi,premium
CUST03091,2026-02-08,205,DEV02891,ADDR00074,Bangalore,regular
CUST03092,2025-10-06,330,DEV02892,ADDR02956,Bangalore,regular
CUST03093,2026-04-08,146,DEV02893,ADDR02957,Bangalore,occasional
CUST03094,2026-04-08,146,DEV02894,ADDR02958,Kochi,premium
CUST03095,2025-09-26,340,DEV02895,ADDR02959,Chennai,premium
CUST03096,2026-01-06,238,DEV02896,ADDR02960,Kochi,regular
CUST03097,2025-09-12,354,DEV02897,ADDR02961,Kochi,premium
CUST03098,2025-10-23,313,DEV02898,ADDR02962,Lucknow,premium
CUST03099,2026-05-08,116,DEV00051,ADDR02963,Hyderabad,occasional
CUST03100,2025-10-10,326,DEV02899,ADDR02964,Bangalore,regular
CUST03101,2025-09-02,364,DEV02900,ADDR02965,Delhi,premium
CUST03102,2026-01-11,233,DEV02901,ADDR02966,Chennai,regular
CUST03103,2026-03-02,183,DEV02902,ADDR02967,Mumbai,occasional
CUST03104,2026-06-08,85,DEV02903,ADDR00096,Hyderabad,new
CUST03105,2026-03-29,156,DEV02904,ADDR02968,Mumbai,new
CUST03106,2025-10-31,305,DEV02905,ADDR02969,Chennai,regular
CUST03107,2025-06-20,438,DEV02906,ADDR00099,Kochi,regular
CUST03108,2025-09-27,339,DEV02907,ADDR02970,Pune,occasional
CUST03109,2026-05-15,109,DEV02908,ADDR00154,Mumbai,regular
CUST03110,2025-07-30,398,DEV02909,ADDR00014,Pune,regular
CUST03111,2026-02-16,197,DEV02910,ADDR02971,Hyderabad,occasional
CUST03112,2026-04-21,133,DEV02911,ADDR02972,Bangalore,regular
CUST03113,2025-10-28,308,DEV02912,ADDR02973,Surat,occasional
CUST03114,2025-09-24,342,DEV02913,ADDR02974,Delhi,regular
CUST03115,2025-12-24,251,DEV02914,ADDR02975,Bangalore,regular
CUST03116,2026-05-25,99,DEV02915,ADDR02976,Mumbai,regular
CUST03117,2025-06-14,444,DEV02916,ADDR02977,Hyderabad,regular
CUST03118,2026-03-10,175,DEV02917,ADDR02978,Delhi,regular
CUST03119,2025-04-26,493,DEV02918,ADDR02979,Mumbai,regular
CUST03120,2026-03-11,174,DEV02919,ADDR02980,Kochi,regular
CUST03121,2026-06-28,65,DEV00050,ADDR02981,Ahmedabad,regular
CUST03122,2025-11-05,300,DEV02920,ADDR02982,Indore,regular
CUST03123,2026-01-03,241,DEV02921,ADDR02983,Delhi,premium
CUST03124,2025-06-07,451,DEV02922,ADDR02984,Delhi,premium
CUST03125,2026-02-11,202,DEV02923,ADDR02985,Kolkata,premium
CUST03126,2025-06-21,437,DEV02924,ADDR02986,Mumbai,premium
CUST03127,2025-05-04,485,DEV02925,ADDR00026,Delhi,regular
CUST03128,2026-04-14,140,DEV02926,ADDR02987,Ahmedabad,new
CUST03129,2025-12-09,266,DEV02927,ADDR02988,Delhi,occasional
CUST03130,2026-04-28,126,DEV02928,ADDR02989,Pune,regular
CUST03131,2026-06-11,82,DEV02929,ADDR00014,Pune,new
CUST03132,2025-12-29,246,DEV02930,ADDR02990,Jaipur,regular
CUST03133,2026-02-08,205,DEV02931,ADDR02991,Ahmedabad,occasional
CUST03134,2026-02-24,189,DEV02932,ADDR02992,Delhi,premium
CUST03135,2026-07-29,34,DEV02933,ADDR00123,Kolkata,new
CUST03136,2026-04-14,140,DEV02934,ADDR02993,Kolkata,occasional
CUST03137,2026-04-23,131,DEV02935,ADDR02994,Chandigarh,premium
CUST03138,2026-03-16,169,DEV02936,ADDR02995,Mumbai,regular
CUST03139,2026-04-18,136,DEV00034,ADDR00167,Mumbai,occasional
CUST03140,2025-06-06,452,DEV02937,ADDR02996,Mumbai,regular
CUST03141,2026-02-22,191,DEV02938,ADDR02997,Indore,new
CUST03142,2025-12-18,257,DEV02939,ADDR02998,Indore,regular
CUST03143,2026-07-31,32,DEV02940,ADDR02999,Pune,new
CUST03144,2025-12-09,266,DEV02941,ADDR03000,Chandigarh,regular
CUST03145,2026-03-19,166,DEV02942,ADDR03001,Delhi,regular
CUST03146,2026-03-21,164,DEV02943,ADDR03002,Mumbai,premium
CUST03147,2025-06-20,438,DEV02944,ADDR03003,Chandigarh,premium
CUST03148,2026-04-06,148,DEV02945,ADDR03004,Kochi,regular
CUST03149,2025-07-27,401,DEV02946,ADDR03005,Delhi,occasional
CUST03150,2026-03-31,154,DEV00048,ADDR03006,Pune,regular
CUST03151,2025-03-20,530,DEV02947,ADDR03007,Surat,regular
CUST03152,2025-12-17,258,DEV02948,ADDR03008,Kolkata,regular
CUST03153,2025-10-23,313,DEV02949,ADDR03009,Hyderabad,premium
CUST03154,2026-05-10,114,DEV02950,ADDR03010,Ahmedabad,regular
CUST03155,2026-01-21,223,DEV02951,ADDR00157,Mumbai,regular
CUST03156,2025-07-18,410,DEV02952,ADDR03011,Chennai,premium
CUST03157,2025-06-26,432,DEV02953,ADDR03012,Chennai,regular
CUST03158,2026-02-17,196,DEV02954,ADDR03013,Delhi,premium
CUST03159,2025-11-20,285,DEV02955,ADDR03014,Lucknow,premium
CUST03160,2026-01-19,225,DEV02956,ADDR03015,Hyderabad,occasional
CUST03161,2025-12-09,266,DEV02957,ADDR03016,Mumbai,occasional
CUST03162,2025-09-03,363,DEV00106,ADDR00102,Lucknow,regular
CUST03163,2025-08-01,396,DEV02958,ADDR03017,Chandigarh,regular
CUST03164,2025-12-25,250,DEV02959,ADDR03018,Jaipur,regular
CUST03165,2025-12-24,251,DEV02960,ADDR03019,Delhi,premium
CUST03166,2026-04-10,144,DEV02961,ADDR03020,Delhi,regular
CUST03167,2026-05-25,99,DEV02962,ADDR03021,Pune,regular
CUST03168,2026-03-20,165,DEV02963,ADDR03022,Mumbai,regular
CUST03169,2025-09-06,360,DEV02964,ADDR03023,Jaipur,new
CUST03170,2025-03-08,542,DEV02965,ADDR03024,Mumbai,regular
CUST03171,2025-05-20,469,DEV02966,ADDR03025,Delhi,premium
CUST03172,2026-01-15,229,DEV02967,ADDR00114,Mumbai,regular
CUST03173,2025-06-03,455,DEV02968,ADDR03026,Chennai,occasional
CUST03174,2025-06-30,428,DEV02969,ADDR03027,Hyderabad,regular
CUST03175,2025-05-26,463,DEV02970,ADDR03028,Delhi,premium
CUST03176,2025-09-22,344,DEV02971,ADDR03029,Bangalore,regular
CUST03177,2026-01-06,238,DEV02972,ADDR03030,Kochi,regular
CUST03178,2026-03-14,171,DEV02973,ADDR03031,Kolkata,regular
CUST03179,2025-09-08,358,DEV02974,ADDR03032,Delhi,new
CUST03180,2025-10-16,320,DEV02975,ADDR03033,Delhi,premium
CUST03181,2025-12-03,272,DEV02976,ADDR03034,Pune,occasional
CUST03182,2026-04-16,138,DEV02977,ADDR03035,Chennai,occasional
CUST03183,2026-05-06,118,DEV02978,ADDR00057,Bangalore,regular
CUST03184,2026-02-06,207,DEV02979,ADDR03036,Delhi,new
CUST03185,2025-08-14,383,DEV02980,ADDR03037,Ahmedabad,regular
CUST03186,2025-05-08,481,DEV02981,ADDR03038,Hyderabad,regular
CUST03187,2026-01-21,223,DEV00038,ADDR03039,Mumbai,regular
CUST03188,2026-06-21,72,DEV02982,ADDR03040,Mumbai,regular
CUST03189,2025-11-15,290,DEV02983,ADDR03041,Lucknow,premium
CUST03190,2026-02-12,201,DEV02984,ADDR03042,Mumbai,new
CUST03191,2025-06-02,456,DEV02985,ADDR03043,Chandigarh,regular
CUST03192,2025-05-22,467,DEV02986,ADDR03044,Surat,regular
CUST03193,2025-04-06,513,DEV02987,ADDR03045,Mumbai,premium
CUST03194,2025-03-13,537,DEV02988,ADDR03046,Lucknow,occasional
CUST03195,2025-05-04,485,DEV02989,ADDR03047,Delhi,occasional
CUST03196,2025-08-27,370,DEV02990,ADDR00090,Delhi,regular
CUST03197,2026-08-11,21,DEV00081,ADDR03048,Hyderabad,new
CUST03198,2025-11-26,279,DEV02991,ADDR03049,Kolkata,premium
CUST03199,2025-04-17,502,DEV02992,ADDR03050,Delhi,regular
CUST03200,2025-08-30,367,DEV02993,ADDR03051,Delhi,premium
CUST03201,2026-05-30,94,DEV02994,ADDR00147,Delhi,premium
CUST03202,2026-06-20,73,DEV00010,ADDR03052,Hyderabad,premium
CUST03203,2025-06-29,429,DEV00111,ADDR03053,Hyderabad,regular
CUST03204,2025-04-14,505,DEV02995,ADDR03054,Bangalore,regular
CUST03205,2026-04-17,137,DEV02996,ADDR00084,Surat,regular
CUST03206,2025-11-30,275,DEV02997,ADDR03055,Delhi,occasional
CUST03207,2026-05-08,116,DEV00088,ADDR03056,Chennai,regular
CUST03208,2026-03-30,155,DEV02998,ADDR03057,Bangalore,occasional
CUST03209,2026-02-02,211,DEV02999,ADDR03058,Pune,regular
CUST03210,2025-03-28,522,DEV03000,ADDR03059,Kolkata,regular
CUST03211,2025-12-21,254,DEV03001,ADDR03060,Delhi,regular
CUST03212,2026-06-15,78,DEV03002,ADDR03061,Delhi,new
CUST03213,2026-01-04,240,DEV03003,ADDR03062,Kolkata,regular
CUST03214,2026-03-31,154,DEV03004,ADDR03063,Kolkata,occasional
CUST03215,2026-06-04,89,DEV03005,ADDR03064,Mumbai,new
CUST03216,2025-12-26,249,DEV03006,ADDR03065,Hyderabad,occasional
CUST03217,2025-10-29,307,DEV03007,ADDR03066,Jaipur,premium
CUST03218,2026-01-17,227,DEV03008,ADDR03067,Hyderabad,regular
CUST03219,2026-01-06,238,DEV03009,ADDR03068,Bangalore,new
CUST03220,2025-10-05,331,DEV03010,ADDR03069,Pune,premium
CUST03221,2025-06-27,431,DEV03011,ADDR03070,Jaipur,new
CUST03222,2026-03-06,179,DEV03012,ADDR03071,Surat,regular
CUST03223,2026-05-26,98,DEV03013,ADDR00106,Chennai,regular
CUST03224,2026-05-24,100,DEV03014,ADDR00095,Jaipur,regular
CUST03225,2026-05-02,122,DEV03015,ADDR03072,Delhi,regular
CUST03226,2025-06-27,431,DEV03016,ADDR03073,Kolkata,occasional
CUST03227,2026-03-23,162,DEV03017,ADDR00042,Ahmedabad,regular
CUST03228,2026-02-21,192,DEV03018,ADDR03074,Chennai,regular
CUST03229,2025-10-05,331,DEV03019,ADDR03075,Kolkata,regular
CUST03230,2025-09-06,360,DEV03020,ADDR03076,Bangalore,occasional
CUST03231,2025-10-13,323,DEV03021,ADDR03077,Kolkata,premium
CUST03232,2025-07-10,418,DEV03022,ADDR03078,Pune,regular
CUST03233,2025-09-26,340,DEV03023,ADDR00071,Hyderabad,premium
CUST03234,2026-03-19,166,DEV00143,ADDR03079,Jaipur,new
CUST03235,2025-08-27,370,DEV03024,ADDR03080,Delhi,premium
CUST03236,2025-06-28,430,DEV03025,ADDR03081,Mumbai,occasional
CUST03237,2026-05-20,104,DEV03026,ADDR03082,Hyderabad,regular
CUST03238,2026-05-19,105,DEV03027,ADDR00098,Surat,premium
CUST03239,2026-06-24,69,DEV03028,ADDR03083,Bangalore,new
CUST03240,2025-09-28,338,DEV03029,ADDR03084,Ahmedabad,occasional
CUST03241,2026-03-24,161,DEV03030,ADDR03085,Bangalore,new
CUST03242,2025-04-27,492,DEV03031,ADDR03086,Kolkata,regular
CUST03243,2026-06-07,86,DEV03032,ADDR00027,Bangalore,regular
CUST03244,2026-02-26,187,DEV03033,ADDR03087,Mumbai,premium
CUST03245,2025-11-21,284,DEV03034,ADDR03088,Hyderabad,regular
CUST03246,2025-03-21,529,DEV03035,ADDR03089,Kolkata,regular
CUST03247,2025-06-05,453,DEV03036,ADDR00007,Surat,regular
CUST03248,2026-02-01,212,DEV03037,ADDR03090,Delhi,regular
CUST03249,2025-06-03,455,DEV03038,ADDR03091,Ahmedabad,regular
CUST03250,2026-03-31,154,DEV03039,ADDR03092,Ahmedabad,premium
CUST03251,2025-07-14,414,DEV03040,ADDR03093,Mumbai,regular
CUST03252,2025-04-23,496,DEV03041,ADDR03094,Kolkata,premium
CUST03253,2025-06-20,438,DEV03042,ADDR03095,Mumbai,regular
CUST03254,2026-04-24,130,DEV03043,ADDR03096,Mumbai,regular
CUST03255,2026-05-19,105,DEV03044,ADDR03097,Pune,new
CUST03256,2025-11-18,287,DEV03045,ADDR03098,Chennai,occasional
CUST03257,2026-04-07,147,DEV03046,ADDR03099,Chennai,premium
CUST03258,2025-12-05,270,DEV03047,ADDR03100,Kolkata,regular
CUST03259,2026-06-28,65,DEV03048,ADDR03101,Jaipur,new
CUST03260,2025-04-10,509,DEV03049,ADDR03102,Bangalore,regular
CUST03261,2025-09-04,362,DEV03050,ADDR03103,Mumbai,premium
CUST03262,2025-03-09,541,DEV03051,ADDR03104,Kolkata,regular
CUST03263,2025-11-21,284,DEV03052,ADDR03105,Mumbai,regular
CUST03264,2026-03-24,161,DEV03053,ADDR03106,Kolkata,regular
CUST03265,2025-08-07,390,DEV00110,ADDR03107,Delhi,regular
CUST03266,2026-04-25,129,DEV00079,ADDR03108,Delhi,regular
CUST03267,2025-03-04,546,DEV03054,ADDR03109,Kolkata,premium
CUST03268,2026-05-05,119,DEV03055,ADDR03110,Pune,regular
CUST03269,2025-12-30,245,DEV03056,ADDR03111,Bangalore,regular
CUST03270,2026-08-08,24,DEV03057,ADDR03112,Jaipur,regular
CUST03271,2025-03-29,521,DEV03058,ADDR00033,Bangalore,regular
CUST03272,2025-10-21,315,DEV03059,ADDR03113,Indore,regular
CUST03273,2025-10-11,325,DEV03060,ADDR03114,Delhi,regular
CUST03274,2025-10-18,318,DEV03061,ADDR03115,Delhi,regular
CUST03275,2026-07-22,41,DEV00020,ADDR00069,Chennai,new
CUST03276,2025-07-17,411,DEV03062,ADDR03116,Kolkata,new
CUST03277,2025-11-29,276,DEV03063,ADDR03117,Ahmedabad,regular
CUST03278,2026-05-26,98,DEV03064,ADDR03118,Kolkata,regular
CUST03279,2025-12-04,271,DEV03065,ADDR03119,Bangalore,regular
CUST03280,2025-05-11,478,DEV03066,ADDR03120,Mumbai,occasional
CUST03281,2026-03-28,157,DEV03067,ADDR03121,Delhi,premium
CUST03282,2025-06-16,442,DEV03068,ADDR03122,Delhi,regular
CUST03283,2026-04-01,153,DEV03069,ADDR03123,Bangalore,premium
CUST03284,2025-06-08,450,DEV03070,ADDR03124,Mumbai,regular
CUST03285,2025-03-17,533,DEV03071,ADDR00132,Delhi,premium
CUST03286,2026-01-04,240,DEV03072,ADDR03125,Ahmedabad,regular
CUST03287,2025-07-23,405,DEV03073,ADDR03126,Chennai,occasional
CUST03288,2025-09-30,336,DEV03074,ADDR03127,Hyderabad,regular
CUST03289,2025-07-19,409,DEV03075,ADDR03128,Bangalore,premium
CUST03290,2026-05-26,98,DEV03076,ADDR03129,Indore,premium
CUST03291,2026-02-02,211,DEV03077,ADDR00010,Bangalore,regular
CUST03292,2026-02-23,190,DEV00141,ADDR03130,Pune,occasional
CUST03293,2025-11-19,286,DEV03078,ADDR03131,Pune,regular
CUST03294,2025-03-12,538,DEV03079,ADDR03132,Mumbai,premium
CUST03295,2025-04-24,495,DEV03080,ADDR03133,Delhi,occasional
CUST03296,2025-06-30,428,DEV03081,ADDR03134,Surat,occasional
CUST03297,2025-08-09,388,DEV03082,ADDR03135,Chandigarh,regular
CUST03298,2025-04-16,503,DEV03083,ADDR03136,Ahmedabad,occasional
CUST03299,2025-08-07,390,DEV03084,ADDR03137,Indore,occasional
CUST03300,2025-09-24,342,DEV03085,ADDR03138,Surat,occasional
CUST03301,2025-04-09,510,DEV03086,ADDR03139,Mumbai,regular
CUST03302,2026-02-01,212,DEV03087,ADDR03140,Mumbai,regular
CUST03303,2026-04-16,138,DEV03088,ADDR00011,Kolkata,occasional
CUST03304,2026-04-05,149,DEV03089,ADDR03141,Bangalore,occasional
CUST03305,2025-11-15,290,DEV03090,ADDR03142,Kochi,regular
CUST03306,2026-04-14,140,DEV03091,ADDR03143,Bangalore,regular
CUST03307,2025-07-09,419,DEV03092,ADDR03144,Mumbai,occasional
CUST03308,2026-02-28,185,DEV03093,ADDR03145,Kochi,new
CUST03309,2026-04-18,136,DEV00046,ADDR03146,Jaipur,new
CUST03310,2025-06-01,457,DEV03094,ADDR03147,Surat,regular
CUST03311,2025-07-21,407,DEV03095,ADDR03148,Pune,premium
CUST03312,2025-06-08,450,DEV03096,ADDR03149,Hyderabad,occasional
CUST03313,2025-05-01,488,DEV03097,ADDR03150,Hyderabad,regular
CUST03314,2026-05-09,115,DEV00028,ADDR03151,Bangalore,regular
CUST03315,2026-05-31,93,DEV03098,ADDR03152,Jaipur,occasional
CUST03316,2025-07-26,402,DEV03099,ADDR03153,Hyderabad,premium
CUST03317,2025-06-03,455,DEV03100,ADDR03154,Hyderabad,occasional
CUST03318,2026-01-14,230,DEV03101,ADDR03155,Delhi,regular
CUST03319,2026-04-02,152,DEV03102,ADDR03156,Bangalore,occasional
CUST03320,2026-02-18,195,DEV03103,ADDR03157,Mumbai,regular
CUST03321,2025-06-02,456,DEV03104,ADDR03158,Pune,regular
CUST03322,2025-09-06,360,DEV03105,ADDR03159,Pune,regular
CUST03323,2025-09-22,344,DEV03106,ADDR03160,Hyderabad,regular
CUST03324,2026-01-27,217,DEV03107,ADDR03161,Bangalore,regular
CUST03325,2026-03-31,154,DEV03108,ADDR03162,Indore,regular
CUST03326,2026-04-12,142,DEV03109,ADDR03163,Delhi,regular
CUST03327,2026-03-07,178,DEV03110,ADDR03164,Hyderabad,regular
CUST03328,2026-01-09,235,DEV03111,ADDR03165,Bangalore,regular
CUST03329,2026-07-27,36,DEV03112,ADDR03166,Lucknow,new
CUST03330,2025-05-01,488,DEV03113,ADDR03167,Kolkata,regular
CUST03331,2026-02-01,212,DEV03114,ADDR03168,Kochi,regular
CUST03332,2025-06-20,438,DEV03115,ADDR03169,Jaipur,regular
CUST03333,2026-01-18,226,DEV00033,ADDR00167,Mumbai,regular
CUST03334,2026-02-15,198,DEV03116,ADDR00029,Hyderabad,regular
CUST03335,2026-07-25,38,DEV03117,ADDR03170,Kolkata,new
CUST03336,2025-10-31,305,DEV03118,ADDR03171,Pune,occasional
CUST03337,2025-05-22,467,DEV00119,ADDR03172,Delhi,occasional
CUST03338,2025-03-15,535,DEV00003,ADDR03173,Hyderabad,regular
CUST03339,2026-02-28,185,DEV03119,ADDR03174,Hyderabad,new
CUST03340,2026-06-17,76,DEV00086,ADDR00161,Indore,new
CUST03341,2025-08-02,395,DEV03120,ADDR03175,Delhi,occasional
CUST03342,2026-05-22,102,DEV03121,ADDR03176,Mumbai,regular
CUST03343,2026-05-06,118,DEV03122,ADDR03177,Ahmedabad,premium
CUST03344,2025-05-20,469,DEV03123,ADDR03178,Hyderabad,regular
CUST03345,2026-05-07,117,DEV03124,ADDR03179,Mumbai,regular
CUST03346,2026-03-04,181,DEV03125,ADDR03180,Hyderabad,regular
CUST03347,2025-12-09,266,DEV03126,ADDR03181,Delhi,regular
CUST03348,2025-09-29,337,DEV03127,ADDR03182,Delhi,occasional
CUST03349,2025-05-25,464,DEV03128,ADDR03183,Jaipur,regular
CUST03350,2026-07-02,61,DEV03129,ADDR00119,Delhi,new
CUST03351,2025-10-19,317,DEV00037,ADDR03184,Delhi,regular
CUST03352,2025-04-03,516,DEV00009,ADDR03185,Ahmedabad,premium
CUST03353,2025-03-09,541,DEV03130,ADDR03186,Lucknow,occasional
CUST03354,2025-07-11,417,DEV03131,ADDR03187,Hyderabad,regular
CUST03355,2026-06-30,63,DEV03132,ADDR03188,Lucknow,new
CUST03356,2026-04-11,143,DEV00131,ADDR00048,Jaipur,regular
CUST03357,2025-12-29,246,DEV03133,ADDR03189,Kolkata,occasional
CUST03358,2025-12-09,266,DEV03134,ADDR03190,Mumbai,regular
CUST03359,2025-05-14,475,DEV03135,ADDR03191,Mumbai,premium
CUST03360,2025-12-17,258,DEV03136,ADDR03192,Mumbai,occasional
CUST03361,2026-02-26,187,DEV03137,ADDR03193,Bangalore,regular
CUST03362,2025-06-14,444,DEV03138,ADDR03194,Mumbai,premium
CUST03363,2026-04-05,149,DEV00030,ADDR03195,Delhi,new
CUST03364,2025-10-27,309,DEV03139,ADDR03196,Jaipur,premium
CUST03365,2025-05-31,458,DEV00038,ADDR03197,Hyderabad,regular
CUST03366,2026-02-26,187,DEV03140,ADDR03198,Bangalore,regular
CUST03367,2025-07-30,398,DEV03141,ADDR03199,Pune,occasional
CUST03368,2025-08-18,379,DEV03142,ADDR03200,Bangalore,premium
CUST03369,2025-05-05,484,DEV03143,ADDR03201,Ahmedabad,regular
CUST03370,2026-05-30,94,DEV03144,ADDR03202,Surat,occasional
CUST03371,2025-11-29,276,DEV00017,ADDR03203,Delhi,premium
CUST03372,2026-04-24,130,DEV03145,ADDR03204,Pune,premium
CUST03373,2025-06-26,432,DEV03146,ADDR03205,Pune,premium
CUST03374,2025-08-14,383,DEV03147,ADDR03206,Kochi,regular
CUST03375,2026-04-29,125,DEV03148,ADDR03207,Mumbai,regular
CUST03376,2025-12-29,246,DEV03149,ADDR03208,Delhi,occasional
CUST03377,2025-06-04,454,DEV03150,ADDR03209,Lucknow,regular
CUST03378,2026-05-19,105,DEV03151,ADDR00030,Mumbai,regular
CUST03379,2026-05-04,120,DEV03152,ADDR03210,Jaipur,occasional
CUST03380,2025-05-05,484,DEV00080,ADDR00099,Kochi,occasional
CUST03381,2025-11-13,292,DEV03153,ADDR03211,Delhi,occasional
CUST03382,2026-04-14,140,DEV00079,ADDR03212,Indore,regular
CUST03383,2026-02-19,194,DEV00094,ADDR00076,Mumbai,regular
CUST03384,2025-04-22,497,DEV03154,ADDR03213,Delhi,regular
CUST03385,2026-04-09,145,DEV03155,ADDR00110,Delhi,premium
CUST03386,2025-12-16,259,DEV03156,ADDR03214,Bangalore,regular
CUST03387,2025-11-13,292,DEV03157,ADDR00054,Bangalore,regular
CUST03388,2025-08-17,380,DEV03158,ADDR03215,Hyderabad,regular
CUST03389,2025-07-17,411,DEV03159,ADDR03216,Hyderabad,regular
CUST03390,2025-05-31,458,DEV03160,ADDR03217,Pune,occasional
CUST03391,2025-09-20,346,DEV03161,ADDR03218,Surat,premium
CUST03392,2026-06-01,92,DEV03162,ADDR03219,Mumbai,new
CUST03393,2026-05-24,100,DEV00051,ADDR00013,Lucknow,premium
CUST03394,2025-09-28,338,DEV00074,ADDR03220,Chandigarh,occasional
CUST03395,2025-11-15,290,DEV03163,ADDR03221,Mumbai,regular
CUST03396,2026-04-18,136,DEV03164,ADDR03222,Mumbai,regular
CUST03397,2026-03-20,165,DEV03165,ADDR03223,Bangalore,regular
CUST03398,2026-05-22,102,DEV03166,ADDR03224,Hyderabad,regular
CUST03399,2025-09-07,359,DEV03167,ADDR03225,Mumbai,regular
CUST03400,2026-01-26,218,DEV03168,ADDR03226,Chennai,regular
CUST03401,2026-05-02,122,DEV03169,ADDR03227,Hyderabad,regular
CUST03402,2025-06-12,446,DEV00139,ADDR03228,Bangalore,premium
CUST03403,2026-05-09,115,DEV03170,ADDR03229,Delhi,premium
CUST03404,2026-01-15,229,DEV03171,ADDR03230,Pune,new
CUST03405,2025-04-14,505,DEV03172,ADDR03231,Mumbai,regular
CUST03406,2026-03-30,155,DEV03173,ADDR03232,Kolkata,regular
CUST03407,2025-11-19,286,DEV00007,ADDR03233,Kolkata,regular
CUST03408,2025-10-12,324,DEV03174,ADDR03234,Indore,premium
CUST03409,2025-10-07,329,DEV03175,ADDR03235,Jaipur,premium
CUST03410,2025-12-26,249,DEV03176,ADDR00075,Kochi,new
CUST03411,2026-05-23,101,DEV00042,ADDR03236,Lucknow,regular
CUST03412,2026-03-29,156,DEV03177,ADDR00031,Delhi,premium
CUST03413,2025-09-26,340,DEV03178,ADDR03237,Mumbai,premium
CUST03414,2025-03-11,539,DEV03179,ADDR03238,Jaipur,regular
CUST03415,2025-10-11,325,DEV03180,ADDR03239,Chennai,premium
CUST03416,2025-07-24,404,DEV03181,ADDR03240,Pune,premium
CUST03417,2025-12-12,263,DEV03182,ADDR03241,Mumbai,occasional
CUST03418,2025-03-09,541,DEV03183,ADDR03242,Pune,premium
CUST03419,2025-05-23,466,DEV03184,ADDR03243,Delhi,premium
CUST03420,2025-04-27,492,DEV03185,ADDR03244,Jaipur,occasional
CUST03421,2026-08-14,18,DEV00047,ADDR03245,Surat,new
CUST03422,2025-05-16,473,DEV03186,ADDR03246,Mumbai,premium
CUST03423,2025-09-26,340,DEV03187,ADDR03247,Kolkata,regular
CUST03424,2025-08-27,370,DEV03188,ADDR03248,Hyderabad,occasional
CUST03425,2025-09-30,336,DEV03189,ADDR03249,Ahmedabad,regular
CUST03426,2026-04-12,142,DEV03190,ADDR03250,Hyderabad,premium
CUST03427,2025-10-07,329,DEV03191,ADDR03251,Delhi,regular
CUST03428,2025-12-31,244,DEV03192,ADDR03252,Delhi,occasional
CUST03429,2025-09-15,351,DEV03193,ADDR03253,Delhi,regular
CUST03430,2026-01-24,220,DEV03194,ADDR03254,Mumbai,premium
CUST03431,2025-08-14,383,DEV03195,ADDR03255,Delhi,occasional
CUST03432,2026-04-16,138,DEV03196,ADDR03256,Jaipur,regular
CUST03433,2026-05-20,104,DEV03197,ADDR03257,Kolkata,premium
CUST03434,2026-01-12,232,DEV03198,ADDR03258,Kolkata,new
CUST03435,2026-04-30,124,DEV03199,ADDR03259,Bangalore,regular
CUST03436,2026-02-05,208,DEV03200,ADDR03260,Bangalore,premium
CUST03437,2025-09-17,349,DEV03201,ADDR03261,Chennai,occasional
CUST03438,2026-06-01,92,DEV03202,ADDR03262,Bangalore,regular
CUST03439,2026-04-19,135,DEV03203,ADDR03263,Pune,regular
CUST03440,2026-04-06,148,DEV00089,ADDR03264,Delhi,regular
CUST03441,2026-05-08,116,DEV03204,ADDR03265,Mumbai,new
CUST03442,2025-06-15,443,DEV03205,ADDR03266,Lucknow,regular
CUST03443,2025-03-28,522,DEV03206,ADDR03267,Delhi,regular
CUST03444,2025-07-24,404,DEV03207,ADDR03268,Mumbai,premium
CUST03445,2025-08-24,373,DEV03208,ADDR03269,Delhi,regular
CUST03446,2025-06-14,444,DEV03209,ADDR03270,Lucknow,premium
CUST03447,2026-03-18,167,DEV03210,ADDR03271,Mumbai,regular
CUST03448,2026-05-28,96,DEV03211,ADDR00018,Chennai,regular
CUST03449,2026-02-23,190,DEV03212,ADDR03272,Ahmedabad,occasional
CUST03450,2025-03-17,533,DEV03213,ADDR03273,Mumbai,regular
CUST03451,2026-07-22,41,DEV00010,ADDR00116,Bangalore,new
CUST03452,2025-05-10,479,DEV03214,ADDR03274,Surat,new
CUST03453,2026-05-18,106,DEV03215,ADDR03275,Chandigarh,regular
CUST03454,2025-10-30,306,DEV03216,ADDR03276,Mumbai,premium
CUST03455,2026-03-05,180,DEV03217,ADDR03277,Ahmedabad,occasional
CUST03456,2025-09-02,364,DEV03218,ADDR03278,Hyderabad,occasional
CUST03457,2025-03-14,536,DEV00109,ADDR03279,Chennai,occasional
CUST03458,2025-08-29,368,DEV03219,ADDR03280,Chandigarh,regular
CUST03459,2025-11-27,278,DEV03220,ADDR03281,Hyderabad,regular
CUST03460,2025-12-21,254,DEV03221,ADDR03282,Indore,regular
CUST03461,2025-10-04,332,DEV03222,ADDR03283,Kolkata,regular
CUST03462,2025-08-02,395,DEV03223,ADDR00169,Mumbai,occasional
CUST03463,2026-03-11,174,DEV03224,ADDR03284,Hyderabad,regular
CUST03464,2025-11-25,280,DEV03225,ADDR03285,Pune,occasional
CUST03465,2026-04-15,139,DEV03226,ADDR03286,Hyderabad,regular
CUST03466,2025-06-28,430,DEV03227,ADDR00168,Ahmedabad,regular
CUST03467,2025-03-24,526,DEV03228,ADDR03287,Indore,regular
CUST03468,2026-04-24,130,DEV03229,ADDR03288,Mumbai,new
CUST03469,2025-05-20,469,DEV03230,ADDR03289,Pune,regular
CUST03470,2025-12-04,271,DEV03231,ADDR03290,Jaipur,regular
CUST03471,2026-04-29,125,DEV00116,ADDR03291,Kolkata,new
CUST03472,2026-06-07,86,DEV00034,ADDR03292,Bangalore,new
CUST03473,2025-10-19,317,DEV03232,ADDR03293,Bangalore,premium
CUST03474,2025-03-21,529,DEV03233,ADDR00083,Jaipur,occasional
CUST03475,2026-01-16,228,DEV03234,ADDR03294,Kolkata,premium
CUST03476,2026-04-09,145,DEV03235,ADDR03295,Lucknow,regular
CUST03477,2026-01-09,235,DEV03236,ADDR03296,Mumbai,regular
CUST03478,2026-02-05,208,DEV03237,ADDR03297,Bangalore,new
CUST03479,2025-12-27,248,DEV03238,ADDR03298,Kolkata,regular
CUST03480,2025-06-13,445,DEV03239,ADDR03299,Mumbai,occasional
CUST03481,2025-06-19,439,DEV00135,ADDR03300,Indore,regular
CUST03482,2025-03-04,546,DEV03240,ADDR03301,Jaipur,regular
CUST03483,2025-04-11,508,DEV03241,ADDR03302,Indore,regular
CUST03484,2026-02-25,188,DEV03242,ADDR03303,Chandigarh,occasional
CUST03485,2025-03-08,542,DEV03243,ADDR03304,Bangalore,premium
CUST03486,2025-05-17,472,DEV03244,ADDR03305,Jaipur,regular
CUST03487,2025-05-07,482,DEV03245,ADDR03306,Delhi,occasional
CUST03488,2026-01-28,216,DEV03246,ADDR03307,Bangalore,occasional
CUST03489,2025-05-18,471,DEV03247,ADDR03308,Delhi,regular
CUST03490,2025-03-20,530,DEV03248,ADDR03309,Chennai,regular
CUST03491,2026-04-28,126,DEV00085,ADDR03310,Mumbai,occasional
CUST03492,2026-01-23,221,DEV03249,ADDR03311,Ahmedabad,occasional
CUST03493,2026-04-23,131,DEV03250,ADDR03312,Pune,occasional
CUST03494,2025-10-30,306,DEV03251,ADDR03313,Chennai,regular
CUST03495,2026-07-07,56,DEV03252,ADDR03314,Mumbai,new
CUST03496,2025-08-26,371,DEV03253,ADDR03315,Chennai,occasional
CUST03497,2026-01-19,225,DEV03254,ADDR03316,Delhi,premium
CUST03498,2026-04-11,143,DEV03255,ADDR03317,Kolkata,new
CUST03499,2026-02-17,196,DEV03256,ADDR00164,Bangalore,regular
CUST03500,2025-05-19,470,DEV03257,ADDR03318,Surat,regular
CUST03501,2026-04-29,125,DEV00063,ADDR00054,Bangalore,premium
CUST03502,2025-06-27,431,DEV03258,ADDR03319,Hyderabad,occasional
CUST03503,2025-12-10,265,DEV03259,ADDR03320,Delhi,premium
CUST03504,2026-03-08,177,DEV00026,ADDR03321,Delhi,regular
CUST03505,2025-04-26,493,DEV03260,ADDR03322,Hyderabad,regular
CUST03506,2026-08-06,26,DEV00029,ADDR00110,Delhi,new
CUST03507,2025-05-08,481,DEV03261,ADDR03323,Mumbai,premium
CUST03508,2025-04-27,492,DEV03262,ADDR03324,Mumbai,new
CUST03509,2026-04-20,134,DEV03263,ADDR03325,Hyderabad,regular
CUST03510,2025-06-09,449,DEV03264,ADDR03326,Surat,regular
CUST03511,2025-10-06,330,DEV03265,ADDR03327,Chandigarh,regular
CUST03512,2026-03-19,166,DEV03266,ADDR03328,Delhi,occasional
CUST03513,2026-01-24,220,DEV03267,ADDR03329,Pune,new
CUST03514,2025-08-02,395,DEV03268,ADDR03330,Mumbai,premium
CUST03515,2025-12-05,270,DEV03269,ADDR03331,Chandigarh,regular
CUST03516,2025-08-11,386,DEV03270,ADDR00080,Kochi,regular
CUST03517,2025-05-07,482,DEV03271,ADDR03332,Delhi,regular
CUST03518,2026-05-02,122,DEV00062,ADDR00108,Jaipur,new
CUST03519,2025-06-28,430,DEV03272,ADDR03333,Hyderabad,regular
CUST03520,2025-09-01,365,DEV03273,ADDR03334,Ahmedabad,regular
CUST03521,2026-05-26,98,DEV03274,ADDR03335,Bangalore,regular
CUST03522,2025-07-08,420,DEV03275,ADDR03336,Pune,regular
CUST03523,2025-08-17,380,DEV03276,ADDR03337,Mumbai,regular
CUST03524,2026-05-13,111,DEV03277,ADDR00076,Mumbai,occasional
CUST03525,2025-08-18,379,DEV03278,ADDR03338,Mumbai,regular
CUST03526,2026-06-08,85,DEV03279,ADDR03339,Pune,new
CUST03527,2026-07-21,42,DEV00152,ADDR00105,Kochi,new
CUST03528,2025-11-03,302,DEV03280,ADDR03340,Mumbai,regular
CUST03529,2026-03-08,177,DEV03281,ADDR03341,Mumbai,premium
CUST03530,2026-01-09,235,DEV03282,ADDR03342,Bangalore,regular
CUST03531,2026-05-07,117,DEV03283,ADDR03343,Pune,regular
CUST03532,2026-03-13,172,DEV03284,ADDR03344,Hyderabad,regular
CUST03533,2025-07-12,416,DEV03285,ADDR00144,Kolkata,occasional
CUST03534,2025-06-06,452,DEV03286,ADDR03345,Lucknow,premium
CUST03535,2026-04-19,135,DEV03287,ADDR03346,Bangalore,premium
CUST03536,2025-05-04,485,DEV03288,ADDR03347,Mumbai,regular
CUST03537,2026-04-05,149,DEV03289,ADDR03348,Mumbai,occasional
CUST03538,2025-11-28,277,DEV00028,ADDR03349,Pune,occasional
CUST03539,2026-07-19,44,DEV00071,ADDR00094,Jaipur,new
CUST03540,2025-10-26,310,DEV03290,ADDR03350,Kolkata,regular
CUST03541,2026-05-25,99,DEV00062,ADDR03351,Jaipur,occasional
CUST03542,2026-04-26,128,DEV03291,ADDR03352,Bangalore,premium
CUST03543,2025-06-14,444,DEV03292,ADDR03353,Bangalore,occasional
CUST03544,2026-04-14,140,DEV03293,ADDR03354,Delhi,occasional
CUST03545,2025-09-07,359,DEV03294,ADDR03355,Chandigarh,occasional
CUST03546,2025-09-17,349,DEV03295,ADDR03356,Mumbai,regular
CUST03547,2026-01-18,226,DEV03296,ADDR03357,Ahmedabad,premium
CUST03548,2026-04-29,125,DEV03297,ADDR03358,Delhi,new
CUST03549,2026-04-29,125,DEV03298,ADDR03359,Kolkata,regular
CUST03550,2025-03-28,522,DEV03299,ADDR03360,Bangalore,occasional
CUST03551,2025-08-23,374,DEV03300,ADDR03361,Chennai,premium
CUST03552,2026-06-08,85,DEV03301,ADDR00136,Jaipur,new
CUST03553,2025-05-25,464,DEV03302,ADDR03362,Delhi,regular
CUST03554,2025-06-02,456,DEV03303,ADDR03363,Mumbai,occasional
CUST03555,2025-05-20,469,DEV03304,ADDR03364,Hyderabad,regular
CUST03556,2025-10-14,322,DEV03305,ADDR03365,Indore,regular
CUST03557,2025-05-27,462,DEV03306,ADDR03366,Hyderabad,occasional
CUST03558,2025-12-23,252,DEV03307,ADDR03367,Chandigarh,regular
CUST03559,2025-07-12,416,DEV03308,ADDR03368,Hyderabad,regular
CUST03560,2026-01-19,225,DEV03309,ADDR03369,Delhi,regular
CUST03561,2025-12-12,263,DEV03310,ADDR03370,Chandigarh,regular
CUST03562,2025-12-11,264,DEV03311,ADDR03371,Chennai,regular
CUST03563,2026-04-24,130,DEV03312,ADDR03372,Delhi,occasional
CUST03564,2025-10-16,320,DEV00139,ADDR03373,Mumbai,occasional
CUST03565,2025-12-13,262,DEV03313,ADDR03374,Hyderabad,regular
CUST03566,2025-05-30,459,DEV03314,ADDR03375,Delhi,regular
CUST03567,2025-09-27,339,DEV03315,ADDR00123,Kolkata,regular
CUST03568,2026-03-25,160,DEV03316,ADDR03376,Ahmedabad,regular
CUST03569,2025-12-05,270,DEV03317,ADDR03377,Delhi,premium
CUST03570,2026-03-10,175,DEV03318,ADDR03378,Delhi,occasional
CUST03571,2026-05-13,111,DEV00102,ADDR03379,Ahmedabad,occasional
CUST03572,2026-04-16,138,DEV03319,ADDR03380,Indore,occasional
CUST03573,2025-07-18,410,DEV03320,ADDR03381,Chennai,regular
CUST03574,2026-05-11,113,DEV03321,ADDR03382,Kolkata,regular
CUST03575,2025-08-30,367,DEV03322,ADDR03383,Chennai,regular
CUST03576,2025-12-07,268,DEV03323,ADDR03384,Pune,regular
CUST03577,2026-03-31,154,DEV03324,ADDR03385,Kolkata,regular
CUST03578,2026-05-22,102,DEV00012,ADDR00073,Surat,regular
CUST03579,2026-07-20,43,DEV03325,ADDR03386,Pune,regular
CUST03580,2025-05-18,471,DEV03326,ADDR03387,Indore,regular
CUST03581,2026-06-08,85,DEV03327,ADDR00161,Indore,regular
CUST03582,2026-05-15,109,DEV03328,ADDR03388,Kolkata,regular
CUST03583,2025-06-27,431,DEV03329,ADDR03389,Lucknow,occasional
CUST03584,2025-09-17,349,DEV03330,ADDR03390,Surat,premium
CUST03585,2026-03-20,165,DEV03331,ADDR03391,Delhi,occasional
CUST03586,2025-11-09,296,DEV03332,ADDR03392,Bangalore,occasional
CUST03587,2025-06-06,452,DEV03333,ADDR03393,Ahmedabad,premium
CUST03588,2026-03-25,160,DEV03334,ADDR03394,Delhi,regular
CUST03589,2025-12-05,270,DEV03335,ADDR03395,Bangalore,regular
CUST03590,2025-10-01,335,DEV03336,ADDR03396,Hyderabad,regular
CUST03591,2026-03-22,163,DEV03337,ADDR03397,Surat,occasional
CUST03592,2026-05-12,112,DEV03338,ADDR03398,Mumbai,occasional
CUST03593,2025-12-07,268,DEV00025,ADDR03399,Mumbai,regular
CUST03594,2025-04-24,495,DEV03339,ADDR03400,Jaipur,regular
CUST03595,2025-11-14,291,DEV03340,ADDR03401,Lucknow,regular
CUST03596,2025-03-28,522,DEV00122,ADDR03402,Bangalore,regular
CUST03597,2025-07-18,410,DEV03341,ADDR03403,Kolkata,premium
CUST03598,2025-06-08,450,DEV03342,ADDR03404,Bangalore,occasional
CUST03599,2025-11-02,303,DEV03343,ADDR03405,Bangalore,premium
CUST03600,2025-12-09,266,DEV03344,ADDR00138,Ahmedabad,regular
CUST03601,2025-09-13,353,DEV03345,ADDR03406,Pune,regular
CUST03602,2026-01-04,240,DEV03346,ADDR03407,Chennai,occasional
CUST03603,2026-04-28,126,DEV00118,ADDR03408,Pune,regular
CUST03604,2026-06-15,78,DEV00009,ADDR03409,Mumbai,new
CUST03605,2025-06-23,435,DEV03347,ADDR03410,Mumbai,premium
CUST03606,2026-02-21,192,DEV03348,ADDR03411,Delhi,regular
CUST03607,2025-09-09,357,DEV03349,ADDR03412,Bangalore,premium
CUST03608,2026-05-16,108,DEV03350,ADDR00134,Chennai,regular
CUST03609,2025-10-17,319,DEV03351,ADDR03413,Mumbai,regular
CUST03610,2025-04-13,506,DEV03352,ADDR03414,Pune,occasional
CUST03611,2025-04-09,510,DEV03353,ADDR03415,Pune,regular
CUST03612,2026-01-15,229,DEV03354,ADDR03416,Jaipur,occasional
CUST03613,2026-03-03,182,DEV03355,ADDR00127,Jaipur,regular
CUST03614,2026-05-07,117,DEV03356,ADDR00077,Kolkata,new
CUST03615,2025-10-15,321,DEV03357,ADDR03417,Ahmedabad,occasional
CUST03616,2026-01-06,238,DEV03358,ADDR00025,Bangalore,regular
CUST03617,2025-09-25,341,DEV03359,ADDR03418,Delhi,regular
CUST03618,2025-12-20,255,DEV03360,ADDR03419,Pune,premium
CUST03619,2026-01-20,224,DEV03361,ADDR03420,Jaipur,regular
CUST03620,2025-12-10,265,DEV03362,ADDR03421,Mumbai,regular
CUST03621,2025-12-27,248,DEV03363,ADDR03422,Kolkata,new
CUST03622,2026-04-14,140,DEV03364,ADDR03423,Delhi,regular
CUST03623,2025-12-24,251,DEV03365,ADDR03424,Indore,regular
CUST03624,2025-08-15,382,DEV03366,ADDR03425,Bangalore,regular
CUST03625,2026-04-16,138,DEV03367,ADDR03426,Kolkata,new
CUST03626,2025-11-22,283,DEV03368,ADDR03427,Mumbai,occasional
CUST03627,2026-03-05,180,DEV03369,ADDR03428,Pune,premium
CUST03628,2025-07-30,398,DEV03370,ADDR03429,Mumbai,occasional
CUST03629,2025-04-06,513,DEV03371,ADDR03430,Bangalore,occasional
CUST03630,2025-08-08,389,DEV03372,ADDR00155,Hyderabad,occasional
CUST03631,2025-06-18,440,DEV03373,ADDR03431,Mumbai,regular
CUST03632,2025-08-29,368,DEV03374,ADDR00075,Kochi,regular
CUST03633,2025-07-17,411,DEV00108,ADDR00070,Mumbai,occasional
CUST03634,2025-11-02,303,DEV03375,ADDR03432,Delhi,premium
CUST03635,2025-05-27,462,DEV03376,ADDR03433,Delhi,regular
CUST03636,2025-11-22,283,DEV00021,ADDR03434,Ahmedabad,occasional
CUST03637,2026-05-02,122,DEV03377,ADDR03435,Lucknow,regular
CUST03638,2025-11-01,304,DEV03378,ADDR03436,Bangalore,regular
CUST03639,2026-05-03,121,DEV03379,ADDR03437,Lucknow,regular
CUST03640,2025-11-10,295,DEV03380,ADDR03438,Pune,regular
CUST03641,2026-05-12,112,DEV03381,ADDR03439,Pune,premium
CUST03642,2025-03-06,544,DEV03382,ADDR03440,Ahmedabad,regular
CUST03643,2025-03-01,549,DEV03383,ADDR00109,Bangalore,regular
CUST03644,2025-03-01,549,DEV03384,ADDR03441,Pune,regular
CUST03645,2025-11-02,303,DEV03385,ADDR03442,Kolkata,regular
CUST03646,2025-08-21,376,DEV03386,ADDR03443,Bangalore,premium
CUST03647,2025-04-12,507,DEV03387,ADDR03444,Lucknow,premium
CUST03648,2026-02-26,187,DEV03388,ADDR03445,Bangalore,regular
CUST03649,2026-03-31,154,DEV03389,ADDR03446,Mumbai,occasional
CUST03650,2026-08-14,18,DEV00023,ADDR03447,Delhi,premium
CUST03651,2026-01-12,232,DEV03390,ADDR03448,Mumbai,new
CUST03652,2026-04-10,144,DEV00058,ADDR00143,Chennai,regular
CUST03653,2025-09-20,346,DEV03391,ADDR00091,Chennai,regular
CUST03654,2025-09-12,354,DEV03392,ADDR03449,Hyderabad,regular
CUST03655,2026-04-07,147,DEV00010,ADDR03450,Chennai,regular
CUST03656,2025-06-13,445,DEV03393,ADDR03451,Hyderabad,regular
CUST03657,2026-01-02,242,DEV03394,ADDR03452,Delhi,regular
CUST03658,2025-08-11,386,DEV03395,ADDR03453,Delhi,premium
CUST03659,2025-04-27,492,DEV03396,ADDR03454,Pune,premium
CUST03660,2025-09-11,355,DEV03397,ADDR03455,Pune,regular
CUST03661,2026-03-21,164,DEV03398,ADDR03456,Surat,regular
CUST03662,2025-07-10,418,DEV03399,ADDR03457,Bangalore,regular
CUST03663,2025-08-17,380,DEV03400,ADDR03458,Kolkata,occasional
CUST03664,2026-03-08,177,DEV03401,ADDR03459,Delhi,new
CUST03665,2025-09-15,351,DEV03402,ADDR03460,Pune,occasional
CUST03666,2025-04-04,515,DEV03403,ADDR03461,Pune,regular
CUST03667,2025-09-20,346,DEV03404,ADDR03462,Mumbai,regular
CUST03668,2026-04-29,125,DEV00091,ADDR03463,Hyderabad,regular
CUST03669,2025-04-12,507,DEV03405,ADDR03464,Bangalore,regular
CUST03670,2026-03-12,173,DEV03406,ADDR03465,Lucknow,regular
CUST03671,2026-03-18,167,DEV03407,ADDR03466,Delhi,occasional
CUST03672,2026-04-20,134,DEV03408,ADDR03467,Kolkata,regular
CUST03673,2025-07-18,410,DEV03409,ADDR03468,Delhi,regular
CUST03674,2025-12-04,271,DEV00076,ADDR03469,Chennai,regular
CUST03675,2025-03-13,537,DEV03410,ADDR03470,Chennai,occasional
CUST03676,2026-01-03,241,DEV03411,ADDR03471,Ahmedabad,regular
CUST03677,2025-05-13,476,DEV03412,ADDR03472,Delhi,regular
CUST03678,2026-05-16,108,DEV03413,ADDR03473,Kochi,regular
CUST03679,2026-03-10,175,DEV03414,ADDR00145,Chennai,regular
CUST03680,2026-02-06,207,DEV03415,ADDR03474,Delhi,regular
CUST03681,2026-07-06,57,DEV03416,ADDR03475,Jaipur,new
CUST03682,2025-06-11,447,DEV03417,ADDR03476,Pune,premium
CUST03683,2026-05-21,103,DEV03418,ADDR03477,Chennai,occasional
CUST03684,2026-05-18,106,DEV03419,ADDR03478,Mumbai,new
CUST03685,2026-02-28,185,DEV03420,ADDR03479,Chennai,regular
CUST03686,2025-03-21,529,DEV03421,ADDR03480,Pune,regular
CUST03687,2026-02-17,196,DEV03422,ADDR03481,Delhi,occasional
CUST03688,2025-12-10,265,DEV03423,ADDR03482,Delhi,occasional
CUST03689,2025-08-14,383,DEV03424,ADDR03483,Chennai,regular
CUST03690,2025-09-21,345,DEV03425,ADDR03484,Bangalore,premium
CUST03691,2025-04-05,514,DEV03426,ADDR03485,Jaipur,premium
CUST03692,2025-10-23,313,DEV03427,ADDR03486,Kolkata,occasional
CUST03693,2025-06-16,442,DEV03428,ADDR03487,Delhi,regular
CUST03694,2025-09-16,350,DEV00011,ADDR03488,Ahmedabad,regular
CUST03695,2026-06-05,88,DEV03429,ADDR03489,Jaipur,new
CUST03696,2025-11-14,291,DEV03430,ADDR03490,Chandigarh,occasional
CUST03697,2026-04-22,132,DEV03431,ADDR03491,Hyderabad,regular
CUST03698,2025-12-03,272,DEV03432,ADDR03492,Mumbai,occasional
CUST03699,2025-04-22,497,DEV03433,ADDR03493,Mumbai,regular
CUST03700,2025-10-27,309,DEV03434,ADDR03494,Pune,occasional
CUST03701,2025-04-11,508,DEV03435,ADDR03495,Chennai,occasional
CUST03702,2025-09-26,340,DEV03436,ADDR03496,Chennai,premium
CUST03703,2026-02-17,196,DEV03437,ADDR03497,Pune,premium
CUST03704,2026-03-23,162,DEV03438,ADDR03498,Bangalore,regular
CUST03705,2025-08-10,387,DEV03439,ADDR03499,Lucknow,regular
CUST03706,2026-07-08,55,DEV03440,ADDR03500,Ahmedabad,new
CUST03707,2025-11-22,283,DEV03441,ADDR03501,Kolkata,premium
CUST03708,2025-07-19,409,DEV03442,ADDR03502,Mumbai,occasional
CUST03709,2026-05-04,120,DEV03443,ADDR00140,Mumbai,regular
CUST03710,2025-12-13,262,DEV00126,ADDR03503,Mumbai,occasional
CUST03711,2025-09-17,349,DEV03444,ADDR03504,Kolkata,regular
CUST03712,2025-03-07,543,DEV03445,ADDR03505,Mumbai,regular
CUST03713,2026-02-05,208,DEV03446,ADDR03506,Bangalore,regular
CUST03714,2026-05-27,97,DEV03447,ADDR03507,Delhi,regular
CUST03715,2025-12-09,266,DEV03448,ADDR03508,Hyderabad,regular
CUST03716,2025-03-22,528,DEV03449,ADDR03509,Jaipur,regular
CUST03717,2026-04-13,141,DEV03450,ADDR03510,Bangalore,regular
CUST03718,2025-09-05,361,DEV03451,ADDR03511,Mumbai,occasional
CUST03719,2026-03-18,167,DEV03452,ADDR03512,Bangalore,occasional
CUST03720,2025-04-06,513,DEV00086,ADDR03513,Indore,regular
CUST03721,2025-10-07,329,DEV03453,ADDR03514,Mumbai,regular
CUST03722,2026-03-18,167,DEV03454,ADDR03515,Kolkata,premium
CUST03723,2025-06-13,445,DEV03455,ADDR03516,Delhi,occasional
CUST03724,2025-08-05,392,DEV00001,ADDR03517,Bangalore,regular
CUST03725,2025-10-08,328,DEV03456,ADDR00034,Ahmedabad,regular
CUST03726,2025-07-26,402,DEV03457,ADDR03518,Kochi,regular
CUST03727,2025-04-24,495,DEV03458,ADDR03519,Indore,regular
CUST03728,2026-03-17,168,DEV03459,ADDR03520,Mumbai,new
CUST03729,2025-11-05,300,DEV03460,ADDR03521,Chennai,regular
CUST03730,2025-05-13,476,DEV03461,ADDR03522,Ahmedabad,regular
CUST03731,2025-10-15,321,DEV00122,ADDR03523,Pune,occasional
CUST03732,2025-05-25,464,DEV03462,ADDR03524,Bangalore,regular
CUST03733,2025-11-19,286,DEV03463,ADDR03525,Surat,regular
CUST03734,2025-10-11,325,DEV03464,ADDR03526,Lucknow,regular
CUST03735,2025-10-17,319,DEV03465,ADDR03527,Bangalore,premium
CUST03736,2025-09-06,360,DEV00143,ADDR00038,Ahmedabad,occasional
CUST03737,2025-09-11,355,DEV03466,ADDR03528,Delhi,regular
CUST03738,2026-02-24,189,DEV03467,ADDR03529,Chennai,occasional
CUST03739,2026-02-16,197,DEV03468,ADDR03530,Hyderabad,regular
CUST03740,2026-04-05,149,DEV03469,ADDR03531,Ahmedabad,occasional
CUST03741,2026-06-18,75,DEV00038,ADDR03532,Chandigarh,regular
CUST03742,2025-04-07,512,DEV03470,ADDR00061,Pune,premium
CUST03743,2025-11-05,300,DEV03471,ADDR03533,Ahmedabad,premium
CUST03744,2025-11-08,297,DEV03472,ADDR03534,Hyderabad,regular
CUST03745,2025-11-20,285,DEV03473,ADDR03535,Lucknow,premium
CUST03746,2025-05-18,471,DEV03474,ADDR00041,Mumbai,regular
CUST03747,2026-05-08,116,DEV03475,ADDR03536,Hyderabad,regular
CUST03748,2026-03-05,180,DEV03476,ADDR03537,Hyderabad,regular
CUST03749,2025-11-07,298,DEV03477,ADDR03538,Indore,premium
CUST03750,2026-02-06,207,DEV03478,ADDR03539,Chennai,occasional
CUST03751,2025-12-17,258,DEV03479,ADDR00149,Bangalore,premium
CUST03752,2026-05-14,110,DEV03480,ADDR03540,Chennai,occasional
CUST03753,2025-04-06,513,DEV03481,ADDR03541,Hyderabad,occasional
CUST03754,2026-04-01,153,DEV03482,ADDR03542,Delhi,regular
CUST03755,2025-04-24,495,DEV03483,ADDR03543,Chennai,regular
CUST03756,2026-03-22,163,DEV03484,ADDR03544,Surat,regular
CUST03757,2026-02-09,204,DEV03485,ADDR03545,Hyderabad,regular
CUST03758,2025-03-29,521,DEV03486,ADDR03546,Kolkata,occasional
CUST03759,2025-06-25,433,DEV03487,ADDR03547,Delhi,regular
CUST03760,2025-06-23,435,DEV00035,ADDR03548,Mumbai,regular
CUST03761,2026-02-01,212,DEV00008,ADDR03549,Kolkata,regular
CUST03762,2025-10-17,319,DEV03488,ADDR03550,Mumbai,new
CUST03763,2025-11-05,300,DEV03489,ADDR03551,Ahmedabad,regular
CUST03764,2025-04-25,494,DEV03490,ADDR03552,Lucknow,premium
CUST03765,2026-07-24,39,DEV03491,ADDR03553,Delhi,new
CUST03766,2025-12-10,265,DEV03492,ADDR03554,Chennai,regular
CUST03767,2026-05-25,99,DEV03493,ADDR03555,Delhi,regular
CUST03768,2026-07-05,58,DEV03494,ADDR03556,Jaipur,new
CUST03769,2026-02-27,186,DEV03495,ADDR03557,Chennai,premium
CUST03770,2026-03-29,156,DEV03496,ADDR00089,Bangalore,premium
CUST03771,2025-03-25,525,DEV03497,ADDR03558,Hyderabad,occasional
CUST03772,2026-05-02,122,DEV00056,ADDR03559,Bangalore,regular
CUST03773,2025-11-03,302,DEV03498,ADDR03560,Hyderabad,regular
CUST03774,2025-12-19,256,DEV03499,ADDR03561,Kochi,occasional
CUST03775,2026-01-08,236,DEV03500,ADDR00050,Mumbai,premium
CUST03776,2025-12-14,261,DEV03501,ADDR03562,Hyderabad,regular
CUST03777,2026-06-22,71,DEV00040,ADDR03563,Ahmedabad,new
CUST03778,2025-07-08,420,DEV03502,ADDR03564,Lucknow,occasional
CUST03779,2026-04-16,138,DEV03503,ADDR03565,Mumbai,occasional
CUST03780,2025-06-15,443,DEV03504,ADDR03566,Chennai,occasional
CUST03781,2025-06-17,441,DEV03505,ADDR03567,Hyderabad,regular
CUST03782,2026-01-13,231,DEV03506,ADDR03568,Ahmedabad,regular
CUST03783,2025-04-06,513,DEV03507,ADDR03569,Pune,premium
CUST03784,2025-06-23,435,DEV03508,ADDR03570,Chennai,regular
CUST03785,2026-06-19,74,DEV00011,ADDR03571,Mumbai,new
CUST03786,2026-05-19,105,DEV03509,ADDR03572,Mumbai,regular
CUST03787,2026-04-11,143,DEV03510,ADDR03573,Indore,regular
CUST03788,2026-05-27,97,DEV03511,ADDR00046,Pune,regular
CUST03789,2025-07-10,418,DEV03512,ADDR03574,Delhi,regular
CUST03790,2026-02-14,199,DEV03513,ADDR03575,Jaipur,new
CUST03791,2025-12-31,244,DEV03514,ADDR03576,Lucknow,regular
CUST03792,2026-01-17,227,DEV03515,ADDR00021,Hyderabad,regular
CUST03793,2026-04-26,128,DEV03516,ADDR03577,Hyderabad,new
CUST03794,2026-05-17,107,DEV03517,ADDR03578,Kochi,regular
CUST03795,2025-06-13,445,DEV00057,ADDR03579,Lucknow,regular
CUST03796,2026-05-25,99,DEV03518,ADDR03580,Indore,regular
CUST03797,2026-04-01,153,DEV03519,ADDR03581,Chennai,new
CUST03798,2026-05-26,98,DEV03520,ADDR03582,Hyderabad,regular
CUST03799,2025-12-23,252,DEV00006,ADDR03583,Jaipur,regular
CUST03800,2026-05-23,101,DEV03521,ADDR03584,Pune,occasional
CUST03801,2025-11-09,296,DEV00136,ADDR03585,Bangalore,premium
CUST03802,2025-11-01,304,DEV03522,ADDR00103,Mumbai,premium
CUST03803,2025-12-19,256,DEV03523,ADDR03586,Kolkata,regular
CUST03804,2026-04-28,126,DEV03524,ADDR00049,Mumbai,regular
CUST03805,2025-06-19,439,DEV03525,ADDR03587,Mumbai,regular
CUST03806,2026-01-27,217,DEV03526,ADDR00012,Kolkata,regular
CUST03807,2025-10-24,312,DEV00043,ADDR00111,Lucknow,regular
CUST03808,2025-09-28,338,DEV03527,ADDR03588,Mumbai,premium
CUST03809,2025-08-14,383,DEV03528,ADDR00058,Surat,regular
CUST03810,2025-07-29,399,DEV03529,ADDR03589,Jaipur,occasional
CUST03811,2026-04-24,130,DEV03530,ADDR03590,Pune,regular
CUST03812,2026-04-11,143,DEV03531,ADDR03591,Bangalore,regular
CUST03813,2025-05-26,463,DEV03532,ADDR03592,Chennai,premium
CUST03814,2026-04-19,135,DEV03533,ADDR03593,Delhi,premium
CUST03815,2025-06-20,438,DEV03534,ADDR03594,Bangalore,regular
CUST03816,2025-07-14,414,DEV03535,ADDR00008,Delhi,occasional
CUST03817,2025-08-09,388,DEV03536,ADDR03595,Pune,regular
CUST03818,2025-04-27,492,DEV03537,ADDR03596,Delhi,occasional
CUST03819,2026-06-05,88,DEV03538,ADDR00057,Bangalore,new
CUST03820,2025-12-24,251,DEV03539,ADDR03597,Mumbai,regular
CUST03821,2026-04-14,140,DEV03540,ADDR03598,Kochi,regular
CUST03822,2025-08-12,385,DEV03541,ADDR03599,Chandigarh,regular
CUST03823,2025-07-24,404,DEV03542,ADDR03600,Delhi,occasional
CUST03824,2025-06-12,446,DEV03543,ADDR03601,Chandigarh,regular
CUST03825,2025-06-28,430,DEV03544,ADDR03602,Hyderabad,premium
CUST03826,2025-10-04,332,DEV03545,ADDR03603,Lucknow,regular
CUST03827,2026-03-01,184,DEV03546,ADDR03604,Hyderabad,occasional
CUST03828,2026-01-20,224,DEV03547,ADDR03605,Delhi,regular
CUST03829,2026-03-29,156,DEV03548,ADDR03606,Kochi,regular
CUST03830,2025-07-13,415,DEV03549,ADDR03607,Lucknow,regular
CUST03831,2025-05-22,467,DEV03550,ADDR03608,Pune,premium
CUST03832,2025-07-23,405,DEV00096,ADDR03609,Hyderabad,regular
CUST03833,2025-12-18,257,DEV03551,ADDR03610,Surat,new
CUST03834,2025-06-30,428,DEV03552,ADDR03611,Hyderabad,occasional
CUST03835,2026-07-18,45,DEV03553,ADDR03612,Chennai,occasional
CUST03836,2025-05-07,482,DEV03554,ADDR03613,Lucknow,occasional
CUST03837,2025-09-26,340,DEV03555,ADDR03614,Bangalore,regular
CUST03838,2025-07-02,426,DEV03556,ADDR03615,Chennai,occasional
CUST03839,2026-04-25,129,DEV03557,ADDR03616,Hyderabad,occasional
CUST03840,2025-04-19,500,DEV03558,ADDR03617,Bangalore,regular
CUST03841,2025-08-30,367,DEV03559,ADDR03618,Mumbai,regular
CUST03842,2025-07-16,412,DEV03560,ADDR03619,Jaipur,regular
CUST03843,2025-05-11,478,DEV03561,ADDR03620,Chandigarh,occasional
CUST03844,2025-12-16,259,DEV03562,ADDR03621,Hyderabad,regular
CUST03845,2025-07-27,401,DEV03563,ADDR03622,Delhi,regular
CUST03846,2025-10-04,332,DEV03564,ADDR00156,Kochi,regular
CUST03847,2025-08-08,389,DEV03565,ADDR00104,Mumbai,regular
CUST03848,2026-05-30,94,DEV03566,ADDR03623,Indore,occasional
CUST03849,2026-05-27,97,DEV00002,ADDR03624,Ahmedabad,regular
CUST03850,2025-04-13,506,DEV03567,ADDR03625,Hyderabad,regular
CUST03851,2025-06-30,428,DEV03568,ADDR03626,Bangalore,regular
CUST03852,2025-04-02,517,DEV03569,ADDR03627,Chandigarh,regular
CUST03853,2025-03-28,522,DEV03570,ADDR03628,Jaipur,regular
CUST03854,2025-05-02,487,DEV03571,ADDR03629,Delhi,occasional
CUST03855,2025-07-08,420,DEV03572,ADDR03630,Mumbai,occasional
CUST03856,2025-03-08,542,DEV03573,ADDR03631,Lucknow,regular
CUST03857,2025-03-29,521,DEV03574,ADDR03632,Delhi,regular
CUST03858,2026-04-06,148,DEV00067,ADDR03633,Jaipur,regular
CUST03859,2025-06-20,438,DEV03575,ADDR03634,Chennai,regular
CUST03860,2025-04-09,510,DEV03576,ADDR03635,Mumbai,regular
CUST03861,2025-04-15,504,DEV03577,ADDR03636,Mumbai,regular
CUST03862,2025-08-02,395,DEV03578,ADDR03637,Chennai,occasional
CUST03863,2025-09-21,345,DEV03579,ADDR03638,Kolkata,regular
CUST03864,2025-06-18,440,DEV03580,ADDR03639,Chennai,occasional
CUST03865,2026-01-17,227,DEV03581,ADDR03640,Delhi,regular
CUST03866,2025-11-25,280,DEV03582,ADDR03641,Jaipur,regular
CUST03867,2026-08-11,21,DEV03583,ADDR03642,Bangalore,new
CUST03868,2025-11-20,285,DEV03584,ADDR03643,Lucknow,regular
CUST03869,2025-05-02,487,DEV03585,ADDR03644,Kochi,regular
CUST03870,2025-12-22,253,DEV03586,ADDR03645,Pune,occasional
CUST03871,2025-11-15,290,DEV03587,ADDR03646,Chennai,premium
CUST03872,2025-11-22,283,DEV03588,ADDR03647,Delhi,regular
CUST03873,2026-08-05,27,DEV03589,ADDR03648,Mumbai,new
CUST03874,2025-03-05,545,DEV03590,ADDR03649,Mumbai,regular
CUST03875,2025-12-13,262,DEV03591,ADDR03650,Pune,premium
CUST03876,2025-05-11,478,DEV03592,ADDR03651,Delhi,regular
CUST03877,2025-08-15,382,DEV03593,ADDR03652,Hyderabad,occasional
CUST03878,2025-05-21,468,DEV03594,ADDR03653,Hyderabad,occasional
CUST03879,2026-06-04,89,DEV03595,ADDR03654,Surat,occasional
CUST03880,2026-02-15,198,DEV03596,ADDR03655,Ahmedabad,regular
CUST03881,2025-10-10,326,DEV03597,ADDR03656,Bangalore,premium
CUST03882,2025-06-22,436,DEV03598,ADDR03657,Hyderabad,regular
CUST03883,2026-03-31,154,DEV00111,ADDR03658,Bangalore,occasional
CUST03884,2025-06-08,450,DEV03599,ADDR03659,Ahmedabad,premium
CUST03885,2025-11-30,275,DEV03600,ADDR03660,Mumbai,regular
CUST03886,2025-03-31,519,DEV03601,ADDR03661,Pune,premium
CUST03887,2025-06-17,441,DEV03602,ADDR03662,Chennai,regular
CUST03888,2025-03-17,533,DEV03603,ADDR03663,Chennai,regular
CUST03889,2025-08-17,380,DEV03604,ADDR03664,Jaipur,regular
CUST03890,2025-11-13,292,DEV03605,ADDR03665,Bangalore,regular
CUST03891,2026-04-28,126,DEV03606,ADDR03666,Kolkata,regular
CUST03892,2025-09-18,348,DEV03607,ADDR03667,Kolkata,premium
CUST03893,2025-10-19,317,DEV03608,ADDR00104,Mumbai,premium
CUST03894,2025-12-22,253,DEV03609,ADDR03668,Delhi,premium
CUST03895,2026-03-06,179,DEV03610,ADDR03669,Delhi,regular
CUST03896,2026-05-15,109,DEV03611,ADDR03670,Hyderabad,regular
CUST03897,2025-03-05,545,DEV03612,ADDR03671,Chennai,premium
CUST03898,2026-04-01,153,DEV03613,ADDR03672,Delhi,regular
CUST03899,2025-10-06,330,DEV03614,ADDR03673,Kolkata,regular
CUST03900,2026-07-02,61,DEV00116,ADDR03674,Bangalore,new
CUST03901,2026-08-11,21,DEV03615,ADDR03675,Kolkata,occasional
CUST03902,2025-11-24,281,DEV03616,ADDR03676,Ahmedabad,occasional
CUST03903,2025-12-16,259,DEV03617,ADDR03677,Kolkata,regular
CUST03904,2025-11-19,286,DEV03618,ADDR03678,Chandigarh,premium
CUST03905,2026-04-14,140,DEV03619,ADDR03679,Hyderabad,premium
CUST03906,2025-07-02,426,DEV03620,ADDR03680,Indore,occasional
CUST03907,2026-05-03,121,DEV00081,ADDR00013,Lucknow,regular
CUST03908,2025-12-31,244,DEV03621,ADDR03681,Jaipur,occasional
CUST03909,2025-12-19,256,DEV03622,ADDR03682,Pune,regular
CUST03910,2025-10-26,310,DEV03623,ADDR03683,Lucknow,occasional
CUST03911,2026-05-10,114,DEV03624,ADDR03684,Lucknow,regular
CUST03912,2025-10-25,311,DEV03625,ADDR03685,Mumbai,occasional
CUST03913,2026-08-14,18,DEV03626,ADDR03686,Delhi,premium
CUST03914,2025-07-14,414,DEV03627,ADDR03687,Jaipur,occasional
CUST03915,2025-08-25,372,DEV03628,ADDR00133,Pune,premium
CUST03916,2025-06-16,442,DEV03629,ADDR03688,Chennai,occasional
CUST03917,2026-02-23,190,DEV03630,ADDR03689,Ahmedabad,regular
CUST03918,2025-09-10,356,DEV03631,ADDR03690,Chandigarh,premium
CUST03919,2026-01-13,231,DEV03632,ADDR03691,Hyderabad,regular
CUST03920,2025-03-11,539,DEV03633,ADDR03692,Mumbai,regular
CUST03921,2025-11-14,291,DEV03634,ADDR03693,Kolkata,premium
CUST03922,2026-06-13,80,DEV00014,ADDR00073,Surat,new
CUST03923,2025-05-20,469,DEV03635,ADDR03694,Pune,regular
CUST03924,2026-07-26,37,DEV03636,ADDR03695,Kolkata,regular
CUST03925,2026-05-22,102,DEV03637,ADDR03696,Kochi,regular
CUST03926,2025-03-28,522,DEV03638,ADDR03697,Lucknow,occasional
CUST03927,2025-09-03,363,DEV03639,ADDR03698,Mumbai,regular
CUST03928,2026-04-14,140,DEV03640,ADDR00134,Chennai,regular
CUST03929,2025-08-29,368,DEV03641,ADDR03699,Kolkata,premium
CUST03930,2025-12-12,263,DEV03642,ADDR03700,Kochi,occasional
CUST03931,2025-05-12,477,DEV03643,ADDR03701,Pune,regular
CUST03932,2026-01-04,240,DEV03644,ADDR03702,Ahmedabad,regular
CUST03933,2026-04-24,130,DEV03645,ADDR00162,Bangalore,regular
CUST03934,2025-10-11,325,DEV03646,ADDR03703,Kolkata,regular
CUST03935,2025-11-09,296,DEV03647,ADDR03704,Lucknow,regular
CUST03936,2026-04-14,140,DEV03648,ADDR00113,Indore,occasional
CUST03937,2025-10-26,310,DEV00107,ADDR03705,Mumbai,regular
CUST03938,2025-05-15,474,DEV03649,ADDR03706,Delhi,regular
CUST03939,2026-05-01,123,DEV03650,ADDR03707,Mumbai,premium
CUST03940,2025-12-20,255,DEV03651,ADDR03708,Mumbai,regular
CUST03941,2026-04-30,124,DEV03652,ADDR00095,Jaipur,regular
CUST03942,2025-08-26,371,DEV03653,ADDR03709,Bangalore,premium
CUST03943,2025-05-23,466,DEV03654,ADDR00166,Delhi,regular
CUST03944,2025-12-12,263,DEV03655,ADDR03710,Bangalore,new
CUST03945,2025-08-31,366,DEV03656,ADDR03711,Chennai,premium
CUST03946,2026-02-03,210,DEV03657,ADDR03712,Chennai,occasional
CUST03947,2025-06-20,438,DEV03658,ADDR03713,Delhi,regular
CUST03948,2026-04-11,143,DEV03659,ADDR03714,Pune,regular
CUST03949,2026-03-28,157,DEV03660,ADDR03715,Chennai,regular
CUST03950,2025-07-27,401,DEV03661,ADDR03716,Mumbai,premium
CUST03951,2025-04-05,514,DEV00069,ADDR00040,Bangalore,occasional
CUST03952,2025-11-17,288,DEV03662,ADDR03717,Bangalore,premium
CUST03953,2026-05-22,102,DEV03663,ADDR03718,Ahmedabad,regular
CUST03954,2026-05-14,110,DEV03664,ADDR03719,Bangalore,regular
CUST03955,2025-07-20,408,DEV03665,ADDR03720,Bangalore,regular
CUST03956,2026-06-02,91,DEV03666,ADDR00082,Chennai,premium
CUST03957,2025-06-09,449,DEV03667,ADDR03721,Chennai,regular
CUST03958,2025-03-20,530,DEV03668,ADDR03722,Delhi,premium
CUST03959,2026-02-10,203,DEV03669,ADDR03723,Mumbai,premium
CUST03960,2026-08-09,23,DEV00104,ADDR03724,Indore,regular
CUST03961,2026-05-07,117,DEV00022,ADDR03725,Bangalore,occasional
CUST03962,2025-08-19,378,DEV03670,ADDR03726,Surat,regular
CUST03963,2026-05-05,119,DEV03671,ADDR03727,Chandigarh,occasional
CUST03964,2026-07-01,62,DEV00004,ADDR03728,Ahmedabad,new
CUST03965,2025-10-12,324,DEV03672,ADDR03729,Bangalore,premium
CUST03966,2025-11-01,304,DEV03673,ADDR03730,Delhi,premium
CUST03967,2025-11-12,293,DEV03674,ADDR03731,Pune,premium
CUST03968,2026-05-17,107,DEV03675,ADDR03732,Bangalore,new
CUST03969,2025-10-13,323,DEV03676,ADDR03733,Bangalore,premium
CUST03970,2025-11-12,293,DEV03677,ADDR03734,Kochi,premium
CUST03971,2026-05-29,95,DEV03678,ADDR03735,Bangalore,occasional
CUST03972,2026-01-19,225,DEV03679,ADDR03736,Surat,regular
CUST03973,2026-02-02,211,DEV00007,ADDR03737,Mumbai,premium
CUST03974,2025-07-24,404,DEV03680,ADDR03738,Bangalore,regular
CUST03975,2026-06-15,78,DEV03681,ADDR03739,Delhi,new
CUST03976,2026-05-30,94,DEV03682,ADDR03740,Kolkata,regular
CUST03977,2025-03-08,542,DEV03683,ADDR03741,Delhi,premium
CUST03978,2025-06-10,448,DEV03684,ADDR03742,Ahmedabad,regular
CUST03979,2025-09-02,364,DEV00133,ADDR03743,Chennai,premium
CUST03980,2026-01-23,221,DEV03685,ADDR03744,Kolkata,occasional
CUST03981,2026-01-16,228,DEV03686,ADDR03745,Pune,occasional
CUST03982,2026-05-06,118,DEV03687,ADDR03746,Mumbai,regular
CUST03983,2025-07-14,414,DEV03688,ADDR03747,Ahmedabad,regular
CUST03984,2026-03-16,169,DEV03689,ADDR03748,Hyderabad,regular
CUST03985,2025-03-30,520,DEV03690,ADDR03749,Mumbai,occasional
CUST03986,2025-07-11,417,DEV03691,ADDR03750,Mumbai,new
CUST03987,2026-01-02,242,DEV03692,ADDR03751,Lucknow,occasional
CUST03988,2025-04-10,509,DEV00035,ADDR03752,Hyderabad,occasional
CUST03989,2026-05-22,102,DEV03693,ADDR03753,Mumbai,new
CUST03990,2026-05-26,98,DEV03694,ADDR03754,Chandigarh,regular
CUST03991,2025-07-30,398,DEV03695,ADDR03755,Lucknow,premium
CUST03992,2025-03-02,548,DEV03696,ADDR03756,Mumbai,premium
CUST03993,2025-11-18,287,DEV00088,ADDR03757,Bangalore,regular
CUST03994,2025-08-20,377,DEV03697,ADDR03758,Kolkata,regular
CUST03995,2025-12-09,266,DEV03698,ADDR03759,Mumbai,regular
CUST03996,2025-03-19,531,DEV03699,ADDR03760,Pune,regular
CUST03997,2025-03-13,537,DEV03700,ADDR00086,Kolkata,regular
CUST03998,2025-11-22,283,DEV03701,ADDR03761,Chandigarh,premium
CUST03999,2026-08-04,28,DEV00126,ADDR03762,Indore,new
CUST04000,2025-05-27,462,DEV03702,ADDR03763,Chennai,occasional
CUST04001,2025-11-02,303,DEV03703,ADDR03764,Bangalore,premium
CUST04002,2025-09-17,349,DEV03704,ADDR03765,Ahmedabad,regular
CUST04003,2026-02-24,189,DEV03705,ADDR03766,Pune,occasional
CUST04004,2025-08-24,373,DEV03706,ADDR03767,Bangalore,occasional
CUST04005,2025-03-22,528,DEV03707,ADDR03768,Pune,premium
CUST04006,2025-11-26,279,DEV03708,ADDR03769,Mumbai,regular
CUST04007,2026-02-24,189,DEV03709,ADDR03770,Mumbai,regular
CUST04008,2025-04-24,495,DEV03710,ADDR03771,Hyderabad,regular
CUST04009,2025-06-28,430,DEV03711,ADDR00149,Bangalore,occasional
CUST04010,2026-05-01,123,DEV03712,ADDR03772,Chennai,regular
CUST04011,2025-09-26,340,DEV03713,ADDR03773,Chennai,occasional
CUST04012,2025-05-14,475,DEV03714,ADDR03774,Delhi,occasional
CUST04013,2026-05-23,101,DEV03715,ADDR03775,Chennai,premium
CUST04014,2025-10-29,307,DEV03716,ADDR03776,Surat,regular
CUST04015,2025-03-31,519,DEV03717,ADDR03777,Surat,regular
CUST04016,2026-01-02,242,DEV03718,ADDR03778,Delhi,regular
CUST04017,2026-05-04,120,DEV03719,ADDR03779,Mumbai,premium
CUST04018,2026-05-11,113,DEV03720,ADDR03780,Kolkata,regular
CUST04019,2025-04-07,512,DEV03721,ADDR03781,Pune,occasional
CUST04020,2026-07-11,52,DEV03722,ADDR00010,Bangalore,new
CUST04021,2026-01-13,231,DEV03723,ADDR03782,Chennai,regular
CUST04022,2025-05-22,467,DEV03724,ADDR03783,Jaipur,regular
CUST04023,2026-05-30,94,DEV03725,ADDR03784,Mumbai,occasional
CUST04024,2025-12-03,272,DEV00095,ADDR03785,Bangalore,regular
CUST04025,2025-07-30,398,DEV03726,ADDR03786,Chandigarh,regular
CUST04026,2026-02-06,207,DEV03727,ADDR03787,Pune,regular
CUST04027,2026-07-06,57,DEV03728,ADDR03788,Chennai,new
CUST04028,2026-05-13,111,DEV00061,ADDR03789,Pune,regular
CUST04029,2025-05-27,462,DEV00016,ADDR03790,Hyderabad,regular
CUST04030,2025-08-13,384,DEV03729,ADDR03791,Bangalore,regular
CUST04031,2026-05-24,100,DEV00147,ADDR03792,Mumbai,occasional
CUST04032,2025-09-19,347,DEV03730,ADDR03793,Delhi,new
CUST04033,2026-04-20,134,DEV00133,ADDR00056,Hyderabad,premium
CUST04034,2026-02-01,212,DEV03731,ADDR03794,Kochi,occasional
CUST04035,2026-01-04,240,DEV03732,ADDR03795,Chennai,premium
CUST04036,2026-02-19,194,DEV03733,ADDR03796,Pune,regular
CUST04037,2025-04-16,503,DEV03734,ADDR03797,Delhi,premium
CUST04038,2025-10-21,315,DEV03735,ADDR03798,Bangalore,regular
CUST04039,2026-01-09,235,DEV03736,ADDR03799,Mumbai,premium
CUST04040,2025-03-07,543,DEV03737,ADDR03800,Hyderabad,premium
CUST04041,2025-05-05,484,DEV03738,ADDR03801,Hyderabad,premium
CUST04042,2025-08-14,383,DEV03739,ADDR03802,Bangalore,occasional
CUST04043,2025-11-18,287,DEV03740,ADDR03803,Ahmedabad,regular
CUST04044,2025-08-30,367,DEV03741,ADDR03804,Mumbai,occasional
CUST04045,2025-11-30,275,DEV03742,ADDR03805,Hyderabad,premium
CUST04046,2026-01-07,237,DEV03743,ADDR03806,Kolkata,regular
CUST04047,2026-02-10,203,DEV03744,ADDR03807,Delhi,regular
CUST04048,2026-01-10,234,DEV00123,ADDR03808,Hyderabad,regular
CUST04049,2026-01-21,223,DEV03745,ADDR03809,Jaipur,regular
CUST04050,2026-05-03,121,DEV03746,ADDR03810,Pune,regular
CUST04051,2025-03-26,524,DEV03747,ADDR03811,Bangalore,premium
CUST04052,2025-12-11,264,DEV03748,ADDR03812,Mumbai,regular
CUST04053,2025-07-16,412,DEV03749,ADDR03813,Delhi,premium
CUST04054,2025-06-04,454,DEV03750,ADDR03814,Mumbai,regular
CUST04055,2025-04-26,493,DEV03751,ADDR03815,Bangalore,new
CUST04056,2025-12-15,260,DEV03752,ADDR03816,Pune,regular
CUST04057,2026-01-04,240,DEV03753,ADDR03817,Chennai,regular
CUST04058,2025-09-06,360,DEV03754,ADDR03818,Jaipur,regular
CUST04059,2025-11-28,277,DEV03755,ADDR03819,Kolkata,occasional
CUST04060,2026-03-28,157,DEV03756,ADDR03820,Hyderabad,premium
CUST04061,2025-11-30,275,DEV03757,ADDR03821,Kolkata,occasional
CUST04062,2026-03-10,175,DEV03758,ADDR03822,Pune,new
CUST04063,2025-05-18,471,DEV03759,ADDR03823,Pune,regular
CUST04064,2025-04-27,492,DEV03760,ADDR03824,Mumbai,occasional
CUST04065,2026-03-21,164,DEV03761,ADDR03825,Chennai,occasional
CUST04066,2026-05-06,118,DEV03762,ADDR03826,Mumbai,regular
CUST04067,2025-05-29,460,DEV03763,ADDR03827,Delhi,regular
CUST04068,2025-10-23,313,DEV03764,ADDR03828,Lucknow,occasional
CUST04069,2025-07-27,401,DEV03765,ADDR00046,Pune,premium
CUST04070,2025-09-04,362,DEV00048,ADDR03829,Hyderabad,premium
CUST04071,2026-05-06,118,DEV03766,ADDR03830,Bangalore,occasional
CUST04072,2025-03-24,526,DEV03767,ADDR03831,Hyderabad,regular
CUST04073,2025-03-27,523,DEV03768,ADDR03832,Delhi,regular
CUST04074,2026-05-09,115,DEV03769,ADDR03833,Mumbai,occasional
CUST04075,2026-07-04,59,DEV03770,ADDR00021,Hyderabad,new
CUST04076,2026-05-28,96,DEV03771,ADDR03834,Bangalore,occasional
CUST04077,2025-12-01,274,DEV03772,ADDR03835,Ahmedabad,premium
CUST04078,2026-05-09,115,DEV03773,ADDR00038,Ahmedabad,regular
CUST04079,2025-10-12,324,DEV03774,ADDR03836,Jaipur,regular
CUST04080,2025-08-06,391,DEV03775,ADDR03837,Pune,regular
CUST04081,2026-03-01,184,DEV03776,ADDR03838,Ahmedabad,regular
CUST04082,2026-04-27,127,DEV00115,ADDR00079,Mumbai,premium
CUST04083,2025-03-24,526,DEV03777,ADDR03839,Hyderabad,premium
CUST04084,2026-01-01,243,DEV03778,ADDR03840,Hyderabad,new
CUST04085,2025-11-28,277,DEV03779,ADDR03841,Surat,regular
CUST04086,2025-07-19,409,DEV03780,ADDR03842,Bangalore,regular
CUST04087,2026-03-25,160,DEV03781,ADDR03843,Mumbai,occasional
CUST04088,2025-10-30,306,DEV03782,ADDR03844,Indore,occasional
CUST04089,2025-11-13,292,DEV03783,ADDR03845,Delhi,regular
CUST04090,2025-08-23,374,DEV03784,ADDR03846,Chennai,regular
CUST04091,2025-05-15,474,DEV03785,ADDR03847,Ahmedabad,regular
CUST04092,2025-11-29,276,DEV03786,ADDR03848,Kolkata,regular
CUST04093,2026-05-22,102,DEV03787,ADDR03849,Mumbai,premium
CUST04094,2025-10-03,333,DEV03788,ADDR03850,Mumbai,regular
CUST04095,2025-03-18,532,DEV03789,ADDR03851,Delhi,premium
CUST04096,2025-08-31,366,DEV03790,ADDR00023,Jaipur,occasional
CUST04097,2026-04-30,124,DEV03791,ADDR03852,Chennai,regular
CUST04098,2026-05-20,104,DEV03792,ADDR00001,Surat,occasional
CUST04099,2026-01-13,231,DEV03793,ADDR03853,Chennai,regular
CUST04100,2025-08-24,373,DEV03794,ADDR00082,Chennai,regular
CUST04101,2025-03-13,537,DEV03795,ADDR03854,Kolkata,premium
CUST04102,2026-05-05,119,DEV03796,ADDR03855,Pune,premium
CUST04103,2025-06-13,445,DEV03797,ADDR03856,Ahmedabad,premium
CUST04104,2025-04-03,516,DEV03798,ADDR03857,Chennai,regular
CUST04105,2026-05-30,94,DEV03799,ADDR03858,Hyderabad,premium
CUST04106,2025-07-11,417,DEV03800,ADDR03859,Bangalore,occasional
CUST04107,2026-01-13,231,DEV03801,ADDR03860,Pune,occasional
CUST04108,2025-10-07,329,DEV03802,ADDR03861,Bangalore,regular
CUST04109,2025-06-07,451,DEV03803,ADDR03862,Jaipur,premium
CUST04110,2025-07-10,418,DEV03804,ADDR03863,Bangalore,regular
CUST04111,2026-04-20,134,DEV03805,ADDR03864,Bangalore,occasional
CUST04112,2026-05-09,115,DEV03806,ADDR03865,Chennai,occasional
CUST04113,2025-08-21,376,DEV03807,ADDR03866,Chennai,regular
CUST04114,2026-02-08,205,DEV03808,ADDR03867,Delhi,premium
CUST04115,2025-04-01,518,DEV03809,ADDR03868,Mumbai,regular
CUST04116,2025-04-26,493,DEV03810,ADDR03869,Surat,regular
CUST04117,2025-10-03,333,DEV03811,ADDR00059,Chandigarh,premium
CUST04118,2026-06-01,92,DEV03812,ADDR03870,Bangalore,regular
CUST04119,2026-02-23,190,DEV03813,ADDR03871,Ahmedabad,regular
CUST04120,2025-08-04,393,DEV03814,ADDR03872,Delhi,regular
CUST04121,2025-11-25,280,DEV03815,ADDR03873,Pune,premium
CUST04122,2025-03-05,545,DEV03816,ADDR03874,Chennai,occasional
CUST04123,2025-08-19,378,DEV03817,ADDR03875,Indore,occasional
CUST04124,2025-11-12,293,DEV03818,ADDR03876,Chennai,regular
CUST04125,2026-02-28,185,DEV03819,ADDR03877,Bangalore,regular
CUST04126,2025-10-27,309,DEV03820,ADDR03878,Pune,occasional
CUST04127,2026-05-16,108,DEV03821,ADDR03879,Mumbai,regular
CUST04128,2026-05-05,119,DEV03822,ADDR00166,Delhi,regular
CUST04129,2026-02-03,210,DEV03823,ADDR03880,Hyderabad,occasional
CUST04130,2026-02-17,196,DEV03824,ADDR03881,Chennai,regular
CUST04131,2025-06-12,446,DEV03825,ADDR03882,Chennai,regular
CUST04132,2025-10-04,332,DEV03826,ADDR03883,Pune,regular
CUST04133,2025-04-20,499,DEV03827,ADDR03884,Indore,occasional
CUST04134,2025-09-28,338,DEV03828,ADDR03885,Mumbai,premium
CUST04135,2025-12-20,255,DEV03829,ADDR03886,Surat,regular
CUST04136,2026-02-04,209,DEV03830,ADDR03887,Surat,occasional
CUST04137,2025-06-24,434,DEV03831,ADDR03888,Mumbai,regular
CUST04138,2026-04-24,130,DEV03832,ADDR00096,Hyderabad,regular
CUST04139,2026-05-13,111,DEV03833,ADDR03889,Bangalore,regular
CUST04140,2026-01-20,224,DEV03834,ADDR03890,Kochi,new
CUST04141,2025-08-10,387,DEV03835,ADDR03891,Indore,regular
CUST04142,2025-11-28,277,DEV03836,ADDR03892,Kolkata,regular
CUST04143,2025-06-30,428,DEV03837,ADDR03893,Bangalore,regular
CUST04144,2025-08-25,372,DEV03838,ADDR03894,Hyderabad,regular
CUST04145,2025-06-13,445,DEV03839,ADDR03895,Bangalore,regular
CUST04146,2026-02-02,211,DEV03840,ADDR03896,Mumbai,regular
CUST04147,2025-08-16,381,DEV03841,ADDR03897,Mumbai,regular
CUST04148,2025-07-15,413,DEV03842,ADDR03898,Delhi,regular
CUST04149,2026-08-04,28,DEV00127,ADDR00133,Pune,new
CUST04150,2025-10-31,305,DEV03843,ADDR03899,Bangalore,occasional
CUST04151,2026-05-17,107,DEV03844,ADDR03900,Ahmedabad,occasional
CUST04152,2025-09-06,360,DEV03845,ADDR03901,Lucknow,regular
CUST04153,2025-03-23,527,DEV03846,ADDR03902,Hyderabad,regular
CUST04154,2026-01-13,231,DEV03847,ADDR03903,Kolkata,regular
CUST04155,2026-02-09,204,DEV00030,ADDR03904,Kochi,regular
CUST04156,2025-04-20,499,DEV03848,ADDR03905,Chennai,occasional
CUST04157,2026-04-30,124,DEV03849,ADDR03906,Pune,premium
CUST04158,2025-03-25,525,DEV03850,ADDR03907,Pune,new
CUST04159,2026-04-05,149,DEV03851,ADDR03908,Delhi,regular
CUST04160,2026-04-28,126,DEV03852,ADDR03909,Pune,regular
CUST04161,2025-12-29,246,DEV03853,ADDR03910,Chennai,regular
CUST04162,2025-12-30,245,DEV03854,ADDR03911,Lucknow,regular
CUST04163,2025-04-14,505,DEV03855,ADDR03912,Mumbai,regular
CUST04164,2026-03-03,182,DEV03856,ADDR03913,Jaipur,regular
CUST04165,2025-06-16,442,DEV03857,ADDR03914,Kolkata,occasional
CUST04166,2026-05-16,108,DEV03858,ADDR03915,Jaipur,new
CUST04167,2026-04-03,151,DEV03859,ADDR03916,Pune,regular
CUST04168,2026-03-03,182,DEV03860,ADDR03917,Chandigarh,regular
CUST04169,2026-04-27,127,DEV03861,ADDR03918,Jaipur,regular
CUST04170,2026-03-05,180,DEV00055,ADDR03919,Kolkata,regular
CUST04171,2025-03-11,539,DEV03862,ADDR03920,Lucknow,occasional
CUST04172,2025-12-02,273,DEV03863,ADDR03921,Delhi,regular
CUST04173,2026-04-22,132,DEV03864,ADDR00158,Mumbai,new
CUST04174,2026-04-07,147,DEV03865,ADDR03922,Delhi,regular
CUST04175,2025-12-05,270,DEV03866,ADDR03923,Pune,occasional
CUST04176,2025-10-24,312,DEV03867,ADDR03924,Chandigarh,premium
CUST04177,2025-10-05,331,DEV00123,ADDR03925,Delhi,occasional
CUST04178,2026-05-11,113,DEV03868,ADDR03926,Delhi,regular
CUST04179,2025-06-26,432,DEV03869,ADDR03927,Mumbai,premium
CUST04180,2026-01-09,235,DEV03870,ADDR03928,Delhi,premium
CUST04181,2026-05-01,123,DEV03871,ADDR03929,Ahmedabad,regular
CUST04182,2026-05-02,122,DEV03872,ADDR03930,Chennai,regular
CUST04183,2025-12-04,271,DEV03873,ADDR03931,Hyderabad,regular
CUST04184,2025-08-01,396,DEV00065,ADDR03932,Chandigarh,premium
CUST04185,2025-08-22,375,DEV03874,ADDR03933,Mumbai,regular
CUST04186,2025-04-03,516,DEV03875,ADDR03934,Mumbai,regular
CUST04187,2025-12-15,260,DEV03876,ADDR03935,Bangalore,regular
CUST04188,2025-05-26,463,DEV03877,ADDR03936,Jaipur,regular
CUST04189,2025-12-26,249,DEV03878,ADDR03937,Pune,regular
CUST04190,2025-05-28,461,DEV03879,ADDR03938,Pune,occasional
CUST04191,2025-06-27,431,DEV03880,ADDR03939,Chennai,premium
CUST04192,2026-05-19,105,DEV03881,ADDR00033,Bangalore,regular
CUST04193,2026-03-12,173,DEV03882,ADDR03940,Chennai,occasional
CUST04194,2026-01-08,236,DEV03883,ADDR03941,Jaipur,new
CUST04195,2026-05-29,95,DEV03884,ADDR03942,Bangalore,regular
CUST04196,2025-06-23,435,DEV03885,ADDR03943,Chennai,regular
CUST04197,2026-04-10,144,DEV03886,ADDR00036,Hyderabad,regular
CUST04198,2025-10-09,327,DEV00147,ADDR03944,Delhi,premium
CUST04199,2025-12-13,262,DEV03887,ADDR03945,Pune,new
CUST04200,2025-09-11,355,DEV03888,ADDR03946,Bangalore,premium
CUST04201,2026-03-18,167,DEV03889,ADDR03947,Bangalore,regular
CUST04202,2026-04-05,149,DEV03890,ADDR03948,Lucknow,occasional
CUST04203,2025-04-07,512,DEV03891,ADDR03949,Delhi,regular
CUST04204,2025-10-02,334,DEV00066,ADDR03950,Delhi,regular
CUST04205,2025-10-11,325,DEV03892,ADDR03951,Mumbai,regular
CUST04206,2025-03-25,525,DEV03893,ADDR03952,Chennai,regular
CUST04207,2026-05-02,122,DEV03894,ADDR03953,Jaipur,regular
CUST04208,2025-07-03,425,DEV03895,ADDR03954,Chandigarh,premium
CUST04209,2026-04-13,141,DEV03896,ADDR03955,Delhi,regular
CUST04210,2026-05-28,96,DEV03897,ADDR03956,Kochi,occasional
CUST04211,2026-06-08,85,DEV03898,ADDR03957,Mumbai,regular
CUST04212,2025-06-11,447,DEV03899,ADDR03958,Pune,occasional
CUST04213,2025-11-19,286,DEV03900,ADDR03959,Delhi,regular
CUST04214,2026-02-12,201,DEV03901,ADDR03960,Lucknow,occasional
CUST04215,2025-10-15,321,DEV03902,ADDR03961,Ahmedabad,regular
CUST04216,2025-10-02,334,DEV03903,ADDR03962,Kolkata,regular
CUST04217,2026-03-09,176,DEV03904,ADDR03963,Kolkata,new
CUST04218,2026-03-09,176,DEV03905,ADDR03964,Chennai,regular
CUST04219,2026-01-06,238,DEV03906,ADDR03965,Hyderabad,premium
CUST04220,2026-06-21,72,DEV03907,ADDR03966,Kolkata,occasional
CUST04221,2026-04-30,124,DEV03908,ADDR03967,Pune,regular
CUST04222,2025-03-13,537,DEV03909,ADDR03968,Bangalore,regular
CUST04223,2025-06-10,448,DEV03910,ADDR03969,Ahmedabad,regular
CUST04224,2025-05-16,473,DEV03911,ADDR03970,Kochi,regular
CUST04225,2025-09-21,345,DEV03912,ADDR03971,Kolkata,premium
CUST04226,2025-09-05,361,DEV03913,ADDR03972,Pune,occasional
CUST04227,2026-04-28,126,DEV03914,ADDR03973,Mumbai,regular
CUST04228,2025-10-04,332,DEV03915,ADDR03974,Delhi,premium
CUST04229,2025-04-12,507,DEV03916,ADDR03975,Chennai,regular
CUST04230,2026-01-05,239,DEV03917,ADDR00122,Chennai,new
CUST04231,2025-10-09,327,DEV03918,ADDR03976,Lucknow,occasional
CUST04232,2026-04-06,148,DEV03919,ADDR03977,Chennai,regular
CUST04233,2025-06-07,451,DEV03920,ADDR03978,Mumbai,regular
CUST04234,2025-06-17,441,DEV03921,ADDR03979,Jaipur,premium
CUST04235,2025-06-29,429,DEV03922,ADDR03980,Delhi,occasional
CUST04236,2025-07-22,406,DEV03923,ADDR03981,Mumbai,occasional
CUST04237,2025-07-08,420,DEV03924,ADDR03982,Kolkata,premium
CUST04238,2026-07-14,49,DEV03925,ADDR03983,Bangalore,new
CUST04239,2026-05-05,119,DEV03926,ADDR03984,Hyderabad,regular
CUST04240,2026-01-04,240,DEV03927,ADDR03985,Pune,premium
CUST04241,2025-07-02,426,DEV03928,ADDR03986,Indore,regular
CUST04242,2026-02-04,209,DEV00151,ADDR00146,Kolkata,regular
CUST04243,2026-04-24,130,DEV03929,ADDR03987,Hyderabad,occasional
CUST04244,2026-03-24,161,DEV03930,ADDR03988,Hyderabad,regular
CUST04245,2025-03-11,539,DEV00084,ADDR00077,Kolkata,occasional
CUST04246,2025-12-03,272,DEV03931,ADDR03989,Jaipur,premium
CUST04247,2025-08-13,384,DEV03932,ADDR00131,Mumbai,regular
CUST04248,2026-03-23,162,DEV03933,ADDR03990,Pune,occasional
CUST04249,2025-07-16,412,DEV03934,ADDR03991,Kochi,regular
CUST04250,2026-02-01,212,DEV03935,ADDR03992,Chandigarh,regular
CUST04251,2026-08-07,25,DEV00070,ADDR00012,Kolkata,premium
CUST04252,2026-01-03,241,DEV03936,ADDR03993,Bangalore,premium
CUST04253,2025-09-29,337,DEV03937,ADDR03994,Delhi,premium
CUST04254,2026-02-05,208,DEV03938,ADDR03995,Bangalore,regular
CUST04255,2026-04-22,132,DEV03939,ADDR03996,Mumbai,new
CUST04256,2025-11-16,289,DEV00054,ADDR03997,Bangalore,regular
CUST04257,2025-10-22,314,DEV03940,ADDR03998,Chennai,occasional
CUST04258,2026-02-28,185,DEV03941,ADDR03999,Delhi,regular
CUST04259,2026-03-30,155,DEV03942,ADDR00049,Mumbai,premium
CUST04260,2026-01-31,213,DEV03943,ADDR04000,Ahmedabad,regular
CUST04261,2025-11-24,281,DEV03944,ADDR04001,Hyderabad,regular
CUST04262,2026-01-15,229,DEV03945,ADDR04002,Jaipur,regular
CUST04263,2026-04-19,135,DEV03946,ADDR04003,Lucknow,occasional
CUST04264,2026-05-01,123,DEV03947,ADDR04004,Hyderabad,premium
CUST04265,2026-03-30,155,DEV03948,ADDR04005,Hyderabad,occasional
CUST04266,2025-06-25,433,DEV03949,ADDR04006,Delhi,new
CUST04267,2026-04-24,130,DEV03950,ADDR04007,Mumbai,premium
CUST04268,2026-05-01,123,DEV03951,ADDR04008,Delhi,premium
CUST04269,2025-08-27,370,DEV03952,ADDR04009,Kolkata,occasional
CUST04270,2025-03-01,549,DEV03953,ADDR04010,Chennai,premium
CUST04271,2025-07-21,407,DEV03954,ADDR04011,Ahmedabad,new
CUST04272,2025-12-12,263,DEV03955,ADDR04012,Hyderabad,regular
CUST04273,2025-06-29,429,DEV03956,ADDR04013,Kolkata,premium
CUST04274,2025-10-01,335,DEV00021,ADDR04014,Mumbai,regular
CUST04275,2025-10-30,306,DEV03957,ADDR04015,Hyderabad,premium
CUST04276,2025-09-29,337,DEV03958,ADDR04016,Bangalore,regular
CUST04277,2025-08-11,386,DEV03959,ADDR04017,Bangalore,occasional
CUST04278,2025-05-02,487,DEV03960,ADDR04018,Ahmedabad,premium
CUST04279,2025-08-26,371,DEV03961,ADDR04019,Delhi,occasional
CUST04280,2025-09-13,353,DEV03962,ADDR04020,Bangalore,occasional
CUST04281,2026-01-05,239,DEV03963,ADDR04021,Delhi,regular
CUST04282,2026-08-08,24,DEV03964,ADDR04022,Chandigarh,new
CUST04283,2026-05-14,110,DEV03965,ADDR04023,Chennai,regular
CUST04284,2026-04-28,126,DEV00103,ADDR04024,Delhi,regular
CUST04285,2026-05-23,101,DEV03966,ADDR04025,Indore,regular
CUST04286,2025-08-23,374,DEV03967,ADDR04026,Ahmedabad,occasional
CUST04287,2026-06-20,73,DEV00115,ADDR04027,Bangalore,regular
CUST04288,2025-05-29,460,DEV00083,ADDR04028,Delhi,regular
CUST04289,2025-06-19,439,DEV03968,ADDR04029,Chandigarh,regular
CUST04290,2025-07-06,422,DEV03969,ADDR04030,Lucknow,regular
CUST04291,2025-08-20,377,DEV03970,ADDR04031,Indore,premium
CUST04292,2025-03-21,529,DEV03971,ADDR04032,Bangalore,premium
CUST04293,2025-06-17,441,DEV03972,ADDR04033,Delhi,regular
CUST04294,2026-02-23,190,DEV03973,ADDR04034,Ahmedabad,regular
CUST04295,2025-12-05,270,DEV00051,ADDR04035,Delhi,regular
CUST04296,2026-07-01,62,DEV00002,ADDR00052,Delhi,premium
CUST04297,2026-05-15,109,DEV03974,ADDR04036,Delhi,premium
CUST04298,2025-10-22,314,DEV03975,ADDR04037,Delhi,occasional
CUST04299,2025-05-08,481,DEV03976,ADDR04038,Delhi,occasional
CUST04300,2025-11-03,302,DEV00119,ADDR04039,Bangalore,regular
CUST04301,2025-09-16,350,DEV03977,ADDR04040,Delhi,premium
CUST04302,2026-06-26,67,DEV03978,ADDR04041,Bangalore,new
CUST04303,2025-08-25,372,DEV03979,ADDR00132,Delhi,regular
CUST04304,2025-11-13,292,DEV03980,ADDR04042,Bangalore,regular
CUST04305,2026-01-30,214,DEV03981,ADDR04043,Delhi,regular
CUST04306,2025-05-10,479,DEV03982,ADDR04044,Hyderabad,regular
CUST04307,2026-02-16,197,DEV03983,ADDR04045,Bangalore,occasional
CUST04308,2025-03-10,540,DEV03984,ADDR04046,Delhi,premium
CUST04309,2026-07-16,47,DEV03985,ADDR04047,Kochi,new
CUST04310,2025-10-21,315,DEV03986,ADDR04048,Delhi,regular
CUST04311,2025-05-08,481,DEV03987,ADDR04049,Kochi,occasional
CUST04312,2025-12-30,245,DEV03988,ADDR04050,Lucknow,regular
CUST04313,2026-04-30,124,DEV03989,ADDR04051,Bangalore,regular
CUST04314,2025-09-01,365,DEV03990,ADDR04052,Hyderabad,regular
CUST04315,2025-06-24,434,DEV03991,ADDR04053,Delhi,regular
CUST04316,2025-03-14,536,DEV03992,ADDR04054,Mumbai,regular
CUST04317,2025-06-01,457,DEV03993,ADDR04055,Bangalore,premium
CUST04318,2026-05-24,100,DEV03994,ADDR00069,Chennai,occasional
CUST04319,2025-03-30,520,DEV03995,ADDR04056,Mumbai,premium
CUST04320,2026-04-25,129,DEV00128,ADDR04057,Bangalore,occasional
CUST04321,2026-03-07,178,DEV03996,ADDR04058,Ahmedabad,occasional
CUST04322,2025-08-16,381,DEV03997,ADDR04059,Mumbai,premium
CUST04323,2025-03-11,539,DEV03998,ADDR04060,Mumbai,premium
CUST04324,2025-11-27,278,DEV03999,ADDR00007,Surat,occasional
CUST04325,2025-08-05,392,DEV04000,ADDR04061,Mumbai,regular
CUST04326,2026-07-28,35,DEV00124,ADDR04062,Kochi,new
CUST04327,2025-08-24,373,DEV04001,ADDR04063,Pune,regular
CUST04328,2025-12-23,252,DEV04002,ADDR04064,Mumbai,regular
CUST04329,2026-01-27,217,DEV04003,ADDR04065,Mumbai,regular
CUST04330,2026-07-29,34,DEV00096,ADDR04066,Mumbai,new
CUST04331,2026-02-22,191,DEV04004,ADDR04067,Surat,regular
CUST04332,2026-06-16,77,DEV00144,ADDR04068,Jaipur,new
CUST04333,2025-11-19,286,DEV04005,ADDR04069,Kolkata,premium
CUST04334,2025-10-31,305,DEV04006,ADDR04070,Pune,regular
CUST04335,2025-11-05,300,DEV04007,ADDR04071,Pune,regular
CUST04336,2025-12-02,273,DEV04008,ADDR04072,Lucknow,regular
CUST04337,2026-01-08,236,DEV04009,ADDR04073,Kolkata,occasional
CUST04338,2025-04-25,494,DEV04010,ADDR04074,Bangalore,regular
CUST04339,2025-10-27,309,DEV04011,ADDR04075,Ahmedabad,premium
CUST04340,2025-08-11,386,DEV04012,ADDR04076,Surat,regular
CUST04341,2025-07-11,417,DEV04013,ADDR00063,Hyderabad,premium
CUST04342,2025-07-13,415,DEV04014,ADDR04077,Mumbai,premium
CUST04343,2025-04-21,498,DEV04015,ADDR04078,Bangalore,new
CUST04344,2026-03-17,168,DEV04016,ADDR04079,Pune,regular
CUST04345,2025-10-30,306,DEV04017,ADDR04080,Mumbai,regular
CUST04346,2025-03-14,536,DEV04018,ADDR04081,Delhi,regular
CUST04347,2025-08-12,385,DEV04019,ADDR04082,Hyderabad,regular
CUST04348,2026-03-31,154,DEV04020,ADDR04083,Bangalore,new
CUST04349,2025-07-17,411,DEV00142,ADDR04084,Surat,premium
CUST04350,2025-08-30,367,DEV04021,ADDR04085,Hyderabad,regular
CUST04351,2026-08-03,29,DEV04022,ADDR00045,Pune,new
CUST04352,2026-02-11,202,DEV04023,ADDR04086,Kolkata,new
CUST04353,2026-06-20,73,DEV04024,ADDR00032,Jaipur,new
CUST04354,2026-03-23,162,DEV04025,ADDR04087,Ahmedabad,premium
CUST04355,2025-10-05,331,DEV04026,ADDR04088,Hyderabad,occasional
CUST04356,2026-05-14,110,DEV04027,ADDR04089,Kolkata,regular
CUST04357,2026-03-16,169,DEV04028,ADDR04090,Bangalore,premium
CUST04358,2025-11-07,298,DEV04029,ADDR04091,Kolkata,regular
CUST04359,2025-09-26,340,DEV04030,ADDR04092,Bangalore,regular
CUST04360,2025-03-19,531,DEV04031,ADDR04093,Jaipur,premium
CUST04361,2025-08-09,388,DEV04032,ADDR04094,Delhi,regular
CUST04362,2025-04-06,513,DEV00020,ADDR04095,Delhi,premium
CUST04363,2026-06-21,72,DEV04033,ADDR00153,Chennai,new
CUST04364,2026-06-07,86,DEV04034,ADDR04096,Delhi,new
CUST04365,2025-08-16,381,DEV04035,ADDR04097,Delhi,premium
CUST04366,2026-01-09,235,DEV04036,ADDR00123,Kolkata,occasional
CUST04367,2025-09-03,363,DEV04037,ADDR04098,Jaipur,regular
CUST04368,2026-03-20,165,DEV04038,ADDR04099,Kolkata,regular
CUST04369,2025-03-04,546,DEV04039,ADDR04100,Ahmedabad,regular
CUST04370,2026-05-07,117,DEV04040,ADDR04101,Ahmedabad,occasional
CUST04371,2026-01-01,243,DEV04041,ADDR04102,Delhi,regular
CUST04372,2025-12-25,250,DEV04042,ADDR00128,Chennai,regular
CUST04373,2025-08-16,381,DEV04043,ADDR04103,Mumbai,occasional
CUST04374,2026-05-14,110,DEV04044,ADDR04104,Jaipur,new
CUST04375,2025-10-27,309,DEV04045,ADDR04105,Delhi,premium
CUST04376,2026-02-27,186,DEV04046,ADDR04106,Delhi,new
CUST04377,2025-12-15,260,DEV04047,ADDR04107,Kolkata,occasional
CUST04378,2025-08-12,385,DEV04048,ADDR04108,Hyderabad,regular
CUST04379,2025-07-19,409,DEV04049,ADDR04109,Delhi,regular
CUST04380,2026-02-01,212,DEV04050,ADDR04110,Indore,regular
CUST04381,2025-08-08,389,DEV04051,ADDR04111,Pune,regular
CUST04382,2025-05-31,458,DEV04052,ADDR04112,Mumbai,occasional
CUST04383,2025-04-09,510,DEV00094,ADDR00092,Bangalore,regular
CUST04384,2026-04-02,152,DEV04053,ADDR04113,Hyderabad,regular
CUST04385,2026-02-23,190,DEV04054,ADDR00002,Mumbai,regular
CUST04386,2026-05-07,117,DEV04055,ADDR00094,Jaipur,regular
CUST04387,2025-07-03,425,DEV04056,ADDR04114,Mumbai,occasional
CUST04388,2026-02-03,210,DEV00153,ADDR04115,Bangalore,regular
CUST04389,2025-10-01,335,DEV04057,ADDR04116,Delhi,occasional
CUST04390,2026-02-07,206,DEV04058,ADDR04117,Mumbai,regular
CUST04391,2025-09-22,344,DEV04059,ADDR04118,Chandigarh,regular
CUST04392,2026-03-08,177,DEV04060,ADDR04119,Mumbai,occasional
CUST04393,2026-01-17,227,DEV04061,ADDR00153,Chennai,regular
CUST04394,2026-03-18,167,DEV04062,ADDR04120,Pune,regular
CUST04395,2025-11-18,287,DEV04063,ADDR04121,Hyderabad,premium
CUST04396,2026-04-13,141,DEV00026,ADDR00152,Surat,regular
CUST04397,2025-09-17,349,DEV04064,ADDR00100,Delhi,regular
CUST04398,2025-10-23,313,DEV00105,ADDR00147,Delhi,premium
CUST04399,2025-10-01,335,DEV04065,ADDR04122,Bangalore,occasional
CUST04400,2025-05-29,460,DEV04066,ADDR04123,Bangalore,regular
CUST04401,2025-04-25,494,DEV04067,ADDR04124,Delhi,premium
CUST04402,2025-04-09,510,DEV04068,ADDR04125,Pune,premium
CUST04403,2026-05-15,109,DEV04069,ADDR04126,Bangalore,regular
CUST04404,2025-10-03,333,DEV04070,ADDR04127,Delhi,regular
CUST04405,2026-05-12,112,DEV04071,ADDR00021,Hyderabad,regular
CUST04406,2025-12-17,258,DEV04072,ADDR04128,Chennai,new
CUST04407,2025-08-22,375,DEV04073,ADDR04129,Mumbai,regular
CUST04408,2026-06-06,87,DEV00037,ADDR04130,Kochi,new
CUST04409,2026-02-01,212,DEV04074,ADDR04131,Kolkata,occasional
CUST04410,2025-05-15,474,DEV04075,ADDR04132,Pune,premium
CUST04411,2025-04-02,517,DEV04076,ADDR04133,Indore,occasional
CUST04412,2025-03-26,524,DEV04077,ADDR04134,Delhi,regular
CUST04413,2025-11-24,281,DEV04078,ADDR04135,Ahmedabad,premium
CUST04414,2025-04-02,517,DEV04079,ADDR04136,Delhi,regular
CUST04415,2026-05-24,100,DEV00068,ADDR00109,Bangalore,occasional
CUST04416,2025-03-05,545,DEV04080,ADDR00012,Kolkata,regular
CUST04417,2025-07-03,425,DEV04081,ADDR04137,Pune,regular
CUST04418,2025-12-31,244,DEV04082,ADDR04138,Bangalore,regular
CUST04419,2025-08-30,367,DEV04083,ADDR04139,Bangalore,occasional
CUST04420,2025-12-01,274,DEV04084,ADDR00130,Surat,regular
CUST04421,2025-07-03,425,DEV04085,ADDR04140,Delhi,regular
CUST04422,2026-06-06,87,DEV00023,ADDR04141,Lucknow,premium
CUST04423,2025-10-04,332,DEV04086,ADDR04142,Bangalore,occasional
CUST04424,2025-07-12,416,DEV04087,ADDR04143,Jaipur,regular
CUST04425,2025-12-05,270,DEV04088,ADDR04144,Delhi,occasional
CUST04426,2026-06-13,80,DEV04089,ADDR00086,Kolkata,new
CUST04427,2026-04-26,128,DEV04090,ADDR04145,Chennai,occasional
CUST04428,2025-06-28,430,DEV04091,ADDR00084,Surat,premium
CUST04429,2026-06-06,87,DEV04092,ADDR00097,Delhi,regular
CUST04430,2026-04-08,146,DEV04093,ADDR04146,Mumbai,regular
CUST04431,2026-03-22,163,DEV04094,ADDR04147,Kolkata,new
CUST04432,2025-08-12,385,DEV04095,ADDR04148,Hyderabad,premium
CUST04433,2026-05-16,108,DEV00130,ADDR04149,Delhi,premium
CUST04434,2026-05-27,97,DEV04096,ADDR00059,Chandigarh,premium
CUST04435,2025-06-05,453,DEV00008,ADDR04150,Bangalore,regular
CUST04436,2025-12-03,272,DEV04097,ADDR04151,Bangalore,regular
CUST04437,2025-03-17,533,DEV04098,ADDR04152,Mumbai,premium
CUST04438,2025-10-02,334,DEV04099,ADDR04153,Lucknow,regular
CUST04439,2026-05-27,97,DEV04100,ADDR04154,Kolkata,premium
CUST04440,2025-12-11,264,DEV04101,ADDR04155,Kolkata,occasional
CUST04441,2026-04-23,131,DEV04102,ADDR04156,Delhi,regular
CUST04442,2026-05-28,96,DEV04103,ADDR04157,Chennai,regular
CUST04443,2026-01-01,243,DEV04104,ADDR04158,Jaipur,premium
CUST04444,2026-03-14,171,DEV04105,ADDR04159,Mumbai,occasional
CUST04445,2025-10-22,314,DEV04106,ADDR04160,Bangalore,regular
CUST04446,2025-05-17,472,DEV00021,ADDR04161,Pune,regular
CUST04447,2025-12-01,274,DEV04107,ADDR04162,Indore,regular
CUST04448,2026-05-04,120,DEV00005,ADDR00041,Mumbai,regular
CUST04449,2026-05-20,104,DEV04108,ADDR04163,Delhi,regular
CUST04450,2026-05-30,94,DEV04109,ADDR04164,Jaipur,occasional
CUST04451,2025-06-22,436,DEV00135,ADDR04165,Kochi,premium
CUST04452,2026-03-11,174,DEV04110,ADDR04166,Pune,regular
CUST04453,2026-02-17,196,DEV04111,ADDR04167,Mumbai,regular
CUST04454,2026-07-04,59,DEV04112,ADDR04168,Hyderabad,occasional
CUST04455,2026-04-13,141,DEV04113,ADDR04169,Pune,regular
CUST04456,2026-03-04,181,DEV04114,ADDR04170,Ahmedabad,regular
CUST04457,2026-01-24,220,DEV00020,ADDR04171,Delhi,regular
CUST04458,2026-05-21,103,DEV04115,ADDR04172,Mumbai,premium
CUST04459,2025-12-29,246,DEV04116,ADDR04173,Delhi,occasional
CUST04460,2026-01-04,240,DEV04117,ADDR04174,Pune,premium
CUST04461,2025-09-09,357,DEV04118,ADDR00053,Kolkata,regular
CUST04462,2025-12-16,259,DEV04119,ADDR04175,Kolkata,occasional
CUST04463,2026-01-31,213,DEV04120,ADDR04176,Lucknow,premium
CUST04464,2025-08-30,367,DEV00099,ADDR00087,Pune,premium
CUST04465,2025-11-15,290,DEV00084,ADDR04177,Surat,regular
CUST04466,2025-08-27,370,DEV04121,ADDR04178,Delhi,regular
CUST04467,2025-04-21,498,DEV04122,ADDR04179,Mumbai,occasional
CUST04468,2026-06-11,82,DEV00053,ADDR04180,Indore,new
CUST04469,2026-02-09,204,DEV04123,ADDR04181,Chennai,regular
CUST04470,2025-07-03,425,DEV04124,ADDR04182,Hyderabad,occasional
CUST04471,2025-04-23,496,DEV04125,ADDR04183,Kolkata,occasional
CUST04472,2026-03-19,166,DEV04126,ADDR04184,Jaipur,regular
CUST04473,2025-12-15,260,DEV04127,ADDR04185,Kolkata,regular
CUST04474,2025-08-09,388,DEV04128,ADDR04186,Kolkata,regular
CUST04475,2025-11-29,276,DEV04129,ADDR04187,Chennai,regular
CUST04476,2025-12-30,245,DEV04130,ADDR04188,Surat,new
CUST04477,2025-05-28,461,DEV04131,ADDR00107,Bangalore,premium
CUST04478,2026-03-30,155,DEV04132,ADDR04189,Pune,regular
CUST04479,2025-03-17,533,DEV04133,ADDR00122,Chennai,premium
CUST04480,2026-05-02,122,DEV00114,ADDR04190,Mumbai,premium
CUST04481,2025-03-04,546,DEV04134,ADDR04191,Chandigarh,regular
CUST04482,2025-03-21,529,DEV04135,ADDR04192,Chennai,premium
CUST04483,2026-06-28,65,DEV04136,ADDR04193,Mumbai,new
CUST04484,2025-06-06,452,DEV04137,ADDR04194,Mumbai,regular
CUST04485,2025-04-17,502,DEV04138,ADDR04195,Jaipur,regular
CUST04486,2025-03-11,539,DEV04139,ADDR04196,Mumbai,regular
CUST04487,2025-11-25,280,DEV04140,ADDR04197,Ahmedabad,regular
CUST04488,2025-09-02,364,DEV00124,ADDR04198,Surat,regular
CUST04489,2025-05-20,469,DEV04141,ADDR04199,Kolkata,regular
CUST04490,2026-03-14,171,DEV04142,ADDR04200,Bangalore,regular
CUST04491,2025-04-13,506,DEV04143,ADDR04201,Ahmedabad,regular
CUST04492,2026-07-30,33,DEV04144,ADDR04202,Bangalore,new
CUST04493,2025-12-30,245,DEV04145,ADDR04203,Bangalore,regular
CUST04494,2026-02-04,209,DEV04146,ADDR04204,Bangalore,regular
CUST04495,2025-04-07,512,DEV04147,ADDR04205,Hyderabad,regular
CUST04496,2026-06-13,80,DEV04148,ADDR00072,Chennai,regular
CUST04497,2026-03-16,169,DEV04149,ADDR04206,Kochi,regular
CUST04498,2025-10-10,326,DEV04150,ADDR04207,Chandigarh,regular
CUST04499,2025-12-15,260,DEV04151,ADDR04208,Chennai,regular
CUST04500,2026-05-14,110,DEV04152,ADDR04209,Mumbai,regular
CUST04501,2025-06-09,449,DEV04153,ADDR04210,Kolkata,occasional
CUST04502,2026-02-08,205,DEV04154,ADDR04211,Kochi,occasional
CUST04503,2026-02-19,194,DEV04155,ADDR04212,Ahmedabad,premium
CUST04504,2025-03-21,529,DEV00027,ADDR04213,Lucknow,premium
CUST04505,2025-11-07,298,DEV04156,ADDR04214,Pune,regular
CUST04506,2025-03-14,536,DEV04157,ADDR04215,Kochi,premium
CUST04507,2025-03-20,530,DEV04158,ADDR04216,Jaipur,regular
CUST04508,2025-09-18,348,DEV04159,ADDR04217,Lucknow,occasional
CUST04509,2025-04-21,498,DEV04160,ADDR04218,Delhi,regular
CUST04510,2025-09-23,343,DEV04161,ADDR04219,Delhi,premium
CUST04511,2026-02-11,202,DEV04162,ADDR04220,Hyderabad,regular
CUST04512,2026-04-10,144,DEV00030,ADDR04221,Ahmedabad,occasional
CUST04513,2025-05-07,482,DEV04163,ADDR04222,Hyderabad,premium
CUST04514,2025-12-19,256,DEV04164,ADDR04223,Bangalore,regular
CUST04515,2025-06-22,436,DEV04165,ADDR04224,Lucknow,regular
CUST04516,2025-08-05,392,DEV04166,ADDR04225,Mumbai,regular
CUST04517,2025-05-25,464,DEV04167,ADDR04226,Kolkata,regular
CUST04518,2026-03-23,162,DEV04168,ADDR04227,Chennai,occasional
CUST04519,2025-12-19,256,DEV04169,ADDR04228,Bangalore,occasional
CUST04520,2025-03-02,548,DEV04170,ADDR04229,Bangalore,regular
CUST04521,2025-05-08,481,DEV04171,ADDR04230,Chennai,regular
CUST04522,2026-04-17,137,DEV04172,ADDR04231,Bangalore,regular
CUST04523,2025-11-09,296,DEV00001,ADDR04232,Kochi,occasional
CUST04524,2026-04-08,146,DEV04173,ADDR04233,Mumbai,premium
CUST04525,2026-04-20,134,DEV04174,ADDR04234,Jaipur,regular
CUST04526,2025-10-12,324,DEV04175,ADDR04235,Chennai,occasional
CUST04527,2025-06-26,432,DEV04176,ADDR04236,Jaipur,regular
CUST04528,2026-03-10,175,DEV04177,ADDR04237,Chandigarh,premium
CUST04529,2026-02-02,211,DEV04178,ADDR04238,Mumbai,regular
CUST04530,2025-08-26,371,DEV04179,ADDR04239,Jaipur,regular
CUST04531,2025-05-24,465,DEV04180,ADDR04240,Kochi,premium
CUST04532,2026-07-23,40,DEV04181,ADDR04241,Lucknow,occasional
CUST04533,2025-10-08,328,DEV04182,ADDR04242,Chandigarh,occasional
CUST04534,2025-03-12,538,DEV04183,ADDR04243,Delhi,regular
CUST04535,2026-02-02,211,DEV04184,ADDR00139,Lucknow,occasional
CUST04536,2026-07-13,50,DEV04185,ADDR04244,Lucknow,new
CUST04537,2025-10-25,311,DEV04186,ADDR04245,Hyderabad,occasional
CUST04538,2026-01-18,226,DEV00101,ADDR00140,Mumbai,regular
CUST04539,2025-11-12,293,DEV04187,ADDR04246,Mumbai,regular
CUST04540,2026-08-11,21,DEV04188,ADDR04247,Bangalore,new
CUST04541,2025-11-21,284,DEV04189,ADDR04248,Ahmedabad,occasional
CUST04542,2025-04-11,508,DEV04190,ADDR04249,Chennai,occasional
CUST04543,2026-04-08,146,DEV04191,ADDR04250,Bangalore,regular
CUST04544,2025-07-17,411,DEV04192,ADDR04251,Kolkata,regular
CUST04545,2025-12-18,257,DEV04193,ADDR04252,Delhi,occasional
CUST04546,2026-05-15,109,DEV00032,ADDR04253,Mumbai,regular
CUST04547,2026-08-12,20,DEV00055,ADDR00007,Surat,new
CUST04548,2025-07-15,413,DEV04194,ADDR04254,Hyderabad,premium
CUST04549,2025-07-11,417,DEV04195,ADDR04255,Hyderabad,regular
CUST04550,2025-07-04,424,DEV04196,ADDR04256,Hyderabad,regular
CUST04551,2025-10-17,319,DEV04197,ADDR04257,Indore,premium
CUST04552,2025-05-30,459,DEV00118,ADDR00152,Surat,occasional
CUST04553,2025-07-18,410,DEV04198,ADDR04258,Indore,new
CUST04554,2026-05-31,93,DEV04199,ADDR04259,Delhi,premium
CUST04555,2026-05-12,112,DEV04200,ADDR04260,Indore,premium
CUST04556,2025-04-08,511,DEV04201,ADDR04261,Hyderabad,regular
CUST04557,2025-07-06,422,DEV04202,ADDR04262,Jaipur,premium
CUST04558,2025-04-24,495,DEV04203,ADDR04263,Chandigarh,premium
CUST04559,2025-04-16,503,DEV04204,ADDR04264,Delhi,premium
CUST04560,2026-03-19,166,DEV04205,ADDR04265,Bangalore,occasional
CUST04561,2025-08-14,383,DEV04206,ADDR04266,Bangalore,regular
CUST04562,2026-04-09,145,DEV00141,ADDR00050,Mumbai,regular
CUST04563,2025-06-26,432,DEV04207,ADDR00154,Mumbai,regular
CUST04564,2025-08-28,369,DEV04208,ADDR04267,Delhi,premium
CUST04565,2026-07-14,49,DEV04209,ADDR04268,Chennai,regular
CUST04566,2025-10-20,316,DEV04210,ADDR04269,Delhi,regular
CUST04567,2025-09-05,361,DEV04211,ADDR04270,Jaipur,premium
CUST04568,2025-05-15,474,DEV04212,ADDR04271,Bangalore,regular
CUST04569,2025-12-05,270,DEV04213,ADDR04272,Kolkata,regular
CUST04570,2025-07-04,424,DEV04214,ADDR04273,Hyderabad,premium
CUST04571,2025-12-23,252,DEV04215,ADDR04274,Bangalore,occasional
CUST04572,2026-06-11,82,DEV04216,ADDR04275,Bangalore,new
CUST04573,2026-02-12,201,DEV04217,ADDR04276,Bangalore,regular
CUST04574,2025-11-11,294,DEV04218,ADDR04277,Bangalore,regular
CUST04575,2025-03-11,539,DEV04219,ADDR04278,Chandigarh,premium
CUST04576,2025-07-04,424,DEV04220,ADDR04279,Chandigarh,premium
CUST04577,2025-12-03,272,DEV04221,ADDR04280,Chennai,premium
CUST04578,2026-07-05,58,DEV00011,ADDR00163,Mumbai,premium
CUST04579,2026-02-19,194,DEV04222,ADDR04281,Pune,regular
CUST04580,2026-05-30,94,DEV00066,ADDR04282,Ahmedabad,occasional
CUST04581,2026-02-14,199,DEV04223,ADDR04283,Hyderabad,regular
CUST04582,2026-06-24,69,DEV00004,ADDR04284,Delhi,new
CUST04583,2026-04-02,152,DEV04224,ADDR04285,Lucknow,occasional
CUST04584,2026-04-24,130,DEV04225,ADDR00155,Hyderabad,regular
CUST04585,2026-03-11,174,DEV04226,ADDR04286,Hyderabad,premium
CUST04586,2025-07-31,397,DEV00012,ADDR04287,Lucknow,regular
CUST04587,2025-04-29,490,DEV00117,ADDR04288,Delhi,premium
CUST04588,2025-08-05,392,DEV04227,ADDR04289,Jaipur,occasional
CUST04589,2025-09-22,344,DEV04228,ADDR04290,Delhi,regular
CUST04590,2026-01-17,227,DEV04229,ADDR04291,Chennai,regular
CUST04591,2026-04-26,128,DEV04230,ADDR00053,Kolkata,regular
CUST04592,2025-05-27,462,DEV04231,ADDR04292,Pune,premium
CUST04593,2026-03-30,155,DEV04232,ADDR04293,Mumbai,premium
CUST04594,2025-09-17,349,DEV04233,ADDR04294,Mumbai,regular
CUST04595,2025-06-08,450,DEV04234,ADDR04295,Delhi,premium
CUST04596,2026-07-13,50,DEV04235,ADDR00103,Mumbai,new
CUST04597,2026-04-19,135,DEV04236,ADDR04296,Mumbai,occasional
CUST04598,2025-05-18,471,DEV04237,ADDR04297,Ahmedabad,regular
CUST04599,2025-03-16,534,DEV00038,ADDR04298,Mumbai,occasional
CUST04600,2025-09-10,356,DEV04238,ADDR04299,Bangalore,new
CUST04601,2026-04-03,151,DEV04239,ADDR04300,Delhi,regular
CUST04602,2025-08-25,372,DEV04240,ADDR04301,Lucknow,premium
CUST04603,2025-06-08,450,DEV04241,ADDR04302,Chandigarh,occasional
CUST04604,2025-06-11,447,DEV00073,ADDR04303,Chennai,regular
CUST04605,2025-06-26,432,DEV04242,ADDR04304,Chennai,occasional
CUST04606,2026-03-27,158,DEV04243,ADDR04305,Mumbai,premium
CUST04607,2026-05-30,94,DEV04244,ADDR04306,Mumbai,occasional
CUST04608,2025-11-01,304,DEV04245,ADDR04307,Hyderabad,regular
CUST04609,2026-04-16,138,DEV04246,ADDR00078,Bangalore,occasional
CUST04610,2026-05-19,105,DEV04247,ADDR04308,Indore,regular
CUST04611,2025-11-19,286,DEV04248,ADDR04309,Chennai,regular
CUST04612,2025-09-18,348,DEV04249,ADDR04310,Indore,regular
CUST04613,2025-08-07,390,DEV04250,ADDR04311,Surat,premium
CUST04614,2026-02-10,203,DEV04251,ADDR04312,Chandigarh,regular
CUST04615,2025-11-17,288,DEV00109,ADDR04313,Mumbai,regular
CUST04616,2025-04-21,498,DEV04252,ADDR04314,Pune,regular
CUST04617,2025-10-07,329,DEV04253,ADDR04315,Mumbai,regular
CUST04618,2026-03-12,173,DEV04254,ADDR04316,Mumbai,occasional
CUST04619,2025-12-25,250,DEV04255,ADDR00022,Mumbai,regular
CUST04620,2025-04-01,518,DEV04256,ADDR00045,Pune,regular
CUST04621,2025-07-09,419,DEV04257,ADDR04317,Lucknow,premium
CUST04622,2025-03-13,537,DEV00106,ADDR04318,Surat,regular
CUST04623,2026-05-19,105,DEV04258,ADDR04319,Hyderabad,occasional
CUST04624,2026-02-08,205,DEV04259,ADDR04320,Mumbai,premium
CUST04625,2026-05-02,122,DEV00076,ADDR00071,Hyderabad,occasional
CUST04626,2026-04-30,124,DEV04260,ADDR04321,Mumbai,regular
CUST04627,2025-05-20,469,DEV04261,ADDR04322,Mumbai,premium
CUST04628,2026-02-21,192,DEV04262,ADDR04323,Hyderabad,regular
CUST04629,2026-02-04,209,DEV04263,ADDR04324,Surat,regular
CUST04630,2025-11-11,294,DEV04264,ADDR04325,Delhi,regular
CUST04631,2025-09-29,337,DEV04265,ADDR04326,Delhi,premium
CUST04632,2026-04-13,141,DEV00053,ADDR04327,Chennai,premium
CUST04633,2026-05-15,109,DEV04266,ADDR04328,Delhi,premium
CUST04634,2025-03-07,543,DEV04267,ADDR04329,Mumbai,occasional
CUST04635,2025-08-19,378,DEV04268,ADDR04330,Mumbai,regular
CUST04636,2025-05-07,482,DEV04269,ADDR04331,Surat,regular
CUST04637,2025-12-25,250,DEV04270,ADDR04332,Chennai,premium
CUST04638,2025-09-21,345,DEV04271,ADDR04333,Delhi,premium
CUST04639,2026-01-12,232,DEV04272,ADDR00131,Mumbai,occasional
CUST04640,2026-04-07,147,DEV04273,ADDR04334,Bangalore,regular
CUST04641,2025-09-09,357,DEV04274,ADDR00035,Surat,regular
CUST04642,2025-04-10,509,DEV04275,ADDR04335,Kolkata,occasional
CUST04643,2025-10-02,334,DEV04276,ADDR04336,Bangalore,regular
CUST04644,2025-06-21,437,DEV04277,ADDR04337,Jaipur,occasional
CUST04645,2025-12-19,256,DEV04278,ADDR04338,Chennai,regular
CUST04646,2026-01-10,234,DEV04279,ADDR04339,Lucknow,new
CUST04647,2026-05-04,120,DEV04280,ADDR04340,Ahmedabad,occasional
CUST04648,2026-02-12,201,DEV04281,ADDR04341,Bangalore,regular
CUST04649,2026-03-31,154,DEV04282,ADDR04342,Ahmedabad,occasional
CUST04650,2026-05-20,104,DEV04283,ADDR04343,Kochi,regular
CUST04651,2026-06-01,92,DEV04284,ADDR04344,Kochi,occasional
CUST04652,2026-04-17,137,DEV00138,ADDR00096,Hyderabad,regular
CUST04653,2026-06-06,87,DEV00078,ADDR04345,Bangalore,premium
CUST04654,2026-07-22,41,DEV04285,ADDR00031,Delhi,new
CUST04655,2025-07-14,414,DEV04286,ADDR04346,Hyderabad,occasional
CUST04656,2025-04-07,512,DEV04287,ADDR04347,Delhi,premium
CUST04657,2025-12-04,271,DEV04288,ADDR04348,Delhi,regular
CUST04658,2026-02-22,191,DEV04289,ADDR04349,Mumbai,new
CUST04659,2025-05-04,485,DEV04290,ADDR04350,Ahmedabad,occasional
CUST04660,2026-01-11,233,DEV04291,ADDR04351,Delhi,premium
CUST04661,2026-04-19,135,DEV04292,ADDR04352,Bangalore,occasional
CUST04662,2025-05-12,477,DEV04293,ADDR04353,Kolkata,premium
CUST04663,2025-10-19,317,DEV04294,ADDR04354,Delhi,regular
CUST04664,2025-05-18,471,DEV04295,ADDR04355,Mumbai,regular
CUST04665,2025-07-17,411,DEV00049,ADDR04356,Delhi,occasional
CUST04666,2025-03-07,543,DEV00089,ADDR04357,Surat,regular
CUST04667,2026-01-18,226,DEV04296,ADDR04358,Kochi,regular
CUST04668,2025-08-31,366,DEV04297,ADDR04359,Delhi,premium
CUST04669,2026-04-16,138,DEV04298,ADDR04360,Pune,occasional
CUST04670,2026-02-06,207,DEV04299,ADDR04361,Pune,regular
CUST04671,2025-09-06,360,DEV04300,ADDR04362,Chandigarh,regular
CUST04672,2025-07-22,406,DEV04301,ADDR04363,Kochi,regular
CUST04673,2025-12-03,272,DEV04302,ADDR04364,Bangalore,regular
CUST04674,2025-07-29,399,DEV04303,ADDR04365,Bangalore,regular
CUST04675,2026-03-19,166,DEV04304,ADDR04366,Hyderabad,occasional
CUST04676,2026-06-30,63,DEV04305,ADDR04367,Hyderabad,new
CUST04677,2025-07-04,424,DEV04306,ADDR04368,Jaipur,regular
CUST04678,2025-06-04,454,DEV04307,ADDR04369,Mumbai,regular
CUST04679,2025-10-24,312,DEV04308,ADDR00041,Mumbai,regular
CUST04680,2026-04-28,126,DEV04309,ADDR04370,Surat,premium
CUST04681,2026-03-04,181,DEV04310,ADDR04371,Chennai,regular
CUST04682,2025-11-07,298,DEV04311,ADDR04372,Chennai,regular
CUST04683,2026-04-30,124,DEV04312,ADDR04373,Chennai,occasional
CUST04684,2025-07-08,420,DEV04313,ADDR04374,Ahmedabad,premium
CUST04685,2025-03-29,521,DEV00141,ADDR04375,Bangalore,occasional
CUST04686,2025-03-07,543,DEV04314,ADDR04376,Hyderabad,premium
CUST04687,2026-04-04,150,DEV04315,ADDR04377,Chennai,new
CUST04688,2025-12-27,248,DEV04316,ADDR04378,Pune,occasional
CUST04689,2025-06-13,445,DEV04317,ADDR04379,Pune,regular
CUST04690,2025-12-14,261,DEV04318,ADDR04380,Chennai,regular
CUST04691,2025-04-16,503,DEV04319,ADDR04381,Delhi,regular
CUST04692,2026-05-07,117,DEV04320,ADDR04382,Bangalore,premium
CUST04693,2025-10-25,311,DEV04321,ADDR04383,Mumbai,regular
CUST04694,2026-03-17,168,DEV04322,ADDR04384,Delhi,premium
CUST04695,2025-04-10,509,DEV04323,ADDR04385,Mumbai,premium
CUST04696,2025-05-28,461,DEV04324,ADDR04386,Mumbai,occasional
CUST04697,2025-11-20,285,DEV04325,ADDR04387,Bangalore,regular
CUST04698,2025-06-08,450,DEV04326,ADDR04388,Chandigarh,regular
CUST04699,2025-07-01,427,DEV04327,ADDR04389,Ahmedabad,occasional
CUST04700,2025-03-23,527,DEV04328,ADDR04390,Jaipur,regular
CUST04701,2025-11-13,292,DEV04329,ADDR04391,Ahmedabad,regular
CUST04702,2025-09-02,364,DEV04330,ADDR04392,Lucknow,regular
CUST04703,2026-03-17,168,DEV04331,ADDR04393,Hyderabad,premium
CUST04704,2025-03-25,525,DEV04332,ADDR04394,Pune,regular
CUST04705,2025-08-20,377,DEV04333,ADDR04395,Bangalore,regular
CUST04706,2025-12-13,262,DEV04334,ADDR04396,Hyderabad,regular
CUST04707,2026-06-08,85,DEV04335,ADDR04397,Delhi,new
CUST04708,2026-02-05,208,DEV04336,ADDR04398,Delhi,premium
CUST04709,2025-10-17,319,DEV04337,ADDR04399,Mumbai,regular
CUST04710,2026-01-11,233,DEV04338,ADDR04400,Bangalore,new
CUST04711,2025-11-13,292,DEV04339,ADDR04401,Mumbai,regular
CUST04712,2025-09-16,350,DEV04340,ADDR04402,Jaipur,occasional
CUST04713,2025-05-14,475,DEV04341,ADDR04403,Surat,regular
CUST04714,2025-11-24,281,DEV04342,ADDR00068,Surat,premium
CUST04715,2025-03-20,530,DEV04343,ADDR04404,Pune,occasional
CUST04716,2026-07-31,32,DEV00073,ADDR04405,Kochi,new
CUST04717,2025-05-25,464,DEV04344,ADDR04406,Pune,regular
CUST04718,2025-07-25,403,DEV04345,ADDR04407,Lucknow,new
CUST04719,2026-03-06,179,DEV04346,ADDR04408,Jaipur,premium
CUST04720,2026-01-12,232,DEV04347,ADDR04409,Hyderabad,occasional
CUST04721,2025-09-09,357,DEV04348,ADDR04410,Chennai,regular
CUST04722,2026-03-07,178,DEV04349,ADDR04411,Pune,occasional
CUST04723,2025-07-27,401,DEV04350,ADDR04412,Kolkata,regular
CUST04724,2025-10-16,320,DEV04351,ADDR04413,Lucknow,regular
CUST04725,2025-08-07,390,DEV04352,ADDR04414,Delhi,occasional
CUST04726,2025-08-30,367,DEV04353,ADDR04415,Delhi,regular
CUST04727,2025-04-04,515,DEV04354,ADDR04416,Mumbai,premium
CUST04728,2025-07-05,423,DEV04355,ADDR04417,Hyderabad,premium
CUST04729,2026-06-10,83,DEV00092,ADDR00162,Bangalore,new
CUST04730,2025-11-04,301,DEV04356,ADDR04418,Ahmedabad,occasional
CUST04731,2025-04-13,506,DEV00096,ADDR00054,Bangalore,regular
CUST04732,2026-04-16,138,DEV04357,ADDR04419,Lucknow,regular
CUST04733,2025-10-30,306,DEV04358,ADDR04420,Mumbai,occasional
CUST04734,2025-09-08,358,DEV04359,ADDR00167,Mumbai,premium
CUST04735,2026-05-22,102,DEV04360,ADDR04421,Jaipur,occasional
CUST04736,2026-05-09,115,DEV04361,ADDR04422,Jaipur,occasional
CUST04737,2026-01-21,223,DEV04362,ADDR04423,Mumbai,regular
CUST04738,2025-06-10,448,DEV04363,ADDR04424,Ahmedabad,premium
CUST04739,2025-10-16,320,DEV04364,ADDR04425,Kolkata,premium
CUST04740,2025-08-09,388,DEV04365,ADDR04426,Jaipur,occasional
CUST04741,2026-03-09,176,DEV04366,ADDR04427,Pune,regular
CUST04742,2026-04-09,145,DEV00123,ADDR04428,Pune,occasional
CUST04743,2025-04-28,491,DEV04367,ADDR04429,Ahmedabad,occasional
CUST04744,2025-10-30,306,DEV04368,ADDR04430,Surat,premium
CUST04745,2026-01-31,213,DEV04369,ADDR04431,Kochi,premium
CUST04746,2026-02-20,193,DEV04370,ADDR04432,Bangalore,regular
CUST04747,2025-12-03,272,DEV04371,ADDR04433,Ahmedabad,premium
CUST04748,2025-11-02,303,DEV04372,ADDR04434,Mumbai,premium
CUST04749,2025-03-08,542,DEV04373,ADDR04435,Kolkata,premium
CUST04750,2025-09-25,341,DEV00080,ADDR04436,Kochi,regular
CUST04751,2025-07-31,397,DEV04374,ADDR04437,Bangalore,premium
CUST04752,2025-06-24,434,DEV00120,ADDR04438,Mumbai,regular
CUST04753,2026-03-02,183,DEV04375,ADDR04439,Pune,premium
CUST04754,2025-05-19,470,DEV04376,ADDR00122,Chennai,occasional
CUST04755,2026-08-09,23,DEV00039,ADDR04440,Pune,new
CUST04756,2025-04-05,514,DEV04377,ADDR04441,Kolkata,regular
CUST04757,2025-05-18,471,DEV04378,ADDR04442,Hyderabad,occasional
CUST04758,2025-10-07,329,DEV04379,ADDR04443,Chennai,regular
CUST04759,2025-05-26,463,DEV04380,ADDR04444,Bangalore,regular
CUST04760,2026-04-16,138,DEV04381,ADDR04445,Kochi,regular
CUST04761,2026-08-11,21,DEV04382,ADDR00069,Chennai,new
CUST04762,2026-03-28,157,DEV04383,ADDR00016,Pune,regular
CUST04763,2025-07-21,407,DEV04384,ADDR00128,Chennai,regular
CUST04764,2026-01-28,216,DEV04385,ADDR04446,Kochi,regular
CUST04765,2025-04-09,510,DEV04386,ADDR04447,Chennai,regular
CUST04766,2026-03-15,170,DEV04387,ADDR04448,Bangalore,regular
CUST04767,2025-10-25,311,DEV04388,ADDR04449,Ahmedabad,premium
CUST04768,2026-05-11,113,DEV00077,ADDR04450,Ahmedabad,regular
CUST04769,2026-08-04,28,DEV04389,ADDR04451,Bangalore,regular
CUST04770,2026-03-28,157,DEV04390,ADDR04452,Bangalore,regular
CUST04771,2025-07-29,399,DEV04391,ADDR04453,Pune,regular
CUST04772,2026-06-28,65,DEV04392,ADDR04454,Bangalore,occasional
CUST04773,2026-01-12,232,DEV04393,ADDR04455,Chennai,premium
CUST04774,2026-06-05,88,DEV04394,ADDR04456,Hyderabad,new
CUST04775,2025-05-15,474,DEV04395,ADDR04457,Ahmedabad,regular
CUST04776,2025-06-02,456,DEV04396,ADDR04458,Chennai,regular
CUST04777,2026-03-22,163,DEV04397,ADDR00162,Bangalore,regular
CUST04778,2026-05-10,114,DEV04398,ADDR04459,Mumbai,premium
CUST04779,2025-03-20,530,DEV04399,ADDR04460,Ahmedabad,regular
CUST04780,2026-05-25,99,DEV04400,ADDR04461,Hyderabad,regular
CUST04781,2025-07-14,414,DEV04401,ADDR04462,Jaipur,regular
CUST04782,2025-12-27,248,DEV04402,ADDR04463,Pune,regular
CUST04783,2026-08-15,17,DEV04403,ADDR04464,Pune,new
CUST04784,2026-02-03,210,DEV04404,ADDR04465,Ahmedabad,occasional
CUST04785,2026-08-10,22,DEV00150,ADDR04466,Delhi,new
CUST04786,2025-11-29,276,DEV04405,ADDR04467,Kochi,regular
CUST04787,2026-03-03,182,DEV04406,ADDR04468,Chennai,premium
CUST04788,2025-08-26,371,DEV04407,ADDR04469,Delhi,occasional
CUST04789,2025-11-27,278,DEV04408,ADDR04470,Ahmedabad,occasional
CUST04790,2026-03-30,155,DEV04409,ADDR04471,Ahmedabad,regular
CUST04791,2025-09-01,365,DEV04410,ADDR04472,Bangalore,regular
CUST04792,2026-01-15,229,DEV04411,ADDR04473,Ahmedabad,regular
CUST04793,2026-04-04,150,DEV00058,ADDR00048,Jaipur,regular
CUST04794,2025-10-27,309,DEV04412,ADDR04474,Bangalore,regular
CUST04795,2025-12-10,265,DEV00114,ADDR04475,Mumbai,new
CUST04796,2025-12-22,253,DEV04413,ADDR00027,Bangalore,regular
CUST04797,2025-07-26,402,DEV04414,ADDR04476,Ahmedabad,premium
CUST04798,2025-12-21,254,DEV04415,ADDR04477,Kolkata,regular
CUST04799,2025-05-08,481,DEV04416,ADDR04478,Jaipur,regular
CUST04800,2025-03-24,526,DEV04417,ADDR04479,Hyderabad,premium
CUST04801,2026-03-06,179,DEV04418,ADDR04480,Delhi,regular
CUST04802,2025-12-16,259,DEV04419,ADDR04481,Chennai,regular
CUST04803,2025-12-26,249,DEV04420,ADDR04482,Pune,premium
CUST04804,2026-02-05,208,DEV04421,ADDR04483,Indore,new
CUST04805,2025-08-24,373,DEV04422,ADDR04484,Hyderabad,new
CUST04806,2025-03-11,539,DEV04423,ADDR04485,Mumbai,regular
CUST04807,2025-07-25,403,DEV00134,ADDR04486,Delhi,premium
CUST04808,2026-01-04,240,DEV04424,ADDR04487,Kolkata,regular
CUST04809,2025-05-15,474,DEV04425,ADDR04488,Jaipur,occasional
CUST04810,2025-06-08,450,DEV00017,ADDR04489,Bangalore,occasional
CUST04811,2025-05-22,467,DEV04426,ADDR04490,Chennai,regular
CUST04812,2025-07-10,418,DEV04427,ADDR04491,Delhi,regular
CUST04813,2026-07-20,43,DEV04428,ADDR00081,Bangalore,new
CUST04814,2026-04-06,148,DEV04429,ADDR04492,Delhi,new
CUST04815,2026-01-20,224,DEV04430,ADDR04493,Delhi,regular
CUST04816,2026-03-10,175,DEV04431,ADDR04494,Indore,occasional
CUST04817,2025-12-04,271,DEV04432,ADDR04495,Hyderabad,regular
CUST04818,2025-03-15,535,DEV04433,ADDR04496,Hyderabad,occasional
CUST04819,2025-04-26,493,DEV04434,ADDR04497,Kochi,occasional
CUST04820,2025-09-23,343,DEV04435,ADDR04498,Kochi,premium
CUST04821,2026-03-08,177,DEV00131,ADDR04499,Kolkata,regular
CUST04822,2025-11-29,276,DEV04436,ADDR04500,Bangalore,regular
CUST04823,2026-03-30,155,DEV04437,ADDR04501,Pune,regular
CUST04824,2026-02-24,189,DEV00027,ADDR00168,Ahmedabad,occasional
CUST04825,2026-06-05,88,DEV04438,ADDR04502,Delhi,new
CUST04826,2026-05-08,116,DEV04439,ADDR04503,Bangalore,premium
CUST04827,2025-03-06,544,DEV04440,ADDR04504,Indore,premium
CUST04828,2026-01-19,225,DEV04441,ADDR04505,Delhi,regular
CUST04829,2026-03-28,157,DEV04442,ADDR04506,Chennai,regular
CUST04830,2025-08-18,379,DEV04443,ADDR04507,Hyderabad,regular
CUST04831,2025-03-29,521,DEV04444,ADDR04508,Hyderabad,regular
CUST04832,2026-04-30,124,DEV04445,ADDR00079,Mumbai,new
CUST04833,2025-06-13,445,DEV04446,ADDR04509,Hyderabad,regular
CUST04834,2026-04-14,140,DEV04447,ADDR04510,Delhi,premium
CUST04835,2025-08-12,385,DEV04448,ADDR00098,Surat,regular
CUST04836,2025-07-22,406,DEV04449,ADDR04511,Mumbai,premium
CUST04837,2025-03-22,528,DEV04450,ADDR04512,Mumbai,regular
CUST04838,2026-05-04,120,DEV04451,ADDR04513,Hyderabad,regular
CUST04839,2026-01-25,219,DEV04452,ADDR04514,Bangalore,occasional
CUST04840,2025-10-17,319,DEV04453,ADDR04515,Chennai,premium
CUST04841,2026-02-21,192,DEV04454,ADDR04516,Mumbai,regular
CUST04842,2025-07-05,423,DEV04455,ADDR04517,Ahmedabad,premium
CUST04843,2026-01-23,221,DEV04456,ADDR04518,Ahmedabad,regular
CUST04844,2025-07-23,405,DEV04457,ADDR04519,Mumbai,occasional
CUST04845,2025-11-16,289,DEV04458,ADDR04520,Mumbai,new
CUST04846,2025-06-18,440,DEV04459,ADDR04521,Hyderabad,premium
CUST04847,2025-08-14,383,DEV04460,ADDR00022,Mumbai,occasional
CUST04848,2025-07-08,420,DEV04461,ADDR04522,Mumbai,regular
CUST04849,2026-05-19,105,DEV04462,ADDR04523,Delhi,regular
CUST04850,2025-06-04,454,DEV04463,ADDR04524,Pune,new
CUST04851,2025-04-09,510,DEV04464,ADDR04525,Ahmedabad,regular
CUST04852,2025-07-20,408,DEV04465,ADDR04526,Ahmedabad,premium
CUST04853,2025-09-07,359,DEV04466,ADDR04527,Kolkata,regular
CUST04854,2026-01-24,220,DEV04467,ADDR04528,Hyderabad,regular
CUST04855,2026-01-29,215,DEV04468,ADDR04529,Pune,occasional
CUST04856,2025-07-23,405,DEV00098,ADDR00068,Surat,occasional
CUST04857,2026-01-21,223,DEV04469,ADDR04530,Ahmedabad,occasional
CUST04858,2026-02-12,201,DEV04470,ADDR04531,Lucknow,regular
CUST04859,2026-05-14,110,DEV04471,ADDR04532,Delhi,premium
CUST04860,2025-12-24,251,DEV04472,ADDR04533,Surat,regular
CUST04861,2026-04-16,138,DEV04473,ADDR04534,Hyderabad,occasional
CUST04862,2026-05-10,114,DEV04474,ADDR04535,Delhi,occasional
CUST04863,2025-11-05,300,DEV04475,ADDR04536,Bangalore,regular
CUST04864,2026-05-13,111,DEV04476,ADDR04537,Hyderabad,new
CUST04865,2025-04-27,492,DEV04477,ADDR04538,Kochi,regular
CUST04866,2025-06-19,439,DEV04478,ADDR04539,Mumbai,premium
CUST04867,2026-02-14,199,DEV04479,ADDR04540,Mumbai,regular
CUST04868,2025-12-04,271,DEV04480,ADDR04541,Kochi,occasional
CUST04869,2026-03-04,181,DEV04481,ADDR04542,Jaipur,regular
CUST04870,2026-01-11,233,DEV04482,ADDR04543,Mumbai,occasional
CUST04871,2025-10-20,316,DEV04483,ADDR04544,Ahmedabad,regular
CUST04872,2025-11-17,288,DEV04484,ADDR04545,Delhi,premium
CUST04873,2025-08-08,389,DEV04485,ADDR04546,Delhi,regular
CUST04874,2025-06-02,456,DEV04486,ADDR04547,Mumbai,occasional
CUST04875,2025-05-31,458,DEV04487,ADDR04548,Chennai,regular
CUST04876,2026-04-17,137,DEV04488,ADDR04549,Delhi,regular
CUST04877,2025-07-14,414,DEV04489,ADDR04550,Delhi,regular
CUST04878,2026-02-26,187,DEV04490,ADDR04551,Kochi,occasional
CUST04879,2025-11-17,288,DEV04491,ADDR04552,Chennai,occasional
CUST04880,2026-06-24,69,DEV00094,ADDR04553,Chennai,premium
CUST04881,2025-04-05,514,DEV04492,ADDR04554,Bangalore,regular
CUST04882,2025-10-12,324,DEV04493,ADDR04555,Hyderabad,occasional
CUST04883,2025-11-28,277,DEV04494,ADDR04556,Kolkata,premium
CUST04884,2026-05-19,105,DEV04495,ADDR04557,Bangalore,new
CUST04885,2026-01-01,243,DEV04496,ADDR04558,Delhi,regular
CUST04886,2026-02-16,197,DEV04497,ADDR04559,Jaipur,regular
CUST04887,2025-08-30,367,DEV04498,ADDR04560,Mumbai,regular
CUST04888,2025-07-23,405,DEV04499,ADDR04561,Bangalore,regular
CUST04889,2025-04-25,494,DEV04500,ADDR04562,Mumbai,regular
CUST04890,2026-06-18,75,DEV00149,ADDR04563,Kolkata,new
CUST04891,2025-12-03,272,DEV04501,ADDR04564,Kolkata,occasional
CUST04892,2026-06-18,75,DEV04502,ADDR04565,Delhi,regular
CUST04893,2025-12-30,245,DEV04503,ADDR04566,Hyderabad,occasional
CUST04894,2025-07-03,425,DEV04504,ADDR00001,Surat,regular
CUST04895,2025-07-12,416,DEV04505,ADDR04567,Mumbai,new
CUST04896,2025-06-17,441,DEV04506,ADDR04568,Mumbai,regular
CUST04897,2025-07-03,425,DEV04507,ADDR04569,Chennai,regular
CUST04898,2026-03-02,183,DEV04508,ADDR04570,Bangalore,premium
CUST04899,2026-03-01,184,DEV04509,ADDR04571,Kolkata,regular
CUST04900,2025-09-28,338,DEV04510,ADDR04572,Hyderabad,occasional
CUST04901,2025-09-25,341,DEV04511,ADDR04573,Pune,premium
CUST04902,2026-02-21,192,DEV04512,ADDR04574,Mumbai,occasional
CUST04903,2026-06-14,79,DEV00016,ADDR04575,Delhi,new
CUST04904,2025-07-08,420,DEV04513,ADDR04576,Indore,regular
CUST04905,2026-05-08,116,DEV00015,ADDR00163,Mumbai,premium
CUST04906,2025-03-10,540,DEV00034,ADDR04577,Jaipur,premium
CUST04907,2026-05-04,120,DEV04514,ADDR04578,Kochi,regular
CUST04908,2026-03-24,161,DEV04515,ADDR04579,Delhi,new
CUST04909,2025-03-27,523,DEV04516,ADDR04580,Mumbai,occasional
CUST04910,2026-07-06,57,DEV04517,ADDR04581,Bangalore,new
CUST04911,2026-05-29,95,DEV00043,ADDR04582,Chandigarh,premium
CUST04912,2025-10-06,330,DEV04518,ADDR04583,Delhi,regular
CUST04913,2025-03-20,530,DEV04519,ADDR04584,Surat,regular
CUST04914,2026-03-24,161,DEV04520,ADDR04585,Kochi,new
CUST04915,2025-09-05,361,DEV04521,ADDR04586,Bangalore,premium
CUST04916,2026-03-20,165,DEV04522,ADDR04587,Ahmedabad,regular
CUST04917,2026-05-15,109,DEV00078,ADDR04588,Indore,new
CUST04918,2025-10-04,332,DEV04523,ADDR04589,Mumbai,occasional
CUST04919,2025-09-18,348,DEV04524,ADDR04590,Surat,regular
CUST04920,2026-05-03,121,DEV04525,ADDR04591,Pune,regular
CUST04921,2025-05-12,477,DEV04526,ADDR04592,Mumbai,occasional
CUST04922,2026-01-25,219,DEV00004,ADDR04593,Jaipur,regular
CUST04923,2026-05-17,107,DEV04527,ADDR04594,Bangalore,regular
CUST04924,2026-03-29,156,DEV04528,ADDR04595,Chandigarh,new
CUST04925,2026-01-13,231,DEV04529,ADDR04596,Ahmedabad,premium
CUST04926,2026-05-19,105,DEV04530,ADDR04597,Surat,occasional
CUST04927,2026-03-06,179,DEV04531,ADDR04598,Delhi,regular
CUST04928,2025-03-26,524,DEV04532,ADDR04599,Jaipur,regular
CUST04929,2025-12-14,261,DEV04533,ADDR04600,Indore,regular
CUST04930,2025-04-10,509,DEV04534,ADDR04601,Mumbai,occasional
CUST04931,2026-03-10,175,DEV00116,ADDR04602,Surat,regular
CUST04932,2026-05-05,119,DEV04535,ADDR04603,Bangalore,occasional
CUST04933,2026-01-30,214,DEV04536,ADDR04604,Chennai,regular
CUST04934,2025-10-02,334,DEV04537,ADDR04605,Hyderabad,regular
CUST04935,2025-10-18,318,DEV04538,ADDR04606,Lucknow,regular
CUST04936,2026-04-13,141,DEV04539,ADDR04607,Pune,occasional
CUST04937,2025-05-15,474,DEV04540,ADDR04608,Chennai,regular
CUST04938,2025-11-26,279,DEV04541,ADDR04609,Jaipur,regular
CUST04939,2025-03-14,536,DEV04542,ADDR04610,Bangalore,regular
CUST04940,2025-12-11,264,DEV04543,ADDR04611,Ahmedabad,regular
CUST04941,2025-10-27,309,DEV04544,ADDR04612,Chennai,premium
CUST04942,2025-03-24,526,DEV04545,ADDR04613,Mumbai,premium
CUST04943,2026-05-18,106,DEV04546,ADDR04614,Ahmedabad,occasional
CUST04944,2025-04-01,518,DEV04547,ADDR04615,Pune,regular
CUST04945,2026-06-09,84,DEV04548,ADDR04616,Pune,new
CUST04946,2025-03-02,548,DEV04549,ADDR04617,Ahmedabad,regular
CUST04947,2025-08-05,392,DEV04550,ADDR04618,Chennai,premium
CUST04948,2025-11-29,276,DEV04551,ADDR04619,Delhi,regular
CUST04949,2025-09-06,360,DEV04552,ADDR04620,Pune,premium
CUST04950,2026-04-14,140,DEV00051,ADDR00060,Chandigarh,premium
CUST04951,2025-04-03,516,DEV04553,ADDR04621,Lucknow,premium
CUST04952,2025-04-25,494,DEV04554,ADDR04622,Pune,regular
CUST04953,2026-05-07,117,DEV04555,ADDR04623,Kochi,regular
CUST04954,2025-05-19,470,DEV04556,ADDR04624,Delhi,premium
CUST04955,2026-04-06,148,DEV04557,ADDR04625,Delhi,regular
CUST04956,2025-06-18,440,DEV04558,ADDR04626,Chennai,occasional
CUST04957,2025-05-21,468,DEV04559,ADDR04627,Delhi,occasional
CUST04958,2025-12-03,272,DEV04560,ADDR04628,Ahmedabad,regular
CUST04959,2025-04-09,510,DEV04561,ADDR04629,Pune,premium
CUST04960,2025-10-26,310,DEV04562,ADDR00015,Indore,regular
CUST04961,2025-04-11,508,DEV04563,ADDR04630,Lucknow,regular
CUST04962,2025-07-05,423,DEV04564,ADDR04631,Hyderabad,premium
CUST04963,2025-10-19,317,DEV04565,ADDR04632,Bangalore,regular
CUST04964,2025-03-01,549,DEV04566,ADDR04633,Chennai,premium
CUST04965,2026-02-25,188,DEV04567,ADDR04634,Chennai,occasional
CUST04966,2025-12-08,267,DEV04568,ADDR04635,Delhi,regular
CUST04967,2026-03-19,166,DEV04569,ADDR04636,Surat,regular
CUST04968,2025-09-02,364,DEV04570,ADDR04637,Mumbai,occasional
CUST04969,2025-10-10,326,DEV04571,ADDR04638,Mumbai,regular
CUST04970,2025-06-30,428,DEV04572,ADDR04639,Pune,premium
CUST04971,2026-06-06,87,DEV04573,ADDR04640,Ahmedabad,new
CUST04972,2025-12-17,258,DEV04574,ADDR04641,Chennai,new
CUST04973,2026-04-10,144,DEV04575,ADDR04642,Lucknow,regular
CUST04974,2025-12-09,266,DEV04576,ADDR04643,Hyderabad,occasional
CUST04975,2026-03-13,172,DEV04577,ADDR04644,Pune,regular
CUST04976,2026-01-31,213,DEV04578,ADDR04645,Bangalore,regular
CUST04977,2025-11-22,283,DEV04579,ADDR04646,Indore,occasional
CUST04978,2025-12-16,259,DEV04580,ADDR04647,Chennai,regular
CUST04979,2025-12-10,265,DEV04581,ADDR04648,Bangalore,premium
CUST04980,2025-07-02,426,DEV04582,ADDR04649,Chandigarh,premium
CUST04981,2025-11-27,278,DEV04583,ADDR04650,Bangalore,regular
CUST04982,2025-10-03,333,DEV04584,ADDR04651,Delhi,regular
CUST04983,2025-12-05,270,DEV04585,ADDR00104,Mumbai,regular
CUST04984,2026-05-13,111,DEV00036,ADDR04652,Chandigarh,premium
CUST04985,2026-03-12,173,DEV04586,ADDR04653,Delhi,occasional
CUST04986,2025-03-14,536,DEV04587,ADDR00023,Jaipur,regular
CUST04987,2025-03-06,544,DEV04588,ADDR04654,Ahmedabad,regular
CUST04988,2025-07-31,397,DEV00104,ADDR00108,Jaipur,regular
CUST04989,2026-03-26,159,DEV04589,ADDR04655,Bangalore,occasional
CUST04990,2025-11-13,292,DEV04590,ADDR04656,Ahmedabad,regular
CUST04991,2025-09-03,363,DEV00124,ADDR04657,Jaipur,occasional
CUST04992,2025-10-13,323,DEV04591,ADDR04658,Chennai,occasional
CUST04993,2025-11-06,299,DEV04592,ADDR04659,Ahmedabad,premium
CUST04994,2025-09-09,357,DEV04593,ADDR04660,Delhi,occasional
CUST04995,2025-08-26,371,DEV04594,ADDR04661,Ahmedabad,regular
CUST04996,2026-01-24,220,DEV00057,ADDR00052,Delhi,regular
CUST04997,2025-06-09,449,DEV04595,ADDR04662,Ahmedabad,regular
CUST04998,2026-05-08,116,DEV04596,ADDR04663,Delhi,premium
CUST04999,2025-04-07,512,DEV04597,ADDR04664,Delhi,regular
CUST05000,2025-07-14,414,DEV04598,ADDR04665,Bangalore,regular
