device_id,device_type,first_seen,linked_accounts
DEV00001,Desktop Browser,2026-05-21,4
DEV00002,Mobile Browser,2026-04-17,3
DEV00003,Mobile Browser,2026-03-06,2
DEV00004,Mobile App,2025-12-15,5
DEV00005,Tablet,2025-11-10,5
DEV00006,Mobile Browser,2026-02-21,2
DEV00007,Mobile App,2025-10-13,5
DEV00008,Desktop Browser,2026-03-24,2
DEV00009,Desktop Browser,2025-03-05,2
DEV00010,Mobile Browser,2026-08-15,5
DEV00011,Desktop Browser,2025-12-02,5
DEV00012,Mobile App,2026-02-23,3
DEV00013,Mobile Browser,2025-04-26,4
DEV00014,Mobile App,2025-07-28,4
DEV00015,Mobile App,2026-02-14,5
DEV00016,Mobile Browser,2026-07-27,4
DEV00017,Mobile Browser,2026-01-20,5
DEV00018,Desktop Browser,2025-11-02,2
DEV00019,Tablet,2026-01-15,3
DEV00020,Desktop Browser,2025-05-01,4
DEV00021,Mobile App,2025-12-28,5
DEV00022,Desktop Browser,2026-06-21,3
DEV00023,Mobile App,2025-08-07,2
DEV00024,Mobile App,2025-11-22,2
DEV00025,Tablet,2025-03-17,3
DEV00026,Mobile App,2026-05-04,5
DEV00027,Mobile Browser,2026-04-16,5
DEV00028,Mobile App,2025-10-28,2
DEV00029,Desktop Browser,2026-04-06,5
DEV00030,Desktop Browser,2026-03-05,5
DEV00031,Mobile App,2026-05-20,2
DEV00032,Mobile Browser,2025-10-22,2
DEV00033,Mobile Browser,2026-02-16,3
DEV00034,Mobile Browser,2025-11-16,5
DEV00035,Mobile App,2025-08-09,2
DEV00036,Mobile Browser,2026-06-05,2
DEV00037,Desktop Browser,2025-11-28,4
DEV00038,Desktop Browser,2025-04-11,5
DEV00039,Tablet,2026-01-22,2
DEV00040,Mobile Browser,2026-06-27,2
DEV00041,Desktop Browser,2025-03-24,4
DEV00042,Mobile App,2025-11-28,5
DEV00043,Mobile App,2026-04-25,2
DEV00044,Tablet,2026-05-06,3
DEV00045,Mobile Browser,2026-07-28,5
DEV00046,Mobile Browser,2025-06-26,2
DEV00047,Mobile App,2025-04-03,3
DEV00048,Mobile App,2026-08-07,2
DEV00049,Desktop Browser,2025-05-28,2
DEV00050,Mobile App,2026-08-04,5
DEV00051,Desktop Browser,2025-07-12,5
DEV00052,Mobile App,2026-01-12,4
DEV00053,Mobile Browser,2026-02-14,5
DEV00054,Desktop Browser,2026-04-02,4
DEV00055,Desktop Browser,2026-03-04,5
DEV00056,Mobile Browser,2026-03-17,2
DEV00057,Mobile App,2026-06-03,3
DEV00058,Mobile App,2026-07-02,3
DEV00059,Mobile Browser,2026-02-18,2
DEV00060,Mobile Browser,2026-08-18,4
DEV00061,Mobile App,2025-08-15,4
DEV00062,Mobile Browser,2026-07-03,3
DEV00063,Desktop Browser,2025-03-11,4
DEV00064,Desktop Browser,2026-04-13,3
DEV00065,Mobile Browser,2025-05-23,3
DEV00066,Mobile Browser,2026-06-15,5
DEV00067,Mobile Browser,2026-03-15,4
DEV00068,Mobile App,2025-03-13,4
DEV00069,Mobile App,2025-09-30,3
DEV00070,Desktop Browser,2025-08-06,5
DEV00071,Mobile Browser,2026-08-31,5
DEV00072,Tablet,2026-02-10,2
DEV00073,Desktop Browser,2025-12-04,5
DEV00074,Mobile App,2026-05-05,4
DEV00075,Desktop Browser,2025-09-28,3
DEV00076,Mobile Browser,2026-02-23,3
DEV00077,Mobile Browser,2025-03-15,3
DEV00078,Mobile App,2026-06-06,4
DEV00079,Mobile App,2025-07-06,5
DEV00080,Mobile Browser,2026-01-19,4
DEV00081,Desktop Browser,2025-04-19,5
DEV00082,Mobile App,2026-03-26,3
DEV00083,Mobile Browser,2025-07-10,4
DEV00084,Mobile App,2025-11-28,5
DEV00085,Mobile App,2026-02-12,4
DEV00086,Mobile App,2026-01-12,5
DEV00087,Mobile App,2025-10-19,2
DEV00088,Mobile App,2025-03-04,5
DEV00089,Desktop Browser,2025-11-10,5
DEV00090,Mobile App,2026-04-01,5
DEV00091,Desktop Browser,2025-12-02,3
DEV00092,Mobile App,2026-05-15,5
DEV00093,Mobile App,2025-05-06,2
DEV00094,Mobile Browser,2026-08-30,5
DEV00095,Desktop Browser,2025-03-27,2
DEV00096,Desktop Browser,2025-06-09,4
DEV00097,Mobile Browser,2025-12-07,3
DEV00098,Mobile App,2026-08-11,3
DEV00099,Desktop Browser,2025-12-18,4
DEV00100,Mobile App,2026-07-26,3
DEV00101,Mobile App,2025-10-21,2
DEV00102,Mobile App,2025-03-08,5
DEV00103,Desktop Browser,2025-05-30,4
DEV00104,Desktop Browser,2025-03-05,3
DEV00105,Desktop Browser,2025-06-26,3
DEV00106,Mobile App,2025-06-23,2
DEV00107,Mobile Browser,2026-04-26,4
DEV00108,Desktop Browser,2025-12-28,5
DEV00109,Mobile App,2025-12-10,5
DEV00110,Desktop Browser,2025-10-07,5
DEV00111,Mobile Browser,2025-05-09,5
DEV00112,Mobile App,2026-05-01,3
DEV00113,Mobile App,2026-05-17,5
DEV00114,Desktop Browser,2025-07-09,2
DEV00115,Mobile Browser,2026-06-18,3
DEV00116,Mobile App,2025-04-26,5
DEV00117,Desktop Browser,2025-04-20,2
DEV00118,Tablet,2025-11-12,5
DEV00119,Mobile Browser,2026-05-16,3
DEV00120,Mobile App,2025-03-25,2
DEV00121,Mobile App,2026-08-18,3
DEV00122,Mobile Browser,2026-05-08,5
DEV00123,Mobile App,2025-06-14,4
DEV00124,Desktop Browser,2025-08-15,5
DEV00125,Mobile Browser,2025-09-20,3
DEV00126,Desktop Browser,2025-04-12,5
DEV00127,Desktop Browser,2025-09-26,4
DEV00128,Mobile Browser,2025-04-18,2
DEV00129,Desktop Browser,2026-07-16,4
DEV00130,Desktop Browser,2025-05-10,4
DEV00131,Mobile App,2026-01-30,5
DEV00132,Mobile App,2025-09-29,4
DEV00133,Tablet,2025-11-03,2
DEV00134,Mobile Browser,2026-07-29,3
DEV00135,Tablet,2026-04-30,5
DEV00136,Mobile Browser,2025-05-20,4
DEV00137,Mobile Browser,2026-06-13,4
DEV00138,Mobile Browser,2026-01-03,3
DEV00139,Desktop Browser,2026-02-08,4
DEV00140,Mobile App,2026-08-23,3
DEV00141,Mobile Browser,2025-03-03,5
DEV00142,Mobile Browser,2026-02-21,3
DEV00143,Desktop Browser,2025-07-11,3
DEV00144,Tablet,2026-08-26,5
DEV00145,Mobile App,2025-03-25,2
DEV00146,Mobile App,2025-12-01,2
DEV00147,Mobile Browser,2026-05-18,3
DEV00148,Desktop Browser,2026-03-03,4
DEV00149,Tablet,2025-12-29,2
DEV00150,Mobile Browser,2025-06-20,5
DEV00151,Desktop Browser,2025-12-04,3
DEV00152,Desktop Browser,2025-12-28,3
DEV00153,Mobile App,2025-08-01,3
DEV00154,Mobile Browser,2026-08-08,1
DEV00155,Desktop Browser,2025-08-15,1
DEV00156,Mobile Browser,2025-03-16,1
DEV00157,Mobile Browser,2025-11-08,1
DEV00158,Mobile Browser,2026-04-13,1
DEV00159,Mobile App,2025-12-14,1
DEV00160,Desktop Browser,2026-06-17,1
DEV00161,Mobile Browser,2025-07-10,1
DEV00162,Desktop Browser,2025-07-10,1
DEV00163,Mobile Browser,2025-03-30,1
DEV00164,Mobile App,2025-03-04,1
DEV00165,Mobile Browser,2025-10-23,1
DEV00166,Desktop Browser,2026-08-16,1
DEV00167,Mobile App,2026-05-20,1
DEV00168,Mobile Browser,2025-10-16,1
DEV00169,Tablet,2026-03-24,1
DEV00170,Mobile App,2025-05-04,1
DEV00171,Mobile Browser,2025-12-26,1
DEV00172,Mobile App,2025-07-30,1
DEV00173,Mobile Browser,2026-01-23,1
DEV00174,Mobile App,2025-08-10,1
DEV00175,Mobile Browser,2026-03-02,1
DEV00176,Mobile Browser,2025-09-15,1
DEV00177,Desktop Browser,2025-12-21,1
DEV00178,Mobile App,2025-10-25,1
DEV00179,Desktop Browser,2025-03-06,1
DEV00180,Mobile App,2026-05-27,1
DEV00181,Tablet,2026-03-21,1
DEV00182,Mobile Browser,2025-06-26,1
DEV00183,Mobile Browser,2025-03-12,1
DEV00184,Tablet,2025-12-19,1
DEV00185,Mobile Browser,2025-05-17,1
DEV00186,Mobile App,2025-05-16,1
DEV00187,Mobile Browser,2025-05-21,1
DEV00188,Mobile App,2025-09-25,1
DEV00189,Mobile Browser,2026-08-04,1
DEV00190,Mobile App,2026-06-08,1
DEV00191,Mobile Browser,2026-07-03,1
DEV00192,Desktop Browser,2026-02-22,1
DEV00193,Mobile App,2025-04-22,1
DEV00194,Desktop Browser,2025-09-20,1
DEV00195,Mobile App,2025-03-02,1
DEV00196,Mobile App,2025-04-27,1
DEV00197,Mobile App,2026-07-06,1
DEV00198,Mobile Browser,2025-05-14,1
DEV00199,Desktop Browser,2026-03-06,1
DEV00200,Mobile App,2025-12-29,1
DEV00201,Tablet,2025-08-11,1
DEV00202,Desktop Browser,2026-03-10,1
DEV00203,Mobile App,2025-11-09,1
DEV00204,Desktop Browser,2025-09-07,1
DEV00205,Desktop Browser,2026-03-10,1
DEV00206,Mobile Browser,2026-08-13,1
DEV00207,Mobile Browser,2026-06-18,1
DEV00208,Mobile App,2026-03-17,1
DEV00209,Mobile App,2025-06-01,1
DEV00210,Mobile App,2026-06-11,1
DEV00211,Desktop Browser,2025-07-11,1
DEV00212,Mobile App,2026-01-08,1
DEV00213,Mobile App,2026-08-02,1
DEV00214,Tablet,2025-11-23,1
DEV00215,Tablet,2026-06-17,1
DEV00216,Mobile App,2026-06-17,1
DEV00217,Mobile App,2025-09-09,1
DEV00218,Mobile App,2025-06-22,1
DEV00219,Mobile App,2025-04-24,1
DEV00220,Mobile Browser,2025-11-27,1
DEV00221,Desktop Browser,2026-02-25,1
DEV00222,Mobile App,2025-09-25,1
DEV00223,Mobile Browser,2025-09-02,1
DEV00224,Mobile App,2026-06-07,1
DEV00225,Tablet,2025-08-18,1
DEV00226,Mobile Browser,2026-08-12,1
DEV00227,Desktop Browser,2025-03-27,1
DEV00228,Desktop Browser,2026-04-12,1
DEV00229,Mobile App,2025-05-13,1
DEV00230,Desktop Browser,2025-11-17,1
DEV00231,Mobile App,2025-10-23,1
DEV00232,Mobile Browser,2025-12-11,1
DEV00233,Desktop Browser,2026-03-11,1
DEV00234,Mobile Browser,2025-05-15,1
DEV00235,Mobile Browser,2025-12-15,1
DEV00236,Desktop Browser,2026-03-24,1
DEV00237,Mobile App,2025-03-08,1
DEV00238,Mobile App,2026-02-07,1
DEV00239,Desktop Browser,2026-03-10,1
DEV00240,Mobile Browser,2025-09-09,1
DEV00241,Mobile App,2026-02-20,1
DEV00242,Mobile App,2026-04-26,1
DEV00243,Mobile Browser,2026-03-15,1
DEV00244,Desktop Browser,2026-05-05,1
DEV00245,Desktop Browser,2025-06-29,1
DEV00246,Mobile App,2026-04-20,1
DEV00247,Desktop Browser,2026-01-31,1
DEV00248,Mobile Browser,2025-08-20,1
DEV00249,Mobile App,2025-05-03,1
DEV00250,Mobile App,2025-05-05,1
DEV00251,Mobile App,2026-06-01,1
DEV00252,Mobile Browser,2025-11-14,1
DEV00253,Mobile App,2026-04-30,1
DEV00254,Desktop Browser,2025-08-25,1
DEV00255,Mobile App,2026-02-07,1
DEV00256,Desktop Browser,2025-09-18,1
DEV00257,Mobile Browser,2025-09-10,1
DEV00258,Mobile App,2025-04-04,1
DEV00259,Tablet,2025-10-07,1
DEV00260,Mobile Browser,2026-02-16,1
DEV00261,Mobile Browser,2026-07-07,1
DEV00262,Desktop Browser,2025-06-25,1
DEV00263,Mobile App,2025-08-22,1
DEV00264,Mobile App,2025-12-20,1
DEV00265,Mobile App,2026-07-31,1
DEV00266,Tablet,2025-04-05,1
DEV00267,Mobile Browser,2025-10-19,1
DEV00268,Mobile App,2026-07-10,1
DEV00269,Mobile App,2025-04-13,1
DEV00270,Mobile Browser,2026-06-13,1
DEV00271,Mobile App,2026-05-28,1
DEV00272,Mobile App,2026-01-27,1
DEV00273,Mobile App,2026-06-13,1
DEV00274,Desktop Browser,2026-03-11,1
DEV00275,Mobile Browser,2026-04-18,1
DEV00276,Tablet,2026-04-08,1
DEV00277,Desktop Browser,2026-04-01,1
DEV00278,Mobile Browser,2026-07-18,1
DEV00279,Mobile App,2025-03-13,1
DEV00280,Mobile App,2025-10-10,1
DEV00281,Mobile Browser,2026-03-20,1
DEV00282,Mobile App,2025-10-27,1
DEV00283,Mobile Browser,2025-09-11,1
DEV00284,Desktop Browser,2025-12-31,1
DEV00285,Mobile App,2026-04-14,1
DEV00286,Tablet,2026-05-26,1
DEV00287,Mobile App,2026-07-08,1
DEV00288,Mobile App,2026-03-08,1
DEV00289,Desktop Browser,2026-03-11,1
DEV00290,Mobile App,2025-07-20,1
DEV00291,Mobile Browser,2025-04-15,1
DEV00292,Mobile App,2025-10-24,1
DEV00293,Desktop Browser,2026-08-12,1
DEV00294,Mobile Browser,2025-08-25,1
DEV00295,Desktop Browser,2026-01-01,1
DEV00296,Mobile Browser,2026-02-19,1
DEV00297,Mobile App,2025-12-25,1
DEV00298,Mobile App,2025-12-10,1
DEV00299,Desktop Browser,2026-03-13,1
DEV00300,Desktop Browser,2026-08-20,1
DEV00301,Mobile Browser,2025-04-29,1
DEV00302,Desktop Browser,2025-05-14,1
DEV00303,Mobile App,2026-05-22,1
DEV00304,Mobile App,2025-11-30,1
DEV00305,Mobile App,2025-10-01,1
DEV00306,Desktop Browser,2026-01-23,1
DEV00307,Desktop Browser,2025-07-04,1
DEV00308,Mobile App,2026-01-18,1
DEV00309,Desktop Browser,2025-10-03,1
DEV00310,Mobile App,2025-12-23,1
DEV00311,Desktop Browser,2026-01-28,1
DEV00312,Desktop Browser,2025-09-15,1
DEV00313,Mobile App,2025-10-28,1
DEV00314,Mobile Browser,2025-10-13,1
DEV00315,Mobile App,2026-05-25,1
DEV00316,Mobile Browser,2025-09-20,1
DEV00317,Mobile Browser,2025-11-12,1
DEV00318,Mobile Browser,2025-03-09,1
DEV00319,Tablet,2025-09-17,1
DEV00320,Mobile Browser,2026-03-28,1
DEV00321,Mobile App,2026-04-03,1
DEV00322,Mobile App,2025-11-22,1
DEV00323,Mobile App,2026-06-23,1
DEV00324,Mobile App,2026-02-18,1
DEV00325,Desktop Browser,2025-06-15,1
DEV00326,Mobile Browser,2025-07-25,1
DEV00327,Tablet,2025-09-26,1
DEV00328,Tablet,2025-06-11,1
DEV00329,Mobile Browser,2026-07-21,1
DEV00330,Mobile App,2025-09-25,1
DEV00331,Mobile App,2026-03-28,1
DEV00332,Mobile App,2025-06-17,1
DEV00333,Mobile Browser,2025-04-19,1
DEV00334,Mobile App,2026-04-24,1
DEV00335,Mobile App,2025-11-28,1
DEV00336,Mobile Browser,2026-02-03,1
DEV00337,Desktop Browser,2026-08-26,1
DEV00338,Mobile Browser,2026-08-24,1
DEV00339,Mobile App,2026-01-10,1
DEV00340,Mobile App,2025-11-16,1
DEV00341,Desktop Browser,2026-01-15,1
DEV00342,Mobile App,2025-10-08,1
DEV00343,Mobile App,2026-06-05,1
DEV00344,Desktop Browser,2025-09-18,1
DEV00345,Desktop Browser,2025-10-20,1
DEV00346,Tablet,2026-07-11,1
DEV00347,Tablet,2026-07-17,1
DEV00348,Mobile App,2026-08-21,1
DEV00349,Mobile Browser,2025-08-12,1
DEV00350,Mobile App,2025-05-29,1
DEV00351,Desktop Browser,2025-10-14,1
DEV00352,Mobile App,2026-02-12,1
DEV00353,Mobile App,2025-11-01,1
DEV00354,Mobile Browser,2026-04-07,1
DEV00355,Mobile App,2026-05-09,1
DEV00356,Desktop Browser,2025-08-19,1
DEV00357,Desktop Browser,2025-04-25,1
DEV00358,Mobile Browser,2025-12-09,1
DEV00359,Mobile Browser,2025-12-03,1
DEV00360,Mobile Browser,2025-11-24,1
DEV00361,Mobile App,2026-07-16,1
DEV00362,Desktop Browser,2026-01-14,1
DEV00363,Mobile App,2025-04-20,1
DEV00364,Mobile App,2025-08-21,1
DEV00365,Mobile Browser,2026-07-14,1
DEV00366,Mobile App,2026-01-10,1
DEV00367,Desktop Browser,2025-05-20,1
DEV00368,Mobile Browser,2025-05-10,1
DEV00369,Mobile App,2025-05-10,1
DEV00370,Mobile App,2026-04-26,1
DEV00371,Mobile App,2025-07-08,1
DEV00372,Tablet,2026-07-18,1
DEV00373,Tablet,2025-10-30,1
DEV00374,Mobile App,2025-06-11,1
DEV00375,Mobile Browser,2026-08-31,1
DEV00376,Mobile Browser,2026-01-27,1
DEV00377,Mobile Browser,2025-06-15,1
DEV00378,Mobile Browser,2026-08-12,1
DEV00379,Mobile App,2025-12-13,1
DEV00380,Mobile Browser,2026-06-04,1
DEV00381,Desktop Browser,2026-06-02,1
DEV00382,Mobile App,2025-09-10,1
DEV00383,Tablet,2025-06-12,1
DEV00384,Tablet,2026-01-19,1
DEV00385,Mobile Browser,2025-07-19,1
DEV00386,Mobile App,2025-05-02,1
DEV00387,Tablet,2025-12-29,1
DEV00388,Mobile App,2026-01-28,1
DEV00389,Mobile App,2026-04-15,1
DEV00390,Mobile App,2025-05-19,1
DEV00391,Mobile App,2025-05-16,1
DEV00392,Mobile App,2026-08-22,1
DEV00393,Mobile App,2026-07-22,1
DEV00394,Mobile Browser,2025-08-22,1
DEV00395,Desktop Browser,2025-10-31,1
DEV00396,Mobile App,2025-04-01,1
DEV00397,Desktop Browser,2026-01-04,1
DEV00398,Mobile App,2025-04-25,1
DEV00399,Mobile Browser,2026-06-07,1
DEV00400,Mobile Browser,2025-11-04,1
DEV00401,Mobile Browser,2025-05-17,1
DEV00402,Mobile Browser,2025-11-28,1
DEV00403,Desktop Browser,2025-03-15,1
DEV00404,Desktop Browser,2025-09-21,1
DEV00405,Mobile App,2025-11-08,1
DEV00406,Mobile App,2025-10-13,1
DEV00407,Tablet,2026-02-17,1
DEV00408,Mobile App,2026-04-24,1
DEV00409,Mobile App,2025-08-08,1
DEV00410,Mobile App,2025-07-29,1
DEV00411,Mobile App,2026-06-14,1
DEV00412,Mobile Browser,2025-03-30,1
DEV00413,Mobile App,2025-05-19,1
DEV00414,Mobile App,2026-01-31,1
DEV00415,Mobile Browser,2025-12-05,1
DEV00416,Mobile App,2026-01-29,1
DEV00417,Desktop Browser,2025-05-07,1
DEV00418,Mobile Browser,2026-03-21,1
DEV00419,Tablet,2025-06-02,1
DEV00420,Mobile App,2025-04-16,1
DEV00421,Desktop Browser,2026-03-11,1
DEV00422,Desktop Browser,2025-09-18,1
DEV00423,Mobile App,2025-12-22,1
DEV00424,Mobile Browser,2026-07-06,1
DEV00425,Mobile App,2025-05-05,1
DEV00426,Mobile Browser,2026-08-22,1
DEV00427,Tablet,2026-07-06,1
DEV00428,Tablet,2026-01-11,1
DEV00429,Desktop Browser,2025-05-14,1
DEV00430,Tablet,2025-04-28,1
DEV00431,Mobile App,2025-10-17,1
DEV00432,Mobile App,2025-09-15,1
DEV00433,Mobile Browser,2025-04-04,1
DEV00434,Desktop Browser,2026-06-14,1
DEV00435,Mobile Browser,2026-04-27,1
DEV00436,Desktop Browser,2025-07-25,1
DEV00437,Mobile App,2026-04-20,1
DEV00438,Desktop Browser,2025-11-11,1
DEV00439,Desktop Browser,2025-06-11,1
DEV00440,Desktop Browser,2026-02-13,1
DEV00441,Mobile App,2026-03-02,1
DEV00442,Mobile App,2025-03-14,1
DEV00443,Mobile App,2026-06-28,1
DEV00444,Mobile Browser,2025-12-20,1
DEV00445,Desktop Browser,2026-08-30,1
DEV00446,Mobile Browser,2025-03-14,1
DEV00447,Mobile App,2025-08-06,1
DEV00448,Desktop Browser,2025-05-22,1
DEV00449,Mobile App,2025-03-22,1
DEV00450,Mobile App,2026-05-30,1
DEV00451,Desktop Browser,2025-11-22,1
DEV00452,Mobile App,2025-06-28,1
DEV00453,Mobile Browser,2025-04-07,1
DEV00454,Desktop Browser,2025-06-18,1
DEV00455,Mobile Browser,2026-04-14,1
DEV00456,Mobile App,2025-03-08,1
DEV00457,Tablet,2025-12-15,1
DEV00458,Mobile Browser,2026-02-24,1
DEV00459,Mobile Browser,2025-10-05,1
DEV00460,Mobile Browser,2025-10-06,1
DEV00461,Mobile Browser,2025-12-11,1
DEV00462,Mobile App,2025-09-05,1
DEV00463,Mobile App,2026-01-15,1
DEV00464,Mobile Browser,2026-02-09,1
DEV00465,Mobile App,2025-12-27,1
DEV00466,Mobile Browser,2026-04-23,1
DEV00467,Mobile Browser,2026-01-01,1
DEV00468,Mobile App,2025-05-16,1
DEV00469,Desktop Browser,2025-12-01,1
DEV00470,Tablet,2025-12-15,1
DEV00471,Desktop Browser,2026-01-04,1
DEV00472,Tablet,2026-03-24,1
DEV00473,Mobile Browser,2025-08-30,1
DEV00474,Tablet,2025-05-11,1
DEV00475,Mobile App,2025-08-20,1
DEV00476,Mobile App,2026-06-11,1
DEV00477,Mobile App,2026-07-16,1
DEV00478,Mobile App,2025-08-12,1
DEV00479,Mobile Browser,2026-07-31,1
DEV00480,Desktop Browser,2026-05-13,1
DEV00481,Tablet,2025-11-18,1
DEV00482,Mobile Browser,2025-10-11,1
DEV00483,Mobile App,2026-01-30,1
DEV00484,Tablet,2025-03-24,1
DEV00485,Desktop Browser,2025-07-20,1
DEV00486,Desktop Browser,2025-05-20,1
DEV00487,Desktop Browser,2026-06-08,1
DEV00488,Mobile App,2025-04-08,1
DEV00489,Mobile Browser,2025-07-02,1
DEV00490,Desktop Browser,2025-12-08,1
DEV00491,Mobile App,2025-06-05,1
DEV00492,Desktop Browser,2026-05-21,1
DEV00493,Mobile App,2026-06-27,1
DEV00494,Mobile Browser,2025-06-24,1
DEV00495,Mobile App,2026-01-22,1
DEV00496,Mobile App,2026-01-07,1
DEV00497,Mobile Browser,2025-07-26,1
DEV00498,Mobile Browser,2025-03-23,1
DEV00499,Desktop Browser,2025-10-08,1
DEV00500,Mobile App,2025-05-17,1
DEV00501,Mobile Browser,2025-10-27,1
DEV00502,Mobile Browser,2026-05-28,1
DEV00503,Mobile App,2025-12-02,1
DEV00504,Mobile App,2025-03-27,1
DEV00505,Mobile App,2026-06-07,1
DEV00506,Mobile App,2026-02-26,1
DEV00507,Mobile Browser,2026-08-07,1
DEV00508,Mobile Browser,2025-09-10,1
DEV00509,Mobile App,2025-10-16,1
DEV00510,Mobile App,2025-08-31,1
DEV00511,Mobile App,2025-04-10,1
DEV00512,Mobile Browser,2025-11-15,1
DEV00513,Mobile App,2025-05-23,1
DEV00514,Mobile App,2026-08-01,1
DEV00515,Mobile Browser,2026-05-12,1
DEV00516,Mobile App,2025-08-19,1
DEV00517,Desktop Browser,2026-08-21,1
DEV00518,Mobile App,2026-01-02,1
DEV00519,Desktop Browser,2026-08-12,1
DEV00520,Mobile Browser,2025-04-22,1
DEV00521,Mobile Browser,2025-04-21,1
DEV00522,Desktop Browser,2025-03-28,1
DEV00523,Desktop Browser,2026-08-29,1
DEV00524,Mobile App,2026-06-09,1
DEV00525,Desktop Browser,2026-03-14,1
DEV00526,Mobile Browser,2025-08-24,1
DEV00527,Desktop Browser,2026-03-20,1
DEV00528,Desktop Browser,2025-03-08,1
DEV00529,Desktop Browser,2026-05-24,1
DEV00530,Mobile Browser,2026-05-31,1
DEV00531,Desktop Browser,2025-06-02,1
DEV00532,Mobile Browser,2026-05-11,1
DEV00533,Tablet,2026-03-13,1
DEV00534,Desktop Browser,2025-04-08,1
DEV00535,Tablet,2025-07-13,1
DEV00536,Mobile App,2025-04-08,1
DEV00537,Desktop Browser,2025-04-16,1
DEV00538,Mobile App,2025-06-03,1
DEV00539,Desktop Browser,2026-08-07,1
DEV00540,Mobile App,2026-03-03,1
DEV00541,Tablet,2026-08-02,1
DEV00542,Mobile Browser,2025-08-28,1
DEV00543,Mobile App,2025-08-02,1
DEV00544,Mobile Browser,2026-05-09,1
DEV00545,Tablet,2026-03-07,1
DEV00546,Mobile App,2025-06-20,1
DEV00547,Mobile Browser,2025-08-16,1
DEV00548,Mobile App,2025-10-17,1
DEV00549,Mobile App,2025-11-08,1
DEV00550,Mobile App,2026-04-26,1
DEV00551,Mobile App,2025-11-18,1
DEV00552,Tablet,2025-05-16,1
DEV00553,Mobile App,2025-08-04,1
DEV00554,Mobile App,2025-08-08,1
DEV00555,Mobile App,2026-08-17,1
DEV00556,Mobile Browser,2026-02-20,1
DEV00557,Mobile App,2025-03-02,1
DEV00558,Mobile App,2025-11-06,1
DEV00559,Mobile App,2025-06-16,1
DEV00560,Desktop Browser,2025-12-18,1
DEV00561,Tablet,2025-08-22,1
DEV00562,Desktop Browser,2026-05-18,1
DEV00563,Tablet,2025-05-22,1
DEV00564,Desktop Browser,2025-05-04,1
DEV00565,Mobile Browser,2026-03-26,1
DEV00566,Tablet,2025-06-15,1
DEV00567,Desktop Browser,2025-11-17,1
DEV00568,Desktop Browser,2025-11-20,1
DEV00569,Mobile Browser,2025-08-02,1
DEV00570,Mobile App,2026-07-11,1
DEV00571,Desktop Browser,2025-10-31,1
DEV00572,Mobile App,2026-02-17,1
DEV00573,Mobile App,2026-03-21,1
DEV00574,Mobile Browser,2026-04-18,1
DEV00575,Desktop Browser,2026-02-19,1
DEV00576,Desktop Browser,2025-03-16,1
DEV00577,Mobile App,2026-01-15,1
DEV00578,Mobile App,2025-07-26,1
DEV00579,Mobile Browser,2025-06-13,1
DEV00580,Mobile Browser,2026-03-31,1
DEV00581,Desktop Browser,2025-10-06,1
DEV00582,Mobile App,2026-05-16,1
DEV00583,Mobile Browser,2025-03-28,1
DEV00584,Desktop Browser,2025-12-30,1
DEV00585,Mobile App,2026-07-26,1
DEV00586,Mobile App,2025-10-26,1
DEV00587,Desktop Browser,2026-01-31,1
DEV00588,Mobile App,2026-04-13,1
DEV00589,Mobile Browser,2025-10-03,1
DEV00590,Mobile App,2025-03-23,1
DEV00591,Mobile App,2026-01-04,1
DEV00592,Mobile Browser,2026-04-19,1
DEV00593,Mobile Browser,2026-01-27,1
DEV00594,Tablet,2026-05-24,1
DEV00595,Mobile App,2025-11-02,1
DEV00596,Mobile App,2025-03-28,1
DEV00597,Mobile Browser,2025-11-26,1
DEV00598,Mobile App,2026-07-24,1
DEV00599,Mobile Browser,2026-05-28,1
DEV00600,Mobile Browser,2026-01-11,1
DEV00601,Mobile App,2026-02-01,1
DEV00602,Mobile Browser,2026-02-14,1
DEV00603,Mobile App,2026-07-05,1
DEV00604,Mobile App,2025-03-09,1
DEV00605,Mobile App,2026-05-14,1
DEV00606,Mobile App,2025-06-16,1
DEV00607,Mobile Browser,2025-04-02,1
DEV00608,Mobile Browser,2025-04-18,1
DEV00609,Mobile Browser,2026-01-30,1
DEV00610,Mobile Browser,2025-06-30,1
DEV00611,Mobile App,2026-02-09,1
DEV00612,Mobile App,2026-03-12,1
DEV00613,Desktop Browser,2025-07-24,1
DEV00614,Mobile App,2026-04-12,1
DEV00615,Desktop Browser,2025-06-19,1
DEV00616,Mobile Browser,2025-04-19,1
DEV00617,Mobile App,2026-02-06,1
DEV00618,Mobile App,2026-01-08,1
DEV00619,Tablet,2025-08-11,1
DEV00620,Mobile App,2025-03-16,1
DEV00621,Desktop Browser,2026-02-09,1
DEV00622,Mobile Browser,2025-12-12,1
DEV00623,Desktop Browser,2025-05-07,1
DEV00624,Mobile Browser,2026-03-14,1
DEV00625,Mobile App,2026-04-13,1
DEV00626,Desktop Browser,2025-06-10,1
DEV00627,Mobile App,2026-04-26,1
DEV00628,Mobile App,2026-06-21,1
DEV00629,Tablet,2025-12-16,1
DEV00630,Mobile App,2025-05-17,1
DEV00631,Desktop Browser,2026-05-15,1
DEV00632,Desktop Browser,2025-12-19,1
DEV00633,Mobile App,2025-05-31,1
DEV00634,Mobile App,2025-03-06,1
DEV00635,Desktop Browser,2025-11-26,1
DEV00636,Mobile Browser,2025-06-07,1
DEV00637,Mobile Browser,2025-08-04,1
DEV00638,Mobile Browser,2025-06-23,1
DEV00639,Mobile App,2026-08-04,1
DEV00640,Mobile Browser,2026-08-15,1
DEV00641,Mobile Browser,2026-03-03,1
DEV00642,Mobile Browser,2025-09-29,1
DEV00643,Mobile App,2025-03-05,1
DEV00644,Desktop Browser,2026-04-06,1
DEV00645,Desktop Browser,2026-07-05,1
DEV00646,Mobile Browser,2025-08-16,1
DEV00647,Desktop Browser,2025-07-30,1
DEV00648,Mobile App,2026-07-17,1
DEV00649,Mobile Browser,2025-04-13,1
DEV00650,Mobile App,2025-10-27,1
DEV00651,Mobile App,2026-02-14,1
DEV00652,Mobile App,2025-04-12,1
DEV00653,Mobile App,2025-12-28,1
DEV00654,Mobile App,2026-08-14,1
DEV00655,Mobile App,2025-09-09,1
DEV00656,Mobile Browser,2025-12-05,1
DEV00657,Mobile Browser,2026-08-22,1
DEV00658,Mobile Browser,2025-05-30,1
DEV00659,Tablet,2026-02-22,1
DEV00660,Desktop Browser,2025-10-14,1
DEV00661,Mobile App,2025-04-07,1
DEV00662,Desktop Browser,2025-04-12,1
DEV00663,Mobile App,2026-07-30,1
DEV00664,Mobile Browser,2025-07-01,1
DEV00665,Mobile Browser,2025-07-31,1
DEV00666,Mobile App,2025-08-09,1
DEV00667,Mobile App,2026-03-11,1
DEV00668,Mobile Browser,2026-04-27,1
DEV00669,Desktop Browser,2025-10-16,1
DEV00670,Mobile App,2025-11-17,1
DEV00671,Mobile App,2025-07-14,1
DEV00672,Mobile Browser,2026-06-16,1
DEV00673,Mobile App,2026-08-19,1
DEV00674,Mobile Browser,2026-08-06,1
DEV00675,Mobile App,2025-06-17,1
DEV00676,Mobile App,2025-11-21,1
DEV00677,Mobile App,2026-07-07,1
DEV00678,Mobile Browser,2026-04-17,1
DEV00679,Tablet,2025-09-07,1
DEV00680,Desktop Browser,2025-07-20,1
DEV00681,Mobile Browser,2025-08-14,1
DEV00682,Tablet,2025-11-14,1
DEV00683,Desktop Browser,2025-06-19,1
DEV00684,Mobile Browser,2026-08-13,1
DEV00685,Tablet,2026-07-23,1
DEV00686,Mobile App,2025-09-01,1
DEV00687,Mobile Browser,2026-01-04,1
DEV00688,Desktop Browser,2025-05-20,1
DEV00689,Desktop Browser,2026-05-06,1
DEV00690,Desktop Browser,2025-07-25,1
DEV00691,Mobile App,2026-08-01,1
DEV00692,Mobile App,2025-05-08,1
DEV00693,Mobile Browser,2025-09-02,1
DEV00694,Mobile App,2025-09-20,1
DEV00695,Mobile App,2025-11-29,1
DEV00696,Mobile Browser,2026-07-13,1
DEV00697,Mobile App,2026-02-20,1
DEV00698,Mobile App,2026-06-18,1
DEV00699,Mobile Browser,2025-11-11,1
DEV00700,Mobile App,2025-07-28,1
DEV00701,Mobile Browser,2025-04-28,1
DEV00702,Mobile App,2026-07-02,1
DEV00703,Desktop Browser,2025-04-29,1
DEV00704,Mobile App,2026-06-12,1
DEV00705,Desktop Browser,2025-05-02,1
DEV00706,Mobile Browser,2026-01-05,1
DEV00707,Mobile App,2025-08-24,1
DEV00708,Desktop Browser,2025-05-12,1
DEV00709,Mobile App,2025-10-11,1
DEV00710,Desktop Browser,2025-03-09,1
DEV00711,Tablet,2025-03-28,1
DEV00712,Tablet,2025-03-27,1
DEV00713,Mobile App,2025-09-19,1
DEV00714,Mobile Browser,2025-03-30,1
DEV00715,Mobile App,2025-09-06,1
DEV00716,Mobile Browser,2025-03-30,1
DEV00717,Mobile Browser,2025-12-19,1
DEV00718,Mobile App,2025-08-27,1
DEV00719,Desktop Browser,2026-05-18,1
DEV00720,Desktop Browser,2026-07-12,1
DEV00721,Mobile App,2026-04-25,1
DEV00722,Mobile App,2025-09-19,1
DEV00723,Mobile Browser,2026-06-11,1
DEV00724,Desktop Browser,2026-01-08,1
DEV00725,Desktop Browser,2025-03-23,1
DEV00726,Desktop Browser,2026-02-02,1
DEV00727,Mobile Browser,2026-07-24,1
DEV00728,Tablet,2025-10-05,1
DEV00729,Mobile App,2026-02-19,1
DEV00730,Desktop Browser,2025-03-27,1
DEV00731,Mobile App,2025-10-09,1
DEV00732,Mobile App,2025-07-26,1
DEV00733,Mobile Browser,2026-02-14,1
DEV00734,Mobile Browser,2026-05-03,1
DEV00735,Mobile App,2026-03-28,1
DEV00736,Tablet,2026-08-26,1
DEV00737,Mobile App,2025-07-20,1
DEV00738,Desktop Browser,2025-07-14,1
DEV00739,Mobile Browser,2026-01-06,1
DEV00740,Mobile App,2025-04-15,1
DEV00741,Mobile App,2025-09-14,1
DEV00742,Mobile App,2025-08-08,1
DEV00743,Desktop Browser,2026-08-02,1
DEV00744,Desktop Browser,2025-04-21,1
DEV00745,Tablet,2026-06-08,1
DEV00746,Desktop Browser,2026-03-15,1
DEV00747,Mobile App,2026-06-21,1
DEV00748,Mobile App,2025-08-26,1
DEV00749,Tablet,2025-09-17,1
DEV00750,Mobile App,2026-05-17,1
DEV00751,Desktop Browser,2025-12-11,1
DEV00752,Mobile App,2025-11-13,1
DEV00753,Mobile Browser,2026-07-03,1
DEV00754,Mobile Browser,2026-01-27,1
DEV00755,Desktop Browser,2025-04-01,1
DEV00756,Mobile Browser,2026-02-14,1
DEV00757,Mobile App,2025-11-25,1
DEV00758,Mobile App,2026-04-17,1
DEV00759,Mobile App,2025-03-19,1
DEV00760,Mobile Browser,2025-04-06,1
DEV00761,Desktop Browser,2025-09-01,1
DEV00762,Mobile App,2026-08-30,1
DEV00763,Mobile App,2026-08-12,1
DEV00764,Mobile Browser,2025-09-12,1
DEV00765,Mobile Browser,2025-05-29,1
DEV00766,Mobile App,2025-09-24,1
DEV00767,Mobile Browser,2025-11-18,1
DEV00768,Mobile App,2026-07-25,1
DEV00769,Mobile App,2026-08-06,1
DEV00770,Tablet,2025-08-21,1
DEV00771,Mobile App,2026-06-06,1
DEV00772,Mobile Browser,2025-11-13,1
DEV00773,Desktop Browser,2026-02-11,1
DEV00774,Mobile App,2025-12-12,1
DEV00775,Mobile App,2025-04-16,1
DEV00776,Mobile Browser,2025-10-07,1
DEV00777,Desktop Browser,2026-05-15,1
DEV00778,Mobile App,2025-03-28,1
DEV00779,Mobile Browser,2025-08-14,1
DEV00780,Mobile App,2025-11-04,1
DEV00781,Tablet,2026-02-20,1
DEV00782,Mobile App,2025-10-20,1
DEV00783,Mobile Browser,2026-03-16,1
DEV00784,Tablet,2026-02-09,1
DEV00785,Mobile App,2025-03-17,1
DEV00786,Mobile App,2026-08-21,1
DEV00787,Mobile Browser,2025-09-18,1
DEV00788,Mobile Browser,2025-03-09,1
DEV00789,Desktop Browser,2025-10-26,1
DEV00790,Mobile Browser,2025-05-20,1
DEV00791,Mobile Browser,2025-05-31,1
DEV00792,Mobile App,2025-05-23,1
DEV00793,Tablet,2025-12-21,1
DEV00794,Mobile Browser,2025-12-06,1
DEV00795,Mobile Browser,2026-02-05,1
DEV00796,Mobile App,2026-02-05,1
DEV00797,Desktop Browser,2026-05-03,1
DEV00798,Mobile App,2025-11-11,1
DEV00799,Mobile App,2026-02-10,1
DEV00800,Mobile Browser,2025-10-31,1
DEV00801,Mobile App,2026-04-16,1
DEV00802,Mobile Browser,2026-07-29,1
DEV00803,Mobile Browser,2025-08-25,1
DEV00804,Mobile Browser,2025-03-17,1
DEV00805,Mobile App,2025-04-17,1
DEV00806,Desktop Browser,2026-03-01,1
DEV00807,Tablet,2026-07-01,1
DEV00808,Mobile App,2026-07-02,1
DEV00809,Mobile App,2025-08-25,1
DEV00810,Mobile App,2025-11-25,1
DEV00811,Mobile Browser,2025-05-21,1
DEV00812,Mobile App,2025-09-09,1
DEV00813,Mobile Browser,2025-12-01,1
DEV00814,Mobile App,2025-10-02,1
DEV00815,Desktop Browser,2025-09-09,1
DEV00816,Mobile Browser,2025-07-22,1
DEV00817,Mobile App,2026-04-11,1
DEV00818,Mobile App,2026-05-15,1
DEV00819,Mobile Browser,2026-08-11,1
DEV00820,Mobile Browser,2026-02-03,1
DEV00821,Mobile Browser,2026-01-06,1
DEV00822,Desktop Browser,2026-02-02,1
DEV00823,Mobile Browser,2026-05-18,1
DEV00824,Mobile App,2025-08-16,1
DEV00825,Desktop Browser,2025-04-11,1
DEV00826,Mobile App,2025-10-30,1
DEV00827,Mobile App,2026-05-23,1
DEV00828,Mobile App,2026-05-11,1
DEV00829,Mobile Browser,2026-08-13,1
DEV00830,Desktop Browser,2025-11-28,1
DEV00831,Mobile Browser,2025-09-29,1
DEV00832,Desktop Browser,2025-06-12,1
DEV00833,Mobile App,2026-03-15,1
DEV00834,Mobile App,2026-08-31,1
DEV00835,Desktop Browser,2025-08-01,1
DEV00836,Mobile Browser,2025-10-26,1
DEV00837,Mobile App,2025-09-20,1
DEV00838,Mobile App,2025-07-21,1
DEV00839,Mobile App,2026-08-14,1
DEV00840,Mobile App,2026-04-30,1
DEV00841,Desktop Browser,2025-05-03,1
DEV00842,Desktop Browser,2025-03-09,1
DEV00843,Mobile App,2026-04-13,1
DEV00844,Mobile App,2026-07-19,1
DEV00845,Mobile Browser,2025-05-23,1
DEV00846,Mobile App,2026-06-01,1
DEV00847,Desktop Browser,2026-01-23,1
DEV00848,Desktop Browser,2025-09-19,1
DEV00849,Mobile App,2025-06-14,1
DEV00850,Desktop Browser,2026-01-12,1
DEV00851,Mobile Browser,2026-01-10,1
DEV00852,Mobile App,2026-04-10,1
DEV00853,Desktop Browser,2025-05-09,1
DEV00854,Tablet,2026-08-05,1
DEV00855,Mobile App,2025-11-02,1
DEV00856,Mobile Browser,2026-08-06,1
DEV00857,Mobile Browser,2026-01-30,1
DEV00858,Mobile App,2025-09-10,1
DEV00859,Mobile App,2026-07-19,1
DEV00860,Desktop Browser,2026-05-13,1
DEV00861,Tablet,2026-06-26,1
DEV00862,Mobile Browser,2025-06-25,1
DEV00863,Mobile Browser,2026-07-29,1
DEV00864,Mobile Browser,2026-08-14,1
DEV00865,Mobile Browser,2025-08-01,1
DEV00866,Desktop Browser,2026-05-26,1
DEV00867,Desktop Browser,2025-12-26,1
DEV00868,Mobile App,2025-06-25,1
DEV00869,Mobile App,2025-07-05,1
DEV00870,Mobile Browser,2026-07-28,1
DEV00871,Mobile App,2026-07-11,1
DEV00872,Desktop Browser,2026-04-02,1
DEV00873,Mobile Browser,2025-11-18,1
DEV00874,Mobile App,2026-08-09,1
DEV00875,Desktop Browser,2026-02-23,1
DEV00876,Desktop Browser,2025-10-27,1
DEV00877,Mobile Browser,2025-10-08,1
DEV00878,Mobile Browser,2025-07-13,1
DEV00879,Mobile App,2026-03-21,1
DEV00880,Mobile App,2025-12-12,1
DEV00881,Desktop Browser,2025-12-22,1
DEV00882,Mobile App,2026-06-02,1
DEV00883,Mobile App,2025-06-21,1
DEV00884,Mobile App,2025-04-05,1
DEV00885,Mobile App,2025-12-03,1
DEV00886,Mobile App,2026-08-11,1
DEV00887,Mobile Browser,2025-03-17,1
DEV00888,Desktop Browser,2026-07-24,1
DEV00889,Mobile App,2026-07-12,1
DEV00890,Mobile Browser,2025-05-17,1
DEV00891,Mobile App,2025-12-31,1
DEV00892,Mobile Browser,2025-09-24,1
DEV00893,Mobile App,2025-07-13,1
DEV00894,Mobile Browser,2026-08-04,1
DEV00895,Mobile App,2025-05-22,1
DEV00896,Mobile App,2026-06-26,1
DEV00897,Mobile Browser,2026-07-06,1
DEV00898,Desktop Browser,2025-12-19,1
DEV00899,Mobile App,2026-06-15,1
DEV00900,Tablet,2026-08-13,1
DEV00901,Mobile App,2025-05-05,1
DEV00902,Mobile App,2026-07-19,1
DEV00903,Mobile App,2025-08-05,1
DEV00904,Mobile App,2025-11-01,1
DEV00905,Desktop Browser,2025-04-02,1
DEV00906,Desktop Browser,2026-01-24,1
DEV00907,Mobile Browser,2025-05-10,1
DEV00908,Desktop Browser,2025-05-18,1
DEV00909,Tablet,2025-08-27,1
DEV00910,Mobile App,2026-06-29,1
DEV00911,Mobile Browser,2025-12-22,1
DEV00912,Desktop Browser,2026-02-23,1
DEV00913,Mobile App,2026-05-13,1
DEV00914,Mobile Browser,2025-09-04,1
DEV00915,Mobile Browser,2026-07-24,1
DEV00916,Mobile Browser,2025-06-23,1
DEV00917,Mobile Browser,2026-02-01,1
DEV00918,Mobile Browser,2025-04-19,1
DEV00919,Mobile App,2026-08-10,1
DEV00920,Mobile App,2025-03-30,1
DEV00921,Desktop Browser,2026-01-27,1
DEV00922,Desktop Browser,2026-03-05,1
DEV00923,Mobile App,2025-06-14,1
DEV00924,Mobile App,2025-10-13,1
DEV00925,Mobile App,2026-05-19,1
DEV00926,Mobile Browser,2025-09-11,1
DEV00927,Mobile Browser,2026-01-09,1
DEV00928,Desktop Browser,2025-06-01,1
DEV00929,Mobile Browser,2025-10-06,1
DEV00930,Mobile App,2026-08-30,1
DEV00931,Mobile Browser,2026-01-03,1
DEV00932,Mobile App,2026-06-02,1
DEV00933,Mobile App,2026-01-25,1
DEV00934,Desktop Browser,2025-03-11,1
DEV00935,Mobile Browser,2026-04-23,1
DEV00936,Mobile App,2025-10-21,1
DEV00937,Mobile App,2026-02-11,1
DEV00938,Mobile Browser,2025-10-10,1
DEV00939,Mobile Browser,2025-05-31,1
DEV00940,Mobile Browser,2026-06-10,1
DEV00941,Mobile App,2025-10-14,1
DEV00942,Mobile App,2025-10-29,1
DEV00943,Mobile App,2026-05-24,1
DEV00944,Desktop Browser,2026-06-21,1
DEV00945,Mobile Browser,2026-08-22,1
DEV00946,Mobile Browser,2026-08-16,1
DEV00947,Desktop Browser,2026-04-24,1
DEV00948,Mobile App,2026-01-02,1
DEV00949,Desktop Browser,2026-01-28,1
DEV00950,Tablet,2026-01-20,1
DEV00951,Mobile App,2025-11-05,1
DEV00952,Mobile Browser,2025-12-21,1
DEV00953,Mobile App,2025-09-02,1
DEV00954,Mobile App,2025-05-08,1
DEV00955,Mobile App,2025-03-08,1
DEV00956,Mobile App,2026-06-27,1
DEV00957,Tablet,2026-03-06,1
DEV00958,Mobile App,2025-05-22,1
DEV00959,Mobile App,2025-09-27,1
DEV00960,Mobile App,2026-01-31,1
DEV00961,Tablet,2025-09-07,1
DEV00962,Mobile Browser,2026-01-29,1
DEV00963,Mobile Browser,2025-05-26,1
DEV00964,Mobile App,2026-03-22,1
DEV00965,Mobile App,2026-02-12,1
DEV00966,Mobile App,2026-06-30,1
DEV00967,Mobile App,2025-11-02,1
DEV00968,Tablet,2026-08-23,1
DEV00969,Mobile App,2025-03-13,1
DEV00970,Mobile App,2025-04-19,1
DEV00971,Mobile Browser,2026-03-07,1
DEV00972,Mobile Browser,2026-02-04,1
DEV00973,Mobile Browser,2025-09-09,1
DEV00974,Desktop Browser,2025-06-05,1
DEV00975,Mobile App,2025-07-25,1
DEV00976,Desktop Browser,2025-12-20,1
DEV00977,Mobile Browser,2025-03-12,1
DEV00978,Mobile App,2025-10-06,1
DEV00979,Mobile Browser,2026-07-25,1
DEV00980,Tablet,2025-08-13,1
DEV00981,Tablet,2026-07-25,1
DEV00982,Mobile App,2025-06-28,1
DEV00983,Mobile App,2025-04-10,1
DEV00984,Desktop Browser,2026-01-15,1
DEV00985,Mobile App,2025-08-07,1
DEV00986,Mobile Browser,2026-08-12,1
DEV00987,Mobile App,2026-02-15,1
DEV00988,Mobile App,2025-09-26,1
DEV00989,Mobile Browser,2026-03-17,1
DEV00990,Tablet,2025-03-05,1
DEV00991,Desktop Browser,2025-07-23,1
DEV00992,Mobile App,2026-06-08,1
DEV00993,Mobile Browser,2025-07-03,1
DEV00994,Mobile App,2026-02-20,1
DEV00995,Mobile App,2026-07-11,1
DEV00996,Mobile Browser,2025-07-27,1
DEV00997,Desktop Browser,2026-05-24,1
DEV00998,Tablet,2025-12-02,1
DEV00999,Mobile App,2025-05-22,1
DEV01000,Mobile App,2026-08-09,1
DEV01001,Tablet,2026-04-24,1
DEV01002,Tablet,2026-04-23,1
DEV01003,Desktop Browser,2025-11-20,1
DEV01004,Desktop Browser,2025-04-05,1
DEV01005,Desktop Browser,2025-11-14,1
DEV01006,Tablet,2025-03-23,1
DEV01007,Mobile App,2025-11-08,1
DEV01008,Desktop Browser,2026-05-25,1
DEV01009,Tablet,2026-07-13,1
DEV01010,Tablet,2025-05-08,1
DEV01011,Mobile App,2025-05-07,1
DEV01012,Mobile Browser,2026-04-12,1
DEV01013,Mobile App,2025-03-31,1
DEV01014,Mobile App,2025-09-23,1
DEV01015,Desktop Browser,2026-03-22,1
DEV01016,Mobile Browser,2026-03-05,1
DEV01017,Mobile App,2026-01-30,1
DEV01018,Desktop Browser,2025-12-14,1
DEV01019,Mobile Browser,2025-07-18,1
DEV01020,Tablet,2025-03-13,1
DEV01021,Mobile App,2026-04-04,1
DEV01022,Mobile App,2026-06-28,1
DEV01023,Mobile Browser,2025-07-27,1
DEV01024,Mobile Browser,2026-01-01,1
DEV01025,Mobile App,2026-05-09,1
DEV01026,Mobile Browser,2026-03-17,1
DEV01027,Mobile App,2025-05-12,1
DEV01028,Desktop Browser,2026-03-25,1
DEV01029,Desktop Browser,2025-12-15,1
DEV01030,Mobile Browser,2025-11-14,1
DEV01031,Mobile App,2025-03-06,1
DEV01032,Tablet,2025-07-26,1
DEV01033,Desktop Browser,2026-06-22,1
DEV01034,Mobile App,2025-03-10,1
DEV01035,Mobile App,2025-07-29,1
DEV01036,Mobile Browser,2025-03-30,1
DEV01037,Mobile App,2026-04-25,1
DEV01038,Mobile App,2025-12-30,1
DEV01039,Desktop Browser,2025-08-19,1
DEV01040,Mobile Browser,2025-12-12,1
DEV01041,Mobile App,2025-07-27,1
DEV01042,Mobile Browser,2025-12-24,1
DEV01043,Desktop Browser,2025-09-23,1
DEV01044,Mobile Browser,2025-12-26,1
DEV01045,Mobile App,2025-08-23,1
DEV01046,Tablet,2025-06-18,1
DEV01047,Mobile App,2025-09-18,1
DEV01048,Desktop Browser,2025-05-25,1
DEV01049,Tablet,2025-04-20,1
DEV01050,Desktop Browser,2026-05-16,1
DEV01051,Mobile App,2026-02-07,1
DEV01052,Mobile Browser,2025-03-10,1
DEV01053,Tablet,2025-12-23,1
DEV01054,Tablet,2026-02-14,1
DEV01055,Mobile Browser,2025-09-17,1
DEV01056,Mobile Browser,2026-04-19,1
DEV01057,Mobile App,2026-05-11,1
DEV01058,Tablet,2025-03-08,1
DEV01059,Desktop Browser,2025-09-27,1
DEV01060,Mobile Browser,2025-05-25,1
DEV01061,Mobile App,2026-05-20,1
DEV01062,Mobile Browser,2025-12-29,1
DEV01063,Mobile Browser,2026-03-20,1
DEV01064,Mobile Browser,2025-04-16,1
DEV01065,Mobile App,2025-09-19,1
DEV01066,Mobile App,2025-03-24,1
DEV01067,Mobile App,2026-02-03,1
DEV01068,Mobile App,2025-11-16,1
DEV01069,Mobile App,2025-05-25,1
DEV01070,Mobile App,2025-03-31,1
DEV01071,Desktop Browser,2026-05-14,1
DEV01072,Mobile Browser,2026-04-16,1
DEV01073,Desktop Browser,2026-03-31,1
DEV01074,Mobile App,2026-05-11,1
DEV01075,Mobile App,2026-02-28,1
DEV01076,Mobile Browser,2025-08-23,1
DEV01077,Mobile App,2026-03-17,1
DEV01078,Desktop Browser,2025-09-05,1
DEV01079,Desktop Browser,2026-02-06,1
DEV01080,Mobile App,2025-04-24,1
DEV01081,Desktop Browser,2025-09-16,1
DEV01082,Mobile App,2025-08-24,1
DEV01083,Mobile App,2026-08-23,1
DEV01084,Mobile App,2026-01-01,1
DEV01085,Desktop Browser,2025-11-22,1
DEV01086,Tablet,2026-06-26,1
DEV01087,Mobile Browser,2025-07-11,1
DEV01088,Tablet,2026-07-25,1
DEV01089,Desktop Browser,2025-11-08,1
DEV01090,Desktop Browser,2026-04-09,1
DEV01091,Desktop Browser,2025-04-15,1
DEV01092,Mobile App,2025-12-30,1
DEV01093,Mobile App,2025-10-19,1
DEV01094,Mobile App,2025-12-20,1
DEV01095,Desktop Browser,2025-08-05,1
DEV01096,Tablet,2025-10-03,1
DEV01097,Desktop Browser,2025-03-30,1
DEV01098,Mobile Browser,2025-11-30,1
DEV01099,Mobile App,2025-04-05,1
DEV01100,Mobile App,2025-08-02,1
DEV01101,Desktop Browser,2026-05-12,1
DEV01102,Mobile App,2025-04-08,1
DEV01103,Mobile Browser,2025-06-30,1
DEV01104,Mobile App,2026-05-29,1
DEV01105,Mobile Browser,2025-11-02,1
DEV01106,Mobile App,2026-03-10,1
DEV01107,Mobile Browser,2026-08-01,1
DEV01108,Mobile App,2025-06-22,1
DEV01109,Mobile Browser,2025-12-01,1
DEV01110,Mobile App,2026-02-23,1
DEV01111,Mobile Browser,2026-04-27,1
DEV01112,Mobile App,2025-04-19,1
DEV01113,Desktop Browser,2025-09-29,1
DEV01114,Desktop Browser,2026-01-14,1
DEV01115,Desktop Browser,2025-07-15,1
DEV01116,Mobile Browser,2025-05-04,1
DEV01117,Desktop Browser,2026-01-28,1
DEV01118,Mobile Browser,2026-07-11,1
DEV01119,Mobile App,2025-07-20,1
DEV01120,Mobile Browser,2025-09-07,1
DEV01121,Desktop Browser,2026-04-20,1
DEV01122,Mobile App,2025-03-16,1
DEV01123,Mobile Browser,2025-12-08,1
DEV01124,Mobile App,2025-04-04,1
DEV01125,Mobile App,2025-04-22,1
DEV01126,Mobile App,2026-03-04,1
DEV01127,Tablet,2026-02-24,1
DEV01128,Mobile App,2025-04-03,1
DEV01129,Mobile App,2025-04-28,1
DEV01130,Mobile Browser,2025-05-17,1
DEV01131,Mobile Browser,2025-06-20,1
DEV01132,Mobile App,2026-01-11,1
DEV01133,Desktop Browser,2025-03-18,1
DEV01134,Mobile App,2025-08-02,1
DEV01135,Mobile App,2026-02-23,1
DEV01136,Desktop Browser,2026-08-10,1
DEV01137,Mobile App,2025-09-28,1
DEV01138,Desktop Browser,2025-12-08,1
DEV01139,Mobile App,2025-03-30,1
DEV01140,Mobile App,2026-05-19,1
DEV01141,Mobile App,2026-04-30,1
DEV01142,Mobile Browser,2025-05-30,1
DEV01143,Mobile App,2026-05-18,1
DEV01144,Mobile Browser,2026-06-18,1
DEV01145,Mobile App,2026-05-30,1
DEV01146,Tablet,2025-11-02,1
DEV01147,Desktop Browser,2025-10-21,1
DEV01148,Desktop Browser,2025-04-07,1
DEV01149,Desktop Browser,2026-05-23,1
DEV01150,Desktop Browser,2025-03-26,1
DEV01151,Mobile Browser,2025-12-23,1
DEV01152,Desktop Browser,2026-06-11,1
DEV01153,Desktop Browser,2025-04-15,1
DEV01154,Mobile App,2025-05-21,1
DEV01155,Mobile Browser,2025-11-28,1
DEV01156,Desktop Browser,2025-04-27,1
DEV01157,Mobile Browser,2025-10-02,1
DEV01158,Desktop Browser,2026-06-16,1
DEV01159,Mobile App,2025-12-12,1
DEV01160,Desktop Browser,2026-06-01,1
DEV01161,Mobile App,2025-07-28,1
DEV01162,Mobile App,2025-10-01,1
DEV01163,Mobile App,2025-07-09,1
DEV01164,Mobile Browser,2026-03-16,1
DEV01165,Tablet,2025-06-29,1
DEV01166,Mobile App,2026-05-30,1
DEV01167,Mobile App,2025-07-21,1
DEV01168,Tablet,2025-11-16,1
DEV01169,Desktop Browser,2026-01-23,1
DEV01170,Desktop Browser,2025-03-10,1
DEV01171,Mobile Browser,2025-10-16,1
DEV01172,Mobile Browser,2026-04-29,1
DEV01173,Mobile App,2025-06-17,1
DEV01174,Desktop Browser,2025-11-18,1
DEV01175,Tablet,2026-03-13,1
DEV01176,Mobile Browser,2025-11-14,1
DEV01177,Mobile App,2026-08-04,1
DEV01178,Mobile Browser,2026-01-02,1
DEV01179,Mobile App,2026-05-26,1
DEV01180,Mobile App,2025-10-15,1
DEV01181,Desktop Browser,2025-12-22,1
DEV01182,Mobile App,2025-10-03,1
DEV01183,Mobile App,2026-05-22,1
DEV01184,Desktop Browser,2026-05-06,1
DEV01185,Mobile App,2025-04-06,1
DEV01186,Mobile Browser,2026-02-05,1
DEV01187,Tablet,2025-04-03,1
DEV01188,Mobile App,2025-09-25,1
DEV01189,Desktop Browser,2025-07-30,1
DEV01190,Mobile App,2025-09-15,1
DEV01191,Desktop Browser,2025-05-18,1
DEV01192,Mobile App,2025-04-01,1
DEV01193,Mobile Browser,2026-03-28,1
DEV01194,Desktop Browser,2025-10-18,1
DEV01195,Mobile App,2025-09-08,1
DEV01196,Desktop Browser,2025-11-25,1
DEV01197,Desktop Browser,2025-05-16,1
DEV01198,Mobile App,2025-08-14,1
DEV01199,Mobile Browser,2025-05-28,1
DEV01200,Desktop Browser,2025-08-03,1
DEV01201,Mobile App,2025-03-17,1
DEV01202,Mobile App,2026-01-27,1
DEV01203,Mobile App,2025-05-19,1
DEV01204,Mobile App,2025-09-19,1
DEV01205,Mobile Browser,2025-10-06,1
DEV01206,Mobile App,2026-01-10,1
DEV01207,Mobile App,2026-03-07,1
DEV01208,Desktop Browser,2025-08-03,1
DEV01209,Desktop Browser,2026-07-21,1
DEV01210,Mobile Browser,2025-10-06,1
DEV01211,Mobile Browser,2025-06-25,1
DEV01212,Tablet,2026-02-14,1
DEV01213,Mobile App,2025-10-12,1
DEV01214,Desktop Browser,2025-10-08,1
DEV01215,Mobile App,2026-07-19,1
DEV01216,Mobile App,2025-07-29,1
DEV01217,Mobile App,2026-08-15,1
DEV01218,Mobile App,2025-07-16,1
DEV01219,Desktop Browser,2026-08-24,1
DEV01220,Mobile Browser,2025-08-08,1
DEV01221,Mobile Browser,2025-12-03,1
DEV01222,Mobile App,2026-07-10,1
DEV01223,Mobile App,2025-04-05,1
DEV01224,Mobile App,2025-04-01,1
DEV01225,Mobile Browser,2025-11-05,1
DEV01226,Desktop Browser,2025-12-04,1
DEV01227,Mobile Browser,2025-03-02,1
DEV01228,Mobile App,2025-06-18,1
DEV01229,Mobile App,2025-12-10,1
DEV01230,Mobile App,2025-06-21,1
DEV01231,Desktop Browser,2026-06-14,1
DEV01232,Mobile Browser,2026-07-09,1
DEV01233,Mobile App,2026-03-13,1
DEV01234,Desktop Browser,2026-05-01,1
DEV01235,Mobile App,2026-08-09,1
DEV01236,Mobile App,2026-08-14,1
DEV01237,Mobile Browser,2025-04-03,1
DEV01238,Desktop Browser,2026-07-03,1
DEV01239,Mobile App,2026-04-27,1
DEV01240,Tablet,2025-10-02,1
DEV01241,Desktop Browser,2025-12-06,1
DEV01242,Mobile Browser,2025-09-02,1
DEV01243,Desktop Browser,2026-05-08,1
DEV01244,Mobile App,2025-07-11,1
DEV01245,Mobile App,2025-11-17,1
DEV01246,Mobile App,2025-06-11,1
DEV01247,Mobile Browser,2026-04-27,1
DEV01248,Mobile App,2025-10-30,1
DEV01249,Mobile App,2026-03-28,1
DEV01250,Tablet,2025-08-25,1
DEV01251,Desktop Browser,2025-05-11,1
DEV01252,Desktop Browser,2025-07-27,1
DEV01253,Desktop Browser,2025-10-07,1
DEV01254,Mobile App,2026-03-09,1
DEV01255,Mobile Browser,2025-12-24,1
DEV01256,Mobile Browser,2026-07-05,1
DEV01257,Mobile Browser,2025-04-16,1
DEV01258,Mobile App,2025-04-27,1
DEV01259,Tablet,2025-09-25,1
DEV01260,Mobile Browser,2025-04-08,1
DEV01261,Mobile Browser,2026-04-17,1
DEV01262,Mobile App,2025-04-21,1
DEV01263,Desktop Browser,2025-08-03,1
DEV01264,Desktop Browser,2025-05-29,1
DEV01265,Mobile App,2026-02-14,1
DEV01266,Mobile App,2025-10-28,1
DEV01267,Mobile App,2025-04-21,1
DEV01268,Desktop Browser,2026-07-22,1
DEV01269,Mobile App,2026-04-28,1
DEV01270,Desktop Browser,2026-02-28,1
DEV01271,Desktop Browser,2025-11-26,1
DEV01272,Mobile Browser,2025-06-24,1
DEV01273,Mobile App,2025-10-27,1
DEV01274,Mobile App,2026-01-20,1
DEV01275,Mobile App,2025-03-16,1
DEV01276,Mobile Browser,2025-06-15,1
DEV01277,Mobile Browser,2025-12-08,1
DEV01278,Desktop Browser,2025-05-12,1
DEV01279,Desktop Browser,2025-11-14,1
DEV01280,Mobile Browser,2026-03-25,1
DEV01281,Mobile App,2026-04-30,1
DEV01282,Mobile Browser,2025-10-03,1
DEV01283,Desktop Browser,2025-05-25,1
DEV01284,Mobile App,2026-01-14,1
DEV01285,Desktop Browser,2026-04-19,1
DEV01286,Mobile Browser,2025-08-08,1
DEV01287,Mobile Browser,2026-04-24,1
DEV01288,Mobile App,2026-05-16,1
DEV01289,Mobile Browser,2026-06-09,1
DEV01290,Desktop Browser,2026-04-16,1
DEV01291,Desktop Browser,2025-03-18,1
DEV01292,Mobile Browser,2026-06-07,1
DEV01293,Mobile App,2025-03-01,1
DEV01294,Mobile Browser,2026-07-22,1
DEV01295,Mobile App,2026-06-19,1
DEV01296,Desktop Browser,2025-04-01,1
DEV01297,Mobile App,2025-08-31,1
DEV01298,Mobile App,2025-05-13,1
DEV01299,Mobile Browser,2026-04-24,1
DEV01300,Mobile App,2025-06-22,1
DEV01301,Mobile App,2026-01-24,1
DEV01302,Desktop Browser,2025-08-20,1
DEV01303,Mobile Browser,2026-07-14,1
DEV01304,Mobile App,2025-10-09,1
DEV01305,Mobile Browser,2026-03-08,1
DEV01306,Mobile App,2025-10-22,1
DEV01307,Tablet,2026-01-08,1
DEV01308,Mobile App,2026-03-15,1
DEV01309,Desktop Browser,2026-04-24,1
DEV01310,Mobile App,2026-07-22,1
DEV01311,Mobile Browser,2025-09-21,1
DEV01312,Mobile Browser,2025-11-12,1
DEV01313,Mobile App,2025-03-14,1
DEV01314,Mobile Browser,2025-09-03,1
DEV01315,Mobile App,2025-04-09,1
DEV01316,Mobile Browser,2026-04-22,1
DEV01317,Mobile Browser,2025-03-09,1
DEV01318,Mobile App,2026-08-15,1
DEV01319,Mobile App,2026-02-21,1
DEV01320,Mobile Browser,2025-03-25,1
DEV01321,Mobile Browser,2025-10-22,1
DEV01322,Mobile App,2026-08-31,1
DEV01323,Tablet,2026-01-26,1
DEV01324,Mobile App,2026-08-14,1
DEV01325,Mobile Browser,2025-03-29,1
DEV01326,Desktop Browser,2025-07-26,1
DEV01327,Mobile Browser,2025-12-08,1
DEV01328,Mobile Browser,2025-06-21,1
DEV01329,Mobile App,2026-01-24,1
DEV01330,Desktop Browser,2026-04-03,1
DEV01331,Desktop Browser,2026-07-21,1
DEV01332,Tablet,2026-04-11,1
DEV01333,Mobile Browser,2025-12-15,1
DEV01334,Mobile App,2025-08-03,1
DEV01335,Mobile App,2025-06-05,1
DEV01336,Mobile App,2026-05-24,1
DEV01337,Mobile App,2026-07-19,1
DEV01338,Mobile App,2026-01-17,1
DEV01339,Mobile Browser,2025-08-27,1
DEV01340,Tablet,2025-12-12,1
DEV01341,Tablet,2025-11-17,1
DEV01342,Mobile Browser,2026-06-30,1
DEV01343,Mobile Browser,2025-08-28,1
DEV01344,Mobile App,2025-03-21,1
DEV01345,Mobile App,2026-01-27,1
DEV01346,Mobile App,2026-04-17,1
DEV01347,Mobile App,2025-11-12,1
DEV01348,Mobile Browser,2026-08-15,1
DEV01349,Mobile Browser,2025-04-19,1
DEV01350,Mobile Browser,2026-06-30,1
DEV01351,Mobile Browser,2025-09-12,1
DEV01352,Mobile Browser,2026-03-23,1
DEV01353,Mobile App,2026-05-29,1
DEV01354,Mobile App,2026-01-04,1
DEV01355,Mobile App,2025-07-12,1
DEV01356,Mobile App,2026-02-28,1
DEV01357,Mobile Browser,2026-02-26,1
DEV01358,Tablet,2025-04-20,1
DEV01359,Mobile App,2025-07-23,1
DEV01360,Mobile App,2025-08-02,1
DEV01361,Mobile Browser,2026-02-26,1
DEV01362,Mobile Browser,2025-12-23,1
DEV01363,Mobile Browser,2025-12-29,1
DEV01364,Mobile Browser,2025-10-25,1
DEV01365,Desktop Browser,2026-07-30,1
DEV01366,Mobile Browser,2026-04-14,1
DEV01367,Desktop Browser,2025-03-23,1
DEV01368,Mobile Browser,2025-12-01,1
DEV01369,Mobile App,2025-10-15,1
DEV01370,Mobile App,2025-08-23,1
DEV01371,Desktop Browser,2026-01-23,1
DEV01372,Mobile App,2026-02-19,1
DEV01373,Mobile App,2025-05-10,1
DEV01374,Tablet,2026-08-05,1
DEV01375,Desktop Browser,2025-09-12,1
DEV01376,Mobile App,2026-02-13,1
DEV01377,Mobile Browser,2025-10-02,1
DEV01378,Mobile App,2026-08-23,1
DEV01379,Mobile App,2025-12-10,1
DEV01380,Mobile App,2026-03-07,1
DEV01381,Mobile App,2025-12-04,1
DEV01382,Mobile App,2025-11-10,1
DEV01383,Desktop Browser,2025-11-19,1
DEV01384,Mobile App,2026-04-28,1
DEV01385,Desktop Browser,2025-06-08,1
DEV01386,Mobile Browser,2026-01-02,1
DEV01387,Mobile App,2026-08-30,1
DEV01388,Mobile App,2025-08-30,1
DEV01389,Mobile App,2025-08-12,1
DEV01390,Mobile Browser,2026-05-29,1
DEV01391,Mobile Browser,2026-08-16,1
DEV01392,Mobile Browser,2025-04-27,1
DEV01393,Mobile App,2026-04-06,1
DEV01394,Mobile App,2026-08-01,1
DEV01395,Mobile App,2025-04-15,1
DEV01396,Mobile Browser,2025-05-13,1
DEV01397,Tablet,2026-01-29,1
DEV01398,Mobile App,2025-12-21,1
DEV01399,Mobile App,2025-03-15,1
DEV01400,Mobile App,2026-06-21,1
DEV01401,Mobile App,2026-03-27,1
DEV01402,Mobile Browser,2026-03-03,1
DEV01403,Tablet,2026-03-13,1
DEV01404,Mobile App,2025-03-13,1
DEV01405,Desktop Browser,2025-11-25,1
DEV01406,Desktop Browser,2025-05-09,1
DEV01407,Mobile Browser,2025-05-28,1
DEV01408,Mobile App,2025-10-03,1
DEV01409,Mobile App,2026-08-26,1
DEV01410,Mobile App,2025-04-01,1
DEV01411,Mobile App,2025-11-15,1
DEV01412,Mobile App,2025-12-10,1
DEV01413,Mobile App,2026-08-24,1
DEV01414,Mobile App,2025-05-06,1
DEV01415,Desktop Browser,2025-12-04,1
DEV01416,Mobile App,2026-04-03,1
DEV01417,Mobile Browser,2026-06-25,1
DEV01418,Mobile App,2025-09-02,1
DEV01419,Mobile App,2025-11-15,1
DEV01420,Mobile Browser,2026-07-20,1
DEV01421,Mobile App,2025-08-08,1
DEV01422,Mobile Browser,2026-07-15,1
DEV01423,Mobile App,2026-06-18,1
DEV01424,Mobile App,2026-06-06,1
DEV01425,Desktop Browser,2025-07-31,1
DEV01426,Desktop Browser,2025-07-27,1
DEV01427,Mobile Browser,2025-07-09,1
DEV01428,Desktop Browser,2026-07-04,1
DEV01429,Mobile App,2026-08-20,1
DEV01430,Mobile App,2025-12-20,1
DEV01431,Mobile App,2025-11-30,1
DEV01432,Mobile App,2026-03-11,1
DEV01433,Mobile Browser,2025-09-20,1
DEV01434,Mobile App,2025-05-14,1
DEV01435,Mobile Browser,2025-12-29,1
DEV01436,Mobile App,2025-06-16,1
DEV01437,Mobile Browser,2025-10-15,1
DEV01438,Mobile App,2025-11-23,1
DEV01439,Mobile Browser,2025-11-09,1
DEV01440,Mobile App,2025-05-26,1
DEV01441,Desktop Browser,2026-03-23,1
DEV01442,Mobile Browser,2026-04-01,1
DEV01443,Mobile App,2026-05-14,1
DEV01444,Mobile App,2026-01-05,1
DEV01445,Mobile Browser,2025-04-04,1
DEV01446,Mobile App,2026-04-12,1
DEV01447,Mobile Browser,2026-06-18,1
DEV01448,Mobile Browser,2026-02-19,1
DEV01449,Desktop Browser,2026-02-28,1
DEV01450,Mobile Browser,2026-03-01,1
DEV01451,Mobile App,2025-12-13,1
DEV01452,Mobile Browser,2026-07-14,1
DEV01453,Mobile App,2025-06-11,1
DEV01454,Mobile Browser,2025-09-21,1
DEV01455,Desktop Browser,2026-06-13,1
DEV01456,Mobile App,2026-05-01,1
DEV01457,Mobile Browser,2026-07-28,1
DEV01458,Mobile App,2026-03-24,1
DEV01459,Mobile Browser,2026-02-15,1
DEV01460,Desktop Browser,2026-06-03,1
DEV01461,Mobile App,2025-04-02,1
DEV01462,Mobile Browser,2025-09-08,1
DEV01463,Mobile App,2026-05-02,1
DEV01464,Mobile App,2025-10-26,1
DEV01465,Mobile App,2026-01-24,1
DEV01466,Mobile Browser,2026-05-24,1
DEV01467,Mobile App,2026-08-19,1
DEV01468,Mobile App,2026-03-30,1
DEV01469,Desktop Browser,2025-09-14,1
DEV01470,Mobile Browser,2025-05-23,1
DEV01471,Desktop Browser,2026-05-31,1
DEV01472,Mobile App,2025-05-11,1
DEV01473,Mobile Browser,2025-11-01,1
DEV01474,Desktop Browser,2026-06-14,1
DEV01475,Mobile Browser,2025-03-07,1
DEV01476,Mobile Browser,2025-07-03,1
DEV01477,Mobile App,2026-08-07,1
DEV01478,Desktop Browser,2026-02-23,1
DEV01479,Mobile App,2026-01-14,1
DEV01480,Desktop Browser,2025-03-30,1
DEV01481,Mobile Browser,2025-08-03,1
DEV01482,Mobile App,2026-04-03,1
DEV01483,Mobile Browser,2025-08-15,1
DEV01484,Mobile App,2026-02-25,1
DEV01485,Mobile App,2025-08-18,1
DEV01486,Mobile App,2025-09-23,1
DEV01487,Mobile Browser,2025-04-17,1
DEV01488,Mobile Browser,2026-04-11,1
DEV01489,Mobile App,2026-07-19,1
DEV01490,Mobile App,2025-12-19,1
DEV01491,Desktop Browser,2025-03-16,1
DEV01492,Mobile App,2026-02-12,1
DEV01493,Mobile Browser,2025-07-12,1
DEV01494,Mobile Browser,2026-07-21,1
DEV01495,Mobile Browser,2026-06-02,1
DEV01496,Mobile App,2025-08-06,1
DEV01497,Mobile App,2026-08-09,1
DEV01498,Mobile Browser,2026-06-29,1
DEV01499,Tablet,2025-03-12,1
DEV01500,Mobile App,2025-06-04,1
DEV01501,Mobile Browser,2025-12-15,1
DEV01502,Mobile App,2025-04-08,1
DEV01503,Mobile App,2025-09-22,1
DEV01504,Mobile App,2026-06-27,1
DEV01505,Mobile App,2025-11-04,1
DEV01506,Mobile Browser,2025-07-16,1
DEV01507,Mobile App,2026-05-18,1
DEV01508,Desktop Browser,2026-04-15,1
DEV01509,Tablet,2026-08-20,1
DEV01510,Mobile Browser,2026-04-23,1
DEV01511,Tablet,2025-06-23,1
DEV01512,Mobile App,2026-07-28,1
DEV01513,Mobile App,2026-05-09,1
DEV01514,Desktop Browser,2025-11-23,1
DEV01515,Mobile App,2026-02-23,1
DEV01516,Mobile Browser,2025-04-09,1
DEV01517,Mobile Browser,2025-09-25,1
DEV01518,Mobile App,2025-06-27,1
DEV01519,Desktop Browser,2026-08-18,1
DEV01520,Mobile Browser,2026-07-22,1
DEV01521,Mobile Browser,2025-08-08,1
DEV01522,Tablet,2026-06-01,1
DEV01523,Mobile Browser,2025-04-14,1
DEV01524,Mobile Browser,2025-10-20,1
DEV01525,Mobile App,2025-09-13,1
DEV01526,Mobile Browser,2025-04-05,1
DEV01527,Mobile Browser,2026-08-12,1
DEV01528,Mobile Browser,2025-11-12,1
DEV01529,Mobile Browser,2026-05-18,1
DEV01530,Mobile Browser,2025-07-07,1
DEV01531,Desktop Browser,2025-11-12,1
DEV01532,Mobile App,2025-06-08,1
DEV01533,Mobile Browser,2025-11-18,1
DEV01534,Mobile App,2026-01-24,1
DEV01535,Desktop Browser,2025-10-05,1
DEV01536,Desktop Browser,2025-07-01,1
DEV01537,Mobile App,2026-07-31,1
DEV01538,Mobile App,2025-10-11,1
DEV01539,Mobile App,2026-06-09,1
DEV01540,Mobile App,2026-02-26,1
DEV01541,Mobile App,2025-04-25,1
DEV01542,Mobile App,2025-03-22,1
DEV01543,Mobile Browser,2026-08-04,1
DEV01544,Mobile Browser,2025-10-11,1
DEV01545,Mobile Browser,2025-07-01,1
DEV01546,Mobile App,2025-12-26,1
DEV01547,Mobile Browser,2025-05-06,1
DEV01548,Mobile Browser,2026-03-29,1
DEV01549,Desktop Browser,2026-04-09,1
DEV01550,Desktop Browser,2025-05-08,1
DEV01551,Mobile Browser,2026-01-14,1
DEV01552,Mobile Browser,2026-08-11,1
DEV01553,Mobile App,2026-08-15,1
DEV01554,Mobile App,2025-06-19,1
DEV01555,Mobile App,2025-12-08,1
DEV01556,Mobile Browser,2025-09-10,1
DEV01557,Mobile Browser,2026-02-05,1
DEV01558,Mobile Browser,2026-03-05,1
DEV01559,Mobile App,2025-07-09,1
DEV01560,Mobile Browser,2025-04-30,1
DEV01561,Mobile App,2025-11-27,1
DEV01562,Mobile App,2025-07-11,1
DEV01563,Desktop Browser,2026-05-08,1
DEV01564,Desktop Browser,2026-01-13,1
DEV01565,Mobile Browser,2026-06-17,1
DEV01566,Mobile Browser,2026-07-12,1
DEV01567,Desktop Browser,2025-07-07,1
DEV01568,Mobile Browser,2026-03-23,1
DEV01569,Mobile App,2026-05-11,1
DEV01570,Desktop Browser,2025-04-18,1
DEV01571,Mobile App,2025-07-07,1
DEV01572,Mobile App,2026-08-27,1
DEV01573,Mobile App,2025-07-11,1
DEV01574,Tablet,2026-07-19,1
DEV01575,Mobile Browser,2026-08-16,1
DEV01576,Tablet,2026-07-29,1
DEV01577,Desktop Browser,2025-08-12,1
DEV01578,Mobile Browser,2025-10-04,1
DEV01579,Mobile App,2025-03-05,1
DEV01580,Mobile App,2025-05-20,1
DEV01581,Mobile Browser,2026-07-06,1
DEV01582,Mobile App,2026-01-01,1
DEV01583,Mobile Browser,2026-08-25,1
DEV01584,Mobile Browser,2026-07-28,1
DEV01585,Tablet,2025-05-12,1
DEV01586,Desktop Browser,2025-06-30,1
DEV01587,Mobile App,2026-07-26,1
DEV01588,Tablet,2025-04-07,1
DEV01589,Mobile Browser,2026-02-08,1
DEV01590,Desktop Browser,2025-08-31,1
DEV01591,Mobile App,2026-03-18,1
DEV01592,Desktop Browser,2026-01-10,1
DEV01593,Mobile Browser,2026-02-08,1
DEV01594,Mobile Browser,2026-06-16,1
DEV01595,Mobile Browser,2026-05-12,1
DEV01596,Mobile Browser,2025-07-17,1
DEV01597,Mobile App,2025-12-27,1
DEV01598,Mobile App,2026-08-11,1
DEV01599,Mobile App,2025-12-17,1
DEV01600,Mobile Browser,2026-06-27,1
DEV01601,Mobile Browser,2026-01-30,1
DEV01602,Mobile App,2026-07-29,1
DEV01603,Mobile App,2026-07-31,1
DEV01604,Mobile Browser,2026-04-27,1
DEV01605,Mobile Browser,2025-10-18,1
DEV01606,Mobile App,2025-09-11,1
DEV01607,Mobile App,2025-12-02,1
DEV01608,Tablet,2025-10-10,1
DEV01609,Mobile App,2025-12-03,1
DEV01610,Desktop Browser,2026-03-01,1
DEV01611,Mobile App,2026-05-13,1
DEV01612,Mobile App,2026-03-31,1
DEV01613,Mobile App,2026-06-06,1
DEV01614,Mobile App,2026-03-10,1
DEV01615,Mobile App,2025-06-01,1
DEV01616,Desktop Browser,2026-01-15,1
DEV01617,Mobile Browser,2025-12-28,1
DEV01618,Mobile App,2026-05-30,1
DEV01619,Tablet,2026-08-20,1
DEV01620,Mobile Browser,2025-06-03,1
DEV01621,Mobile App,2025-06-15,1
DEV01622,Mobile Browser,2026-08-08,1
DEV01623,Mobile App,2026-03-11,1
DEV01624,Desktop Browser,2025-04-20,1
DEV01625,Mobile Browser,2026-04-23,1
DEV01626,Mobile Browser,2025-08-14,1
DEV01627,Mobile Browser,2025-09-08,1
DEV01628,Mobile App,2025-09-01,1
DEV01629,Desktop Browser,2025-06-07,1
DEV01630,Mobile App,2025-09-18,1
DEV01631,Desktop Browser,2025-06-04,1
DEV01632,Desktop Browser,2025-10-04,1
DEV01633,Mobile App,2025-10-05,1
DEV01634,Tablet,2026-01-26,1
DEV01635,Desktop Browser,2025-07-30,1
DEV01636,Desktop Browser,2026-04-18,1
DEV01637,Desktop Browser,2026-03-14,1
DEV01638,Desktop Browser,2026-05-02,1
DEV01639,Mobile Browser,2025-05-23,1
DEV01640,Desktop Browser,2026-01-03,1
DEV01641,Mobile Browser,2025-06-14,1
DEV01642,Mobile App,2026-08-24,1
DEV01643,Desktop Browser,2026-04-04,1
DEV01644,Mobile Browser,2026-08-17,1
DEV01645,Mobile Browser,2025-03-05,1
DEV01646,Mobile App,2025-05-21,1
DEV01647,Desktop Browser,2026-04-09,1
DEV01648,Mobile Browser,2025-10-10,1
DEV01649,Mobile Browser,2026-01-14,1
DEV01650,Mobile App,2026-02-06,1
DEV01651,Mobile App,2026-02-06,1
DEV01652,Mobile Browser,2025-08-22,1
DEV01653,Mobile App,2026-02-16,1
DEV01654,Desktop Browser,2026-02-11,1
DEV01655,Mobile App,2025-10-12,1
DEV01656,Mobile App,2025-03-31,1
DEV01657,Mobile App,2025-03-24,1
DEV01658,Desktop Browser,2025-09-27,1
DEV01659,Mobile App,2025-11-10,1
DEV01660,Desktop Browser,2026-07-17,1
DEV01661,Mobile App,2025-10-06,1
DEV01662,Mobile Browser,2026-08-06,1
DEV01663,Mobile Browser,2026-03-10,1
DEV01664,Mobile App,2025-07-25,1
DEV01665,Mobile Browser,2025-04-11,1
DEV01666,Mobile App,2026-08-25,1
DEV01667,Mobile Browser,2025-12-13,1
DEV01668,Mobile App,2026-07-25,1
DEV01669,Desktop Browser,2025-10-08,1
DEV01670,Desktop Browser,2026-04-08,1
DEV01671,Mobile App,2025-07-05,1
DEV01672,Mobile Browser,2025-03-15,1
DEV01673,Mobile Browser,2025-06-13,1
DEV01674,Desktop Browser,2026-01-13,1
DEV01675,Mobile App,2025-12-02,1
DEV01676,Mobile App,2026-02-04,1
DEV01677,Tablet,2026-06-17,1
DEV01678,Mobile Browser,2026-04-23,1
DEV01679,Mobile App,2026-07-08,1
DEV01680,Desktop Browser,2025-06-29,1
DEV01681,Desktop Browser,2025-11-17,1
DEV01682,Tablet,2025-07-07,1
DEV01683,Mobile App,2026-02-19,1
DEV01684,Mobile App,2025-05-04,1
DEV01685,Mobile App,2026-05-01,1
DEV01686,Mobile Browser,2025-05-13,1
DEV01687,Mobile App,2025-09-08,1
DEV01688,Desktop Browser,2025-10-25,1
DEV01689,Mobile App,2026-05-27,1
DEV01690,Tablet,2025-04-17,1
DEV01691,Mobile App,2026-08-29,1
DEV01692,Mobile App,2026-01-09,1
DEV01693,Mobile Browser,2025-04-05,1
DEV01694,Mobile Browser,2026-04-07,1
DEV01695,Mobile App,2025-08-27,1
DEV01696,Mobile App,2026-08-30,1
DEV01697,Desktop Browser,2025-05-21,1
DEV01698,Mobile Browser,2025-12-24,1
DEV01699,Mobile App,2025-04-18,1
DEV01700,Mobile App,2025-04-26,1
DEV01701,Mobile App,2026-07-30,1
DEV01702,Mobile Browser,2025-10-07,1
DEV01703,Mobile Browser,2025-12-19,1
DEV01704,Mobile App,2026-06-24,1
DEV01705,Desktop Browser,2025-11-22,1
DEV01706,Mobile App,2026-05-29,1
DEV01707,Mobile Browser,2025-07-26,1
DEV01708,Desktop Browser,2026-05-05,1
DEV01709,Desktop Browser,2025-10-28,1
DEV01710,Desktop Browser,2025-05-05,1
DEV01711,Mobile Browser,2026-03-23,1
DEV01712,Mobile App,2025-09-25,1
DEV01713,Mobile App,2025-12-22,1
DEV01714,Mobile Browser,2026-03-02,1
DEV01715,Mobile App,2026-05-14,1
DEV01716,Desktop Browser,2026-05-24,1
DEV01717,Mobile App,2026-04-26,1
DEV01718,Mobile Browser,2025-09-05,1
DEV01719,Mobile App,2026-01-09,1
DEV01720,Mobile Browser,2026-03-17,1
DEV01721,Mobile Browser,2025-05-01,1
DEV01722,Desktop Browser,2025-07-09,1
DEV01723,Mobile App,2025-07-01,1
DEV01724,Mobile App,2026-02-05,1
DEV01725,Mobile App,2026-05-29,1
DEV01726,Mobile Browser,2025-03-01,1
DEV01727,Mobile Browser,2026-01-26,1
DEV01728,Mobile App,2025-04-30,1
DEV01729,Mobile Browser,2025-07-25,1
DEV01730,Tablet,2025-12-22,1
DEV01731,Desktop Browser,2026-05-30,1
DEV01732,Mobile Browser,2025-10-17,1
DEV01733,Mobile App,2025-07-08,1
DEV01734,Mobile Browser,2026-03-11,1
DEV01735,Tablet,2025-03-26,1
DEV01736,Mobile Browser,2025-09-13,1
DEV01737,Desktop Browser,2025-09-06,1
DEV01738,Desktop Browser,2025-12-01,1
DEV01739,Mobile App,2026-02-03,1
DEV01740,Mobile App,2026-04-02,1
DEV01741,Mobile App,2026-05-01,1
DEV01742,Mobile App,2026-06-30,1
DEV01743,Desktop Browser,2026-01-19,1
DEV01744,Mobile App,2026-08-10,1
DEV01745,Mobile App,2026-05-09,1
DEV01746,Desktop Browser,2026-03-06,1
DEV01747,Mobile App,2025-11-04,1
DEV01748,Mobile Browser,2025-05-17,1
DEV01749,Mobile App,2026-01-30,1
DEV01750,Mobile App,2025-03-04,1
DEV01751,Mobile App,2026-01-11,1
DEV01752,Mobile App,2025-07-11,1
DEV01753,Mobile Browser,2025-06-27,1
DEV01754,Mobile Browser,2026-08-24,1
DEV01755,Mobile Browser,2026-05-27,1
DEV01756,Mobile App,2026-01-24,1
DEV01757,Tablet,2025-05-24,1
DEV01758,Mobile Browser,2026-01-29,1
DEV01759,Mobile Browser,2025-08-30,1
DEV01760,Mobile App,2026-02-13,1
DEV01761,Desktop Browser,2025-11-24,1
DEV01762,Mobile App,2026-08-19,1
DEV01763,Desktop Browser,2025-03-20,1
DEV01764,Mobile App,2026-04-09,1
DEV01765,Mobile Browser,2025-03-26,1
DEV01766,Tablet,2026-03-30,1
DEV01767,Tablet,2026-03-16,1
DEV01768,Mobile App,2025-05-22,1
DEV01769,Mobile App,2026-05-19,1
DEV01770,Desktop Browser,2026-03-22,1
DEV01771,Mobile App,2026-04-02,1
DEV01772,Mobile App,2026-03-04,1
DEV01773,Tablet,2026-05-17,1
DEV01774,Mobile App,2025-12-13,1
DEV01775,Tablet,2025-04-10,1
DEV01776,Desktop Browser,2025-08-02,1
DEV01777,Tablet,2025-08-26,1
DEV01778,Mobile App,2025-07-15,1
DEV01779,Desktop Browser,2025-08-27,1
DEV01780,Mobile App,2025-10-29,1
DEV01781,Mobile Browser,2026-08-08,1
DEV01782,Mobile App,2026-04-12,1
DEV01783,Mobile App,2025-08-17,1
DEV01784,Desktop Browser,2026-05-21,1
DEV01785,Desktop Browser,2025-05-21,1
DEV01786,Mobile Browser,2025-06-20,1
DEV01787,Desktop Browser,2026-03-11,1
DEV01788,Tablet,2026-07-17,1
DEV01789,Desktop Browser,2025-03-03,1
DEV01790,Desktop Browser,2025-04-11,1
DEV01791,Desktop Browser,2025-07-20,1
DEV01792,Mobile App,2025-03-27,1
DEV01793,Mobile Browser,2025-10-02,1
DEV01794,Mobile Browser,2026-02-08,1
DEV01795,Mobile App,2026-04-17,1
DEV01796,Tablet,2026-05-23,1
DEV01797,Mobile Browser,2026-04-12,1
DEV01798,Mobile App,2025-11-20,1
DEV01799,Mobile App,2025-10-13,1
DEV01800,Desktop Browser,2026-08-30,1
DEV01801,Mobile Browser,2025-05-12,1
DEV01802,Desktop Browser,2025-05-08,1
DEV01803,Tablet,2025-10-16,1
DEV01804,Mobile Browser,2026-04-01,1
DEV01805,Mobile Browser,2025-12-24,1
DEV01806,Mobile App,2025-10-09,1
DEV01807,Mobile App,2025-10-02,1
DEV01808,Desktop Browser,2025-08-16,1
DEV01809,Tablet,2025-09-12,1
DEV01810,Mobile App,2026-08-08,1
DEV01811,Desktop Browser,2025-12-02,1
DEV01812,Mobile Browser,2026-06-09,1
DEV01813,Mobile Browser,2026-01-14,1
DEV01814,Mobile App,2025-08-07,1
DEV01815,Mobile Browser,2025-08-08,1
DEV01816,Mobile App,2025-07-24,1
DEV01817,Mobile Browser,2025-05-28,1
DEV01818,Mobile Browser,2026-01-02,1
DEV01819,Desktop Browser,2026-05-25,1
DEV01820,Mobile App,2026-03-27,1
DEV01821,Desktop Browser,2026-07-04,1
DEV01822,Desktop Browser,2026-06-11,1
DEV01823,Mobile Browser,2025-04-12,1
DEV01824,Mobile App,2025-03-31,1
DEV01825,Mobile Browser,2025-07-06,1
DEV01826,Tablet,2026-05-15,1
DEV01827,Mobile Browser,2026-08-06,1
DEV01828,Mobile App,2025-06-18,1
DEV01829,Mobile App,2025-10-31,1
DEV01830,Mobile Browser,2025-08-10,1
DEV01831,Mobile App,2026-04-03,1
DEV01832,Mobile Browser,2025-10-25,1
DEV01833,Desktop Browser,2025-04-01,1
DEV01834,Mobile App,2025-06-18,1
DEV01835,Mobile Browser,2025-12-25,1
DEV01836,Tablet,2025-11-04,1
DEV01837,Mobile App,2025-10-14,1
DEV01838,Mobile App,2025-10-06,1
DEV01839,Mobile Browser,2026-08-10,1
DEV01840,Mobile Browser,2025-07-14,1
DEV01841,Mobile Browser,2025-11-09,1
DEV01842,Mobile Browser,2025-04-12,1
DEV01843,Mobile Browser,2025-12-28,1
DEV01844,Mobile Browser,2025-09-18,1
DEV01845,Desktop Browser,2025-10-07,1
DEV01846,Mobile Browser,2025-05-20,1
DEV01847,Mobile App,2025-12-10,1
DEV01848,Mobile App,2026-02-09,1
DEV01849,Mobile App,2025-05-08,1
DEV01850,Mobile App,2025-10-26,1
DEV01851,Mobile Browser,2025-03-31,1
DEV01852,Mobile App,2026-01-16,1
DEV01853,Mobile Browser,2026-08-18,1
DEV01854,Desktop Browser,2025-06-13,1
DEV01855,Mobile Browser,2026-08-09,1
DEV01856,Tablet,2025-10-21,1
DEV01857,Mobile Browser,2025-11-18,1
DEV01858,Tablet,2025-12-14,1
DEV01859,Mobile Browser,2026-02-13,1
DEV01860,Mobile Browser,2026-01-29,1
DEV01861,Mobile Browser,2026-02-16,1
DEV01862,Mobile Browser,2026-01-19,1
DEV01863,Mobile App,2025-07-23,1
DEV01864,Mobile App,2025-12-10,1
DEV01865,Mobile Browser,2026-02-23,1
DEV01866,Desktop Browser,2025-08-12,1
DEV01867,Desktop Browser,2025-10-10,1
DEV01868,Mobile App,2026-02-07,1
DEV01869,Mobile App,2025-04-21,1
DEV01870,Mobile App,2025-07-05,1
DEV01871,Desktop Browser,2025-05-10,1
DEV01872,Tablet,2025-03-03,1
DEV01873,Mobile Browser,2025-08-13,1
DEV01874,Desktop Browser,2026-06-20,1
DEV01875,Desktop Browser,2025-10-20,1
DEV01876,Mobile App,2026-03-11,1
DEV01877,Mobile App,2025-12-28,1
DEV01878,Mobile App,2025-03-21,1
DEV01879,Desktop Browser,2026-08-11,1
DEV01880,Mobile Browser,2025-11-25,1
DEV01881,Desktop Browser,2025-11-17,1
DEV01882,Mobile App,2026-07-31,1
DEV01883,Mobile App,2026-05-27,1
DEV01884,Desktop Browser,2026-04-01,1
DEV01885,Desktop Browser,2026-03-07,1
DEV01886,Desktop Browser,2025-06-05,1
DEV01887,Mobile Browser,2025-09-02,1
DEV01888,Mobile App,2025-10-01,1
DEV01889,Tablet,2025-03-29,1
DEV01890,Desktop Browser,2025-04-23,1
DEV01891,Desktop Browser,2025-06-25,1
DEV01892,Mobile Browser,2025-06-22,1
DEV01893,Mobile Browser,2025-12-18,1
DEV01894,Mobile App,2025-11-16,1
DEV01895,Mobile App,2025-04-18,1
DEV01896,Mobile Browser,2026-03-29,1
DEV01897,Mobile Browser,2025-03-23,1
DEV01898,Mobile Browser,2025-06-18,1
DEV01899,Mobile App,2026-04-03,1
DEV01900,Mobile Browser,2025-12-31,1
DEV01901,Mobile App,2025-07-29,1
DEV01902,Mobile App,2026-06-10,1
DEV01903,Desktop Browser,2025-05-06,1
DEV01904,Mobile Browser,2025-09-22,1
DEV01905,Desktop Browser,2026-07-22,1
DEV01906,Mobile Browser,2025-05-13,1
DEV01907,Mobile Browser,2026-06-10,1
DEV01908,Desktop Browser,2025-08-26,1
DEV01909,Desktop Browser,2025-06-21,1
DEV01910,Mobile App,2025-08-06,1
DEV01911,Mobile Browser,2025-03-30,1
DEV01912,Mobile Browser,2026-08-01,1
DEV01913,Mobile App,2025-11-14,1
DEV01914,Desktop Browser,2026-03-25,1
DEV01915,Mobile Browser,2025-09-15,1
DEV01916,Mobile App,2026-07-16,1
DEV01917,Mobile App,2025-06-28,1
DEV01918,Mobile App,2026-08-20,1
DEV01919,Desktop Browser,2026-02-07,1
DEV01920,Mobile App,2025-12-02,1
DEV01921,Mobile App,2026-08-15,1
DEV01922,Tablet,2025-11-02,1
DEV01923,Desktop Browser,2025-03-27,1
DEV01924,Mobile App,2025-06-05,1
DEV01925,Mobile Browser,2026-06-19,1
DEV01926,Mobile App,2025-12-12,1
DEV01927,Tablet,2025-09-28,1
DEV01928,Mobile App,2025-04-03,1
DEV01929,Mobile Browser,2026-07-29,1
DEV01930,Desktop Browser,2026-03-01,1
DEV01931,Tablet,2025-03-28,1
DEV01932,Mobile App,2025-11-28,1
DEV01933,Mobile Browser,2025-09-18,1
DEV01934,Mobile Browser,2026-05-24,1
DEV01935,Mobile App,2025-03-19,1
DEV01936,Mobile Browser,2026-06-01,1
DEV01937,Desktop Browser,2026-04-16,1
DEV01938,Mobile App,2026-07-11,1
DEV01939,Desktop Browser,2026-03-15,1
DEV01940,Desktop Browser,2026-03-29,1
DEV01941,Desktop Browser,2026-08-09,1
DEV01942,Mobile Browser,2025-09-18,1
DEV01943,Mobile App,2026-03-24,1
DEV01944,Mobile App,2025-10-20,1
DEV01945,Mobile App,2026-01-14,1
DEV01946,Mobile App,2025-08-27,1
DEV01947,Tablet,2025-05-15,1
DEV01948,Mobile Browser,2026-07-09,1
DEV01949,Mobile Browser,2026-02-09,1
DEV01950,Desktop Browser,2025-04-29,1
DEV01951,Desktop Browser,2025-10-07,1
DEV01952,Mobile App,2026-07-15,1
DEV01953,Mobile App,2025-04-22,1
DEV01954,Mobile App,2025-03-23,1
DEV01955,Mobile App,2025-04-16,1
DEV01956,Mobile App,2025-03-24,1
DEV01957,Tablet,2025-08-21,1
DEV01958,Mobile App,2025-08-25,1
DEV01959,Mobile Browser,2026-02-05,1
DEV01960,Desktop Browser,2026-05-12,1
DEV01961,Mobile Browser,2026-03-16,1
DEV01962,Mobile App,2025-09-01,1
DEV01963,Mobile App,2025-06-10,1
DEV01964,Mobile Browser,2025-04-20,1
DEV01965,Tablet,2025-09-21,1
DEV01966,Desktop Browser,2025-10-16,1
DEV01967,Mobile Browser,2025-06-16,1
DEV01968,Mobile Browser,2025-11-06,1
DEV01969,Mobile Browser,2026-05-14,1
DEV01970,Mobile App,2026-04-11,1
DEV01971,Desktop Browser,2026-02-24,1
DEV01972,Desktop Browser,2026-08-10,1
DEV01973,Mobile App,2025-07-24,1
DEV01974,Mobile App,2025-03-02,1
DEV01975,Mobile Browser,2025-09-07,1
DEV01976,Mobile App,2026-06-30,1
DEV01977,Mobile Browser,2025-11-12,1
DEV01978,Mobile Browser,2026-06-20,1
DEV01979,Mobile App,2025-10-06,1
DEV01980,Mobile App,2026-03-25,1
DEV01981,Mobile Browser,2025-11-15,1
DEV01982,Mobile Browser,2025-03-20,1
DEV01983,Mobile Browser,2025-11-06,1
DEV01984,Mobile App,2026-04-13,1
DEV01985,Mobile Browser,2026-04-11,1
DEV01986,Mobile App,2026-05-15,1
DEV01987,Mobile Browser,2025-08-27,1
DEV01988,Mobile Browser,2025-03-14,1
DEV01989,Desktop Browser,2025-03-14,1
DEV01990,Mobile Browser,2026-05-10,1
DEV01991,Mobile App,2025-03-19,1
DEV01992,Mobile App,2025-11-15,1
DEV01993,Mobile App,2026-04-20,1
DEV01994,Tablet,2025-06-24,1
DEV01995,Mobile App,2026-03-11,1
DEV01996,Mobile Browser,2025-12-03,1
DEV01997,Mobile App,2026-06-16,1
DEV01998,Mobile Browser,2026-03-27,1
DEV01999,Mobile App,2025-04-01,1
DEV02000,Mobile App,2026-07-29,1
DEV02001,Desktop Browser,2025-10-22,1
DEV02002,Mobile App,2025-11-30,1
DEV02003,Mobile App,2025-05-25,1
DEV02004,Desktop Browser,2025-09-08,1
DEV02005,Tablet,2025-03-31,1
DEV02006,Mobile App,2025-06-15,1
DEV02007,Tablet,2025-12-01,1
DEV02008,Tablet,2025-05-21,1
DEV02009,Mobile Browser,2025-07-07,1
DEV02010,Desktop Browser,2025-10-17,1
DEV02011,Mobile Browser,2026-05-29,1
DEV02012,Mobile App,2026-06-28,1
DEV02013,Desktop Browser,2025-04-02,1
DEV02014,Tablet,2025-11-20,1
DEV02015,Mobile App,2026-03-27,1
DEV02016,Mobile Browser,2026-05-21,1
DEV02017,Mobile Browser,2025-05-28,1
DEV02018,Tablet,2025-08-17,1
DEV02019,Mobile App,2025-03-26,1
DEV02020,Mobile App,2026-07-01,1
DEV02021,Mobile App,2026-04-10,1
DEV02022,Mobile Browser,2026-02-27,1
DEV02023,Mobile Browser,2025-12-17,1
DEV02024,Tablet,2025-09-07,1
DEV02025,Mobile Browser,2025-10-19,1
DEV02026,Desktop Browser,2025-11-26,1
DEV02027,Mobile App,2025-08-18,1
DEV02028,Desktop Browser,2025-07-14,1
DEV02029,Mobile App,2026-07-18,1
DEV02030,Mobile App,2026-05-18,1
DEV02031,Mobile Browser,2026-07-22,1
DEV02032,Mobile App,2025-04-03,1
DEV02033,Mobile Browser,2025-09-11,1
DEV02034,Mobile App,2026-01-02,1
DEV02035,Desktop Browser,2025-11-05,1
DEV02036,Mobile Browser,2026-02-11,1
DEV02037,Mobile App,2026-01-28,1
DEV02038,Mobile Browser,2026-04-02,1
DEV02039,Desktop Browser,2026-04-11,1
DEV02040,Mobile Browser,2026-01-28,1
DEV02041,Mobile App,2026-02-18,1
DEV02042,Mobile App,2025-03-02,1
DEV02043,Mobile Browser,2025-08-15,1
DEV02044,Mobile App,2026-03-05,1
DEV02045,Desktop Browser,2026-05-11,1
DEV02046,Mobile App,2026-08-26,1
DEV02047,Tablet,2025-07-07,1
DEV02048,Desktop Browser,2025-04-04,1
DEV02049,Mobile App,2025-05-16,1
DEV02050,Mobile Browser,2026-08-08,1
DEV02051,Tablet,2025-10-24,1
DEV02052,Desktop Browser,2026-05-06,1
DEV02053,Mobile App,2025-09-17,1
DEV02054,Mobile Browser,2026-02-18,1
DEV02055,Mobile Browser,2026-01-23,1
DEV02056,Desktop Browser,2025-10-17,1
DEV02057,Mobile Browser,2025-07-24,1
DEV02058,Desktop Browser,2025-07-18,1
DEV02059,Mobile Browser,2025-11-09,1
DEV02060,Desktop Browser,2025-05-11,1
DEV02061,Mobile App,2025-07-08,1
DEV02062,Mobile Browser,2025-10-11,1
DEV02063,Mobile App,2026-05-28,1
DEV02064,Desktop Browser,2026-03-19,1
DEV02065,Mobile Browser,2025-06-11,1
DEV02066,Desktop Browser,2025-07-12,1
DEV02067,Desktop Browser,2026-07-23,1
DEV02068,Mobile App,2026-06-25,1
DEV02069,Mobile App,2026-06-26,1
DEV02070,Mobile Browser,2025-03-17,1
DEV02071,Desktop Browser,2026-03-29,1
DEV02072,Mobile Browser,2025-10-05,1
DEV02073,Mobile Browser,2025-11-03,1
DEV02074,Mobile Browser,2025-03-15,1
DEV02075,Mobile Browser,2025-06-20,1
DEV02076,Mobile Browser,2025-03-07,1
DEV02077,Mobile Browser,2025-10-31,1
DEV02078,Mobile App,2026-03-02,1
DEV02079,Desktop Browser,2025-12-12,1
DEV02080,Mobile Browser,2025-06-14,1
DEV02081,Mobile App,2026-06-21,1
DEV02082,Mobile App,2025-06-23,1
DEV02083,Mobile App,2025-04-26,1
DEV02084,Mobile Browser,2025-07-11,1
DEV02085,Mobile App,2025-05-16,1
DEV02086,Mobile App,2026-01-12,1
DEV02087,Mobile Browser,2025-08-01,1
DEV02088,Mobile App,2026-07-30,1
DEV02089,Mobile App,2025-08-24,1
DEV02090,Mobile App,2025-04-07,1
DEV02091,Mobile App,2025-09-19,1
DEV02092,Desktop Browser,2026-05-22,1
DEV02093,Desktop Browser,2025-07-03,1
DEV02094,Tablet,2025-10-30,1
DEV02095,Mobile App,2026-06-08,1
DEV02096,Desktop Browser,2025-12-18,1
DEV02097,Desktop Browser,2026-03-16,1
DEV02098,Desktop Browser,2025-08-13,1
DEV02099,Desktop Browser,2025-10-04,1
DEV02100,Mobile Browser,2025-11-30,1
DEV02101,Mobile App,2026-02-26,1
DEV02102,Mobile Browser,2026-02-03,1
DEV02103,Mobile App,2025-05-28,1
DEV02104,Mobile App,2025-12-29,1
DEV02105,Mobile App,2025-03-06,1
DEV02106,Desktop Browser,2026-07-31,1
DEV02107,Mobile App,2026-04-05,1
DEV02108,Mobile App,2025-05-24,1
DEV02109,Mobile App,2025-07-16,1
DEV02110,Mobile App,2025-08-03,1
DEV02111,Desktop Browser,2025-10-11,1
DEV02112,Desktop Browser,2025-09-11,1
DEV02113,Mobile Browser,2025-07-12,1
DEV02114,Mobile App,2026-08-24,1
DEV02115,Mobile Browser,2025-08-17,1
DEV02116,Desktop Browser,2026-02-07,1
DEV02117,Mobile Browser,2026-04-17,1
DEV02118,Desktop Browser,2026-05-31,1
DEV02119,Tablet,2025-12-27,1
DEV02120,Mobile Browser,2025-03-17,1
DEV02121,Desktop Browser,2025-11-16,1
DEV02122,Mobile App,2025-06-20,1
DEV02123,Mobile Browser,2025-11-01,1
DEV02124,Desktop Browser,2026-03-27,1
DEV02125,Desktop Browser,2026-03-02,1
DEV02126,Mobile App,2025-05-15,1
DEV02127,Mobile App,2026-07-16,1
DEV02128,Desktop Browser,2026-06-22,1
DEV02129,Mobile Browser,2025-11-19,1
DEV02130,Desktop Browser,2026-01-01,1
DEV02131,Mobile App,2025-09-01,1
DEV02132,Mobile Browser,2025-06-07,1
DEV02133,Mobile Browser,2025-11-21,1
DEV02134,Mobile App,2026-02-13,1
DEV02135,Mobile Browser,2026-08-26,1
DEV02136,Mobile Browser,2025-05-27,1
DEV02137,Desktop Browser,2026-03-22,1
DEV02138,Desktop Browser,2025-11-24,1
DEV02139,Mobile App,2026-02-09,1
DEV02140,Desktop Browser,2025-05-17,1
DEV02141,Mobile App,2025-07-14,1
DEV02142,Mobile App,2025-05-18,1
DEV02143,Mobile Browser,2026-04-22,1
DEV02144,Tablet,2026-03-19,1
DEV02145,Mobile App,2025-09-22,1
DEV02146,Desktop Browser,2026-03-16,1
DEV02147,Mobile App,2026-01-05,1
DEV02148,Mobile App,2025-04-11,1
DEV02149,Mobile Browser,2025-07-31,1
DEV02150,Mobile Browser,2025-06-21,1
DEV02151,Mobile App,2025-08-22,1
DEV02152,Mobile Browser,2026-07-29,1
DEV02153,Mobile Browser,2025-10-07,1
DEV02154,Mobile App,2025-09-29,1
DEV02155,Desktop Browser,2025-09-29,1
DEV02156,Mobile Browser,2026-07-29,1
DEV02157,Mobile Browser,2026-02-09,1
DEV02158,Mobile Browser,2025-07-15,1
DEV02159,Desktop Browser,2025-04-14,1
DEV02160,Mobile App,2025-05-28,1
DEV02161,Mobile App,2025-10-14,1
DEV02162,Desktop Browser,2026-04-26,1
DEV02163,Desktop Browser,2025-04-10,1
DEV02164,Mobile App,2026-05-30,1
DEV02165,Mobile Browser,2025-09-15,1
DEV02166,Mobile App,2025-06-14,1
DEV02167,Mobile App,2026-06-20,1
DEV02168,Mobile App,2026-01-06,1
DEV02169,Mobile App,2026-07-31,1
DEV02170,Desktop Browser,2026-06-02,1
DEV02171,Desktop Browser,2025-08-15,1
DEV02172,Desktop Browser,2025-03-08,1
DEV02173,Mobile App,2026-02-23,1
DEV02174,Desktop Browser,2025-03-19,1
DEV02175,Mobile Browser,2025-04-18,1
DEV02176,Desktop Browser,2025-08-05,1
DEV02177,Desktop Browser,2026-01-02,1
DEV02178,Mobile Browser,2025-06-29,1
DEV02179,Mobile App,2025-06-04,1
DEV02180,Mobile Browser,2026-05-03,1
DEV02181,Desktop Browser,2025-03-02,1
DEV02182,Mobile Browser,2026-01-27,1
DEV02183,Mobile App,2026-03-03,1
DEV02184,Mobile App,2025-08-23,1
DEV02185,Desktop Browser,2026-05-16,1
DEV02186,Mobile Browser,2026-02-24,1
DEV02187,Mobile App,2025-11-19,1
DEV02188,Mobile Browser,2025-12-04,1
DEV02189,Mobile App,2026-02-12,1
DEV02190,Mobile App,2025-12-30,1
DEV02191,Mobile Browser,2025-03-18,1
DEV02192,Mobile App,2026-01-24,1
DEV02193,Desktop Browser,2025-03-17,1
DEV02194,Desktop Browser,2026-01-02,1
DEV02195,Mobile App,2026-04-30,1
DEV02196,Mobile App,2025-10-31,1
DEV02197,Mobile App,2026-02-14,1
DEV02198,Desktop Browser,2025-08-08,1
DEV02199,Mobile App,2026-08-13,1
DEV02200,Tablet,2026-04-05,1
DEV02201,Desktop Browser,2025-12-20,1
DEV02202,Mobile App,2025-03-12,1
DEV02203,Mobile App,2025-03-15,1
DEV02204,Mobile App,2025-12-17,1
DEV02205,Desktop Browser,2025-11-05,1
DEV02206,Tablet,2025-06-06,1
DEV02207,Mobile App,2025-04-08,1
DEV02208,Mobile App,2025-08-26,1
DEV02209,Mobile App,2026-06-12,1
DEV02210,Mobile App,2025-08-11,1
DEV02211,Mobile Browser,2026-01-03,1
DEV02212,Mobile App,2025-11-04,1
DEV02213,Mobile Browser,2025-07-01,1
DEV02214,Mobile App,2026-07-14,1
DEV02215,Mobile App,2025-05-05,1
DEV02216,Mobile Browser,2025-04-28,1
DEV02217,Mobile App,2026-03-08,1
DEV02218,Mobile App,2025-10-22,1
DEV02219,Mobile App,2026-08-09,1
DEV02220,Mobile App,2026-04-10,1
DEV02221,Mobile Browser,2026-06-12,1
DEV02222,Desktop Browser,2026-02-16,1
DEV02223,Desktop Browser,2026-04-18,1
DEV02224,Mobile App,2026-08-29,1
DEV02225,Mobile App,2025-12-08,1
DEV02226,Desktop Browser,2025-04-01,1
DEV02227,Mobile App,2026-02-04,1
DEV02228,Mobile App,2025-07-21,1
DEV02229,Mobile App,2025-04-13,1
DEV02230,Mobile App,2025-03-28,1
DEV02231,Mobile Browser,2026-07-04,1
DEV02232,Mobile Browser,2025-09-23,1
DEV02233,Mobile Browser,2025-10-18,1
DEV02234,Mobile App,2026-04-28,1
DEV02235,Tablet,2026-08-29,1
DEV02236,Mobile Browser,2025-10-25,1
DEV02237,Mobile App,2026-04-12,1
DEV02238,Tablet,2025-10-12,1
DEV02239,Desktop Browser,2025-11-15,1
DEV02240,Mobile Browser,2025-08-21,1
DEV02241,Desktop Browser,2026-04-19,1
DEV02242,Mobile Browser,2025-06-11,1
DEV02243,Desktop Browser,2025-05-04,1
DEV02244,Mobile Browser,2025-08-03,1
DEV02245,Mobile App,2026-07-31,1
DEV02246,Mobile Browser,2025-10-24,1
DEV02247,Mobile App,2026-01-20,1
DEV02248,Mobile Browser,2025-08-23,1
DEV02249,Mobile Browser,2026-06-21,1
DEV02250,Tablet,2026-04-07,1
DEV02251,Mobile Browser,2026-01-23,1
DEV02252,Mobile App,2025-05-02,1
DEV02253,Mobile App,2026-08-01,1
DEV02254,Mobile App,2025-08-24,1
DEV02255,Mobile App,2026-08-15,1
DEV02256,Mobile App,2025-09-11,1
DEV02257,Mobile Browser,2025-11-02,1
DEV02258,Desktop Browser,2026-01-18,1
DEV02259,Mobile App,2025-05-05,1
DEV02260,Tablet,2025-12-08,1
DEV02261,Mobile App,2026-04-27,1
DEV02262,Tablet,2025-04-05,1
DEV02263,Mobile App,2025-12-26,1
DEV02264,Mobile Browser,2025-10-03,1
DEV02265,Tablet,2025-06-06,1
DEV02266,Mobile App,2026-08-20,1
DEV02267,Mobile App,2026-01-18,1
DEV02268,Desktop Browser,2026-06-01,1
DEV02269,Mobile Browser,2026-08-04,1
DEV02270,Mobile App,2026-04-27,1
DEV02271,Mobile App,2026-04-07,1
DEV02272,Mobile Browser,2026-08-13,1
DEV02273,Mobile Browser,2026-08-19,1
DEV02274,Desktop Browser,2026-07-24,1
DEV02275,Desktop Browser,2026-03-24,1
DEV02276,Mobile App,2025-06-15,1
DEV02277,Mobile App,2025-09-30,1
DEV02278,Mobile Browser,2026-07-19,1
DEV02279,Desktop Browser,2026-03-06,1
DEV02280,Mobile App,2025-08-27,1
DEV02281,Tablet,2025-03-19,1
DEV02282,Mobile App,2025-04-25,1
DEV02283,Mobile Browser,2025-05-31,1
DEV02284,Mobile App,2025-05-18,1
DEV02285,Mobile App,2025-12-08,1
DEV02286,Desktop Browser,2025-08-07,1
DEV02287,Tablet,2025-08-03,1
DEV02288,Desktop Browser,2026-06-11,1
DEV02289,Tablet,2026-06-05,1
DEV02290,Mobile App,2026-02-27,1
DEV02291,Desktop Browser,2026-06-09,1
DEV02292,Mobile Browser,2025-08-13,1
DEV02293,Mobile App,2025-11-27,1
DEV02294,Mobile Browser,2026-02-06,1
DEV02295,Mobile App,2025-11-06,1
DEV02296,Mobile Browser,2025-07-08,1
DEV02297,Mobile App,2026-04-12,1
DEV02298,Mobile App,2026-06-25,1
DEV02299,Mobile App,2025-05-17,1
DEV02300,Mobile Browser,2026-01-15,1
DEV02301,Desktop Browser,2025-12-22,1
DEV02302,Mobile Browser,2026-06-18,1
DEV02303,Mobile Browser,2025-08-19,1
DEV02304,Mobile App,2025-09-09,1
DEV02305,Desktop Browser,2025-06-26,1
DEV02306,Mobile App,2026-06-26,1
DEV02307,Mobile Browser,2026-08-04,1
DEV02308,Mobile App,2025-12-19,1
DEV02309,Tablet,2026-03-27,1
DEV02310,Desktop Browser,2026-04-21,1
DEV02311,Mobile Browser,2025-12-12,1
DEV02312,Tablet,2026-03-17,1
DEV02313,Mobile Browser,2025-08-16,1
DEV02314,Mobile App,2025-08-31,1
DEV02315,Mobile App,2025-11-23,1
DEV02316,Desktop Browser,2026-03-31,1
DEV02317,Mobile App,2025-03-21,1
DEV02318,Mobile Browser,2026-05-12,1
DEV02319,Mobile Browser,2025-07-01,1
DEV02320,Mobile App,2025-09-30,1
DEV02321,Mobile App,2025-04-09,1
DEV02322,Mobile App,2025-08-29,1
DEV02323,Tablet,2026-08-15,1
DEV02324,Mobile App,2025-09-12,1
DEV02325,Mobile App,2026-05-21,1
DEV02326,Mobile App,2025-07-11,1
DEV02327,Mobile App,2026-07-06,1
DEV02328,Desktop Browser,2025-03-15,1
DEV02329,Tablet,2025-04-29,1
DEV02330,Mobile App,2025-03-02,1
DEV02331,Desktop Browser,2025-03-19,1
DEV02332,Desktop Browser,2025-05-17,1
DEV02333,Mobile App,2025-08-12,1
DEV02334,Mobile Browser,2025-08-23,1
DEV02335,Tablet,2025-03-29,1
DEV02336,Mobile App,2025-12-04,1
DEV02337,Mobile Browser,2026-08-01,1
DEV02338,Mobile Browser,2025-06-17,1
DEV02339,Mobile Browser,2025-10-20,1
DEV02340,Desktop Browser,2025-09-03,1
DEV02341,Tablet,2026-04-11,1
DEV02342,Mobile Browser,2026-08-02,1
DEV02343,Mobile App,2025-09-15,1
DEV02344,Mobile Browser,2026-07-11,1
DEV02345,Mobile App,2025-09-02,1
DEV02346,Mobile App,2026-08-03,1
DEV02347,Mobile App,2025-07-08,1
DEV02348,Mobile App,2026-03-19,1
DEV02349,Mobile Browser,2025-12-20,1
DEV02350,Desktop Browser,2026-08-17,1
DEV02351,Desktop Browser,2025-05-27,1
DEV02352,Mobile App,2025-06-19,1
DEV02353,Desktop Browser,2026-06-06,1
DEV02354,Desktop Browser,2025-08-03,1
DEV02355,Desktop Browser,2025-10-24,1
DEV02356,Tablet,2026-06-25,1
DEV02357,Mobile Browser,2026-03-17,1
DEV02358,Mobile Browser,2025-12-18,1
DEV02359,Mobile Browser,2026-06-19,1
DEV02360,Mobile App,2026-05-28,1
DEV02361,Desktop Browser,2026-06-06,1
DEV02362,Mobile Browser,2025-08-05,1
DEV02363,Desktop Browser,2025-10-24,1
DEV02364,Mobile App,2026-08-03,1
DEV02365,Mobile Browser,2026-02-21,1
DEV02366,Desktop Browser,2025-11-06,1
DEV02367,Mobile App,2025-07-24,1
DEV02368,Mobile App,2026-02-15,1
DEV02369,Desktop Browser,2025-10-31,1
DEV02370,Mobile Browser,2026-05-12,1
DEV02371,Mobile Browser,2026-06-23,1
DEV02372,Mobile App,2025-12-27,1
DEV02373,Mobile Browser,2025-05-27,1
DEV02374,Mobile App,2025-08-26,1
DEV02375,Mobile Browser,2025-08-17,1
DEV02376,Mobile Browser,2025-09-19,1
DEV02377,Mobile App,2026-04-12,1
DEV02378,Mobile App,2026-01-11,1
DEV02379,Tablet,2025-11-24,1
DEV02380,Mobile App,2025-11-18,1
DEV02381,Desktop Browser,2026-05-02,1
DEV02382,Mobile App,2025-10-02,1
DEV02383,Mobile Browser,2025-06-15,1
DEV02384,Mobile Browser,2026-06-25,1
DEV02385,Mobile Browser,2025-11-12,1
DEV02386,Desktop Browser,2025-06-03,1
DEV02387,Mobile App,2025-09-04,1
DEV02388,Mobile App,2026-04-04,1
DEV02389,Desktop Browser,2025-07-03,1
DEV02390,Mobile App,2026-07-02,1
DEV02391,Mobile Browser,2026-02-08,1
DEV02392,Mobile App,2026-07-31,1
DEV02393,Mobile App,2025-12-21,1
DEV02394,Mobile Browser,2025-07-13,1
DEV02395,Desktop Browser,2025-03-04,1
DEV02396,Mobile App,2025-11-14,1
DEV02397,Mobile App,2026-02-26,1
DEV02398,Mobile App,2025-03-17,1
DEV02399,Mobile Browser,2025-09-28,1
DEV02400,Mobile App,2025-12-15,1
DEV02401,Mobile App,2025-10-20,1
DEV02402,Mobile Browser,2025-07-24,1
DEV02403,Mobile Browser,2026-05-06,1
DEV02404,Desktop Browser,2026-07-10,1
DEV02405,Mobile App,2026-04-15,1
DEV02406,Mobile App,2025-10-27,1
DEV02407,Mobile Browser,2026-06-11,1
DEV02408,Mobile App,2026-03-10,1
DEV02409,Mobile App,2026-04-16,1
DEV02410,Mobile Browser,2025-11-07,1
DEV02411,Tablet,2026-05-24,1
DEV02412,Tablet,2026-08-19,1
DEV02413,Mobile Browser,2025-11-10,1
DEV02414,Desktop Browser,2025-07-04,1
DEV02415,Desktop Browser,2026-01-28,1
DEV02416,Desktop Browser,2026-03-03,1
DEV02417,Mobile Browser,2026-05-30,1
DEV02418,Mobile App,2025-05-05,1
DEV02419,Desktop Browser,2026-04-04,1
DEV02420,Desktop Browser,2025-09-02,1
DEV02421,Mobile Browser,2025-10-23,1
DEV02422,Mobile App,2026-04-18,1
DEV02423,Desktop Browser,2026-04-24,1
DEV02424,Mobile App,2026-02-11,1
DEV02425,Mobile Browser,2026-05-24,1
DEV02426,Desktop Browser,2026-03-01,1
DEV02427,Mobile Browser,2026-04-16,1
DEV02428,Desktop Browser,2025-11-09,1
DEV02429,Mobile App,2026-05-18,1
DEV02430,Tablet,2025-04-15,1
DEV02431,Desktop Browser,2026-04-11,1
DEV02432,Mobile App,2026-06-16,1
DEV02433,Mobile App,2025-06-29,1
DEV02434,Mobile Browser,2026-06-03,1
DEV02435,Desktop Browser,2026-08-26,1
DEV02436,Mobile Browser,2025-05-10,1
DEV02437,Mobile Browser,2025-04-27,1
DEV02438,Mobile Browser,2025-04-17,1
DEV02439,Mobile App,2025-08-12,1
DEV02440,Tablet,2026-01-24,1
DEV02441,Desktop Browser,2026-07-20,1
DEV02442,Mobile Browser,2025-08-15,1
DEV02443,Mobile App,2026-05-01,1
DEV02444,Mobile App,2025-10-07,1
DEV02445,Desktop Browser,2025-06-28,1
DEV02446,Mobile Browser,2026-02-23,1
DEV02447,Mobile App,2026-07-19,1
DEV02448,Mobile Browser,2026-06-03,1
DEV02449,Mobile Browser,2025-05-25,1
DEV02450,Tablet,2025-09-21,1
DEV02451,Mobile App,2025-04-07,1
DEV02452,Tablet,2026-01-03,1
DEV02453,Mobile Browser,2025-03-11,1
DEV02454,Desktop Browser,2025-09-30,1
DEV02455,Desktop Browser,2026-07-31,1
DEV02456,Mobile App,2025-03-08,1
DEV02457,Mobile Browser,2025-06-20,1
DEV02458,Mobile App,2026-04-26,1
DEV02459,Mobile Browser,2025-09-28,1
DEV02460,Mobile App,2025-10-07,1
DEV02461,Mobile App,2026-02-10,1
DEV02462,Mobile App,2026-04-24,1
DEV02463,Tablet,2026-04-21,1
DEV02464,Mobile Browser,2025-06-20,1
DEV02465,Mobile Browser,2026-05-02,1
DEV02466,Mobile Browser,2025-10-02,1
DEV02467,Mobile App,2026-03-15,1
DEV02468,Desktop Browser,2025-11-13,1
DEV02469,Desktop Browser,2026-04-07,1
DEV02470,Mobile App,2025-05-04,1
DEV02471,Mobile App,2025-08-20,1
DEV02472,Tablet,2025-10-13,1
DEV02473,Tablet,2026-03-23,1
DEV02474,Desktop Browser,2025-09-29,1
DEV02475,Mobile App,2025-07-17,1
DEV02476,Desktop Browser,2025-07-21,1
DEV02477,Mobile Browser,2026-06-29,1
DEV02478,Mobile Browser,2026-08-25,1
DEV02479,Mobile Browser,2025-12-09,1
DEV02480,Mobile App,2025-03-14,1
DEV02481,Desktop Browser,2025-11-27,1
DEV02482,Mobile Browser,2026-01-16,1
DEV02483,Mobile App,2025-06-11,1
DEV02484,Mobile App,2025-04-09,1
DEV02485,Mobile App,2025-05-28,1
DEV02486,Mobile Browser,2025-05-21,1
DEV02487,Mobile App,2025-10-15,1
DEV02488,Mobile Browser,2026-03-30,1
DEV02489,Desktop Browser,2025-09-13,1
DEV02490,Mobile App,2026-03-07,1
DEV02491,Mobile App,2025-10-21,1
DEV02492,Mobile App,2026-08-27,1
DEV02493,Mobile App,2026-04-21,1
DEV02494,Mobile App,2026-06-12,1
DEV02495,Desktop Browser,2025-04-11,1
DEV02496,Desktop Browser,2026-06-02,1
DEV02497,Tablet,2025-05-29,1
DEV02498,Mobile Browser,2026-08-06,1
DEV02499,Desktop Browser,2026-06-01,1
DEV02500,Mobile App,2025-05-30,1
DEV02501,Mobile App,2026-06-09,1
DEV02502,Mobile Browser,2026-03-14,1
DEV02503,Desktop Browser,2026-05-21,1
DEV02504,Mobile App,2025-10-19,1
DEV02505,Mobile App,2025-10-20,1
DEV02506,Tablet,2026-06-24,1
DEV02507,Mobile Browser,2026-07-24,1
DEV02508,Mobile Browser,2025-10-02,1
DEV02509,Mobile Browser,2026-08-25,1
DEV02510,Mobile App,2025-07-13,1
DEV02511,Mobile Browser,2025-04-16,1
DEV02512,Mobile Browser,2026-03-20,1
DEV02513,Mobile Browser,2025-11-14,1
DEV02514,Mobile Browser,2026-04-03,1
DEV02515,Desktop Browser,2026-03-18,1
DEV02516,Desktop Browser,2026-02-08,1
DEV02517,Desktop Browser,2025-11-23,1
DEV02518,Mobile App,2025-09-11,1
DEV02519,Mobile App,2026-04-11,1
DEV02520,Mobile Browser,2025-06-05,1
DEV02521,Mobile App,2025-05-26,1
DEV02522,Tablet,2026-06-26,1
DEV02523,Mobile App,2025-06-19,1
DEV02524,Mobile App,2025-12-22,1
DEV02525,Mobile Browser,2026-01-28,1
DEV02526,Tablet,2026-08-20,1
DEV02527,Mobile Browser,2026-05-04,1
DEV02528,Tablet,2025-07-11,1
DEV02529,Desktop Browser,2025-12-04,1
DEV02530,Mobile Browser,2026-08-24,1
DEV02531,Mobile Browser,2025-08-08,1
DEV02532,Desktop Browser,2026-05-27,1
DEV02533,Mobile App,2025-08-17,1
DEV02534,Mobile Browser,2025-04-26,1
DEV02535,Tablet,2026-02-21,1
DEV02536,Tablet,2025-12-27,1
DEV02537,Tablet,2025-06-09,1
DEV02538,Desktop Browser,2025-03-29,1
DEV02539,Tablet,2026-05-12,1
DEV02540,Mobile Browser,2025-11-09,1
DEV02541,Mobile Browser,2026-07-29,1
DEV02542,Mobile Browser,2025-03-20,1
DEV02543,Mobile App,2026-04-25,1
DEV02544,Mobile Browser,2025-07-14,1
DEV02545,Mobile Browser,2025-12-26,1
DEV02546,Tablet,2025-12-03,1
DEV02547,Mobile App,2026-08-09,1
DEV02548,Desktop Browser,2026-02-08,1
DEV02549,Desktop Browser,2026-03-13,1
DEV02550,Mobile App,2026-06-10,1
DEV02551,Desktop Browser,2025-09-03,1
DEV02552,Mobile Browser,2026-02-24,1
DEV02553,Desktop Browser,2026-05-23,1
DEV02554,Mobile Browser,2025-08-28,1
DEV02555,Mobile Browser,2025-07-08,1
DEV02556,Mobile App,2026-06-15,1
DEV02557,Mobile Browser,2026-07-13,1
DEV02558,Desktop Browser,2025-09-27,1
DEV02559,Mobile App,2025-03-30,1
DEV02560,Mobile Browser,2025-03-24,1
DEV02561,Mobile Browser,2025-10-08,1
DEV02562,Mobile App,2026-04-05,1
DEV02563,Mobile Browser,2026-07-25,1
DEV02564,Desktop Browser,2025-04-19,1
DEV02565,Desktop Browser,2026-07-05,1
DEV02566,Desktop Browser,2025-11-23,1
DEV02567,Mobile App,2026-08-02,1
DEV02568,Mobile App,2026-06-19,1
DEV02569,Desktop Browser,2025-10-26,1
DEV02570,Mobile App,2026-03-25,1
DEV02571,Mobile Browser,2026-03-22,1
DEV02572,Mobile App,2025-11-25,1
DEV02573,Desktop Browser,2025-03-28,1
DEV02574,Desktop Browser,2025-12-05,1
DEV02575,Tablet,2025-03-17,1
DEV02576,Mobile Browser,2025-04-14,1
DEV02577,Desktop Browser,2025-09-05,1
DEV02578,Desktop Browser,2025-12-19,1
DEV02579,Mobile Browser,2025-12-24,1
DEV02580,Mobile Browser,2026-08-31,1
DEV02581,Desktop Browser,2025-06-08,1
DEV02582,Mobile App,2026-04-28,1
DEV02583,Mobile Browser,2025-05-28,1
DEV02584,Mobile Browser,2026-04-10,1
DEV02585,Mobile Browser,2025-09-22,1
DEV02586,Desktop Browser,2026-01-22,1
DEV02587,Mobile App,2026-01-30,1
DEV02588,Mobile Browser,2025-04-07,1
DEV02589,Mobile App,2025-10-14,1
DEV02590,Mobile App,2026-03-25,1
DEV02591,Tablet,2026-04-29,1
DEV02592,Desktop Browser,2026-07-23,1
DEV02593,Tablet,2026-05-01,1
DEV02594,Mobile Browser,2026-06-17,1
DEV02595,Desktop Browser,2025-09-27,1
DEV02596,Mobile App,2025-04-27,1
DEV02597,Mobile Browser,2025-05-12,1
DEV02598,Mobile App,2026-07-12,1
DEV02599,Mobile App,2026-01-13,1
DEV02600,Mobile Browser,2026-03-07,1
DEV02601,Mobile Browser,2025-07-23,1
DEV02602,Mobile App,2026-01-16,1
DEV02603,Desktop Browser,2025-04-12,1
DEV02604,Mobile Browser,2025-12-18,1
DEV02605,Mobile Browser,2025-05-08,1
DEV02606,Mobile Browser,2025-09-20,1
DEV02607,Mobile Browser,2025-10-29,1
DEV02608,Mobile App,2026-06-17,1
DEV02609,Mobile App,2025-05-16,1
DEV02610,Tablet,2026-05-14,1
DEV02611,Mobile Browser,2025-04-24,1
DEV02612,Mobile Browser,2025-12-24,1
DEV02613,Mobile App,2026-03-12,1
DEV02614,Desktop Browser,2026-06-21,1
DEV02615,Mobile App,2026-04-23,1
DEV02616,Mobile Browser,2026-04-24,1
DEV02617,Mobile Browser,2025-05-29,1
DEV02618,Desktop Browser,2025-08-18,1
DEV02619,Mobile App,2026-02-18,1
DEV02620,Mobile App,2026-06-05,1
DEV02621,Mobile Browser,2025-08-20,1
DEV02622,Tablet,2026-08-11,1
DEV02623,Tablet,2025-12-03,1
DEV02624,Mobile App,2026-02-09,1
DEV02625,Desktop Browser,2025-06-22,1
DEV02626,Desktop Browser,2026-03-01,1
DEV02627,Desktop Browser,2026-04-01,1
DEV02628,Mobile Browser,2025-06-19,1
DEV02629,Mobile Browser,2025-10-24,1
DEV02630,Tablet,2026-04-08,1
DEV02631,Mobile Browser,2026-07-22,1
DEV02632,Tablet,2025-04-30,1
DEV02633,Mobile App,2026-07-10,1
DEV02634,Mobile App,2025-04-08,1
DEV02635,Tablet,2026-08-28,1
DEV02636,Mobile Browser,2026-04-29,1
DEV02637,Mobile App,2025-12-08,1
DEV02638,Tablet,2025-12-12,1
DEV02639,Mobile Browser,2025-08-29,1
DEV02640,Mobile App,2026-02-02,1
DEV02641,Tablet,2025-11-21,1
DEV02642,Mobile App,2026-07-06,1
DEV02643,Desktop Browser,2025-11-15,1
DEV02644,Mobile App,2025-08-23,1
DEV02645,Mobile App,2026-01-23,1
DEV02646,Mobile App,2025-09-12,1
DEV02647,Mobile Browser,2026-08-13,1
DEV02648,Mobile Browser,2025-12-06,1
DEV02649,Desktop Browser,2025-10-13,1
DEV02650,Mobile App,2026-06-20,1
DEV02651,Mobile App,2025-10-29,1
DEV02652,Mobile Browser,2026-07-13,1
DEV02653,Mobile App,2026-01-16,1
DEV02654,Mobile App,2026-04-13,1
DEV02655,Desktop Browser,2026-02-06,1
DEV02656,Mobile App,2025-06-30,1
DEV02657,Mobile App,2025-12-29,1
DEV02658,Mobile Browser,2025-11-06,1
DEV02659,Mobile App,2025-08-26,1
DEV02660,Desktop Browser,2025-06-29,1
DEV02661,Desktop Browser,2026-04-01,1
DEV02662,Mobile Browser,2025-03-01,1
DEV02663,Mobile Browser,2026-04-02,1
DEV02664,Mobile Browser,2025-12-24,1
DEV02665,Mobile App,2025-12-22,1
DEV02666,Mobile Browser,2026-07-13,1
DEV02667,Mobile App,2025-03-01,1
DEV02668,Mobile Browser,2026-06-25,1
DEV02669,Mobile App,2026-07-23,1
DEV02670,Desktop Browser,2025-07-19,1
DEV02671,Mobile App,2025-08-14,1
DEV02672,Desktop Browser,2025-05-04,1
DEV02673,Mobile Browser,2026-05-07,1
DEV02674,Mobile App,2026-01-03,1
DEV02675,Mobile Browser,2026-02-05,1
DEV02676,Desktop Browser,2026-07-08,1
DEV02677,Desktop Browser,2025-05-19,1
DEV02678,Mobile Browser,2025-09-18,1
DEV02679,Mobile App,2026-06-28,1
DEV02680,Tablet,2025-03-18,1
DEV02681,Desktop Browser,2026-07-01,1
DEV02682,Mobile Browser,2026-05-20,1
DEV02683,Mobile Browser,2025-06-24,1
DEV02684,Mobile App,2025-11-24,1
DEV02685,Mobile Browser,2025-08-11,1
DEV02686,Mobile App,2025-10-08,1
DEV02687,Mobile App,2025-08-23,1
DEV02688,Mobile App,2026-03-10,1
DEV02689,Mobile Browser,2026-07-11,1
DEV02690,Mobile Browser,2026-03-18,1
DEV02691,Mobile Browser,2026-06-06,1
DEV02692,Mobile App,2025-06-24,1
DEV02693,Desktop Browser,2025-10-04,1
DEV02694,Mobile App,2026-04-08,1
DEV02695,Mobile App,2026-06-10,1
DEV02696,Mobile App,2025-05-27,1
DEV02697,Tablet,2026-05-08,1
DEV02698,Desktop Browser,2025-10-25,1
DEV02699,Mobile App,2026-01-29,1
DEV02700,Mobile App,2025-08-22,1
DEV02701,Mobile Browser,2026-02-02,1
DEV02702,Mobile Browser,2025-09-09,1
DEV02703,Mobile Browser,2025-12-31,1
DEV02704,Desktop Browser,2025-07-01,1
DEV02705,Mobile App,2026-05-21,1
DEV02706,Mobile App,2026-05-07,1
DEV02707,Mobile App,2026-08-30,1
DEV02708,Mobile App,2025-04-16,1
DEV02709,Desktop Browser,2026-04-20,1
DEV02710,Mobile App,2025-10-09,1
DEV02711,Mobile App,2026-07-16,1
DEV02712,Mobile App,2025-06-04,1
DEV02713,Mobile Browser,2025-04-01,1
DEV02714,Mobile Browser,2025-08-26,1
DEV02715,Mobile App,2026-08-31,1
DEV02716,Mobile Browser,2025-04-18,1
DEV02717,Mobile App,2025-11-18,1
DEV02718,Mobile Browser,2026-02-07,1
DEV02719,Tablet,2026-03-26,1
DEV02720,Mobile App,2025-03-03,1
DEV02721,Desktop Browser,2026-01-01,1
DEV02722,Mobile App,2026-01-21,1
DEV02723,Mobile Browser,2025-06-17,1
DEV02724,Tablet,2026-04-12,1
DEV02725,Mobile App,2025-04-21,1
DEV02726,Mobile App,2025-09-05,1
DEV02727,Mobile Browser,2025-05-04,1
DEV02728,Mobile App,2025-11-13,1
DEV02729,Mobile App,2026-01-25,1
DEV02730,Mobile Browser,2025-09-26,1
DEV02731,Mobile Browser,2025-03-28,1
DEV02732,Mobile App,2025-05-02,1
DEV02733,Tablet,2026-07-13,1
DEV02734,Mobile App,2026-06-12,1
DEV02735,Mobile App,2025-04-20,1
DEV02736,Tablet,2025-12-26,1
DEV02737,Mobile App,2025-07-28,1
DEV02738,Mobile App,2025-07-13,1
DEV02739,Mobile App,2026-07-07,1
DEV02740,Mobile Browser,2026-02-25,1
DEV02741,Mobile Browser,2025-09-29,1
DEV02742,Mobile Browser,2025-04-30,1
DEV02743,Mobile Browser,2026-08-06,1
DEV02744,Mobile Browser,2026-04-27,1
DEV02745,Mobile Browser,2026-03-06,1
DEV02746,Mobile App,2025-06-13,1
DEV02747,Desktop Browser,2026-08-25,1
DEV02748,Desktop Browser,2026-07-04,1
DEV02749,Desktop Browser,2026-07-11,1
DEV02750,Mobile App,2026-06-27,1
DEV02751,Mobile Browser,2026-07-23,1
DEV02752,Desktop Browser,2026-01-17,1
DEV02753,Mobile App,2025-10-18,1
DEV02754,Mobile App,2025-11-30,1
DEV02755,Mobile App,2025-04-01,1
DEV02756,Desktop Browser,2025-05-04,1
DEV02757,Desktop Browser,2026-06-22,1
DEV02758,Tablet,2025-05-05,1
DEV02759,Mobile App,2026-03-01,1
DEV02760,Mobile Browser,2026-01-22,1
DEV02761,Mobile App,2026-01-21,1
DEV02762,Mobile App,2025-09-26,1
DEV02763,Mobile App,2025-07-11,1
DEV02764,Desktop Browser,2026-03-17,1
DEV02765,Mobile Browser,2026-04-23,1
DEV02766,Mobile Browser,2026-05-28,1
DEV02767,Desktop Browser,2025-08-09,1
DEV02768,Mobile Browser,2025-03-02,1
DEV02769,Mobile App,2025-07-21,1
DEV02770,Desktop Browser,2026-08-17,1
DEV02771,Mobile Browser,2025-06-15,1
DEV02772,Mobile App,2025-06-05,1
DEV02773,Mobile Browser,2026-08-31,1
DEV02774,Desktop Browser,2025-09-04,1
DEV02775,Mobile App,2026-07-01,1
DEV02776,Mobile Browser,2026-03-28,1
DEV02777,Desktop Browser,2026-04-14,1
DEV02778,Mobile App,2026-06-27,1
DEV02779,Desktop Browser,2025-03-18,1
DEV02780,Mobile App,2025-07-09,1
DEV02781,Mobile Browser,2025-03-08,1
DEV02782,Mobile App,2026-03-26,1
DEV02783,Desktop Browser,2026-08-13,1
DEV02784,Mobile App,2026-03-02,1
DEV02785,Mobile App,2025-03-11,1
DEV02786,Mobile Browser,2026-05-20,1
DEV02787,Mobile Browser,2025-09-12,1
DEV02788,Mobile Browser,2026-01-17,1
DEV02789,Mobile App,2026-07-25,1
DEV02790,Desktop Browser,2025-08-12,1
DEV02791,Desktop Browser,2025-04-13,1
DEV02792,Mobile Browser,2025-08-28,1
DEV02793,Desktop Browser,2025-05-06,1
DEV02794,Desktop Browser,2025-10-30,1
DEV02795,Desktop Browser,2025-12-29,1
DEV02796,Mobile App,2026-05-22,1
DEV02797,Mobile App,2025-09-21,1
DEV02798,Tablet,2025-05-16,1
DEV02799,Mobile App,2026-04-29,1
DEV02800,Mobile App,2025-07-13,1
DEV02801,Mobile Browser,2025-11-10,1
DEV02802,Desktop Browser,2026-07-12,1
DEV02803,Tablet,2025-04-15,1
DEV02804,Mobile App,2025-03-04,1
DEV02805,Mobile App,2025-12-15,1
DEV02806,Mobile App,2026-06-03,1
DEV02807,Mobile Browser,2026-05-08,1
DEV02808,Desktop Browser,2026-07-23,1
DEV02809,Tablet,2025-11-17,1
DEV02810,Desktop Browser,2025-07-30,1
DEV02811,Mobile App,2025-10-20,1
DEV02812,Mobile App,2026-02-24,1
DEV02813,Desktop Browser,2025-09-26,1
DEV02814,Mobile App,2026-07-02,1
DEV02815,Mobile App,2026-06-07,1
DEV02816,Mobile App,2026-05-26,1
DEV02817,Mobile App,2026-06-19,1
DEV02818,Desktop Browser,2025-07-05,1
DEV02819,Mobile App,2026-06-23,1
DEV02820,Mobile Browser,2026-04-06,1
DEV02821,Mobile Browser,2025-07-17,1
DEV02822,Mobile App,2025-06-25,1
DEV02823,Mobile App,2026-08-11,1
DEV02824,Mobile Browser,2025-11-25,1
DEV02825,Mobile Browser,2025-07-12,1
DEV02826,Mobile Browser,2026-02-28,1
DEV02827,Mobile App,2026-03-10,1
DEV02828,Tablet,2025-09-23,1
DEV02829,Mobile App,2026-05-17,1
DEV02830,Mobile App,2025-06-01,1
DEV02831,Mobile Browser,2025-06-07,1
DEV02832,Desktop Browser,2026-05-15,1
DEV02833,Mobile Browser,2026-04-05,1
DEV02834,Mobile App,2025-05-03,1
DEV02835,Desktop Browser,2025-12-04,1
DEV02836,Mobile App,2026-08-01,1
DEV02837,Mobile App,2025-06-06,1
DEV02838,Mobile App,2026-07-13,1
DEV02839,Desktop Browser,2026-04-15,1
DEV02840,Mobile App,2026-01-22,1
DEV02841,Mobile App,2025-08-10,1
DEV02842,Desktop Browser,2025-03-31,1
DEV02843,Mobile Browser,2026-01-11,1
DEV02844,Desktop Browser,2025-09-06,1
DEV02845,Mobile App,2026-01-09,1
DEV02846,Mobile App,2025-08-24,1
DEV02847,Desktop Browser,2025-10-01,1
DEV02848,Tablet,2026-01-26,1
DEV02849,Mobile Browser,2026-08-17,1
DEV02850,Desktop Browser,2026-02-11,1
DEV02851,Mobile App,2025-10-31,1
DEV02852,Mobile App,2025-12-15,1
DEV02853,Desktop Browser,2025-09-30,1
DEV02854,Mobile App,2025-09-16,1
DEV02855,Mobile App,2025-03-07,1
DEV02856,Mobile App,2025-12-11,1
DEV02857,Tablet,2026-04-20,1
DEV02858,Mobile App,2025-07-28,1
DEV02859,Desktop Browser,2026-05-02,1
DEV02860,Desktop Browser,2025-12-18,1
DEV02861,Mobile Browser,2025-04-12,1
DEV02862,Mobile App,2026-07-05,1
DEV02863,Desktop Browser,2025-08-19,1
DEV02864,Mobile App,2026-01-15,1
DEV02865,Mobile App,2026-08-14,1
DEV02866,Tablet,2026-05-28,1
DEV02867,Desktop Browser,2025-05-22,1
DEV02868,Desktop Browser,2025-10-20,1
DEV02869,Mobile App,2026-05-23,1
DEV02870,Mobile Browser,2026-06-07,1
DEV02871,Mobile Browser,2025-08-22,1
DEV02872,Mobile App,2026-03-20,1
DEV02873,Mobile App,2025-05-14,1
DEV02874,Mobile Browser,2025-07-20,1
DEV02875,Mobile App,2025-08-18,1
DEV02876,Mobile Browser,2025-10-14,1
DEV02877,Mobile App,2025-05-01,1
DEV02878,Mobile App,2025-07-11,1
DEV02879,Desktop Browser,2025-09-05,1
DEV02880,Mobile Browser,2025-11-18,1
DEV02881,Mobile Browser,2025-10-10,1
DEV02882,Mobile Browser,2025-05-13,1
DEV02883,Tablet,2025-06-10,1
DEV02884,Desktop Browser,2025-05-04,1
DEV02885,Desktop Browser,2025-05-01,1
DEV02886,Mobile Browser,2026-04-14,1
DEV02887,Mobile App,2026-05-28,1
DEV02888,Desktop Browser,2025-12-26,1
DEV02889,Tablet,2025-09-18,1
DEV02890,Tablet,2025-12-27,1
DEV02891,Desktop Browser,2026-01-31,1
DEV02892,Mobile App,2025-06-06,1
DEV02893,Mobile App,2025-09-07,1
DEV02894,Mobile App,2025-11-05,1
DEV02895,Desktop Browser,2026-06-28,1
DEV02896,Mobile Browser,2025-08-27,1
DEV02897,Tablet,2025-03-23,1
DEV02898,Mobile App,2026-03-05,1
DEV02899,Mobile App,2025-08-07,1
DEV02900,Mobile App,2026-08-03,1
DEV02901,Mobile App,2025-07-14,1
DEV02902,Tablet,2026-03-09,1
DEV02903,Mobile App,2025-08-24,1
DEV02904,Desktop Browser,2025-12-02,1
DEV02905,Mobile App,2025-07-10,1
DEV02906,Mobile Browser,2025-07-14,1
DEV02907,Mobile App,2025-07-04,1
DEV02908,Tablet,2025-04-20,1
DEV02909,Desktop Browser,2025-04-25,1
DEV02910,Tablet,2026-05-02,1
DEV02911,Desktop Browser,2026-01-20,1
DEV02912,Mobile Browser,2025-05-19,1
DEV02913,Mobile App,2026-01-27,1
DEV02914,Tablet,2026-05-15,1
DEV02915,Mobile Browser,2025-10-05,1
DEV02916,Desktop Browser,2026-06-28,1
DEV02917,Mobile App,2025-07-19,1
DEV02918,Tablet,2025-06-18,1
DEV02919,Mobile Browser,2026-01-13,1
DEV02920,Desktop Browser,2025-04-15,1
DEV02921,Mobile App,2026-07-27,1
DEV02922,Mobile Browser,2026-01-09,1
DEV02923,Mobile App,2025-05-16,1
DEV02924,Mobile App,2026-03-06,1
DEV02925,Mobile App,2025-03-24,1
DEV02926,Mobile Browser,2026-07-27,1
DEV02927,Mobile App,2026-06-04,1
DEV02928,Tablet,2025-11-20,1
DEV02929,Desktop Browser,2025-05-02,1
DEV02930,Desktop Browser,2026-08-24,1
DEV02931,Mobile Browser,2026-08-15,1
DEV02932,Mobile Browser,2025-07-13,1
DEV02933,Desktop Browser,2026-05-16,1
DEV02934,Mobile App,2025-06-29,1
DEV02935,Mobile Browser,2026-07-09,1
DEV02936,Tablet,2026-01-27,1
DEV02937,Mobile Browser,2025-11-18,1
DEV02938,Mobile App,2026-05-03,1
DEV02939,Desktop Browser,2025-06-26,1
DEV02940,Desktop Browser,2025-08-09,1
DEV02941,Mobile App,2025-08-14,1
DEV02942,Mobile App,2026-04-28,1
DEV02943,Desktop Browser,2025-08-03,1
DEV02944,Desktop Browser,2025-06-29,1
DEV02945,Mobile Browser,2026-08-10,1
DEV02946,Mobile App,2025-08-11,1
DEV02947,Mobile Browser,2026-01-06,1
DEV02948,Desktop Browser,2025-07-28,1
DEV02949,Mobile App,2025-08-24,1
DEV02950,Desktop Browser,2026-01-03,1
DEV02951,Mobile App,2026-06-21,1
DEV02952,Desktop Browser,2026-02-14,1
DEV02953,Mobile App,2025-09-03,1
DEV02954,Tablet,2026-07-28,1
DEV02955,Mobile Browser,2025-11-28,1
DEV02956,Mobile App,2025-11-18,1
DEV02957,Tablet,2025-10-11,1
DEV02958,Mobile App,2025-03-16,1
DEV02959,Mobile App,2026-05-17,1
DEV02960,Desktop Browser,2025-06-29,1
DEV02961,Mobile App,2026-06-12,1
DEV02962,Mobile Browser,2026-08-16,1
DEV02963,Desktop Browser,2026-07-30,1
DEV02964,Desktop Browser,2025-10-17,1
DEV02965,Tablet,2026-06-22,1
DEV02966,Mobile Browser,2025-12-03,1
DEV02967,Desktop Browser,2025-04-22,1
DEV02968,Mobile App,2026-06-07,1
DEV02969,Mobile App,2025-08-05,1
DEV02970,Mobile Browser,2025-03-21,1
DEV02971,Mobile Browser,2026-08-22,1
DEV02972,Mobile App,2026-04-21,1
DEV02973,Mobile Browser,2025-12-10,1
DEV02974,Mobile Browser,2026-07-24,1
DEV02975,Mobile Browser,2026-03-31,1
DEV02976,Mobile Browser,2025-06-28,1
DEV02977,Desktop Browser,2025-10-31,1
DEV02978,Tablet,2026-03-28,1
DEV02979,Mobile App,2025-10-06,1
DEV02980,Mobile App,2025-05-15,1
DEV02981,Mobile App,2025-04-01,1
DEV02982,Mobile App,2026-08-07,1
DEV02983,Mobile Browser,2026-02-15,1
DEV02984,Mobile Browser,2026-04-04,1
DEV02985,Desktop Browser,2026-08-12,1
DEV02986,Tablet,2026-02-21,1
DEV02987,Desktop Browser,2025-04-29,1
DEV02988,Mobile Browser,2025-03-01,1
DEV02989,Mobile Browser,2025-08-15,1
DEV02990,Mobile Browser,2025-04-03,1
DEV02991,Desktop Browser,2025-08-05,1
DEV02992,Tablet,2026-03-01,1
DEV02993,Mobile Browser,2026-01-29,1
DEV02994,Mobile Browser,2025-06-22,1
DEV02995,Mobile App,2026-04-22,1
DEV02996,Mobile App,2026-01-03,1
DEV02997,Mobile App,2025-09-28,1
DEV02998,Mobile App,2025-09-21,1
DEV02999,Mobile App,2025-11-01,1
DEV03000,Mobile App,2026-03-26,1
DEV03001,Tablet,2025-12-02,1
DEV03002,Mobile Browser,2025-09-18,1
DEV03003,Desktop Browser,2026-06-21,1
DEV03004,Mobile Browser,2025-05-14,1
DEV03005,Mobile Browser,2025-07-20,1
DEV03006,Desktop Browser,2026-06-04,1
DEV03007,Mobile App,2025-07-24,1
DEV03008,Mobile App,2025-12-02,1
DEV03009,Mobile App,2026-04-04,1
DEV03010,Mobile App,2026-07-12,1
DEV03011,Mobile Browser,2026-05-23,1
DEV03012,Mobile App,2025-07-22,1
DEV03013,Mobile Browser,2025-12-14,1
DEV03014,Mobile Browser,2026-03-17,1
DEV03015,Mobile App,2026-07-05,1
DEV03016,Tablet,2025-11-04,1
DEV03017,Desktop Browser,2025-03-21,1
DEV03018,Desktop Browser,2026-03-25,1
DEV03019,Mobile App,2026-06-03,1
DEV03020,Desktop Browser,2026-03-15,1
DEV03021,Tablet,2026-02-02,1
DEV03022,Mobile Browser,2025-08-16,1
DEV03023,Mobile Browser,2025-11-17,1
DEV03024,Desktop Browser,2025-10-15,1
DEV03025,Mobile App,2025-06-30,1
DEV03026,Mobile App,2025-06-19,1
DEV03027,Mobile App,2025-05-03,1
DEV03028,Desktop Browser,2026-02-17,1
DEV03029,Mobile App,2026-06-28,1
DEV03030,Desktop Browser,2025-07-31,1
DEV03031,Mobile App,2025-05-25,1
DEV03032,Desktop Browser,2026-01-13,1
DEV03033,Desktop Browser,2026-06-24,1
DEV03034,Mobile App,2026-01-23,1
DEV03035,Mobile App,2025-10-15,1
DEV03036,Mobile App,2025-05-11,1
DEV03037,Mobile App,2026-02-23,1
DEV03038,Tablet,2025-04-15,1
DEV03039,Tablet,2025-10-31,1
DEV03040,Mobile App,2025-12-16,1
DEV03041,Mobile Browser,2025-09-18,1
DEV03042,Mobile App,2026-07-24,1
DEV03043,Desktop Browser,2025-03-16,1
DEV03044,Tablet,2026-02-19,1
DEV03045,Desktop Browser,2025-05-17,1
DEV03046,Tablet,2025-09-30,1
DEV03047,Desktop Browser,2026-05-07,1
DEV03048,Mobile Browser,2026-04-24,1
DEV03049,Mobile App,2026-03-15,1
DEV03050,Mobile Browser,2025-03-24,1
DEV03051,Desktop Browser,2025-05-14,1
DEV03052,Mobile App,2025-04-10,1
DEV03053,Mobile App,2026-04-17,1
DEV03054,Mobile Browser,2026-05-10,1
DEV03055,Mobile App,2025-10-25,1
DEV03056,Mobile Browser,2025-03-10,1
DEV03057,Desktop Browser,2025-11-20,1
DEV03058,Desktop Browser,2025-07-17,1
DEV03059,Mobile Browser,2025-09-12,1
DEV03060,Mobile App,2025-10-11,1
DEV03061,Mobile App,2025-11-19,1
DEV03062,Mobile Browser,2025-08-08,1
DEV03063,Mobile App,2026-01-05,1
DEV03064,Mobile Browser,2025-11-28,1
DEV03065,Mobile Browser,2025-05-25,1
DEV03066,Mobile App,2026-04-08,1
DEV03067,Mobile App,2025-11-07,1
DEV03068,Mobile Browser,2026-05-04,1
DEV03069,Mobile App,2025-11-19,1
DEV03070,Mobile App,2025-06-15,1
DEV03071,Desktop Browser,2025-09-15,1
DEV03072,Mobile Browser,2026-05-16,1
DEV03073,Mobile Browser,2025-06-23,1
DEV03074,Desktop Browser,2025-09-13,1
DEV03075,Mobile Browser,2025-11-29,1
DEV03076,Mobile App,2025-08-07,1
DEV03077,Mobile Browser,2026-06-01,1
DEV03078,Desktop Browser,2026-06-24,1
DEV03079,Desktop Browser,2026-01-03,1
DEV03080,Mobile App,2026-07-07,1
DEV03081,Mobile App,2026-02-22,1
DEV03082,Mobile Browser,2025-05-27,1
DEV03083,Mobile App,2026-04-25,1
DEV03084,Mobile App,2025-07-04,1
DEV03085,Mobile App,2026-06-11,1
DEV03086,Mobile Browser,2026-07-23,1
DEV03087,Mobile Browser,2025-08-23,1
DEV03088,Mobile Browser,2026-03-02,1
DEV03089,Desktop Browser,2025-04-25,1
DEV03090,Desktop Browser,2026-02-10,1
DEV03091,Desktop Browser,2025-07-11,1
DEV03092,Mobile App,2025-11-11,1
DEV03093,Mobile Browser,2025-10-17,1
DEV03094,Desktop Browser,2026-08-29,1
DEV03095,Tablet,2026-06-17,1
DEV03096,Mobile App,2026-05-24,1
DEV03097,Mobile Browser,2026-06-14,1
DEV03098,Tablet,2026-04-26,1
DEV03099,Mobile Browser,2025-12-10,1
DEV03100,Mobile App,2026-01-19,1
DEV03101,Mobile App,2025-11-20,1
DEV03102,Tablet,2026-01-27,1
DEV03103,Desktop Browser,2025-09-19,1
DEV03104,Desktop Browser,2026-07-07,1
DEV03105,Desktop Browser,2025-10-09,1
DEV03106,Mobile Browser,2026-04-22,1
DEV03107,Mobile App,2025-06-11,1
DEV03108,Mobile App,2025-08-07,1
DEV03109,Mobile Browser,2025-07-14,1
DEV03110,Mobile App,2026-03-27,1
DEV03111,Desktop Browser,2025-04-23,1
DEV03112,Mobile Browser,2025-10-10,1
DEV03113,Desktop Browser,2025-03-14,1
DEV03114,Mobile App,2026-06-25,1
DEV03115,Mobile Browser,2025-10-25,1
DEV03116,Mobile App,2025-12-29,1
DEV03117,Mobile App,2025-08-31,1
DEV03118,Mobile Browser,2025-03-12,1
DEV03119,Mobile App,2025-07-24,1
DEV03120,Desktop Browser,2026-08-31,1
DEV03121,Mobile App,2025-08-17,1
DEV03122,Mobile App,2026-02-09,1
DEV03123,Mobile App,2025-12-22,1
DEV03124,Mobile App,2025-04-22,1
DEV03125,Desktop Browser,2025-07-14,1
DEV03126,Mobile App,2025-03-18,1
DEV03127,Desktop Browser,2026-04-07,1
DEV03128,Mobile Browser,2026-01-18,1
DEV03129,Mobile App,2025-12-06,1
DEV03130,Mobile App,2026-06-22,1
DEV03131,Mobile Browser,2025-09-24,1
DEV03132,Mobile Browser,2025-10-25,1
DEV03133,Tablet,2025-10-10,1
DEV03134,Mobile Browser,2026-05-03,1
DEV03135,Mobile Browser,2025-05-05,1
DEV03136,Mobile Browser,2025-11-10,1
DEV03137,Desktop Browser,2026-03-20,1
DEV03138,Tablet,2026-03-18,1
DEV03139,Mobile Browser,2025-07-02,1
DEV03140,Mobile Browser,2025-06-19,1
DEV03141,Mobile Browser,2025-08-05,1
DEV03142,Tablet,2026-08-30,1
DEV03143,Mobile App,2026-01-22,1
DEV03144,Mobile App,2025-05-07,1
DEV03145,Mobile Browser,2026-05-17,1
DEV03146,Mobile Browser,2026-02-24,1
DEV03147,Mobile App,2025-09-11,1
DEV03148,Tablet,2025-10-27,1
DEV03149,Mobile Browser,2025-07-20,1
DEV03150,Tablet,2025-03-31,1
DEV03151,Mobile Browser,2025-11-21,1
DEV03152,Desktop Browser,2026-03-16,1
DEV03153,Mobile App,2026-08-03,1
DEV03154,Mobile App,2026-08-18,1
DEV03155,Mobile App,2026-02-03,1
DEV03156,Mobile Browser,2026-08-10,1
DEV03157,Mobile App,2026-06-10,1
DEV03158,Desktop Browser,2025-04-12,1
DEV03159,Mobile App,2025-04-22,1
DEV03160,Desktop Browser,2025-10-18,1
DEV03161,Mobile Browser,2026-06-26,1
DEV03162,Desktop Browser,2025-10-19,1
DEV03163,Mobile App,2025-03-16,1
DEV03164,Mobile Browser,2026-03-14,1
DEV03165,Mobile App,2026-08-09,1
DEV03166,Mobile Browser,2025-05-02,1
DEV03167,Mobile Browser,2025-06-29,1
DEV03168,Mobile Browser,2026-06-08,1
DEV03169,Desktop Browser,2025-08-27,1
DEV03170,Mobile Browser,2026-01-03,1
DEV03171,Mobile Browser,2025-08-28,1
DEV03172,Mobile App,2026-02-17,1
DEV03173,Mobile App,2026-01-09,1
DEV03174,Mobile App,2025-12-07,1
DEV03175,Mobile App,2025-03-05,1
DEV03176,Mobile App,2026-03-29,1
DEV03177,Mobile App,2025-04-13,1
DEV03178,Mobile Browser,2025-08-03,1
DEV03179,Mobile App,2026-02-21,1
DEV03180,Mobile Browser,2026-06-26,1
DEV03181,Mobile App,2025-07-17,1
DEV03182,Mobile App,2025-09-14,1
DEV03183,Mobile App,2025-04-19,1
DEV03184,Mobile App,2026-05-31,1
DEV03185,Mobile App,2025-04-27,1
DEV03186,Mobile App,2026-06-20,1
DEV03187,Mobile App,2026-03-30,1
DEV03188,Tablet,2026-05-20,1
DEV03189,Mobile App,2026-05-22,1
DEV03190,Mobile App,2026-05-14,1
DEV03191,Desktop Browser,2026-05-12,1
DEV03192,Mobile App,2025-09-18,1
DEV03193,Desktop Browser,2025-08-27,1
DEV03194,Mobile Browser,2026-06-18,1
DEV03195,Mobile App,2026-04-04,1
DEV03196,Mobile App,2026-05-27,1
DEV03197,Mobile App,2025-10-26,1
DEV03198,Mobile App,2025-04-17,1
DEV03199,Desktop Browser,2025-09-24,1
DEV03200,Mobile App,2025-07-22,1
DEV03201,Mobile Browser,2026-06-08,1
DEV03202,Mobile Browser,2026-01-28,1
DEV03203,Mobile App,2026-04-16,1
DEV03204,Mobile App,2025-04-05,1
DEV03205,Desktop Browser,2025-10-09,1
DEV03206,Mobile App,2025-10-27,1
DEV03207,Tablet,2026-03-26,1
DEV03208,Tablet,2026-07-11,1
DEV03209,Desktop Browser,2026-08-19,1
DEV03210,Mobile App,2026-08-27,1
DEV03211,Mobile App,2025-03-06,1
DEV03212,Tablet,2025-07-15,1
DEV03213,Mobile Browser,2026-06-16,1
DEV03214,Desktop Browser,2026-02-12,1
DEV03215,Mobile Browser,2025-08-15,1
DEV03216,Desktop Browser,2026-06-14,1
DEV03217,Mobile Browser,2026-07-03,1
DEV03218,Mobile App,2025-06-11,1
DEV03219,Mobile Browser,2025-04-11,1
DEV03220,Mobile Browser,2025-05-05,1
DEV03221,Desktop Browser,2025-12-23,1
DEV03222,Desktop Browser,2026-05-02,1
DEV03223,Mobile App,2026-01-20,1
DEV03224,Tablet,2025-06-16,1
DEV03225,Mobile App,2025-05-13,1
DEV03226,Desktop Browser,2026-01-29,1
DEV03227,Mobile App,2025-11-09,1
DEV03228,Mobile App,2025-11-14,1
DEV03229,Mobile Browser,2025-04-03,1
DEV03230,Mobile App,2025-10-24,1
DEV03231,Mobile App,2026-08-23,1
DEV03232,Desktop Browser,2025-12-29,1
DEV03233,Mobile Browser,2025-06-25,1
DEV03234,Mobile Browser,2026-06-24,1
DEV03235,Mobile App,2025-10-19,1
DEV03236,Mobile App,2026-06-23,1
DEV03237,Mobile Browser,2025-03-09,1
DEV03238,Mobile App,2026-03-14,1
DEV03239,Mobile App,2026-03-16,1
DEV03240,Mobile Browser,2026-02-23,1
DEV03241,Desktop Browser,2026-04-09,1
DEV03242,Mobile Browser,2025-08-04,1
DEV03243,Mobile Browser,2025-09-18,1
DEV03244,Tablet,2025-10-30,1
DEV03245,Desktop Browser,2026-05-20,1
DEV03246,Desktop Browser,2025-08-20,1
DEV03247,Desktop Browser,2025-08-02,1
DEV03248,Mobile App,2025-12-14,1
DEV03249,Desktop Browser,2025-08-21,1
DEV03250,Mobile Browser,2025-08-08,1
DEV03251,Desktop Browser,2025-07-21,1
DEV03252,Mobile Browser,2025-03-27,1
DEV03253,Desktop Browser,2025-09-18,1
DEV03254,Mobile App,2025-06-02,1
DEV03255,Mobile App,2026-02-02,1
DEV03256,Desktop Browser,2026-08-30,1
DEV03257,Desktop Browser,2025-04-19,1
DEV03258,Desktop Browser,2025-10-16,1
DEV03259,Mobile App,2025-12-31,1
DEV03260,Desktop Browser,2025-10-12,1
DEV03261,Mobile Browser,2026-05-02,1
DEV03262,Mobile Browser,2026-07-11,1
DEV03263,Mobile Browser,2025-12-30,1
DEV03264,Mobile App,2026-01-27,1
DEV03265,Mobile App,2025-07-22,1
DEV03266,Tablet,2025-05-19,1
DEV03267,Mobile Browser,2026-01-02,1
DEV03268,Mobile App,2026-07-06,1
DEV03269,Desktop Browser,2026-03-09,1
DEV03270,Mobile App,2025-05-06,1
DEV03271,Desktop Browser,2025-09-10,1
DEV03272,Mobile Browser,2025-11-21,1
DEV03273,Desktop Browser,2025-09-02,1
DEV03274,Desktop Browser,2026-04-27,1
DEV03275,Desktop Browser,2026-05-31,1
DEV03276,Mobile Browser,2026-07-29,1
DEV03277,Mobile App,2025-06-12,1
DEV03278,Desktop Browser,2025-03-23,1
DEV03279,Mobile App,2026-08-07,1
DEV03280,Mobile App,2025-09-09,1
DEV03281,Mobile App,2026-03-10,1
DEV03282,Mobile App,2025-11-21,1
DEV03283,Mobile Browser,2025-05-13,1
DEV03284,Desktop Browser,2025-10-12,1
DEV03285,Mobile App,2026-02-11,1
DEV03286,Desktop Browser,2026-08-07,1
DEV03287,Mobile Browser,2025-11-04,1
DEV03288,Mobile Browser,2025-08-29,1
DEV03289,Mobile App,2025-06-14,1
DEV03290,Mobile Browser,2025-06-28,1
DEV03291,Tablet,2025-05-11,1
DEV03292,Mobile App,2026-05-31,1
DEV03293,Mobile App,2026-06-22,1
DEV03294,Tablet,2025-06-27,1
DEV03295,Desktop Browser,2025-10-25,1
DEV03296,Desktop Browser,2025-11-10,1
DEV03297,Mobile App,2026-07-08,1
DEV03298,Mobile App,2026-04-07,1
DEV03299,Tablet,2026-03-04,1
DEV03300,Mobile App,2026-04-06,1
DEV03301,Mobile Browser,2025-03-23,1
DEV03302,Desktop Browser,2025-06-26,1
DEV03303,Mobile Browser,2025-04-24,1
DEV03304,Mobile App,2025-11-20,1
DEV03305,Mobile Browser,2025-06-21,1
DEV03306,Mobile Browser,2025-03-08,1
DEV03307,Mobile Browser,2026-05-05,1
DEV03308,Desktop Browser,2025-04-19,1
DEV03309,Mobile App,2026-05-30,1
DEV03310,Desktop Browser,2025-07-23,1
DEV03311,Mobile Browser,2026-04-16,1
DEV03312,Desktop Browser,2026-04-03,1
DEV03313,Tablet,2025-05-25,1
DEV03314,Mobile App,2025-09-17,1
DEV03315,Desktop Browser,2025-07-08,1
DEV03316,Mobile Browser,2026-03-24,1
DEV03317,Mobile App,2025-12-03,1
DEV03318,Mobile Browser,2025-08-15,1
DEV03319,Mobile Browser,2025-04-15,1
DEV03320,Desktop Browser,2025-05-26,1
DEV03321,Mobile App,2025-11-20,1
DEV03322,Mobile App,2026-05-24,1
DEV03323,Mobile Browser,2025-09-02,1
DEV03324,Desktop Browser,2026-04-01,1
DEV03325,Mobile App,2026-06-06,1
DEV03326,Mobile Browser,2025-05-04,1
DEV03327,Mobile App,2025-03-17,1
DEV03328,Mobile App,2025-08-30,1
DEV03329,Mobile App,2026-06-25,1
DEV03330,Mobile App,2025-08-21,1
DEV03331,Mobile App,2025-10-06,1
DEV03332,Mobile Browser,2025-09-11,1
DEV03333,Desktop Browser,2026-02-10,1
DEV03334,Mobile App,2025-08-13,1
DEV03335,Mobile App,2025-06-19,1
DEV03336,Mobile App,2025-03-03,1
DEV03337,Mobile Browser,2025-08-09,1
DEV03338,Mobile App,2026-01-26,1
DEV03339,Desktop Browser,2026-01-28,1
DEV03340,Desktop Browser,2026-05-28,1
DEV03341,Desktop Browser,2025-05-28,1
DEV03342,Mobile App,2026-04-24,1
DEV03343,Desktop Browser,2026-02-17,1
DEV03344,Desktop Browser,2025-07-23,1
DEV03345,Mobile Browser,2025-04-13,1
DEV03346,Mobile App,2026-07-08,1
DEV03347,Mobile App,2026-08-13,1
DEV03348,Mobile Browser,2026-07-26,1
DEV03349,Tablet,2026-08-21,1
DEV03350,Mobile Browser,2025-07-16,1
DEV03351,Mobile Browser,2026-06-07,1
DEV03352,Mobile App,2025-11-11,1
DEV03353,Tablet,2026-05-30,1
DEV03354,Mobile App,2025-08-20,1
DEV03355,Mobile App,2026-04-27,1
DEV03356,Mobile App,2026-05-13,1
DEV03357,Mobile App,2026-07-11,1
DEV03358,Tablet,2026-05-02,1
DEV03359,Tablet,2026-07-30,1
DEV03360,Desktop Browser,2025-09-18,1
DEV03361,Desktop Browser,2026-07-14,1
DEV03362,Mobile App,2025-06-20,1
DEV03363,Desktop Browser,2026-03-13,1
DEV03364,Mobile App,2026-02-11,1
DEV03365,Desktop Browser,2026-01-10,1
DEV03366,Mobile App,2025-04-23,1
DEV03367,Mobile App,2025-11-25,1
DEV03368,Mobile App,2026-07-21,1
DEV03369,Tablet,2025-03-01,1
DEV03370,Mobile App,2026-05-22,1
DEV03371,Mobile Browser,2026-04-29,1
DEV03372,Mobile Browser,2026-05-19,1
DEV03373,Tablet,2025-04-08,1
DEV03374,Mobile App,2025-09-27,1
DEV03375,Mobile Browser,2025-12-06,1
DEV03376,Mobile Browser,2025-07-11,1
DEV03377,Mobile App,2025-06-19,1
DEV03378,Mobile Browser,2025-10-24,1
DEV03379,Mobile Browser,2026-07-29,1
DEV03380,Mobile App,2025-08-20,1
DEV03381,Mobile Browser,2026-04-13,1
DEV03382,Mobile App,2025-05-23,1
DEV03383,Desktop Browser,2025-05-19,1
DEV03384,Mobile Browser,2026-08-04,1
DEV03385,Desktop Browser,2025-10-20,1
DEV03386,Mobile App,2026-03-28,1
DEV03387,Mobile Browser,2026-03-28,1
DEV03388,Mobile App,2025-07-31,1
DEV03389,Mobile Browser,2025-11-21,1
DEV03390,Desktop Browser,2026-04-19,1
DEV03391,Mobile Browser,2026-01-20,1
DEV03392,Mobile App,2025-08-23,1
DEV03393,Tablet,2025-05-06,1
DEV03394,Mobile Browser,2025-08-31,1
DEV03395,Mobile App,2026-07-18,1
DEV03396,Mobile App,2025-05-15,1
DEV03397,Mobile App,2026-08-05,1
DEV03398,Tablet,2026-08-18,1
DEV03399,Mobile Browser,2025-04-23,1
DEV03400,Mobile App,2025-12-02,1
DEV03401,Mobile Browser,2026-04-22,1
DEV03402,Mobile Browser,2025-11-10,1
DEV03403,Desktop Browser,2025-07-24,1
DEV03404,Desktop Browser,2026-03-20,1
DEV03405,Mobile App,2026-03-06,1
DEV03406,Desktop Browser,2025-09-13,1
DEV03407,Mobile Browser,2025-12-09,1
DEV03408,Mobile App,2025-06-28,1
DEV03409,Desktop Browser,2026-08-11,1
DEV03410,Mobile App,2025-09-24,1
DEV03411,Mobile App,2025-12-24,1
DEV03412,Desktop Browser,2026-04-18,1
DEV03413,Mobile Browser,2026-03-18,1
DEV03414,Mobile Browser,2026-05-21,1
DEV03415,Mobile App,2025-05-10,1
DEV03416,Desktop Browser,2025-09-25,1
DEV03417,Tablet,2025-12-27,1
DEV03418,Mobile Browser,2025-12-07,1
DEV03419,Mobile Browser,2025-09-22,1
DEV03420,Mobile App,2025-05-18,1
DEV03421,Tablet,2025-06-03,1
DEV03422,Mobile App,2026-02-14,1
DEV03423,Desktop Browser,2025-06-19,1
DEV03424,Mobile App,2025-08-04,1
DEV03425,Mobile Browser,2025-03-09,1
DEV03426,Mobile Browser,2025-09-02,1
DEV03427,Mobile Browser,2026-05-07,1
DEV03428,Desktop Browser,2026-02-19,1
DEV03429,Mobile App,2026-03-27,1
DEV03430,Desktop Browser,2026-07-07,1
DEV03431,Mobile Browser,2026-04-24,1
DEV03432,Mobile App,2025-08-11,1
DEV03433,Desktop Browser,2025-08-30,1
DEV03434,Mobile Browser,2026-05-20,1
DEV03435,Mobile App,2026-02-03,1
DEV03436,Mobile Browser,2026-08-01,1
DEV03437,Desktop Browser,2026-08-06,1
DEV03438,Mobile App,2025-07-26,1
DEV03439,Mobile Browser,2025-05-18,1
DEV03440,Mobile Browser,2025-11-04,1
DEV03441,Mobile App,2025-03-24,1
DEV03442,Desktop Browser,2025-07-09,1
DEV03443,Mobile App,2025-07-28,1
DEV03444,Mobile App,2026-08-23,1
DEV03445,Mobile Browser,2025-10-26,1
DEV03446,Mobile App,2026-05-29,1
DEV03447,Desktop Browser,2026-01-29,1
DEV03448,Mobile App,2026-01-21,1
DEV03449,Mobile App,2026-01-30,1
DEV03450,Desktop Browser,2025-05-20,1
DEV03451,Mobile App,2025-11-13,1
DEV03452,Desktop Browser,2025-07-01,1
DEV03453,Mobile App,2026-07-28,1
DEV03454,Mobile App,2026-07-27,1
DEV03455,Mobile App,2026-03-06,1
DEV03456,Mobile Browser,2025-07-26,1
DEV03457,Desktop Browser,2025-11-17,1
DEV03458,Desktop Browser,2025-03-31,1
DEV03459,Mobile Browser,2025-11-23,1
DEV03460,Mobile App,2026-04-04,1
DEV03461,Mobile App,2025-05-30,1
DEV03462,Tablet,2026-07-14,1
DEV03463,Mobile Browser,2025-06-19,1
DEV03464,Mobile App,2026-05-07,1
DEV03465,Mobile App,2026-05-21,1
DEV03466,Mobile App,2025-10-26,1
DEV03467,Mobile Browser,2026-04-22,1
DEV03468,Mobile App,2026-05-18,1
DEV03469,Tablet,2025-07-01,1
DEV03470,Mobile App,2025-10-02,1
DEV03471,Tablet,2025-10-14,1
DEV03472,Mobile App,2026-01-24,1
DEV03473,Desktop Browser,2026-06-12,1
DEV03474,Mobile Browser,2026-08-31,1
DEV03475,Mobile App,2026-04-19,1
DEV03476,Mobile App,2026-03-16,1
DEV03477,Desktop Browser,2026-04-15,1
DEV03478,Mobile Browser,2026-08-07,1
DEV03479,Desktop Browser,2026-04-12,1
DEV03480,Desktop Browser,2025-10-19,1
DEV03481,Tablet,2025-04-18,1
DEV03482,Tablet,2025-09-21,1
DEV03483,Mobile Browser,2026-03-21,1
DEV03484,Desktop Browser,2026-03-11,1
DEV03485,Desktop Browser,2026-06-25,1
DEV03486,Mobile Browser,2025-09-17,1
DEV03487,Desktop Browser,2025-12-25,1
DEV03488,Desktop Browser,2026-06-01,1
DEV03489,Desktop Browser,2026-02-27,1
DEV03490,Tablet,2026-02-03,1
DEV03491,Mobile Browser,2025-06-16,1
DEV03492,Mobile App,2025-08-14,1
DEV03493,Mobile Browser,2025-10-10,1
DEV03494,Desktop Browser,2026-08-08,1
DEV03495,Mobile App,2025-09-22,1
DEV03496,Mobile App,2025-12-08,1
DEV03497,Mobile App,2026-08-06,1
DEV03498,Mobile App,2025-07-22,1
DEV03499,Mobile App,2025-07-14,1
DEV03500,Mobile Browser,2026-04-05,1
DEV03501,Desktop Browser,2026-05-23,1
DEV03502,Mobile Browser,2025-11-25,1
DEV03503,Mobile Browser,2026-06-25,1
DEV03504,Desktop Browser,2025-10-24,1
DEV03505,Mobile Browser,2025-04-06,1
DEV03506,Mobile Browser,2026-05-04,1
DEV03507,Tablet,2025-10-25,1
DEV03508,Tablet,2025-07-03,1
DEV03509,Mobile App,2025-09-04,1
DEV03510,Mobile Browser,2026-08-12,1
DEV03511,Mobile Browser,2026-06-11,1
DEV03512,Mobile Browser,2025-08-23,1
DEV03513,Mobile Browser,2025-12-14,1
DEV03514,Mobile App,2026-07-13,1
DEV03515,Desktop Browser,2025-10-09,1
DEV03516,Mobile App,2025-11-17,1
DEV03517,Mobile Browser,2026-03-11,1
DEV03518,Mobile App,2025-03-24,1
DEV03519,Mobile Browser,2026-02-19,1
DEV03520,Desktop Browser,2025-03-29,1
DEV03521,Mobile App,2026-04-13,1
DEV03522,Mobile App,2025-07-31,1
DEV03523,Desktop Browser,2025-03-12,1
DEV03524,Desktop Browser,2026-06-20,1
DEV03525,Mobile Browser,2026-02-03,1
DEV03526,Tablet,2025-10-12,1
DEV03527,Mobile App,2025-03-16,1
DEV03528,Desktop Browser,2026-06-26,1
DEV03529,Mobile Browser,2025-12-13,1
DEV03530,Mobile Browser,2026-05-28,1
DEV03531,Mobile Browser,2025-08-13,1
DEV03532,Mobile App,2025-09-21,1
DEV03533,Mobile App,2026-01-27,1
DEV03534,Mobile Browser,2026-07-20,1
DEV03535,Desktop Browser,2025-06-29,1
DEV03536,Mobile App,2026-04-14,1
DEV03537,Mobile App,2025-05-07,1
DEV03538,Tablet,2025-10-06,1
DEV03539,Mobile App,2026-03-21,1
DEV03540,Tablet,2025-11-08,1
DEV03541,Mobile App,2026-02-20,1
DEV03542,Mobile App,2026-03-15,1
DEV03543,Desktop Browser,2025-09-30,1
DEV03544,Mobile App,2026-08-10,1
DEV03545,Mobile Browser,2026-08-17,1
DEV03546,Mobile App,2026-01-22,1
DEV03547,Desktop Browser,2025-06-24,1
DEV03548,Mobile Browser,2025-04-01,1
DEV03549,Mobile App,2025-12-18,1
DEV03550,Mobile Browser,2025-08-24,1
DEV03551,Mobile App,2026-04-20,1
DEV03552,Desktop Browser,2025-03-07,1
DEV03553,Desktop Browser,2026-04-02,1
DEV03554,Tablet,2026-03-28,1
DEV03555,Desktop Browser,2026-07-11,1
DEV03556,Mobile App,2026-04-30,1
DEV03557,Mobile Browser,2026-07-28,1
DEV03558,Tablet,2025-11-04,1
DEV03559,Mobile App,2025-07-09,1
DEV03560,Mobile App,2026-01-17,1
DEV03561,Mobile Browser,2026-08-25,1
DEV03562,Mobile App,2025-06-09,1
DEV03563,Mobile App,2025-09-07,1
DEV03564,Desktop Browser,2026-07-13,1
DEV03565,Mobile App,2025-04-15,1
DEV03566,Mobile App,2026-03-10,1
DEV03567,Mobile App,2025-11-12,1
DEV03568,Tablet,2025-06-13,1
DEV03569,Mobile App,2025-12-26,1
DEV03570,Mobile Browser,2025-10-16,1
DEV03571,Desktop Browser,2025-04-01,1
DEV03572,Desktop Browser,2025-06-12,1
DEV03573,Desktop Browser,2025-05-06,1
DEV03574,Desktop Browser,2026-03-09,1
DEV03575,Mobile App,2025-10-21,1
DEV03576,Mobile Browser,2026-03-24,1
DEV03577,Mobile Browser,2025-10-25,1
DEV03578,Mobile Browser,2025-06-20,1
DEV03579,Desktop Browser,2026-06-19,1
DEV03580,Mobile App,2025-12-15,1
DEV03581,Desktop Browser,2026-03-05,1
DEV03582,Desktop Browser,2026-02-12,1
DEV03583,Mobile Browser,2025-07-20,1
DEV03584,Mobile App,2025-07-14,1
DEV03585,Mobile Browser,2026-08-05,1
DEV03586,Tablet,2026-05-16,1
DEV03587,Tablet,2025-09-24,1
DEV03588,Mobile App,2026-02-23,1
DEV03589,Mobile App,2026-03-16,1
DEV03590,Mobile Browser,2026-03-29,1
DEV03591,Desktop Browser,2025-04-01,1
DEV03592,Mobile Browser,2025-10-20,1
DEV03593,Mobile App,2026-05-08,1
DEV03594,Mobile Browser,2026-05-15,1
DEV03595,Mobile App,2026-02-17,1
DEV03596,Mobile Browser,2026-03-06,1
DEV03597,Mobile Browser,2025-07-25,1
DEV03598,Mobile Browser,2025-04-17,1
DEV03599,Mobile App,2025-08-19,1
DEV03600,Desktop Browser,2026-01-09,1
DEV03601,Mobile App,2026-08-15,1
DEV03602,Mobile Browser,2026-03-31,1
DEV03603,Mobile Browser,2025-04-02,1
DEV03604,Mobile App,2025-09-07,1
DEV03605,Mobile App,2025-12-10,1
DEV03606,Desktop Browser,2026-03-25,1
DEV03607,Mobile App,2025-08-07,1
DEV03608,Mobile App,2025-04-16,1
DEV03609,Tablet,2026-08-05,1
DEV03610,Desktop Browser,2025-08-02,1
DEV03611,Mobile App,2026-02-28,1
DEV03612,Mobile Browser,2025-07-26,1
DEV03613,Tablet,2025-06-11,1
DEV03614,Mobile App,2025-12-11,1
DEV03615,Tablet,2025-03-29,1
DEV03616,Mobile App,2025-03-30,1
DEV03617,Desktop Browser,2025-07-16,1
DEV03618,Mobile Browser,2026-03-27,1
DEV03619,Mobile App,2025-10-20,1
DEV03620,Mobile Browser,2025-12-17,1
DEV03621,Mobile App,2026-08-30,1
DEV03622,Mobile App,2026-01-12,1
DEV03623,Mobile App,2026-06-08,1
DEV03624,Mobile Browser,2025-10-26,1
DEV03625,Mobile App,2025-04-26,1
DEV03626,Mobile App,2025-05-09,1
DEV03627,Mobile App,2025-08-31,1
DEV03628,Mobile App,2025-12-01,1
DEV03629,Tablet,2025-11-12,1
DEV03630,Mobile App,2026-05-09,1
DEV03631,Mobile Browser,2025-11-24,1
DEV03632,Mobile Browser,2026-03-01,1
DEV03633,Mobile Browser,2025-12-24,1
DEV03634,Desktop Browser,2026-06-30,1
DEV03635,Mobile Browser,2026-08-08,1
DEV03636,Mobile App,2026-04-05,1
DEV03637,Desktop Browser,2026-03-27,1
DEV03638,Mobile Browser,2025-12-13,1
DEV03639,Tablet,2025-08-09,1
DEV03640,Mobile App,2025-08-29,1
DEV03641,Tablet,2025-05-21,1
DEV03642,Mobile App,2026-07-08,1
DEV03643,Desktop Browser,2025-04-20,1
DEV03644,Mobile Browser,2026-02-25,1
DEV03645,Mobile Browser,2025-05-07,1
DEV03646,Mobile App,2025-07-21,1
DEV03647,Mobile Browser,2025-09-10,1
DEV03648,Mobile Browser,2025-11-01,1
DEV03649,Desktop Browser,2026-03-19,1
DEV03650,Mobile Browser,2025-12-02,1
DEV03651,Mobile Browser,2026-02-21,1
DEV03652,Mobile App,2025-10-06,1
DEV03653,Mobile Browser,2025-10-14,1
DEV03654,Mobile App,2025-03-17,1
DEV03655,Mobile Browser,2026-07-12,1
DEV03656,Mobile App,2026-07-15,1
DEV03657,Mobile Browser,2025-09-17,1
DEV03658,Mobile App,2025-11-14,1
DEV03659,Mobile Browser,2025-12-28,1
DEV03660,Mobile App,2025-07-03,1
DEV03661,Mobile Browser,2026-06-23,1
DEV03662,Mobile App,2025-06-23,1
DEV03663,Mobile App,2025-03-01,1
DEV03664,Mobile Browser,2026-03-26,1
DEV03665,Mobile Browser,2026-01-22,1
DEV03666,Mobile App,2026-03-12,1
DEV03667,Mobile Browser,2025-04-11,1
DEV03668,Mobile Browser,2026-07-07,1
DEV03669,Desktop Browser,2025-07-02,1
DEV03670,Mobile Browser,2026-05-30,1
DEV03671,Mobile App,2026-03-27,1
DEV03672,Desktop Browser,2026-02-06,1
DEV03673,Mobile Browser,2025-04-21,1
DEV03674,Desktop Browser,2026-07-02,1
DEV03675,Mobile App,2025-09-25,1
DEV03676,Mobile Browser,2026-08-18,1
DEV03677,Mobile Browser,2026-04-05,1
DEV03678,Mobile App,2025-09-27,1
DEV03679,Desktop Browser,2025-03-03,1
DEV03680,Mobile App,2025-03-02,1
DEV03681,Mobile App,2025-03-04,1
DEV03682,Mobile App,2026-06-11,1
DEV03683,Mobile App,2026-01-02,1
DEV03684,Mobile Browser,2025-12-17,1
DEV03685,Desktop Browser,2025-07-11,1
DEV03686,Mobile App,2025-11-29,1
DEV03687,Mobile App,2026-07-22,1
DEV03688,Mobile App,2025-12-18,1
DEV03689,Tablet,2025-09-30,1
DEV03690,Desktop Browser,2025-03-15,1
DEV03691,Mobile App,2025-04-14,1
DEV03692,Mobile Browser,2026-04-16,1
DEV03693,Desktop Browser,2025-08-17,1
DEV03694,Mobile App,2026-04-05,1
DEV03695,Mobile App,2025-04-12,1
DEV03696,Mobile App,2025-08-26,1
DEV03697,Desktop Browser,2025-10-30,1
DEV03698,Mobile App,2025-06-20,1
DEV03699,Mobile Browser,2026-08-29,1
DEV03700,Mobile App,2026-05-11,1
DEV03701,Mobile Browser,2026-06-17,1
DEV03702,Mobile App,2026-01-06,1
DEV03703,Tablet,2026-03-06,1
DEV03704,Mobile App,2025-10-16,1
DEV03705,Mobile App,2026-03-13,1
DEV03706,Mobile Browser,2025-09-19,1
DEV03707,Mobile App,2026-06-05,1
DEV03708,Mobile App,2025-06-12,1
DEV03709,Mobile App,2026-06-12,1
DEV03710,Mobile App,2025-11-05,1
DEV03711,Mobile App,2025-09-17,1
DEV03712,Mobile Browser,2026-08-28,1
DEV03713,Mobile Browser,2026-08-26,1
DEV03714,Desktop Browser,2025-04-02,1
DEV03715,Mobile App,2025-06-15,1
DEV03716,Mobile App,2026-06-30,1
DEV03717,Desktop Browser,2026-03-05,1
DEV03718,Desktop Browser,2025-08-14,1
DEV03719,Desktop Browser,2025-12-25,1
DEV03720,Mobile App,2026-04-11,1
DEV03721,Mobile Browser,2025-06-09,1
DEV03722,Mobile App,2025-05-01,1
DEV03723,Desktop Browser,2026-03-03,1
DEV03724,Mobile Browser,2026-06-12,1
DEV03725,Desktop Browser,2025-03-26,1
DEV03726,Mobile App,2025-04-19,1
DEV03727,Mobile Browser,2025-04-05,1
DEV03728,Mobile App,2026-03-14,1
DEV03729,Mobile App,2026-01-23,1
DEV03730,Mobile App,2025-10-07,1
DEV03731,Mobile Browser,2025-06-18,1
DEV03732,Mobile App,2026-04-14,1
DEV03733,Mobile App,2025-06-16,1
DEV03734,Mobile Browser,2026-05-21,1
DEV03735,Mobile App,2025-05-05,1
DEV03736,Desktop Browser,2026-07-17,1
DEV03737,Mobile Browser,2026-01-15,1
DEV03738,Mobile App,2026-05-21,1
DEV03739,Desktop Browser,2026-03-05,1
DEV03740,Mobile App,2026-06-01,1
DEV03741,Mobile Browser,2025-08-10,1
DEV03742,Mobile App,2026-02-13,1
DEV03743,Mobile App,2026-06-11,1
DEV03744,Desktop Browser,2025-06-14,1
DEV03745,Desktop Browser,2026-02-21,1
DEV03746,Desktop Browser,2025-06-21,1
DEV03747,Mobile Browser,2025-04-15,1
DEV03748,Mobile App,2026-02-16,1
DEV03749,Mobile App,2025-05-19,1
DEV03750,Desktop Browser,2025-08-08,1
DEV03751,Tablet,2026-05-09,1
DEV03752,Desktop Browser,2026-05-20,1
DEV03753,Mobile Browser,2026-04-18,1
DEV03754,Mobile Browser,2025-05-05,1
DEV03755,Mobile App,2025-09-26,1
DEV03756,Mobile Browser,2026-07-03,1
DEV03757,Mobile App,2026-08-06,1
DEV03758,Mobile Browser,2026-01-23,1
DEV03759,Mobile App,2026-07-31,1
DEV03760,Mobile Browser,2026-08-25,1
DEV03761,Mobile App,2025-12-14,1
DEV03762,Mobile Browser,2025-10-30,1
DEV03763,Mobile Browser,2025-08-21,1
DEV03764,Mobile App,2026-07-22,1
DEV03765,Desktop Browser,2025-06-12,1
DEV03766,Mobile App,2025-05-16,1
DEV03767,Mobile Browser,2025-08-31,1
DEV03768,Tablet,2025-12-06,1
DEV03769,Desktop Browser,2026-08-07,1
DEV03770,Mobile Browser,2025-11-22,1
DEV03771,Desktop Browser,2026-02-20,1
DEV03772,Mobile App,2025-03-27,1
DEV03773,Mobile App,2025-08-07,1
DEV03774,Desktop Browser,2026-08-25,1
DEV03775,Mobile App,2025-09-26,1
DEV03776,Mobile Browser,2025-12-27,1
DEV03777,Mobile Browser,2025-11-12,1
DEV03778,Tablet,2025-03-09,1
DEV03779,Mobile App,2025-06-22,1
DEV03780,Mobile App,2025-09-21,1
DEV03781,Desktop Browser,2026-04-10,1
DEV03782,Mobile App,2025-05-25,1
DEV03783,Mobile Browser,2026-03-07,1
DEV03784,Mobile Browser,2025-09-18,1
DEV03785,Mobile App,2026-05-11,1
DEV03786,Mobile Browser,2026-04-03,1
DEV03787,Mobile App,2025-04-21,1
DEV03788,Mobile App,2026-06-23,1
DEV03789,Mobile App,2026-06-24,1
DEV03790,Mobile Browser,2025-11-26,1
DEV03791,Desktop Browser,2025-05-08,1
DEV03792,Mobile Browser,2026-08-11,1
DEV03793,Mobile App,2025-07-30,1
DEV03794,Mobile Browser,2026-08-24,1
DEV03795,Mobile App,2025-10-15,1
DEV03796,Mobile App,2025-03-05,1
DEV03797,Desktop Browser,2026-02-27,1
DEV03798,Mobile Browser,2026-03-30,1
DEV03799,Mobile App,2025-11-26,1
DEV03800,Mobile App,2026-03-18,1
DEV03801,Mobile App,2026-08-01,1
DEV03802,Tablet,2025-05-21,1
DEV03803,Desktop Browser,2026-05-25,1
DEV03804,Tablet,2026-05-09,1
DEV03805,Desktop Browser,2026-03-25,1
DEV03806,Desktop Browser,2026-02-12,1
DEV03807,Mobile Browser,2025-03-26,1
DEV03808,Mobile App,2026-03-05,1
DEV03809,Mobile Browser,2025-09-03,1
DEV03810,Mobile App,2025-12-04,1
DEV03811,Mobile Browser,2025-03-25,1
DEV03812,Mobile Browser,2025-03-29,1
DEV03813,Mobile App,2026-01-07,1
DEV03814,Mobile Browser,2025-12-20,1
DEV03815,Desktop Browser,2025-10-09,1
DEV03816,Mobile App,2026-08-14,1
DEV03817,Desktop Browser,2025-08-20,1
DEV03818,Mobile App,2026-06-22,1
DEV03819,Tablet,2025-08-14,1
DEV03820,Tablet,2025-06-26,1
DEV03821,Desktop Browser,2025-08-22,1
DEV03822,Desktop Browser,2025-10-13,1
DEV03823,Mobile App,2026-06-06,1
DEV03824,Desktop Browser,2025-06-12,1
DEV03825,Mobile App,2025-11-05,1
DEV03826,Mobile Browser,2026-03-23,1
DEV03827,Tablet,2026-05-12,1
DEV03828,Desktop Browser,2025-03-14,1
DEV03829,Mobile Browser,2026-03-14,1
DEV03830,Mobile App,2026-06-28,1
DEV03831,Mobile App,2025-11-01,1
DEV03832,Mobile App,2025-10-29,1
DEV03833,Mobile App,2025-12-25,1
DEV03834,Mobile App,2026-08-12,1
DEV03835,Mobile App,2026-02-05,1
DEV03836,Desktop Browser,2025-11-04,1
DEV03837,Desktop Browser,2026-03-15,1
DEV03838,Mobile App,2026-03-16,1
DEV03839,Mobile App,2025-11-16,1
DEV03840,Desktop Browser,2025-10-26,1
DEV03841,Mobile Browser,2026-05-15,1
DEV03842,Mobile App,2025-07-11,1
DEV03843,Mobile App,2026-03-27,1
DEV03844,Desktop Browser,2026-08-05,1
DEV03845,Mobile App,2026-02-17,1
DEV03846,Mobile Browser,2026-03-30,1
DEV03847,Mobile Browser,2025-06-14,1
DEV03848,Desktop Browser,2026-07-26,1
DEV03849,Mobile App,2026-07-01,1
DEV03850,Mobile Browser,2025-04-30,1
DEV03851,Desktop Browser,2025-12-19,1
DEV03852,Mobile App,2025-08-17,1
DEV03853,Mobile App,2025-10-17,1
DEV03854,Mobile Browser,2025-12-22,1
DEV03855,Mobile Browser,2025-10-26,1
DEV03856,Mobile App,2025-05-02,1
DEV03857,Mobile Browser,2026-05-28,1
DEV03858,Mobile App,2025-10-12,1
DEV03859,Mobile App,2025-03-27,1
DEV03860,Mobile Browser,2025-06-15,1
DEV03861,Mobile App,2025-04-05,1
DEV03862,Mobile App,2025-08-16,1
DEV03863,Tablet,2026-08-29,1
DEV03864,Mobile Browser,2025-10-23,1
DEV03865,Mobile App,2026-05-15,1
DEV03866,Mobile Browser,2026-04-21,1
DEV03867,Desktop Browser,2026-01-20,1
DEV03868,Mobile App,2026-07-03,1
DEV03869,Tablet,2025-03-17,1
DEV03870,Mobile Browser,2026-02-11,1
DEV03871,Mobile Browser,2026-04-27,1
DEV03872,Mobile App,2026-06-08,1
DEV03873,Mobile Browser,2026-02-18,1
DEV03874,Tablet,2025-07-02,1
DEV03875,Mobile Browser,2025-10-19,1
DEV03876,Mobile App,2026-04-13,1
DEV03877,Tablet,2026-07-16,1
DEV03878,Desktop Browser,2026-01-26,1
DEV03879,Desktop Browser,2026-05-04,1
DEV03880,Tablet,2026-06-16,1
DEV03881,Mobile App,2026-04-24,1
DEV03882,Mobile Browser,2025-04-26,1
DEV03883,Mobile Browser,2026-08-24,1
DEV03884,Desktop Browser,2025-10-13,1
DEV03885,Mobile App,2025-04-23,1
DEV03886,Mobile App,2025-03-04,1
DEV03887,Desktop Browser,2025-05-28,1
DEV03888,Mobile App,2026-07-14,1
DEV03889,Desktop Browser,2026-01-31,1
DEV03890,Tablet,2026-05-12,1
DEV03891,Mobile App,2025-05-15,1
DEV03892,Mobile Browser,2025-11-27,1
DEV03893,Mobile App,2025-05-16,1
DEV03894,Desktop Browser,2025-12-02,1
DEV03895,Mobile App,2025-11-21,1
DEV03896,Mobile App,2025-04-12,1
DEV03897,Mobile Browser,2025-10-13,1
DEV03898,Mobile Browser,2026-01-01,1
DEV03899,Mobile App,2025-04-03,1
DEV03900,Mobile App,2025-07-08,1
DEV03901,Mobile App,2026-03-19,1
DEV03902,Mobile App,2025-03-14,1
DEV03903,Mobile App,2025-09-20,1
DEV03904,Mobile App,2026-08-26,1
DEV03905,Desktop Browser,2025-08-09,1
DEV03906,Desktop Browser,2025-06-12,1
DEV03907,Desktop Browser,2026-04-21,1
DEV03908,Tablet,2025-11-29,1
DEV03909,Mobile Browser,2025-07-03,1
DEV03910,Mobile Browser,2025-06-15,1
DEV03911,Tablet,2026-06-06,1
DEV03912,Desktop Browser,2026-01-31,1
DEV03913,Mobile App,2026-07-09,1
DEV03914,Mobile Browser,2026-05-06,1
DEV03915,Desktop Browser,2026-04-10,1
DEV03916,Mobile Browser,2025-07-30,1
DEV03917,Desktop Browser,2025-09-30,1
DEV03918,Mobile Browser,2025-11-25,1
DEV03919,Mobile Browser,2025-06-08,1
DEV03920,Mobile Browser,2026-03-24,1
DEV03921,Mobile Browser,2025-03-19,1
DEV03922,Mobile Browser,2026-06-03,1
DEV03923,Tablet,2026-02-23,1
DEV03924,Mobile Browser,2025-03-15,1
DEV03925,Desktop Browser,2026-08-28,1
DEV03926,Mobile App,2026-02-18,1
DEV03927,Mobile App,2026-08-13,1
DEV03928,Mobile Browser,2025-06-23,1
DEV03929,Mobile Browser,2025-05-14,1
DEV03930,Desktop Browser,2025-10-28,1
DEV03931,Mobile Browser,2026-07-22,1
DEV03932,Mobile App,2025-06-01,1
DEV03933,Mobile App,2025-08-13,1
DEV03934,Desktop Browser,2026-07-21,1
DEV03935,Mobile App,2026-03-28,1
DEV03936,Tablet,2025-12-10,1
DEV03937,Mobile App,2025-06-17,1
DEV03938,Mobile App,2025-04-24,1
DEV03939,Mobile Browser,2025-04-21,1
DEV03940,Desktop Browser,2025-12-23,1
DEV03941,Mobile App,2025-03-18,1
DEV03942,Desktop Browser,2025-11-01,1
DEV03943,Mobile Browser,2025-09-19,1
DEV03944,Desktop Browser,2026-07-03,1
DEV03945,Mobile Browser,2026-01-09,1
DEV03946,Mobile Browser,2025-09-14,1
DEV03947,Mobile App,2026-07-20,1
DEV03948,Mobile App,2026-05-03,1
DEV03949,Mobile App,2025-08-09,1
DEV03950,Mobile App,2026-05-09,1
DEV03951,Desktop Browser,2025-10-18,1
DEV03952,Mobile App,2025-11-28,1
DEV03953,Desktop Browser,2025-04-10,1
DEV03954,Mobile Browser,2025-05-16,1
DEV03955,Mobile Browser,2025-06-25,1
DEV03956,Tablet,2025-09-12,1
DEV03957,Mobile App,2026-04-29,1
DEV03958,Mobile App,2025-04-03,1
DEV03959,Mobile App,2025-11-06,1
DEV03960,Mobile App,2026-05-14,1
DEV03961,Desktop Browser,2025-10-14,1
DEV03962,Desktop Browser,2025-03-23,1
DEV03963,Mobile App,2025-08-01,1
DEV03964,Desktop Browser,2025-11-07,1
DEV03965,Mobile Browser,2025-05-09,1
DEV03966,Desktop Browser,2025-08-10,1
DEV03967,Mobile App,2025-05-02,1
DEV03968,Mobile App,2025-04-17,1
DEV03969,Mobile App,2025-05-13,1
DEV03970,Mobile Browser,2026-08-24,1
DEV03971,Mobile Browser,2025-11-21,1
DEV03972,Mobile Browser,2025-04-24,1
DEV03973,Mobile Browser,2025-06-26,1
DEV03974,Tablet,2026-01-10,1
DEV03975,Tablet,2026-05-18,1
DEV03976,Desktop Browser,2025-11-14,1
DEV03977,Mobile App,2025-09-14,1
DEV03978,Mobile App,2026-05-19,1
DEV03979,Mobile App,2025-12-30,1
DEV03980,Desktop Browser,2025-04-23,1
DEV03981,Mobile Browser,2026-04-23,1
DEV03982,Mobile App,2026-05-12,1
DEV03983,Mobile Browser,2026-08-06,1
DEV03984,Mobile Browser,2025-07-04,1
DEV03985,Mobile App,2026-04-09,1
DEV03986,Mobile Browser,2025-03-28,1
DEV03987,Mobile Browser,2025-04-21,1
DEV03988,Mobile Browser,2026-07-24,1
DEV03989,Mobile Browser,2026-07-24,1
DEV03990,Mobile App,2025-09-17,1
DEV03991,Tablet,2025-12-09,1
DEV03992,Mobile App,2025-07-15,1
DEV03993,Mobile App,2026-02-27,1
DEV03994,Mobile App,2026-06-01,1
DEV03995,Mobile App,2026-08-08,1
DEV03996,Mobile Browser,2025-03-16,1
DEV03997,Mobile Browser,2026-05-30,1
DEV03998,Desktop Browser,2025-08-05,1
DEV03999,Mobile App,2025-10-27,1
DEV04000,Desktop Browser,2025-12-30,1
DEV04001,Mobile App,2025-03-14,1
DEV04002,Mobile App,2025-10-29,1
DEV04003,Mobile Browser,2026-04-19,1
DEV04004,Mobile Browser,2026-02-21,1
DEV04005,Mobile App,2025-08-05,1
DEV04006,Desktop Browser,2026-02-10,1
DEV04007,Mobile App,2026-06-30,1
DEV04008,Tablet,2026-06-30,1
DEV04009,Mobile App,2026-03-03,1
DEV04010,Tablet,2025-09-23,1
DEV04011,Mobile App,2026-06-26,1
DEV04012,Mobile App,2025-07-21,1
DEV04013,Mobile Browser,2025-04-16,1
DEV04014,Mobile App,2025-10-17,1
DEV04015,Mobile App,2026-07-04,1
DEV04016,Mobile App,2026-05-27,1
DEV04017,Mobile Browser,2025-05-26,1
DEV04018,Tablet,2025-12-07,1
DEV04019,Mobile App,2025-05-13,1
DEV04020,Mobile App,2025-06-04,1
DEV04021,Mobile Browser,2026-08-16,1
DEV04022,Desktop Browser,2025-10-21,1
DEV04023,Tablet,2026-02-17,1
DEV04024,Desktop Browser,2026-08-22,1
DEV04025,Mobile Browser,2026-07-22,1
DEV04026,Mobile Browser,2026-05-05,1
DEV04027,Mobile Browser,2025-08-24,1
DEV04028,Mobile App,2026-05-19,1
DEV04029,Mobile App,2026-02-12,1
DEV04030,Mobile App,2026-04-24,1
DEV04031,Mobile App,2026-06-23,1
DEV04032,Mobile Browser,2026-02-15,1
DEV04033,Mobile Browser,2026-02-22,1
DEV04034,Mobile App,2025-07-17,1
DEV04035,Mobile App,2025-06-20,1
DEV04036,Mobile App,2025-10-26,1
DEV04037,Mobile App,2025-10-22,1
DEV04038,Mobile App,2025-03-03,1
DEV04039,Mobile Browser,2026-06-15,1
DEV04040,Mobile App,2026-06-26,1
DEV04041,Desktop Browser,2025-12-17,1
DEV04042,Mobile App,2025-10-02,1
DEV04043,Desktop Browser,2026-03-01,1
DEV04044,Mobile Browser,2026-06-12,1
DEV04045,Mobile App,2026-05-29,1
DEV04046,Mobile App,2025-03-14,1
DEV04047,Desktop Browser,2026-07-03,1
DEV04048,Mobile Browser,2025-09-23,1
DEV04049,Mobile App,2025-10-19,1
DEV04050,Mobile App,2025-10-25,1
DEV04051,Mobile App,2025-12-31,1
DEV04052,Mobile App,2026-06-06,1
DEV04053,Mobile Browser,2025-10-22,1
DEV04054,Desktop Browser,2025-08-30,1
DEV04055,Mobile App,2025-03-30,1
DEV04056,Mobile App,2025-07-21,1
DEV04057,Mobile App,2025-05-13,1
DEV04058,Mobile App,2025-03-24,1
DEV04059,Mobile Browser,2026-05-02,1
DEV04060,Mobile App,2026-02-02,1
DEV04061,Mobile App,2026-07-28,1
DEV04062,Mobile App,2025-05-27,1
DEV04063,Tablet,2025-10-05,1
DEV04064,Mobile App,2025-11-25,1
DEV04065,Mobile Browser,2025-05-17,1
DEV04066,Mobile App,2026-06-11,1
DEV04067,Desktop Browser,2025-09-02,1
DEV04068,Mobile Browser,2025-11-29,1
DEV04069,Mobile Browser,2025-06-06,1
DEV04070,Mobile App,2025-06-22,1
DEV04071,Mobile Browser,2025-10-27,1
DEV04072,Desktop Browser,2025-04-13,1
DEV04073,Mobile App,2025-07-16,1
DEV04074,Mobile App,2026-05-10,1
DEV04075,Mobile Browser,2025-12-24,1
DEV04076,Mobile App,2026-07-25,1
DEV04077,Desktop Browser,2026-04-27,1
DEV04078,Mobile Browser,2025-03-31,1
DEV04079,Tablet,2025-08-16,1
DEV04080,Desktop Browser,2026-06-02,1
DEV04081,Mobile App,2026-07-28,1
DEV04082,Mobile Browser,2026-03-26,1
DEV04083,Mobile Browser,2025-11-09,1
DEV04084,Mobile App,2026-04-04,1
DEV04085,Desktop Browser,2025-03-04,1
DEV04086,Mobile App,2026-06-13,1
DEV04087,Mobile App,2026-07-06,1
DEV04088,Desktop Browser,2026-07-13,1
DEV04089,Desktop Browser,2026-03-05,1
DEV04090,Mobile App,2025-03-05,1
DEV04091,Mobile App,2025-07-18,1
DEV04092,Desktop Browser,2026-08-22,1
DEV04093,Mobile App,2026-01-04,1
DEV04094,Mobile Browser,2026-03-25,1
DEV04095,Mobile App,2026-02-24,1
DEV04096,Desktop Browser,2026-05-05,1
DEV04097,Mobile App,2025-04-01,1
DEV04098,Tablet,2026-07-26,1
DEV04099,Mobile App,2025-11-03,1
DEV04100,Mobile Browser,2025-12-22,1
DEV04101,Mobile Browser,2025-03-30,1
DEV04102,Mobile Browser,2026-02-15,1
DEV04103,Desktop Browser,2026-01-11,1
DEV04104,Desktop Browser,2025-05-28,1
DEV04105,Mobile App,2025-07-04,1
DEV04106,Mobile Browser,2026-05-02,1
DEV04107,Mobile App,2026-05-02,1
DEV04108,Mobile Browser,2025-04-28,1
DEV04109,Mobile Browser,2026-07-05,1
DEV04110,Tablet,2026-07-25,1
DEV04111,Mobile App,2025-04-03,1
DEV04112,Mobile Browser,2026-06-24,1
DEV04113,Mobile App,2025-06-01,1
DEV04114,Mobile Browser,2025-07-11,1
DEV04115,Mobile App,2026-04-23,1
DEV04116,Mobile App,2026-05-18,1
DEV04117,Desktop Browser,2025-03-30,1
DEV04118,Mobile App,2025-04-30,1
DEV04119,Mobile App,2025-12-29,1
DEV04120,Tablet,2026-05-22,1
DEV04121,Mobile App,2025-12-27,1
DEV04122,Tablet,2026-06-28,1
DEV04123,Mobile App,2026-07-28,1
DEV04124,Mobile App,2025-05-31,1
DEV04125,Mobile Browser,2026-06-09,1
DEV04126,Mobile App,2025-04-09,1
DEV04127,Mobile App,2025-12-10,1
DEV04128,Desktop Browser,2025-05-05,1
DEV04129,Mobile Browser,2025-06-17,1
DEV04130,Mobile App,2026-03-03,1
DEV04131,Mobile Browser,2025-10-26,1
DEV04132,Mobile App,2026-04-04,1
DEV04133,Mobile Browser,2026-06-11,1
DEV04134,Mobile Browser,2025-09-26,1
DEV04135,Mobile App,2025-05-12,1
DEV04136,Mobile App,2026-01-11,1
DEV04137,Mobile Browser,2025-08-01,1
DEV04138,Tablet,2026-08-29,1
DEV04139,Mobile Browser,2025-07-12,1
DEV04140,Mobile App,2026-05-10,1
DEV04141,Desktop Browser,2025-11-07,1
DEV04142,Desktop Browser,2026-08-05,1
DEV04143,Desktop Browser,2026-01-13,1
DEV04144,Mobile App,2026-05-27,1
DEV04145,Mobile Browser,2026-04-18,1
DEV04146,Desktop Browser,2026-03-03,1
DEV04147,Mobile App,2026-07-15,1
DEV04148,Mobile Browser,2025-03-21,1
DEV04149,Mobile App,2025-12-08,1
DEV04150,Mobile App,2025-10-18,1
DEV04151,Desktop Browser,2026-01-30,1
DEV04152,Mobile Browser,2026-04-15,1
DEV04153,Mobile App,2026-02-21,1
DEV04154,Mobile Browser,2025-03-22,1
DEV04155,Tablet,2025-12-01,1
DEV04156,Mobile App,2025-05-11,1
DEV04157,Mobile Browser,2026-01-29,1
DEV04158,Mobile App,2025-09-15,1
DEV04159,Mobile Browser,2025-07-25,1
DEV04160,Mobile App,2026-04-18,1
DEV04161,Mobile App,2026-01-24,1
DEV04162,Mobile Browser,2026-02-15,1
DEV04163,Desktop Browser,2025-06-09,1
DEV04164,Mobile Browser,2025-08-02,1
DEV04165,Desktop Browser,2025-08-30,1
DEV04166,Desktop Browser,2025-03-06,1
DEV04167,Mobile Browser,2026-01-27,1
DEV04168,Mobile App,2025-04-20,1
DEV04169,Desktop Browser,2026-03-12,1
DEV04170,Mobile App,2025-04-20,1
DEV04171,Mobile App,2026-01-04,1
DEV04172,Mobile Browser,2025-10-06,1
DEV04173,Mobile Browser,2026-07-15,1
DEV04174,Mobile Browser,2025-06-23,1
DEV04175,Mobile Browser,2026-06-15,1
DEV04176,Mobile Browser,2025-10-27,1
DEV04177,Desktop Browser,2025-05-08,1
DEV04178,Mobile Browser,2025-03-16,1
DEV04179,Mobile Browser,2025-11-13,1
DEV04180,Mobile App,2025-06-22,1
DEV04181,Tablet,2026-03-15,1
DEV04182,Mobile Browser,2025-10-23,1
DEV04183,Desktop Browser,2025-07-07,1
DEV04184,Desktop Browser,2025-12-02,1
DEV04185,Mobile App,2025-11-12,1
DEV04186,Mobile App,2025-09-25,1
DEV04187,Mobile App,2026-08-01,1
DEV04188,Mobile App,2026-07-16,1
DEV04189,Desktop Browser,2026-08-25,1
DEV04190,Mobile App,2026-02-27,1
DEV04191,Mobile Browser,2025-04-13,1
DEV04192,Tablet,2026-08-24,1
DEV04193,Tablet,2025-03-14,1
DEV04194,Tablet,2026-02-22,1
DEV04195,Mobile App,2025-09-10,1
DEV04196,Mobile Browser,2025-06-04,1
DEV04197,Mobile App,2026-04-01,1
DEV04198,Mobile App,2026-08-09,1
DEV04199,Mobile Browser,2026-07-12,1
DEV04200,Mobile Browser,2025-04-12,1
DEV04201,Tablet,2026-02-13,1
DEV04202,Tablet,2026-05-15,1
DEV04203,Mobile Browser,2026-05-29,1
DEV04204,Desktop Browser,2025-06-02,1
DEV04205,Mobile Browser,2026-08-31,1
DEV04206,Desktop Browser,2025-05-28,1
DEV04207,Mobile App,2025-09-30,1
DEV04208,Mobile Browser,2025-09-08,1
DEV04209,Desktop Browser,2025-10-10,1
DEV04210,Mobile App,2026-03-22,1
DEV04211,Mobile Browser,2026-06-17,1
DEV04212,Mobile App,2026-05-21,1
DEV04213,Mobile App,2025-05-07,1
DEV04214,Mobile App,2025-08-25,1
DEV04215,Mobile App,2025-03-03,1
DEV04216,Mobile Browser,2025-11-28,1
DEV04217,Desktop Browser,2026-06-07,1
DEV04218,Tablet,2026-01-02,1
DEV04219,Tablet,2025-12-27,1
DEV04220,Desktop Browser,2026-07-21,1
DEV04221,Mobile App,2026-02-28,1
DEV04222,Mobile App,2026-02-24,1
DEV04223,Desktop Browser,2025-03-30,1
DEV04224,Mobile App,2025-07-04,1
DEV04225,Desktop Browser,2026-03-01,1
DEV04226,Mobile App,2026-05-17,1
DEV04227,Desktop Browser,2025-10-08,1
DEV04228,Mobile Browser,2026-03-29,1
DEV04229,Mobile Browser,2026-08-12,1
DEV04230,Mobile App,2026-02-03,1
DEV04231,Mobile Browser,2025-09-25,1
DEV04232,Mobile Browser,2025-03-15,1
DEV04233,Mobile App,2026-06-19,1
DEV04234,Mobile App,2025-06-02,1
DEV04235,Mobile Browser,2025-12-03,1
DEV04236,Mobile App,2026-06-02,1
DEV04237,Mobile App,2025-09-14,1
DEV04238,Tablet,2025-03-07,1
DEV04239,Mobile App,2026-01-26,1
DEV04240,Desktop Browser,2026-01-10,1
DEV04241,Tablet,2026-02-06,1
DEV04242,Desktop Browser,2026-03-06,1
DEV04243,Mobile App,2025-10-21,1
DEV04244,Mobile Browser,2025-03-08,1
DEV04245,Mobile App,2026-01-05,1
DEV04246,Tablet,2025-04-25,1
DEV04247,Desktop Browser,2025-06-22,1
DEV04248,Desktop Browser,2025-06-16,1
DEV04249,Mobile App,2025-07-22,1
DEV04250,Mobile App,2025-04-25,1
DEV04251,Mobile Browser,2025-03-06,1
DEV04252,Mobile App,2026-03-20,1
DEV04253,Mobile Browser,2025-12-27,1
DEV04254,Mobile App,2026-07-23,1
DEV04255,Desktop Browser,2025-11-20,1
DEV04256,Tablet,2026-03-09,1
DEV04257,Mobile Browser,2025-12-27,1
DEV04258,Mobile Browser,2025-04-21,1
DEV04259,Mobile Browser,2025-03-13,1
DEV04260,Desktop Browser,2026-02-20,1
DEV04261,Mobile Browser,2025-03-11,1
DEV04262,Mobile App,2025-03-06,1
DEV04263,Mobile App,2026-06-24,1
DEV04264,Mobile App,2025-05-20,1
DEV04265,Mobile App,2025-04-29,1
DEV04266,Mobile Browser,2026-02-12,1
DEV04267,Mobile App,2025-12-15,1
DEV04268,Mobile App,2025-09-09,1
DEV04269,Mobile Browser,2025-11-12,1
DEV04270,Mobile App,2026-03-23,1
DEV04271,Mobile App,2026-03-01,1
DEV04272,Mobile App,2026-01-03,1
DEV04273,Mobile Browser,2025-09-05,1
DEV04274,Mobile App,2026-08-10,1
DEV04275,Mobile Browser,2026-03-10,1
DEV04276,Mobile App,2026-05-28,1
DEV04277,Tablet,2025-09-10,1
DEV04278,Desktop Browser,2026-06-08,1
DEV04279,Mobile Browser,2026-02-27,1
DEV04280,Desktop Browser,2026-06-23,1
DEV04281,Mobile App,2026-06-03,1
DEV04282,Mobile App,2026-03-21,1
DEV04283,Mobile App,2026-01-10,1
DEV04284,Mobile Browser,2026-02-05,1
DEV04285,Mobile Browser,2025-05-22,1
DEV04286,Mobile Browser,2026-08-14,1
DEV04287,Mobile App,2026-06-14,1
DEV04288,Desktop Browser,2026-02-17,1
DEV04289,Mobile App,2025-05-02,1
DEV04290,Mobile Browser,2025-09-06,1
DEV04291,Desktop Browser,2026-02-11,1
DEV04292,Desktop Browser,2025-08-23,1
DEV04293,Mobile Browser,2026-06-26,1
DEV04294,Mobile Browser,2025-08-16,1
DEV04295,Mobile Browser,2025-07-25,1
DEV04296,Tablet,2026-05-13,1
DEV04297,Mobile App,2025-08-07,1
DEV04298,Mobile App,2026-04-06,1
DEV04299,Mobile Browser,2025-03-18,1
DEV04300,Mobile App,2026-01-22,1
DEV04301,Desktop Browser,2026-05-13,1
DEV04302,Desktop Browser,2026-03-21,1
DEV04303,Mobile Browser,2025-06-06,1
DEV04304,Mobile App,2026-05-21,1
DEV04305,Mobile App,2025-10-05,1
DEV04306,Mobile Browser,2026-05-28,1
DEV04307,Desktop Browser,2026-08-26,1
DEV04308,Desktop Browser,2025-12-05,1
DEV04309,Desktop Browser,2025-06-28,1
DEV04310,Mobile App,2025-12-22,1
DEV04311,Desktop Browser,2025-05-21,1
DEV04312,Mobile App,2026-06-13,1
DEV04313,Desktop Browser,2025-03-24,1
DEV04314,Mobile App,2025-05-23,1
DEV04315,Tablet,2025-09-02,1
DEV04316,Desktop Browser,2025-05-13,1
DEV04317,Mobile App,2025-07-31,1
DEV04318,Desktop Browser,2026-05-19,1
DEV04319,Mobile Browser,2026-06-01,1
DEV04320,Mobile Browser,2026-03-12,1
DEV04321,Desktop Browser,2025-05-12,1
DEV04322,Mobile Browser,2025-08-15,1
DEV04323,Desktop Browser,2026-07-07,1
DEV04324,Desktop Browser,2026-05-19,1
DEV04325,Mobile Browser,2026-07-25,1
DEV04326,Desktop Browser,2026-01-22,1
DEV04327,Mobile Browser,2026-05-11,1
DEV04328,Tablet,2026-02-12,1
DEV04329,Mobile Browser,2026-07-28,1
DEV04330,Mobile App,2025-09-30,1
DEV04331,Mobile Browser,2025-12-14,1
DEV04332,Mobile App,2025-11-13,1
DEV04333,Desktop Browser,2026-08-27,1
DEV04334,Mobile App,2025-04-09,1
DEV04335,Desktop Browser,2025-09-26,1
DEV04336,Mobile Browser,2025-04-29,1
DEV04337,Mobile Browser,2026-07-28,1
DEV04338,Desktop Browser,2025-11-10,1
DEV04339,Tablet,2026-08-17,1
DEV04340,Desktop Browser,2025-03-17,1
DEV04341,Mobile Browser,2025-09-01,1
DEV04342,Mobile App,2026-05-16,1
DEV04343,Desktop Browser,2025-03-12,1
DEV04344,Mobile Browser,2025-12-27,1
DEV04345,Mobile App,2026-08-23,1
DEV04346,Mobile Browser,2025-03-05,1
DEV04347,Mobile Browser,2025-07-19,1
DEV04348,Mobile Browser,2026-02-08,1
DEV04349,Desktop Browser,2025-06-16,1
DEV04350,Mobile App,2025-05-21,1
DEV04351,Desktop Browser,2025-12-15,1
DEV04352,Mobile App,2026-06-06,1
DEV04353,Mobile App,2025-05-30,1
DEV04354,Mobile App,2026-05-08,1
DEV04355,Mobile App,2025-10-27,1
DEV04356,Mobile App,2026-02-03,1
DEV04357,Mobile App,2026-06-14,1
DEV04358,Mobile App,2025-11-30,1
DEV04359,Mobile App,2025-04-10,1
DEV04360,Mobile Browser,2025-04-29,1
DEV04361,Mobile App,2025-08-07,1
DEV04362,Desktop Browser,2026-07-13,1
DEV04363,Mobile App,2026-03-16,1
DEV04364,Mobile Browser,2026-03-24,1
DEV04365,Desktop Browser,2026-05-06,1
DEV04366,Mobile Browser,2025-07-12,1
DEV04367,Desktop Browser,2025-09-21,1
DEV04368,Mobile App,2025-11-22,1
DEV04369,Desktop Browser,2025-09-10,1
DEV04370,Mobile App,2025-08-26,1
DEV04371,Tablet,2025-03-05,1
DEV04372,Mobile App,2026-07-12,1
DEV04373,Mobile App,2025-10-02,1
DEV04374,Mobile App,2026-07-28,1
DEV04375,Mobile App,2025-12-05,1
DEV04376,Mobile App,2026-06-24,1
DEV04377,Mobile App,2026-04-23,1
DEV04378,Mobile Browser,2026-06-05,1
DEV04379,Mobile Browser,2025-07-30,1
DEV04380,Mobile App,2025-05-18,1
DEV04381,Desktop Browser,2025-06-07,1
DEV04382,Mobile App,2025-09-29,1
DEV04383,Mobile App,2026-03-24,1
DEV04384,Mobile Browser,2025-04-21,1
DEV04385,Mobile Browser,2025-07-13,1
DEV04386,Desktop Browser,2026-06-13,1
DEV04387,Mobile App,2025-04-13,1
DEV04388,Mobile Browser,2025-11-16,1
DEV04389,Mobile App,2026-03-23,1
DEV04390,Mobile Browser,2025-03-16,1
DEV04391,Mobile App,2025-06-10,1
DEV04392,Mobile App,2025-03-25,1
DEV04393,Mobile App,2025-03-18,1
DEV04394,Mobile App,2026-01-26,1
DEV04395,Mobile App,2025-06-05,1
DEV04396,Desktop Browser,2025-03-12,1
DEV04397,Tablet,2025-08-10,1
DEV04398,Mobile Browser,2025-10-27,1
DEV04399,Desktop Browser,2025-11-10,1
DEV04400,Desktop Browser,2025-04-11,1
DEV04401,Mobile App,2026-03-19,1
DEV04402,Mobile Browser,2026-06-28,1
DEV04403,Mobile App,2025-04-08,1
DEV04404,Mobile Browser,2026-04-13,1
DEV04405,Mobile App,2025-06-02,1
DEV04406,Mobile App,2025-04-27,1
DEV04407,Mobile App,2026-06-20,1
DEV04408,Desktop Browser,2025-08-12,1
DEV04409,Desktop Browser,2026-04-07,1
DEV04410,Mobile Browser,2025-07-16,1
DEV04411,Desktop Browser,2026-08-13,1
DEV04412,Mobile Browser,2026-06-18,1
DEV04413,Mobile Browser,2026-06-05,1
DEV04414,Mobile Browser,2025-08-09,1
DEV04415,Mobile Browser,2025-05-22,1
DEV04416,Mobile App,2026-08-21,1
DEV04417,Desktop Browser,2026-08-01,1
DEV04418,Mobile App,2025-05-28,1
DEV04419,Tablet,2025-03-18,1
DEV04420,Mobile Browser,2025-12-06,1
DEV04421,Mobile Browser,2026-02-01,1
DEV04422,Mobile Browser,2026-02-18,1
DEV04423,Desktop Browser,2025-10-03,1
DEV04424,Mobile App,2025-09-28,1
DEV04425,Mobile App,2025-09-19,1
DEV04426,Desktop Browser,2025-07-31,1
DEV04427,Tablet,2025-12-12,1
DEV04428,Mobile App,2026-05-10,1
DEV04429,Tablet,2025-07-27,1
DEV04430,Mobile App,2026-06-25,1
DEV04431,Mobile App,2025-03-29,1
DEV04432,Mobile App,2025-05-14,1
DEV04433,Mobile Browser,2026-07-11,1
DEV04434,Mobile Browser,2026-02-03,1
DEV04435,Mobile App,2025-10-27,1
DEV04436,Mobile App,2025-10-06,1
DEV04437,Mobile Browser,2026-01-30,1
DEV04438,Mobile Browser,2025-03-29,1
DEV04439,Mobile App,2026-07-15,1
DEV04440,Mobile App,2025-10-17,1
DEV04441,Mobile App,2025-08-24,1
DEV04442,Mobile App,2025-10-18,1
DEV04443,Mobile App,2025-11-21,1
DEV04444,Desktop Browser,2025-03-31,1
DEV04445,Desktop Browser,2025-11-14,1
DEV04446,Mobile App,2026-03-17,1
DEV04447,Mobile App,2025-09-23,1
DEV04448,Mobile App,2025-05-28,1
DEV04449,Mobile App,2025-06-30,1
DEV04450,Mobile Browser,2025-09-12,1
DEV04451,Mobile Browser,2025-12-06,1
DEV04452,Mobile App,2026-01-16,1
DEV04453,Mobile App,2025-04-29,1
DEV04454,Mobile Browser,2025-08-12,1
DEV04455,Mobile App,2026-06-30,1
DEV04456,Desktop Browser,2025-12-14,1
DEV04457,Tablet,2026-05-02,1
DEV04458,Desktop Browser,2025-08-22,1
DEV04459,Mobile Browser,2026-06-17,1
DEV04460,Desktop Browser,2025-11-25,1
DEV04461,Desktop Browser,2025-07-02,1
DEV04462,Mobile App,2026-03-27,1
DEV04463,Tablet,2025-09-28,1
DEV04464,Desktop Browser,2025-07-12,1
DEV04465,Mobile App,2026-07-04,1
DEV04466,Desktop Browser,2026-05-12,1
DEV04467,Mobile App,2026-04-05,1
DEV04468,Mobile Browser,2026-05-06,1
DEV04469,Tablet,2026-07-30,1
DEV04470,Tablet,2025-08-28,1
DEV04471,Desktop Browser,2025-11-20,1
DEV04472,Desktop Browser,2026-06-27,1
DEV04473,Mobile App,2026-08-07,1
DEV04474,Mobile App,2025-11-21,1
DEV04475,Tablet,2025-11-03,1
DEV04476,Desktop Browser,2026-03-25,1
DEV04477,Mobile App,2025-06-03,1
DEV04478,Mobile App,2025-04-06,1
DEV04479,Mobile App,2025-12-16,1
DEV04480,Mobile App,2026-04-05,1
DEV04481,Mobile App,2026-07-31,1
DEV04482,Mobile Browser,2025-08-12,1
DEV04483,Mobile App,2025-07-01,1
DEV04484,Tablet,2026-08-29,1
DEV04485,Mobile Browser,2026-01-03,1
DEV04486,Mobile App,2025-04-12,1
DEV04487,Mobile Browser,2025-11-18,1
DEV04488,Mobile Browser,2025-12-17,1
DEV04489,Mobile App,2025-07-25,1
DEV04490,Mobile Browser,2025-06-17,1
DEV04491,Mobile App,2026-06-25,1
DEV04492,Mobile Browser,2025-08-22,1
DEV04493,Mobile Browser,2025-03-02,1
DEV04494,Mobile Browser,2026-02-25,1
DEV04495,Mobile App,2025-09-18,1
DEV04496,Mobile Browser,2025-05-01,1
DEV04497,Mobile App,2025-07-04,1
DEV04498,Mobile Browser,2025-08-26,1
DEV04499,Mobile App,2026-07-06,1
DEV04500,Desktop Browser,2025-12-27,1
DEV04501,Mobile App,2025-08-16,1
DEV04502,Mobile App,2025-11-24,1
DEV04503,Mobile App,2025-06-08,1
DEV04504,Desktop Browser,2025-06-05,1
DEV04505,Mobile Browser,2026-08-30,1
DEV04506,Mobile Browser,2025-12-15,1
DEV04507,Desktop Browser,2026-02-23,1
DEV04508,Mobile App,2025-07-02,1
DEV04509,Mobile Browser,2026-08-20,1
DEV04510,Mobile App,2026-04-26,1
DEV04511,Mobile Browser,2025-04-26,1
DEV04512,Desktop Browser,2025-05-15,1
DEV04513,Mobile App,2026-03-21,1
DEV04514,Mobile App,2025-11-14,1
DEV04515,Mobile App,2025-03-11,1
DEV04516,Desktop Browser,2025-11-15,1
DEV04517,Mobile App,2026-03-04,1
DEV04518,Mobile App,2026-07-19,1
DEV04519,Mobile App,2025-03-10,1
DEV04520,Mobile App,2025-03-24,1
DEV04521,Mobile App,2025-10-24,1
DEV04522,Mobile Browser,2025-10-24,1
DEV04523,Mobile Browser,2026-07-12,1
DEV04524,Mobile App,2026-02-02,1
DEV04525,Mobile App,2025-08-09,1
DEV04526,Mobile Browser,2025-04-30,1
DEV04527,Mobile App,2026-07-03,1
DEV04528,Desktop Browser,2025-11-08,1
DEV04529,Desktop Browser,2026-06-16,1
DEV04530,Mobile Browser,2025-08-10,1
DEV04531,Mobile Browser,2025-11-08,1
DEV04532,Mobile Browser,2025-08-12,1
DEV04533,Mobile App,2025-10-24,1
DEV04534,Mobile App,2025-11-05,1
DEV04535,Tablet,2025-09-14,1
DEV04536,Mobile App,2026-03-30,1
DEV04537,Mobile App,2025-11-20,1
DEV04538,Desktop Browser,2026-01-09,1
DEV04539,Mobile Browser,2026-01-29,1
DEV04540,Mobile App,2025-08-08,1
DEV04541,Tablet,2026-07-24,1
DEV04542,Mobile Browser,2025-08-09,1
DEV04543,Mobile App,2025-12-28,1
DEV04544,Desktop Browser,2026-05-03,1
DEV04545,Mobile App,2025-05-14,1
DEV04546,Mobile Browser,2025-07-01,1
DEV04547,Desktop Browser,2025-11-12,1
DEV04548,Desktop Browser,2025-11-24,1
DEV04549,Mobile App,2025-07-27,1
DEV04550,Mobile Browser,2025-03-09,1
DEV04551,Desktop Browser,2026-03-30,1
DEV04552,Mobile Browser,2026-01-25,1
DEV04553,Mobile Browser,2025-09-23,1
DEV04554,Mobile App,2026-02-18,1
DEV04555,Desktop Browser,2026-07-16,1
DEV04556,Mobile App,2025-12-28,1
DEV04557,Desktop Browser,2026-02-25,1
DEV04558,Desktop Browser,2025-08-09,1
DEV04559,Mobile Browser,2025-10-29,1
DEV04560,Mobile App,2026-04-13,1
DEV04561,Mobile App,2025-05-23,1
DEV04562,Mobile App,2026-01-19,1
DEV04563,Mobile Browser,2026-05-19,1
DEV04564,Mobile Browser,2026-08-05,1
DEV04565,Tablet,2025-10-24,1
DEV04566,Desktop Browser,2025-03-13,1
DEV04567,Desktop Browser,2026-07-27,1
DEV04568,Mobile App,2026-02-28,1
DEV04569,Tablet,2025-09-10,1
DEV04570,Mobile App,2025-04-26,1
DEV04571,Mobile App,2025-09-29,1
DEV04572,Desktop Browser,2026-03-15,1
DEV04573,Mobile Browser,2026-05-25,1
DEV04574,Mobile App,2026-03-02,1
DEV04575,Mobile Browser,2025-06-21,1
DEV04576,Desktop Browser,2025-03-04,1
DEV04577,Mobile App,2025-05-31,1
DEV04578,Mobile Browser,2025-08-02,1
DEV04579,Mobile Browser,2025-09-23,1
DEV04580,Mobile Browser,2026-06-26,1
DEV04581,Tablet,2026-04-11,1
DEV04582,Mobile Browser,2025-11-20,1
DEV04583,Mobile Browser,2025-11-04,1
DEV04584,Mobile Browser,2025-12-05,1
DEV04585,Desktop Browser,2025-07-30,1
DEV04586,Mobile App,2026-08-19,1
DEV04587,Desktop Browser,2025-10-16,1
DEV04588,Mobile Browser,2025-12-13,1
DEV04589,Mobile App,2025-04-02,1
DEV04590,Mobile Browser,2025-06-19,1
DEV04591,Tablet,2026-08-05,1
DEV04592,Mobile App,2025-06-06,1
DEV04593,Mobile App,2026-06-14,1
DEV04594,Mobile App,2026-02-12,1
DEV04595,Mobile App,2025-06-19,1
DEV04596,Mobile App,2025-03-12,1
DEV04597,Mobile App,2026-08-15,1
DEV04598,Mobile Browser,2026-08-27,1
