refund_id,order_id,customer_id,refund_date,refund_amount,refund_status
REF000001,ORD000020,CUST00004,2026-08-23,1108.67,Processed
REF000002,ORD000044,CUST00008,2026-01-29,3563.29,Processed
REF000003,ORD000083,CUST00014,2026-02-28,2220.29,Pending
REF000004,ORD000096,CUST00016,2026-07-30,4104.45,Processed
REF000005,ORD000101,CUST00017,2026-09-21,784.46,Processed
REF000006,ORD000106,CUST00017,2026-03-22,5460.64,Processed
REF000007,ORD000115,CUST00020,2026-04-02,2101.6,Processed
REF000008,ORD000122,CUST00021,2026-08-01,2600.99,Processed
REF000009,ORD000153,CUST00027,2026-09-09,2222.54,Pending
REF000010,ORD000159,CUST00027,2026-09-10,14526.95,Processed
REF000011,ORD000161,CUST00027,2026-08-07,1244.66,Processed
REF000012,ORD000165,CUST00027,2026-07-27,2101.11,Processed
REF000013,ORD000178,CUST00029,2026-06-25,3059.21,Processed
REF000014,ORD000182,CUST00030,2026-04-22,33241.31,Pending
REF000015,ORD000187,CUST00031,2026-06-21,502.66,Processed
REF000016,ORD000188,CUST00031,2026-01-23,1024.68,Processed
REF000017,ORD000202,CUST00034,2026-09-25,2478.25,Processed
REF000018,ORD000208,CUST00034,2026-08-29,2055.69,Processed
REF000019,ORD000215,CUST00036,2026-08-05,2161.2,Processed
REF000020,ORD000223,CUST00038,2026-08-04,1226.66,Processed
REF000021,ORD000227,CUST00038,2026-02-26,2013.68,Pending
REF000022,ORD000229,CUST00038,2026-07-18,6579.96,Processed
REF000023,ORD000230,CUST00038,2026-07-23,2552.07,Declined
REF000024,ORD000235,CUST00038,2026-03-27,1960.65,Pending
REF000025,ORD000254,CUST00042,2026-07-25,1629.19,Pending
REF000026,ORD000255,CUST00042,2026-07-20,852.85,Processed
REF000027,ORD000257,CUST00042,2026-07-10,6715.56,Processed
REF000028,ORD000258,CUST00042,2026-08-03,36312.02,Processed
REF000029,ORD000261,CUST00042,2026-07-10,32593.94,Processed
REF000030,ORD000271,CUST00044,2026-07-28,1265.72,Processed
REF000031,ORD000274,CUST00045,2026-05-03,2112.25,Processed
REF000032,ORD000300,CUST00048,2026-08-02,1635.77,Processed
REF000033,ORD000301,CUST00048,2026-08-07,13353.04,Processed
REF000034,ORD000304,CUST00048,2026-08-07,1951.87,Processed
REF000035,ORD000305,CUST00048,2026-08-28,3534.18,Processed
REF000036,ORD000315,CUST00051,2026-08-23,2073.9,Processed
REF000037,ORD000316,CUST00051,2026-08-26,3034.57,Processed
REF000038,ORD000319,CUST00051,2026-08-27,546.75,Processed
REF000039,ORD000320,CUST00051,2026-08-14,510.29,Processed
REF000040,ORD000322,CUST00051,2026-08-10,15137.66,Processed
REF000041,ORD000323,CUST00051,2026-09-19,1089.29,Pending
REF000042,ORD000324,CUST00051,2026-09-05,1293.56,Processed
REF000043,ORD000326,CUST00051,2026-08-30,12894.07,Pending
REF000044,ORD000327,CUST00051,2026-08-30,2518.81,Processed
REF000045,ORD000330,CUST00051,2026-08-31,3064.97,Processed
REF000046,ORD000333,CUST00051,2026-08-20,9926.21,Processed
REF000047,ORD000334,CUST00051,2026-08-15,4388.95,Processed
REF000048,ORD000335,CUST00051,2026-08-21,2825.36,Pending
REF000049,ORD000340,CUST00052,2026-06-30,16824.46,Processed
REF000050,ORD000346,CUST00052,2026-08-24,488.43,Processed
REF000051,ORD000351,CUST00052,2026-08-21,598.62,Pending
REF000052,ORD000385,CUST00060,2026-07-11,1315.43,Processed
REF000053,ORD000388,CUST00061,2026-08-01,1444.79,Processed
REF000054,ORD000410,CUST00063,2026-09-10,5094.68,Processed
REF000055,ORD000412,CUST00063,2026-08-25,3091.71,Processed
REF000056,ORD000415,CUST00063,2026-09-05,325.47,Processed
REF000057,ORD000421,CUST00063,2026-08-22,1592.6,Processed
REF000058,ORD000428,CUST00064,2026-04-26,5408.34,Processed
REF000059,ORD000437,CUST00065,2026-04-07,9887.3,Processed
REF000060,ORD000476,CUST00073,2026-07-19,335.06,Processed
REF000061,ORD000522,CUST00080,2026-06-02,1245.74,Processed
REF000062,ORD000539,CUST00083,2026-05-13,10679.77,Processed
REF000063,ORD000541,CUST00083,2026-05-22,2294.58,Processed
REF000064,ORD000544,CUST00083,2026-08-03,1957.15,Processed
REF000065,ORD000559,CUST00086,2026-03-09,1743.74,Processed
REF000066,ORD000573,CUST00091,2026-01-23,2316.22,Processed
REF000067,ORD000580,CUST00091,2026-07-15,6725.69,Declined
REF000068,ORD000638,CUST00104,2026-07-31,1725.78,Processed
REF000069,ORD000639,CUST00104,2026-08-06,3498.01,Processed
REF000070,ORD000651,CUST00104,2026-07-12,13610.7,Processed
REF000071,ORD000652,CUST00104,2026-08-04,880.89,Processed
REF000072,ORD000654,CUST00105,2026-06-06,778.95,Processed
REF000073,ORD000672,CUST00109,2026-01-21,2897.92,Processed
REF000074,ORD000677,CUST00109,2026-02-15,4056.47,Processed
REF000075,ORD000679,CUST00109,2026-02-16,2249.41,Declined
REF000076,ORD000680,CUST00109,2026-08-15,2150.96,Processed
REF000077,ORD000682,CUST00109,2026-04-10,6417.07,Processed
REF000078,ORD000685,CUST00109,2026-04-16,3313.93,Processed
REF000079,ORD000687,CUST00109,2026-02-13,1322.58,Processed
REF000080,ORD000692,CUST00111,2026-02-25,2970.41,Processed
REF000081,ORD000699,CUST00112,2026-05-13,7543.66,Processed
REF000082,ORD000704,CUST00113,2026-06-10,8669.6,Processed
REF000083,ORD000706,CUST00113,2026-06-01,1711.84,Pending
REF000084,ORD000711,CUST00113,2026-09-06,1997.38,Pending
REF000085,ORD000717,CUST00113,2026-06-20,15027.46,Processed
REF000086,ORD000751,CUST00119,2026-05-20,15301.54,Processed
REF000087,ORD000768,CUST00122,2026-08-15,3327.75,Processed
REF000088,ORD000776,CUST00123,2026-08-10,897.13,Processed
REF000089,ORD000790,CUST00126,2026-06-03,9562.85,Processed
REF000090,ORD000795,CUST00126,2026-08-11,22297.19,Processed
REF000091,ORD000799,CUST00126,2026-09-24,1021.2,Pending
REF000092,ORD000813,CUST00129,2026-05-02,33248.3,Processed
REF000093,ORD000816,CUST00129,2026-01-29,1950.97,Processed
REF000094,ORD000817,CUST00129,2026-03-23,952.49,Processed
REF000095,ORD000823,CUST00130,2026-08-15,1372.93,Declined
REF000096,ORD000829,CUST00131,2026-08-27,160.29,Processed
REF000097,ORD000830,CUST00131,2026-08-21,995.1,Processed
REF000098,ORD000831,CUST00131,2026-07-16,1437.75,Processed
REF000099,ORD000832,CUST00131,2026-06-22,2036.58,Processed
REF000100,ORD000834,CUST00131,2026-06-13,3048.11,Pending
REF000101,ORD000835,CUST00131,2026-09-07,975.43,Pending
REF000102,ORD000837,CUST00132,2026-07-27,2015.74,Processed
REF000103,ORD000876,CUST00136,2026-09-17,861.61,Pending
REF000104,ORD000878,CUST00136,2026-09-09,2569.78,Pending
REF000105,ORD000883,CUST00137,2026-08-05,1192.52,Processed
REF000106,ORD000884,CUST00137,2026-07-18,1579.34,Processed
REF000107,ORD000885,CUST00137,2026-08-03,3552.88,Processed
REF000108,ORD000889,CUST00137,2026-07-20,1096.16,Processed
REF000109,ORD000890,CUST00137,2026-08-05,15904.89,Pending
REF000110,ORD000893,CUST00137,2026-07-03,6921.64,Processed
REF000111,ORD000899,CUST00137,2026-08-04,271.98,Processed
REF000112,ORD000909,CUST00139,2026-08-27,2552.12,Processed
REF000113,ORD000935,CUST00143,2026-08-14,3017.12,Processed
REF000114,ORD000947,CUST00145,2026-08-29,1394.62,Processed
REF000115,ORD000953,CUST00145,2026-08-03,5376.74,Processed
REF000116,ORD000954,CUST00145,2026-08-16,6307.96,Processed
REF000117,ORD000962,CUST00145,2026-09-07,1539.39,Pending
REF000118,ORD000983,CUST00149,2026-05-22,2026.74,Processed
REF000119,ORD000992,CUST00152,2026-09-16,1499.38,Processed
REF000120,ORD000994,CUST00152,2026-09-07,15389.46,Processed
REF000121,ORD000997,CUST00152,2026-09-07,1120.51,Processed
REF000122,ORD001000,CUST00152,2026-09-05,1095.39,Processed
REF000123,ORD001002,CUST00153,2026-09-09,2692.36,Pending
REF000124,ORD001037,CUST00158,2026-07-18,5372.81,Pending
REF000125,ORD001081,CUST00166,2026-03-12,1988.19,Processed
REF000126,ORD001082,CUST00166,2026-05-21,1430.85,Processed
REF000127,ORD001094,CUST00168,2026-08-30,2922.02,Processed
REF000128,ORD001124,CUST00175,2026-03-08,2312.03,Processed
REF000129,ORD001129,CUST00176,2026-08-10,328.76,Processed
REF000130,ORD001137,CUST00177,2026-07-24,17847.76,Processed
REF000131,ORD001138,CUST00177,2026-07-16,855.65,Pending
REF000132,ORD001140,CUST00177,2026-08-05,17523.73,Processed
REF000133,ORD001141,CUST00177,2026-07-16,15402.88,Processed
REF000134,ORD001165,CUST00180,2026-05-15,2575.71,Processed
REF000135,ORD001167,CUST00181,2026-08-15,508.12,Processed
REF000136,ORD001173,CUST00181,2026-07-28,2119.78,Processed
REF000137,ORD001179,CUST00181,2026-07-21,2054.35,Processed
REF000138,ORD001182,CUST00181,2026-08-06,759.91,Processed
REF000139,ORD001188,CUST00182,2026-09-21,1100.46,Processed
REF000140,ORD001191,CUST00183,2026-04-01,3905.2,Processed
REF000141,ORD001244,CUST00191,2026-07-14,2117.39,Processed
REF000142,ORD001251,CUST00193,2026-08-20,7164.2,Processed
REF000143,ORD001280,CUST00196,2026-09-20,1216.97,Pending
REF000144,ORD001308,CUST00200,2026-08-14,716.49,Processed
REF000145,ORD001311,CUST00200,2026-06-07,25740.3,Processed
REF000146,ORD001312,CUST00200,2026-09-05,3038.52,Pending
REF000147,ORD001333,CUST00204,2026-06-16,16502.71,Processed
REF000148,ORD001336,CUST00204,2026-06-20,664.87,Processed
REF000149,ORD001337,CUST00204,2026-07-09,1994.55,Pending
REF000150,ORD001364,CUST00208,2026-08-08,4624.24,Processed
REF000151,ORD001365,CUST00208,2026-06-03,13509.04,Pending
REF000152,ORD001379,CUST00209,2026-04-04,842.29,Processed
REF000153,ORD001406,CUST00215,2026-07-06,1768.49,Processed
REF000154,ORD001410,CUST00215,2026-08-26,27454.25,Pending
REF000155,ORD001413,CUST00216,2026-03-25,2555.01,Processed
REF000156,ORD001420,CUST00217,2026-07-17,478.72,Processed
REF000157,ORD001424,CUST00217,2026-09-21,4370.65,Processed
REF000158,ORD001452,CUST00223,2026-06-24,4411.05,Pending
REF000159,ORD001460,CUST00223,2026-08-23,27304.34,Processed
REF000160,ORD001483,CUST00227,2026-07-12,2505.51,Processed
REF000161,ORD001507,CUST00231,2026-07-13,7046.62,Pending
REF000162,ORD001517,CUST00234,2026-06-08,15531.2,Processed
REF000163,ORD001518,CUST00234,2026-08-05,4046.02,Processed
REF000164,ORD001519,CUST00234,2026-08-27,1662.42,Processed
REF000165,ORD001523,CUST00234,2026-08-17,1086.44,Processed
REF000166,ORD001532,CUST00234,2026-08-26,6507.81,Processed
REF000167,ORD001540,CUST00234,2026-09-12,2048.92,Pending
REF000168,ORD001555,CUST00237,2026-03-24,364.33,Declined
REF000169,ORD001562,CUST00238,2026-09-26,2445.14,Processed
REF000170,ORD001568,CUST00240,2026-07-21,1771.06,Processed
REF000171,ORD001570,CUST00240,2026-07-05,519.12,Processed
REF000172,ORD001575,CUST00241,2026-03-02,917.05,Declined
REF000173,ORD001589,CUST00243,2026-08-25,2063.2,Processed
REF000174,ORD001594,CUST00243,2026-09-15,20280.72,Pending
REF000175,ORD001600,CUST00244,2026-02-25,2957.51,Processed
REF000176,ORD001602,CUST00244,2026-02-21,1920.69,Processed
REF000177,ORD001638,CUST00250,2026-07-19,15472.85,Pending
REF000178,ORD001642,CUST00250,2026-07-04,556.31,Pending
REF000179,ORD001662,CUST00252,2026-08-20,2548.01,Processed
REF000180,ORD001697,CUST00259,2026-05-13,9870.62,Processed
REF000181,ORD001705,CUST00261,2026-06-07,1827.02,Processed
REF000182,ORD001716,CUST00262,2026-07-07,14365.96,Processed
REF000183,ORD001724,CUST00264,2026-07-10,1000.58,Processed
REF000184,ORD001732,CUST00264,2026-08-09,1628.17,Processed
REF000185,ORD001734,CUST00264,2026-06-16,888.45,Processed
REF000186,ORD001736,CUST00265,2026-08-29,3348.2,Processed
REF000187,ORD001747,CUST00267,2026-07-17,570.87,Processed
REF000188,ORD001780,CUST00272,2026-05-27,25369.78,Processed
REF000189,ORD001785,CUST00273,2026-08-02,2379.32,Processed
REF000190,ORD001794,CUST00274,2026-03-15,3494.15,Processed
REF000191,ORD001809,CUST00277,2026-05-08,2358.02,Pending
REF000192,ORD001833,CUST00281,2026-08-14,4810.02,Processed
REF000193,ORD001837,CUST00281,2026-08-23,901.2,Processed
REF000194,ORD001841,CUST00281,2026-07-09,20855.1,Processed
REF000195,ORD001843,CUST00281,2026-08-09,849.96,Processed
REF000196,ORD001846,CUST00281,2026-09-07,2036.07,Processed
REF000197,ORD001848,CUST00281,2026-06-26,3162.83,Processed
REF000198,ORD001856,CUST00282,2026-06-22,5176.47,Declined
REF000199,ORD001858,CUST00282,2026-06-25,530.59,Processed
REF000200,ORD001864,CUST00282,2026-08-21,5230.79,Processed
REF000201,ORD001866,CUST00282,2026-06-11,738.48,Declined
REF000202,ORD001867,CUST00282,2026-08-07,1134.52,Pending
REF000203,ORD001871,CUST00282,2026-06-19,409.02,Declined
REF000204,ORD001894,CUST00286,2026-01-17,8000.0,Processed
REF000205,ORD001906,CUST00286,2026-07-30,1254.28,Processed
REF000206,ORD001907,CUST00286,2026-03-12,207.87,Processed
REF000207,ORD001938,CUST00290,2026-07-19,817.8,Processed
REF000208,ORD001946,CUST00291,2026-07-04,5820.03,Processed
REF000209,ORD001951,CUST00292,2026-08-09,1008.27,Pending
REF000210,ORD001983,CUST00299,2026-08-18,15607.28,Processed
REF000211,ORD001997,CUST00299,2026-08-25,859.52,Processed
REF000212,ORD002004,CUST00300,2026-04-20,783.08,Processed
REF000213,ORD002009,CUST00302,2026-06-29,1987.1,Processed
REF000214,ORD002030,CUST00306,2026-06-04,1382.48,Processed
REF000215,ORD002033,CUST00306,2026-05-16,20631.75,Pending
REF000216,ORD002035,CUST00306,2026-08-24,5573.51,Pending
REF000217,ORD002040,CUST00306,2026-07-27,1548.11,Processed
REF000218,ORD002047,CUST00307,2026-09-07,981.67,Processed
REF000219,ORD002048,CUST00307,2026-09-08,531.31,Processed
REF000220,ORD002049,CUST00307,2026-08-10,357.98,Processed
REF000221,ORD002056,CUST00309,2026-06-20,27836.79,Processed
REF000222,ORD002096,CUST00317,2026-05-03,1819.4,Processed
REF000223,ORD002111,CUST00320,2026-06-12,5781.34,Processed
REF000224,ORD002118,CUST00321,2026-02-18,4148.4,Processed
REF000225,ORD002151,CUST00325,2026-06-10,1713.83,Pending
REF000226,ORD002153,CUST00325,2026-06-20,1508.61,Processed
REF000227,ORD002192,CUST00330,2026-03-28,18076.64,Processed
REF000228,ORD002211,CUST00331,2026-05-10,4349.96,Processed
REF000229,ORD002215,CUST00332,2026-08-28,1104.09,Processed
REF000230,ORD002217,CUST00333,2026-05-05,2078.69,Processed
REF000231,ORD002218,CUST00333,2026-07-10,1548.9,Processed
REF000232,ORD002219,CUST00333,2026-08-16,1613.05,Declined
REF000233,ORD002265,CUST00341,2026-03-03,3436.76,Processed
REF000234,ORD002266,CUST00341,2026-08-18,12218.0,Processed
REF000235,ORD002268,CUST00341,2026-01-30,7951.69,Processed
REF000236,ORD002276,CUST00342,2026-08-30,3623.91,Processed
REF000237,ORD002299,CUST00347,2026-02-25,3800.01,Processed
REF000238,ORD002307,CUST00349,2026-09-11,14245.45,Pending
REF000239,ORD002324,CUST00352,2026-07-06,20351.87,Processed
REF000240,ORD002326,CUST00352,2026-06-30,1400.57,Processed
REF000241,ORD002331,CUST00352,2026-07-24,1305.02,Processed
REF000242,ORD002338,CUST00352,2026-02-27,24549.28,Pending
REF000243,ORD002354,CUST00355,2026-08-24,18308.74,Processed
REF000244,ORD002358,CUST00355,2026-06-02,1978.61,Processed
REF000245,ORD002361,CUST00356,2026-08-29,21152.23,Processed
REF000246,ORD002393,CUST00361,2026-05-21,1811.5,Processed
REF000247,ORD002394,CUST00361,2026-09-15,943.11,Pending
REF000248,ORD002403,CUST00362,2026-07-05,2274.12,Processed
REF000249,ORD002413,CUST00364,2026-05-02,20352.37,Processed
REF000250,ORD002431,CUST00368,2026-05-24,1549.6,Processed
REF000251,ORD002440,CUST00370,2026-09-07,2986.59,Pending
REF000252,ORD002442,CUST00370,2026-06-19,407.42,Processed
REF000253,ORD002443,CUST00370,2026-07-29,20074.41,Processed
REF000254,ORD002447,CUST00370,2026-08-06,22038.6,Processed
REF000255,ORD002450,CUST00370,2026-07-06,1635.56,Processed
REF000256,ORD002454,CUST00370,2026-07-19,22228.26,Processed
REF000257,ORD002455,CUST00370,2026-06-18,2663.0,Processed
REF000258,ORD002456,CUST00370,2026-07-30,21427.16,Processed
REF000259,ORD002460,CUST00370,2026-08-19,2308.66,Processed
REF000260,ORD002464,CUST00370,2026-08-28,4000.0,Processed
REF000261,ORD002467,CUST00371,2026-08-16,1501.55,Processed
REF000262,ORD002469,CUST00371,2026-08-25,3651.9,Processed
REF000263,ORD002470,CUST00371,2026-08-18,6424.33,Declined
REF000264,ORD002471,CUST00371,2026-08-15,2673.52,Processed
REF000265,ORD002474,CUST00371,2026-08-10,1600.24,Pending
REF000266,ORD002489,CUST00373,2026-03-05,1419.97,Processed
REF000267,ORD002499,CUST00376,2026-07-27,36136.05,Processed
REF000268,ORD002503,CUST00376,2026-07-23,48105.09,Processed
REF000269,ORD002504,CUST00376,2026-07-30,2628.97,Processed
REF000270,ORD002521,CUST00379,2026-08-10,1649.52,Processed
REF000271,ORD002529,CUST00380,2026-07-16,1285.29,Processed
REF000272,ORD002536,CUST00380,2026-01-24,974.99,Processed
REF000273,ORD002537,CUST00380,2026-08-22,2916.99,Declined
REF000274,ORD002544,CUST00381,2026-07-30,1801.4,Processed
REF000275,ORD002545,CUST00382,2026-07-16,3409.25,Processed
REF000276,ORD002550,CUST00382,2026-07-24,2615.1,Processed
REF000277,ORD002551,CUST00382,2026-07-13,1687.9,Processed
REF000278,ORD002582,CUST00387,2026-03-21,2506.56,Processed
REF000279,ORD002583,CUST00387,2026-04-03,10200.76,Processed
REF000280,ORD002584,CUST00387,2026-06-20,1737.62,Declined
REF000281,ORD002588,CUST00387,2026-04-24,1126.16,Processed
REF000282,ORD002624,CUST00392,2026-09-08,796.53,Pending
REF000283,ORD002626,CUST00392,2026-08-22,2324.79,Processed
REF000284,ORD002627,CUST00392,2026-08-02,2448.52,Processed
REF000285,ORD002647,CUST00396,2026-03-13,514.66,Processed
REF000286,ORD002649,CUST00397,2026-03-10,544.19,Processed
REF000287,ORD002650,CUST00397,2026-03-22,2283.61,Processed
REF000288,ORD002653,CUST00397,2026-07-03,14710.3,Processed
REF000289,ORD002672,CUST00400,2026-06-25,3671.27,Processed
REF000290,ORD002687,CUST00402,2026-06-04,1874.74,Processed
REF000291,ORD002690,CUST00402,2026-05-14,1952.36,Pending
REF000292,ORD002692,CUST00402,2026-05-12,11146.23,Processed
REF000293,ORD002724,CUST00407,2026-06-10,2650.66,Processed
REF000294,ORD002738,CUST00409,2026-08-04,565.62,Processed
REF000295,ORD002747,CUST00411,2026-06-01,2231.01,Pending
REF000296,ORD002759,CUST00412,2026-07-17,1812.76,Pending
REF000297,ORD002776,CUST00415,2026-07-12,3599.38,Pending
REF000298,ORD002785,CUST00416,2026-06-14,1594.84,Processed
REF000299,ORD002788,CUST00416,2026-06-17,1495.94,Processed
REF000300,ORD002790,CUST00416,2026-08-05,772.07,Processed
REF000301,ORD002793,CUST00416,2026-08-17,1196.1,Processed
REF000302,ORD002795,CUST00416,2026-05-02,1290.21,Processed
REF000303,ORD002827,CUST00421,2026-04-10,13986.27,Processed
REF000304,ORD002852,CUST00425,2026-06-23,14835.88,Processed
REF000305,ORD002854,CUST00426,2026-07-04,21197.97,Pending
REF000306,ORD002856,CUST00426,2026-09-17,1222.79,Pending
REF000307,ORD002859,CUST00426,2026-06-23,1131.97,Pending
REF000308,ORD002892,CUST00432,2026-07-17,3455.84,Processed
REF000309,ORD002897,CUST00432,2026-07-29,2695.27,Processed
REF000310,ORD002898,CUST00432,2026-08-16,5616.21,Processed
REF000311,ORD002899,CUST00432,2026-06-24,3903.55,Processed
REF000312,ORD002904,CUST00433,2026-06-30,1916.66,Processed
REF000313,ORD002931,CUST00438,2026-05-27,11714.55,Processed
REF000314,ORD002933,CUST00438,2026-08-10,1475.13,Processed
REF000315,ORD002950,CUST00441,2026-09-14,1461.11,Pending
REF000316,ORD002955,CUST00442,2026-09-28,259.13,Processed
REF000317,ORD002964,CUST00443,2026-02-21,2586.08,Processed
REF000318,ORD002989,CUST00448,2026-08-30,27363.94,Processed
REF000319,ORD002991,CUST00448,2026-02-02,3405.09,Processed
REF000320,ORD002993,CUST00448,2026-04-08,1222.27,Processed
REF000321,ORD002996,CUST00448,2026-06-12,2772.62,Processed
REF000322,ORD002998,CUST00448,2026-06-19,1234.45,Processed
REF000323,ORD003002,CUST00448,2026-04-16,2708.29,Processed
REF000324,ORD003008,CUST00448,2026-08-10,8372.71,Processed
REF000325,ORD003010,CUST00449,2026-06-18,2265.71,Processed
REF000326,ORD003021,CUST00452,2026-07-17,7377.89,Processed
REF000327,ORD003029,CUST00453,2026-08-30,200.96,Processed
REF000328,ORD003033,CUST00453,2026-08-08,1421.16,Processed
REF000329,ORD003034,CUST00453,2026-08-02,1566.41,Processed
REF000330,ORD003038,CUST00453,2026-08-16,2064.88,Processed
REF000331,ORD003040,CUST00453,2026-09-02,1107.79,Processed
REF000332,ORD003048,CUST00454,2026-08-04,2842.41,Processed
REF000333,ORD003053,CUST00455,2026-03-28,2301.73,Processed
REF000334,ORD003076,CUST00457,2026-08-11,2400.08,Processed
REF000335,ORD003079,CUST00458,2026-09-07,17846.98,Processed
REF000336,ORD003109,CUST00464,2026-02-01,1703.69,Declined
REF000337,ORD003130,CUST00468,2026-07-25,3234.27,Pending
REF000338,ORD003132,CUST00468,2026-08-10,931.5,Pending
REF000339,ORD003136,CUST00469,2026-02-26,2957.62,Processed
REF000340,ORD003139,CUST00470,2026-08-02,5090.66,Processed
REF000341,ORD003140,CUST00470,2026-02-28,2220.93,Processed
REF000342,ORD003153,CUST00472,2026-04-26,21132.63,Processed
REF000343,ORD003164,CUST00473,2026-06-03,3811.35,Processed
REF000344,ORD003165,CUST00473,2026-08-18,1085.79,Pending
REF000345,ORD003204,CUST00481,2026-07-17,1222.0,Processed
REF000346,ORD003205,CUST00481,2026-07-21,26636.78,Processed
REF000347,ORD003209,CUST00481,2026-05-24,4420.87,Processed
REF000348,ORD003214,CUST00482,2026-06-05,5229.47,Processed
REF000349,ORD003215,CUST00482,2026-06-13,684.41,Processed
REF000350,ORD003225,CUST00483,2026-03-05,2565.93,Processed
REF000351,ORD003229,CUST00483,2026-03-07,2012.62,Processed
REF000352,ORD003240,CUST00485,2026-07-17,11091.14,Pending
REF000353,ORD003243,CUST00485,2026-07-20,2130.95,Processed
REF000354,ORD003245,CUST00485,2026-08-24,1557.15,Processed
REF000355,ORD003249,CUST00485,2026-08-08,1023.02,Declined
REF000356,ORD003260,CUST00487,2026-05-16,16677.9,Processed
REF000357,ORD003278,CUST00491,2026-08-29,12149.42,Pending
REF000358,ORD003290,CUST00493,2026-06-24,2873.18,Processed
REF000359,ORD003312,CUST00496,2026-09-07,11877.78,Pending
REF000360,ORD003336,CUST00501,2026-07-30,4007.5,Processed
REF000361,ORD003352,CUST00504,2026-08-21,1406.18,Processed
REF000362,ORD003357,CUST00504,2026-08-06,642.42,Processed
REF000363,ORD003360,CUST00504,2026-07-17,3633.68,Processed
REF000364,ORD003382,CUST00507,2026-05-30,1558.1,Processed
REF000365,ORD003422,CUST00514,2026-08-20,139.0,Processed
REF000366,ORD003449,CUST00519,2026-02-17,5365.11,Processed
REF000367,ORD003454,CUST00520,2026-04-25,12596.08,Processed
REF000368,ORD003458,CUST00520,2026-08-26,1514.3,Processed
REF000369,ORD003468,CUST00521,2026-08-09,29026.88,Processed
REF000370,ORD003472,CUST00521,2026-08-14,321.07,Processed
REF000371,ORD003474,CUST00521,2026-08-19,8811.31,Processed
REF000372,ORD003476,CUST00521,2026-09-11,588.9,Processed
REF000373,ORD003477,CUST00521,2026-08-06,9659.51,Processed
REF000374,ORD003511,CUST00527,2026-04-30,2529.99,Processed
REF000375,ORD003516,CUST00527,2026-06-16,12711.53,Pending
REF000376,ORD003562,CUST00536,2026-06-05,1003.18,Pending
REF000377,ORD003583,CUST00540,2026-09-30,542.54,Pending
REF000378,ORD003585,CUST00540,2026-07-16,446.03,Processed
REF000379,ORD003588,CUST00540,2026-08-09,3299.05,Processed
REF000380,ORD003604,CUST00544,2026-07-14,2789.14,Pending
REF000381,ORD003606,CUST00544,2026-06-05,4000.0,Processed
REF000382,ORD003608,CUST00544,2026-05-30,2794.0,Processed
REF000383,ORD003609,CUST00544,2026-06-03,502.94,Processed
REF000384,ORD003611,CUST00544,2026-04-02,1500.0,Processed
REF000385,ORD003612,CUST00544,2026-05-28,2070.67,Processed
REF000386,ORD003617,CUST00544,2026-08-07,731.01,Processed
REF000387,ORD003618,CUST00544,2026-06-16,1330.73,Processed
REF000388,ORD003621,CUST00544,2026-08-18,16207.39,Processed
REF000389,ORD003625,CUST00544,2026-01-18,14146.75,Processed
REF000390,ORD003628,CUST00545,2026-03-04,13079.31,Declined
REF000391,ORD003629,CUST00545,2026-04-04,28201.07,Processed
REF000392,ORD003630,CUST00545,2026-06-22,1092.45,Processed
REF000393,ORD003656,CUST00548,2026-08-31,2585.26,Processed
REF000394,ORD003679,CUST00553,2026-07-04,1386.66,Processed
REF000395,ORD003680,CUST00553,2026-07-18,4000.0,Processed
REF000396,ORD003700,CUST00555,2026-05-22,13476.4,Processed
REF000397,ORD003711,CUST00557,2026-06-19,3339.5,Processed
REF000398,ORD003714,CUST00557,2026-06-25,921.85,Processed
REF000399,ORD003715,CUST00557,2026-06-26,25153.37,Processed
REF000400,ORD003716,CUST00557,2026-06-23,10870.93,Processed
REF000401,ORD003721,CUST00557,2026-02-18,6000.0,Processed
REF000402,ORD003726,CUST00557,2026-03-28,1670.35,Processed
REF000403,ORD003728,CUST00557,2026-06-24,1651.76,Processed
REF000404,ORD003740,CUST00559,2026-04-05,2101.86,Processed
REF000405,ORD003743,CUST00559,2026-07-30,5163.61,Processed
REF000406,ORD003757,CUST00561,2026-08-05,3300.76,Processed
REF000407,ORD003777,CUST00566,2026-05-31,950.93,Processed
REF000408,ORD003819,CUST00573,2026-09-11,2995.29,Processed
REF000409,ORD003839,CUST00576,2026-09-07,712.52,Pending
REF000410,ORD003868,CUST00580,2026-08-30,13235.83,Declined
REF000411,ORD003870,CUST00580,2026-08-17,1111.11,Processed
REF000412,ORD003873,CUST00581,2026-06-27,2100.32,Declined
REF000413,ORD003879,CUST00582,2026-08-19,16150.86,Processed
REF000414,ORD003888,CUST00582,2026-09-16,2488.89,Processed
REF000415,ORD003893,CUST00582,2026-08-06,214.19,Processed
REF000416,ORD003898,CUST00584,2026-06-23,1923.63,Processed
REF000417,ORD003899,CUST00584,2026-06-27,3221.4,Pending
REF000418,ORD003900,CUST00584,2026-06-18,1672.08,Processed
REF000419,ORD003901,CUST00584,2026-06-16,1955.17,Processed
REF000420,ORD003921,CUST00587,2026-08-05,1888.86,Pending
REF000421,ORD003923,CUST00587,2026-07-21,1915.36,Pending
REF000422,ORD003924,CUST00587,2026-08-13,18447.71,Processed
REF000423,ORD003925,CUST00587,2026-07-11,16326.25,Processed
REF000424,ORD003929,CUST00587,2026-07-05,2593.08,Processed
REF000425,ORD003933,CUST00588,2026-03-27,17620.46,Pending
REF000426,ORD003963,CUST00594,2026-08-18,6423.58,Processed
REF000427,ORD003967,CUST00594,2026-08-07,1039.85,Processed
REF000428,ORD003971,CUST00594,2026-08-11,822.34,Processed
REF000429,ORD003976,CUST00594,2026-09-04,2188.91,Processed
REF000430,ORD003980,CUST00596,2026-08-07,2875.39,Processed
REF000431,ORD003982,CUST00596,2026-08-22,1622.39,Processed
REF000432,ORD003992,CUST00597,2026-09-30,2110.81,Pending
REF000433,ORD004018,CUST00601,2026-04-27,769.38,Processed
REF000434,ORD004019,CUST00601,2026-08-30,1536.31,Processed
REF000435,ORD004025,CUST00602,2026-06-06,10515.1,Processed
REF000436,ORD004039,CUST00604,2026-08-22,6704.37,Processed
REF000437,ORD004048,CUST00604,2026-04-28,1570.19,Processed
REF000438,ORD004049,CUST00604,2026-05-08,3094.51,Processed
REF000439,ORD004054,CUST00604,2026-06-29,1779.17,Processed
REF000440,ORD004059,CUST00605,2026-09-07,30376.04,Processed
REF000441,ORD004060,CUST00605,2026-08-16,1356.01,Pending
REF000442,ORD004062,CUST00605,2026-08-26,2113.9,Processed
REF000443,ORD004063,CUST00605,2026-09-02,2708.2,Processed
REF000444,ORD004070,CUST00605,2026-08-18,1145.93,Processed
REF000445,ORD004072,CUST00605,2026-09-04,2685.51,Pending
REF000446,ORD004075,CUST00605,2026-09-09,1336.3,Pending
REF000447,ORD004076,CUST00605,2026-08-01,765.31,Processed
REF000448,ORD004089,CUST00608,2026-08-23,1045.38,Processed
REF000449,ORD004090,CUST00608,2026-08-02,1503.46,Processed
REF000450,ORD004101,CUST00609,2026-06-06,9787.75,Processed
REF000451,ORD004103,CUST00609,2026-04-06,4128.84,Processed
REF000452,ORD004104,CUST00609,2026-09-03,1722.19,Processed
REF000453,ORD004112,CUST00610,2026-06-05,3067.78,Processed
REF000454,ORD004120,CUST00610,2026-03-16,5669.09,Processed
REF000455,ORD004135,CUST00612,2026-07-08,3246.38,Processed
REF000456,ORD004137,CUST00612,2026-07-15,2739.79,Declined
REF000457,ORD004142,CUST00612,2026-07-08,2800.11,Pending
REF000458,ORD004143,CUST00612,2026-07-01,1934.8,Processed
REF000459,ORD004149,CUST00612,2026-07-01,636.48,Processed
REF000460,ORD004161,CUST00615,2026-08-30,20642.22,Processed
REF000461,ORD004166,CUST00615,2026-04-07,988.25,Processed
REF000462,ORD004167,CUST00615,2026-03-10,887.68,Processed
REF000463,ORD004206,CUST00622,2026-07-15,1947.33,Processed
REF000464,ORD004214,CUST00624,2026-08-25,247.07,Processed
REF000465,ORD004223,CUST00625,2026-06-20,1907.79,Processed
REF000466,ORD004224,CUST00625,2026-06-18,13840.8,Processed
REF000467,ORD004229,CUST00625,2026-06-22,11266.2,Processed
REF000468,ORD004234,CUST00625,2026-09-09,504.69,Pending
REF000469,ORD004311,CUST00637,2026-06-23,1052.69,Processed
REF000470,ORD004323,CUST00638,2026-08-25,55000.0,Pending
REF000471,ORD004324,CUST00638,2026-09-07,1268.95,Processed
REF000472,ORD004325,CUST00638,2026-09-02,7956.61,Pending
REF000473,ORD004331,CUST00638,2026-08-05,502.79,Processed
REF000474,ORD004332,CUST00638,2026-09-02,3527.8,Processed
REF000475,ORD004349,CUST00641,2026-06-14,3265.5,Processed
REF000476,ORD004353,CUST00642,2026-06-13,584.93,Processed
REF000477,ORD004363,CUST00644,2026-09-04,1085.87,Processed
REF000478,ORD004368,CUST00645,2026-01-06,1841.75,Pending
REF000479,ORD004371,CUST00645,2026-04-25,24899.01,Processed
REF000480,ORD004375,CUST00645,2026-06-17,13800.5,Processed
REF000481,ORD004377,CUST00645,2026-06-29,2796.7,Processed
REF000482,ORD004382,CUST00645,2026-07-14,1134.16,Processed
REF000483,ORD004383,CUST00645,2026-02-12,15829.68,Processed
REF000484,ORD004409,CUST00648,2026-04-21,5395.58,Processed
REF000485,ORD004410,CUST00648,2026-03-22,1118.74,Processed
REF000486,ORD004412,CUST00649,2026-08-23,1248.53,Processed
REF000487,ORD004416,CUST00650,2026-03-27,10061.85,Pending
REF000488,ORD004419,CUST00650,2026-08-23,9156.46,Processed
REF000489,ORD004432,CUST00651,2026-04-23,2912.18,Processed
REF000490,ORD004437,CUST00653,2026-04-15,3542.79,Processed
REF000491,ORD004438,CUST00653,2026-08-22,2728.24,Declined
REF000492,ORD004440,CUST00653,2026-08-09,1946.33,Processed
REF000493,ORD004441,CUST00653,2026-04-24,2107.43,Processed
REF000494,ORD004444,CUST00653,2026-04-24,746.93,Processed
REF000495,ORD004451,CUST00653,2026-06-20,570.44,Processed
REF000496,ORD004455,CUST00653,2026-07-13,21357.03,Processed
REF000497,ORD004458,CUST00653,2026-03-18,1177.72,Processed
REF000498,ORD004459,CUST00653,2026-06-24,9610.77,Processed
REF000499,ORD004482,CUST00658,2026-02-25,425.1,Declined
REF000500,ORD004486,CUST00659,2026-07-15,1162.21,Processed
REF000501,ORD004488,CUST00660,2026-05-29,1606.32,Processed
REF000502,ORD004555,CUST00672,2026-07-12,18570.97,Processed
REF000503,ORD004578,CUST00677,2026-08-05,514.29,Processed
REF000504,ORD004588,CUST00679,2026-07-02,3435.42,Processed
REF000505,ORD004591,CUST00679,2026-06-25,408.74,Processed
REF000506,ORD004598,CUST00679,2026-09-15,2211.51,Pending
REF000507,ORD004608,CUST00681,2026-02-05,2042.12,Pending
REF000508,ORD004614,CUST00682,2026-04-15,613.58,Processed
REF000509,ORD004636,CUST00685,2026-08-11,984.46,Processed
REF000510,ORD004637,CUST00685,2026-02-03,8001.28,Processed
REF000511,ORD004638,CUST00686,2026-08-03,2406.47,Processed
REF000512,ORD004645,CUST00686,2026-08-13,844.38,Processed
REF000513,ORD004646,CUST00686,2026-09-02,1230.41,Pending
REF000514,ORD004648,CUST00686,2026-08-22,5691.25,Pending
REF000515,ORD004649,CUST00686,2026-08-17,16250.79,Processed
REF000516,ORD004651,CUST00686,2026-08-18,6601.77,Processed
REF000517,ORD004655,CUST00686,2026-09-04,19498.22,Pending
REF000518,ORD004656,CUST00686,2026-08-15,283.99,Processed
REF000519,ORD004657,CUST00686,2026-09-09,2772.47,Processed
REF000520,ORD004658,CUST00686,2026-08-11,2268.68,Processed
REF000521,ORD004667,CUST00688,2026-07-10,16052.12,Processed
REF000522,ORD004678,CUST00689,2026-08-13,1253.19,Processed
REF000523,ORD004681,CUST00689,2026-08-10,10332.14,Processed
REF000524,ORD004691,CUST00690,2026-08-09,2769.82,Processed
REF000525,ORD004696,CUST00691,2026-05-24,4601.45,Processed
REF000526,ORD004725,CUST00695,2026-04-17,346.82,Processed
REF000527,ORD004729,CUST00696,2026-03-26,1599.31,Processed
REF000528,ORD004752,CUST00701,2026-07-06,1817.26,Pending
REF000529,ORD004765,CUST00702,2026-08-15,17072.32,Processed
REF000530,ORD004797,CUST00708,2026-04-25,888.36,Processed
REF000531,ORD004809,CUST00711,2026-06-17,1307.16,Declined
REF000532,ORD004811,CUST00711,2026-08-02,15355.97,Processed
REF000533,ORD004813,CUST00711,2026-06-28,794.28,Processed
REF000534,ORD004821,CUST00711,2026-08-10,11799.04,Processed
REF000535,ORD004823,CUST00712,2026-03-28,2115.15,Processed
REF000536,ORD004840,CUST00714,2026-02-24,1176.4,Processed
REF000537,ORD004877,CUST00721,2026-06-19,17628.4,Processed
REF000538,ORD004881,CUST00721,2026-08-10,1154.51,Processed
REF000539,ORD004883,CUST00721,2026-04-28,3953.52,Processed
REF000540,ORD004911,CUST00726,2026-07-04,11945.64,Pending
REF000541,ORD004917,CUST00726,2026-08-26,8000.0,Processed
REF000542,ORD004923,CUST00727,2026-07-02,2351.28,Processed
REF000543,ORD004939,CUST00729,2026-04-08,6527.76,Processed
REF000544,ORD004948,CUST00732,2026-06-05,1569.3,Processed
REF000545,ORD004949,CUST00732,2026-04-24,758.29,Processed
REF000546,ORD004964,CUST00734,2026-08-15,2457.2,Processed
REF000547,ORD004965,CUST00735,2026-08-27,280.84,Processed
REF000548,ORD004971,CUST00735,2026-07-17,3570.22,Processed
REF000549,ORD004980,CUST00736,2026-09-17,1595.18,Pending
REF000550,ORD004982,CUST00736,2026-04-15,1071.52,Processed
REF000551,ORD004988,CUST00737,2026-01-29,423.06,Processed
REF000552,ORD004992,CUST00738,2026-07-06,277.64,Processed
REF000553,ORD005029,CUST00744,2026-08-04,5485.8,Processed
REF000554,ORD005033,CUST00744,2026-08-05,11992.07,Processed
REF000555,ORD005047,CUST00745,2026-03-11,895.9,Processed
REF000556,ORD005052,CUST00747,2026-04-14,567.71,Processed
REF000557,ORD005067,CUST00750,2026-03-17,4229.19,Processed
REF000558,ORD005072,CUST00750,2026-05-17,22021.0,Pending
REF000559,ORD005073,CUST00750,2026-01-25,1599.82,Processed
REF000560,ORD005080,CUST00750,2026-03-07,12227.31,Processed
REF000561,ORD005081,CUST00750,2026-03-21,759.03,Pending
REF000562,ORD005087,CUST00750,2026-06-13,888.55,Processed
REF000563,ORD005105,CUST00754,2026-06-21,218.07,Processed
REF000564,ORD005109,CUST00754,2026-08-05,2162.39,Pending
REF000565,ORD005110,CUST00754,2026-06-23,1248.77,Processed
REF000566,ORD005124,CUST00755,2026-07-04,1900.48,Processed
REF000567,ORD005126,CUST00755,2026-07-04,3122.76,Processed
REF000568,ORD005128,CUST00755,2026-08-13,2791.09,Processed
REF000569,ORD005129,CUST00755,2026-08-14,15045.47,Processed
REF000570,ORD005147,CUST00759,2026-07-06,11012.04,Processed
REF000571,ORD005148,CUST00759,2026-06-15,1415.13,Pending
REF000572,ORD005161,CUST00760,2026-09-12,6481.86,Processed
REF000573,ORD005186,CUST00765,2026-07-06,40470.46,Pending
REF000574,ORD005187,CUST00765,2026-08-08,1069.2,Pending
REF000575,ORD005215,CUST00770,2026-04-23,666.33,Declined
REF000576,ORD005217,CUST00771,2026-05-14,4951.34,Processed
REF000577,ORD005230,CUST00773,2026-07-26,405.19,Processed
REF000578,ORD005236,CUST00774,2026-06-17,2093.3,Processed
REF000579,ORD005241,CUST00775,2026-06-02,3096.35,Processed
REF000580,ORD005273,CUST00781,2026-05-08,2692.11,Processed
REF000581,ORD005285,CUST00783,2026-08-27,1607.82,Processed
REF000582,ORD005301,CUST00785,2026-09-01,33876.96,Processed
REF000583,ORD005308,CUST00785,2026-08-26,341.31,Declined
REF000584,ORD005312,CUST00785,2026-08-29,1285.72,Processed
REF000585,ORD005329,CUST00787,2026-08-25,3266.51,Processed
REF000586,ORD005334,CUST00787,2026-09-10,2355.38,Pending
REF000587,ORD005335,CUST00787,2026-08-28,17879.25,Processed
REF000588,ORD005360,CUST00791,2026-09-15,2893.48,Pending
REF000589,ORD005370,CUST00793,2026-04-07,2762.65,Processed
REF000590,ORD005371,CUST00793,2026-03-08,467.58,Processed
REF000591,ORD005444,CUST00806,2026-07-31,3402.59,Processed
REF000592,ORD005449,CUST00806,2026-09-03,1523.41,Processed
REF000593,ORD005453,CUST00806,2026-05-03,628.81,Processed
REF000594,ORD005454,CUST00806,2026-05-26,544.8,Declined
REF000595,ORD005461,CUST00807,2026-08-13,2036.83,Processed
REF000596,ORD005467,CUST00808,2026-08-12,25859.23,Processed
REF000597,ORD005473,CUST00808,2026-08-09,7386.45,Processed
REF000598,ORD005478,CUST00808,2026-07-30,1833.74,Processed
REF000599,ORD005485,CUST00808,2026-07-11,1099.39,Pending
REF000600,ORD005486,CUST00808,2026-07-25,1653.98,Processed
REF000601,ORD005487,CUST00808,2026-07-30,2393.97,Processed
REF000602,ORD005503,CUST00810,2026-09-23,1908.77,Processed
REF000603,ORD005508,CUST00811,2026-05-04,640.97,Processed
REF000604,ORD005530,CUST00815,2026-06-25,2967.28,Processed
REF000605,ORD005555,CUST00820,2026-06-17,1541.28,Processed
REF000606,ORD005556,CUST00820,2026-06-04,3402.22,Processed
REF000607,ORD005561,CUST00820,2026-05-03,1900.59,Processed
REF000608,ORD005571,CUST00823,2026-05-23,3523.17,Declined
REF000609,ORD005579,CUST00824,2026-07-19,2748.78,Processed
REF000610,ORD005580,CUST00824,2026-07-21,2646.86,Processed
REF000611,ORD005583,CUST00824,2026-08-13,8160.84,Processed
REF000612,ORD005584,CUST00824,2026-08-29,10999.79,Processed
REF000613,ORD005585,CUST00824,2026-06-15,13858.48,Processed
REF000614,ORD005590,CUST00824,2026-07-19,1782.81,Processed
REF000615,ORD005591,CUST00825,2026-09-18,1070.77,Pending
REF000616,ORD005600,CUST00827,2026-06-23,1061.11,Processed
REF000617,ORD005612,CUST00829,2026-08-29,18012.6,Processed
REF000618,ORD005613,CUST00829,2026-08-17,2755.33,Processed
REF000619,ORD005633,CUST00831,2026-07-11,764.3,Processed
REF000620,ORD005641,CUST00831,2026-07-12,2822.47,Processed
REF000621,ORD005663,CUST00835,2026-07-17,1921.32,Declined
REF000622,ORD005675,CUST00837,2026-06-18,9258.23,Processed
REF000623,ORD005679,CUST00838,2026-08-20,11141.04,Processed
REF000624,ORD005699,CUST00841,2026-06-15,1259.16,Processed
REF000625,ORD005701,CUST00841,2026-08-23,6169.63,Processed
REF000626,ORD005702,CUST00841,2026-08-22,697.06,Pending
REF000627,ORD005703,CUST00841,2026-03-13,1363.37,Processed
REF000628,ORD005704,CUST00841,2026-08-26,17545.56,Processed
REF000629,ORD005708,CUST00841,2026-05-17,1437.78,Processed
REF000630,ORD005709,CUST00841,2026-04-15,2009.03,Processed
REF000631,ORD005710,CUST00841,2026-04-13,3828.69,Processed
REF000632,ORD005712,CUST00841,2026-04-11,741.29,Processed
REF000633,ORD005713,CUST00841,2026-07-20,3501.15,Processed
REF000634,ORD005723,CUST00843,2026-06-12,9390.28,Processed
REF000635,ORD005739,CUST00846,2026-08-11,1517.72,Processed
REF000636,ORD005743,CUST00846,2026-09-06,3030.53,Pending
REF000637,ORD005744,CUST00846,2026-08-13,3239.36,Processed
REF000638,ORD005745,CUST00846,2026-08-27,30968.63,Processed
REF000639,ORD005748,CUST00846,2026-08-21,11073.2,Processed
REF000640,ORD005749,CUST00846,2026-08-24,27027.38,Processed
REF000641,ORD005753,CUST00846,2026-07-26,3321.6,Processed
REF000642,ORD005758,CUST00846,2026-08-02,49471.46,Processed
REF000643,ORD005761,CUST00846,2026-08-25,1011.59,Processed
REF000644,ORD005767,CUST00848,2026-09-10,15909.23,Pending
REF000645,ORD005775,CUST00848,2026-06-25,1279.48,Processed
REF000646,ORD005784,CUST00850,2026-07-12,12000.0,Processed
REF000647,ORD005785,CUST00850,2026-07-16,2631.24,Processed
REF000648,ORD005787,CUST00850,2026-07-28,5695.5,Processed
REF000649,ORD005790,CUST00850,2026-07-21,1822.85,Processed
REF000650,ORD005792,CUST00850,2026-07-11,1436.18,Processed
REF000651,ORD005794,CUST00850,2026-07-20,2978.44,Processed
REF000652,ORD005807,CUST00850,2026-08-05,24558.41,Processed
REF000653,ORD005816,CUST00852,2026-07-29,4089.51,Processed
REF000654,ORD005853,CUST00857,2026-08-08,2354.96,Processed
REF000655,ORD005854,CUST00858,2026-07-03,41711.93,Processed
REF000656,ORD005856,CUST00858,2026-05-01,1358.29,Processed
REF000657,ORD005859,CUST00859,2026-08-04,383.61,Processed
REF000658,ORD005860,CUST00859,2026-09-12,2935.08,Processed
REF000659,ORD005864,CUST00859,2026-08-03,3262.94,Processed
REF000660,ORD005872,CUST00859,2026-07-30,6435.47,Processed
REF000661,ORD005892,CUST00863,2026-06-25,11340.16,Processed
REF000662,ORD005910,CUST00866,2026-05-27,220.84,Pending
REF000663,ORD005914,CUST00867,2026-09-04,1970.03,Pending
REF000664,ORD005946,CUST00872,2026-04-02,9155.91,Declined
REF000665,ORD005959,CUST00874,2026-07-04,2721.96,Pending
REF000666,ORD005960,CUST00874,2026-07-19,536.5,Processed
REF000667,ORD005965,CUST00874,2026-08-08,16112.82,Pending
REF000668,ORD005973,CUST00874,2026-07-13,2563.29,Processed
REF000669,ORD005986,CUST00876,2026-02-28,1912.0,Processed
REF000670,ORD005987,CUST00876,2026-01-13,2618.06,Processed
REF000671,ORD005994,CUST00878,2026-05-25,780.39,Processed
REF000672,ORD006015,CUST00881,2026-04-15,1521.56,Processed
REF000673,ORD006039,CUST00887,2026-04-26,37089.17,Processed
REF000674,ORD006040,CUST00887,2026-02-22,1822.66,Processed
REF000675,ORD006046,CUST00887,2026-02-24,864.77,Processed
REF000676,ORD006049,CUST00887,2026-06-04,7897.9,Processed
REF000677,ORD006086,CUST00892,2026-07-17,1697.71,Processed
REF000678,ORD006112,CUST00895,2026-05-12,2727.38,Pending
REF000679,ORD006118,CUST00895,2026-06-26,55000.0,Processed
REF000680,ORD006121,CUST00895,2026-06-27,2744.03,Processed
REF000681,ORD006125,CUST00896,2026-02-13,604.48,Processed
REF000682,ORD006135,CUST00899,2026-05-22,348.13,Processed
REF000683,ORD006154,CUST00903,2026-08-04,570.19,Processed
REF000684,ORD006162,CUST00904,2026-07-15,1763.83,Processed
REF000685,ORD006182,CUST00907,2026-03-11,24038.4,Processed
REF000686,ORD006199,CUST00909,2026-07-17,2014.38,Pending
REF000687,ORD006207,CUST00910,2026-09-20,15482.3,Pending
REF000688,ORD006210,CUST00910,2026-08-26,3178.76,Processed
REF000689,ORD006215,CUST00911,2026-06-12,2242.49,Processed
REF000690,ORD006229,CUST00914,2026-09-10,1413.85,Processed
REF000691,ORD006245,CUST00917,2026-07-25,1347.52,Processed
REF000692,ORD006260,CUST00919,2026-07-07,1706.69,Processed
REF000693,ORD006263,CUST00919,2026-06-22,2302.04,Processed
REF000694,ORD006264,CUST00919,2026-06-25,770.44,Processed
REF000695,ORD006268,CUST00919,2026-06-24,1916.49,Processed
REF000696,ORD006270,CUST00919,2026-06-13,4022.19,Processed
REF000697,ORD006273,CUST00919,2026-09-02,2729.14,Processed
REF000698,ORD006274,CUST00919,2026-05-21,528.36,Processed
REF000699,ORD006275,CUST00919,2026-07-18,55000.0,Pending
REF000700,ORD006276,CUST00919,2026-07-29,1596.8,Processed
REF000701,ORD006278,CUST00919,2026-06-09,1162.77,Processed
REF000702,ORD006280,CUST00919,2026-08-08,10789.73,Processed
REF000703,ORD006283,CUST00919,2026-05-17,26837.14,Processed
REF000704,ORD006315,CUST00923,2026-03-22,5985.3,Processed
REF000705,ORD006319,CUST00924,2026-05-19,923.46,Pending
REF000706,ORD006321,CUST00924,2026-07-11,1434.43,Processed
REF000707,ORD006325,CUST00925,2026-04-15,1034.11,Pending
REF000708,ORD006330,CUST00925,2026-07-25,1611.61,Processed
REF000709,ORD006331,CUST00925,2026-06-26,5541.06,Processed
REF000710,ORD006333,CUST00925,2026-05-01,2862.05,Processed
REF000711,ORD006337,CUST00925,2026-05-04,17004.5,Declined
REF000712,ORD006340,CUST00925,2026-04-02,3381.45,Processed
REF000713,ORD006342,CUST00925,2026-08-12,2078.66,Processed
REF000714,ORD006347,CUST00925,2026-03-26,3411.99,Processed
REF000715,ORD006366,CUST00928,2026-07-31,4050.03,Declined
REF000716,ORD006385,CUST00932,2026-03-03,2327.52,Processed
REF000717,ORD006389,CUST00932,2026-09-08,6000.0,Processed
REF000718,ORD006390,CUST00932,2026-07-03,7528.91,Processed
REF000719,ORD006393,CUST00932,2026-03-01,1382.63,Pending
REF000720,ORD006394,CUST00932,2026-05-31,2720.99,Pending
REF000721,ORD006397,CUST00932,2026-03-15,1833.84,Processed
REF000722,ORD006415,CUST00936,2026-06-07,1128.7,Processed
REF000723,ORD006424,CUST00937,2026-08-18,26351.97,Pending
REF000724,ORD006426,CUST00937,2026-05-19,8843.41,Processed
REF000725,ORD006442,CUST00940,2026-03-16,1721.18,Processed
REF000726,ORD006444,CUST00940,2026-04-02,997.9,Processed
REF000727,ORD006450,CUST00941,2026-07-09,3248.88,Processed
REF000728,ORD006451,CUST00941,2026-05-16,2010.94,Processed
REF000729,ORD006454,CUST00941,2026-05-05,16516.14,Pending
REF000730,ORD006460,CUST00942,2026-08-12,3968.78,Declined
REF000731,ORD006464,CUST00942,2026-06-15,2917.3,Processed
REF000732,ORD006466,CUST00942,2026-06-06,1245.54,Processed
REF000733,ORD006500,CUST00948,2026-07-25,1467.98,Processed
REF000734,ORD006567,CUST00959,2026-07-01,1085.94,Processed
REF000735,ORD006568,CUST00959,2026-06-27,2830.55,Processed
REF000736,ORD006570,CUST00959,2026-07-30,10072.55,Processed
REF000737,ORD006581,CUST00960,2026-04-23,4879.29,Processed
REF000738,ORD006611,CUST00966,2026-05-24,1382.39,Processed
REF000739,ORD006616,CUST00967,2026-06-27,38459.1,Processed
REF000740,ORD006659,CUST00975,2026-08-30,917.86,Pending
REF000741,ORD006708,CUST00983,2026-02-11,3255.62,Processed
REF000742,ORD006716,CUST00985,2026-06-24,2156.26,Processed
REF000743,ORD006746,CUST00989,2026-04-03,7939.72,Processed
REF000744,ORD006747,CUST00990,2026-06-07,5275.06,Processed
REF000745,ORD006750,CUST00990,2026-06-11,2767.19,Processed
REF000746,ORD006754,CUST00990,2026-09-25,139.49,Processed
REF000747,ORD006761,CUST00991,2026-06-07,526.65,Processed
REF000748,ORD006771,CUST00993,2026-05-06,25430.91,Processed
REF000749,ORD006778,CUST00995,2026-08-31,31453.11,Processed
REF000750,ORD006787,CUST00995,2026-06-24,4004.97,Processed
REF000751,ORD006789,CUST00995,2026-09-18,3018.94,Processed
REF000752,ORD006792,CUST00995,2026-08-27,1087.59,Processed
REF000753,ORD006793,CUST00995,2026-07-09,18937.2,Processed
REF000754,ORD006801,CUST00996,2026-09-05,4452.67,Processed
REF000755,ORD006848,CUST01003,2026-06-02,1201.93,Pending
REF000756,ORD006860,CUST01005,2026-07-29,7243.04,Processed
REF000757,ORD006861,CUST01005,2026-06-10,2868.57,Processed
REF000758,ORD006863,CUST01005,2026-07-16,1593.71,Declined
REF000759,ORD006871,CUST01007,2026-06-20,6089.4,Processed
REF000760,ORD006872,CUST01008,2026-08-25,2567.25,Processed
REF000761,ORD006873,CUST01008,2026-08-19,4155.01,Declined
REF000762,ORD006880,CUST01008,2026-09-07,1764.07,Processed
REF000763,ORD006889,CUST01009,2026-08-25,1339.17,Processed
REF000764,ORD006908,CUST01013,2026-08-07,1195.97,Processed
REF000765,ORD006911,CUST01013,2026-08-12,814.61,Processed
REF000766,ORD006913,CUST01013,2026-09-09,1480.88,Pending
REF000767,ORD006951,CUST01019,2026-02-09,2475.3,Processed
REF000768,ORD006974,CUST01021,2026-08-29,1961.46,Declined
REF000769,ORD006975,CUST01021,2026-08-17,3417.68,Processed
REF000770,ORD006980,CUST01021,2026-09-10,14065.95,Processed
REF000771,ORD006994,CUST01022,2026-07-31,28628.76,Processed
REF000772,ORD007001,CUST01024,2026-05-01,1437.15,Declined
REF000773,ORD007026,CUST01028,2026-07-23,1050.05,Processed
REF000774,ORD007030,CUST01028,2026-07-18,5567.66,Processed
REF000775,ORD007040,CUST01028,2026-06-23,4350.49,Processed
REF000776,ORD007042,CUST01028,2026-08-07,15859.45,Processed
REF000777,ORD007045,CUST01028,2026-08-02,6646.15,Processed
REF000778,ORD007047,CUST01028,2026-08-21,2776.51,Processed
REF000779,ORD007048,CUST01028,2026-08-27,930.53,Processed
REF000780,ORD007051,CUST01029,2026-07-23,2993.18,Processed
REF000781,ORD007064,CUST01032,2026-07-15,31739.58,Processed
REF000782,ORD007066,CUST01032,2026-09-11,11909.91,Pending
REF000783,ORD007067,CUST01032,2026-06-30,601.06,Processed
REF000784,ORD007079,CUST01035,2026-06-19,1390.65,Processed
REF000785,ORD007084,CUST01035,2026-05-22,5622.16,Processed
REF000786,ORD007122,CUST01042,2026-09-30,1320.27,Processed
REF000787,ORD007162,CUST01050,2026-03-22,2352.69,Processed
REF000788,ORD007163,CUST01050,2026-06-19,419.42,Declined
REF000789,ORD007164,CUST01050,2026-08-16,496.37,Processed
REF000790,ORD007166,CUST01050,2026-06-12,1753.66,Pending
REF000791,ORD007167,CUST01050,2026-03-20,449.69,Processed
REF000792,ORD007186,CUST01054,2026-08-01,6000.0,Processed
REF000793,ORD007199,CUST01056,2026-09-15,1076.28,Pending
REF000794,ORD007205,CUST01057,2026-02-28,13937.71,Processed
REF000795,ORD007255,CUST01066,2026-08-06,340.94,Processed
REF000796,ORD007258,CUST01066,2026-09-20,2209.64,Pending
REF000797,ORD007259,CUST01066,2026-06-17,471.65,Processed
REF000798,ORD007269,CUST01068,2026-06-03,992.07,Pending
REF000799,ORD007309,CUST01076,2026-09-03,3821.72,Processed
REF000800,ORD007374,CUST01086,2026-06-13,2878.75,Processed
REF000801,ORD007375,CUST01086,2026-02-21,34430.75,Pending
REF000802,ORD007376,CUST01086,2026-04-17,20104.62,Processed
REF000803,ORD007383,CUST01087,2026-05-05,2864.43,Processed
REF000804,ORD007391,CUST01088,2026-02-21,2645.79,Processed
REF000805,ORD007420,CUST01092,2026-08-30,12757.24,Processed
REF000806,ORD007486,CUST01103,2026-09-04,1711.82,Processed
REF000807,ORD007487,CUST01103,2026-08-21,729.08,Processed
REF000808,ORD007489,CUST01103,2026-08-17,4008.47,Processed
REF000809,ORD007492,CUST01103,2026-09-05,1697.03,Processed
REF000810,ORD007493,CUST01103,2026-09-01,9252.19,Processed
REF000811,ORD007494,CUST01103,2026-08-31,19010.54,Processed
REF000812,ORD007519,CUST01107,2026-08-15,3326.82,Declined
REF000813,ORD007520,CUST01107,2026-08-17,1694.28,Processed
REF000814,ORD007531,CUST01109,2026-03-05,2049.1,Processed
REF000815,ORD007539,CUST01109,2026-07-23,2412.76,Processed
REF000816,ORD007559,CUST01113,2026-04-06,7359.2,Processed
REF000817,ORD007583,CUST01118,2026-07-18,15477.04,Processed
REF000818,ORD007586,CUST01118,2026-07-17,464.75,Pending
REF000819,ORD007589,CUST01118,2026-07-12,3343.11,Pending
REF000820,ORD007607,CUST01120,2026-08-25,733.54,Processed
REF000821,ORD007608,CUST01120,2026-07-02,3597.48,Processed
REF000822,ORD007615,CUST01120,2026-08-19,438.38,Declined
REF000823,ORD007616,CUST01120,2026-09-01,1081.08,Processed
REF000824,ORD007618,CUST01120,2026-07-28,4154.41,Processed
REF000825,ORD007622,CUST01120,2026-08-04,1460.21,Processed
REF000826,ORD007639,CUST01123,2026-08-05,5554.99,Processed
REF000827,ORD007641,CUST01124,2026-05-23,1623.93,Pending
REF000828,ORD007665,CUST01127,2026-05-16,20878.87,Declined
REF000829,ORD007670,CUST01127,2026-05-18,1260.91,Processed
REF000830,ORD007676,CUST01128,2026-08-14,23320.55,Processed
REF000831,ORD007680,CUST01128,2026-08-07,1266.13,Pending
REF000832,ORD007686,CUST01128,2026-07-21,1485.08,Processed
REF000833,ORD007687,CUST01128,2026-08-21,3705.57,Processed
REF000834,ORD007706,CUST01132,2026-08-25,2523.47,Processed
REF000835,ORD007707,CUST01132,2026-08-30,19404.75,Processed
REF000836,ORD007711,CUST01132,2026-08-02,8820.92,Pending
REF000837,ORD007716,CUST01132,2026-08-11,17535.64,Processed
REF000838,ORD007720,CUST01132,2026-06-28,1956.87,Processed
REF000839,ORD007722,CUST01132,2026-07-19,2160.44,Processed
REF000840,ORD007725,CUST01133,2026-07-12,786.56,Processed
REF000841,ORD007735,CUST01134,2026-08-03,1818.2,Processed
REF000842,ORD007744,CUST01136,2026-08-09,821.79,Processed
REF000843,ORD007749,CUST01136,2026-08-15,5598.59,Processed
REF000844,ORD007752,CUST01136,2026-08-27,16098.87,Processed
REF000845,ORD007754,CUST01136,2026-08-13,21846.58,Processed
REF000846,ORD007756,CUST01136,2026-08-13,19814.77,Declined
REF000847,ORD007757,CUST01136,2026-07-19,412.13,Processed
REF000848,ORD007762,CUST01136,2026-09-03,2163.39,Processed
REF000849,ORD007785,CUST01140,2026-08-20,521.17,Processed
REF000850,ORD007793,CUST01141,2026-07-02,1250.36,Pending
REF000851,ORD007797,CUST01142,2026-05-09,3415.54,Processed
REF000852,ORD007814,CUST01145,2026-07-17,1075.01,Processed
REF000853,ORD007816,CUST01146,2026-05-08,14847.57,Processed
REF000854,ORD007841,CUST01149,2026-07-11,1271.07,Processed
REF000855,ORD007842,CUST01149,2026-09-12,947.02,Processed
REF000856,ORD007847,CUST01150,2026-08-10,558.43,Processed
REF000857,ORD007859,CUST01152,2026-08-05,2266.34,Processed
REF000858,ORD007869,CUST01154,2026-05-08,1548.05,Processed
REF000859,ORD007872,CUST01154,2026-05-18,1868.62,Processed
REF000860,ORD007873,CUST01154,2026-05-02,6524.73,Pending
REF000861,ORD007877,CUST01154,2026-07-18,9378.49,Processed
REF000862,ORD007879,CUST01154,2026-01-18,29660.83,Pending
REF000863,ORD007882,CUST01154,2026-02-19,1335.58,Processed
REF000864,ORD007884,CUST01155,2026-05-25,2707.04,Processed
REF000865,ORD007890,CUST01155,2026-05-13,1130.08,Processed
REF000866,ORD007893,CUST01156,2026-03-24,1867.34,Processed
REF000867,ORD007901,CUST01158,2026-07-05,1368.86,Processed
REF000868,ORD007902,CUST01158,2026-09-06,398.56,Processed
REF000869,ORD007912,CUST01158,2026-08-10,3009.91,Processed
REF000870,ORD007919,CUST01160,2026-06-12,1320.62,Processed
REF000871,ORD007920,CUST01160,2026-04-16,1248.88,Processed
REF000872,ORD007924,CUST01160,2026-03-07,17961.35,Processed
REF000873,ORD007931,CUST01161,2026-08-09,866.56,Processed
REF000874,ORD007932,CUST01161,2026-08-21,493.73,Processed
REF000875,ORD007945,CUST01163,2026-06-29,1267.7,Processed
REF000876,ORD007963,CUST01165,2026-08-25,1796.61,Processed
REF000877,ORD007973,CUST01166,2026-04-27,1257.81,Processed
REF000878,ORD007974,CUST01166,2026-05-26,2730.39,Processed
REF000879,ORD007978,CUST01166,2026-05-10,736.8,Processed
REF000880,ORD007983,CUST01166,2026-03-06,1303.93,Processed
REF000881,ORD007985,CUST01166,2026-05-03,9044.42,Processed
REF000882,ORD008032,CUST01175,2026-05-09,3984.5,Processed
REF000883,ORD008038,CUST01176,2026-05-06,336.41,Processed
REF000884,ORD008046,CUST01177,2026-09-02,13953.61,Pending
REF000885,ORD008050,CUST01178,2026-05-19,1541.74,Pending
REF000886,ORD008059,CUST01179,2026-08-26,1544.03,Processed
REF000887,ORD008060,CUST01179,2026-08-01,1581.48,Processed
REF000888,ORD008077,CUST01181,2026-09-15,12000.0,Pending
REF000889,ORD008088,CUST01182,2026-06-22,23392.38,Processed
REF000890,ORD008090,CUST01182,2026-07-09,538.35,Processed
REF000891,ORD008091,CUST01182,2026-02-21,1193.41,Processed
REF000892,ORD008094,CUST01182,2026-04-03,19613.29,Processed
REF000893,ORD008097,CUST01182,2026-02-15,34230.94,Processed
REF000894,ORD008116,CUST01186,2026-06-17,736.86,Processed
REF000895,ORD008134,CUST01189,2026-07-27,1468.55,Processed
REF000896,ORD008136,CUST01189,2026-08-19,11186.63,Processed
REF000897,ORD008137,CUST01189,2026-08-30,475.74,Processed
REF000898,ORD008138,CUST01189,2026-08-06,4494.3,Processed
REF000899,ORD008143,CUST01189,2026-06-13,36515.65,Processed
REF000900,ORD008146,CUST01190,2026-08-24,3566.14,Pending
REF000901,ORD008148,CUST01190,2026-08-24,5873.52,Processed
REF000902,ORD008149,CUST01190,2026-08-18,13867.23,Processed
REF000903,ORD008150,CUST01190,2026-09-11,3935.1,Pending
REF000904,ORD008163,CUST01192,2026-01-22,1996.22,Processed
REF000905,ORD008173,CUST01194,2026-09-14,1040.01,Processed
REF000906,ORD008177,CUST01194,2026-08-06,1506.66,Pending
REF000907,ORD008189,CUST01197,2026-07-29,1105.77,Processed
REF000908,ORD008199,CUST01199,2026-03-18,10375.37,Declined
REF000909,ORD008256,CUST01209,2026-07-22,1110.91,Processed
REF000910,ORD008262,CUST01210,2026-05-31,18373.92,Pending
REF000911,ORD008278,CUST01213,2026-04-28,5598.01,Processed
REF000912,ORD008281,CUST01214,2026-04-08,817.93,Pending
REF000913,ORD008282,CUST01214,2026-08-19,326.25,Processed
REF000914,ORD008291,CUST01215,2026-07-31,12630.04,Declined
REF000915,ORD008303,CUST01215,2026-08-14,14172.74,Processed
REF000916,ORD008305,CUST01215,2026-07-14,3093.98,Processed
REF000917,ORD008358,CUST01224,2026-09-02,789.69,Processed
REF000918,ORD008372,CUST01227,2026-04-14,250.71,Pending
REF000919,ORD008419,CUST01235,2026-09-07,719.88,Processed
REF000920,ORD008422,CUST01235,2026-09-10,32134.56,Pending
REF000921,ORD008426,CUST01235,2026-08-31,2912.8,Processed
REF000922,ORD008427,CUST01235,2026-08-21,7867.94,Processed
REF000923,ORD008429,CUST01235,2026-08-15,456.62,Processed
REF000924,ORD008467,CUST01241,2026-01-21,1370.22,Pending
REF000925,ORD008482,CUST01243,2026-04-16,3700.68,Processed
REF000926,ORD008501,CUST01246,2026-03-18,1842.46,Processed
REF000927,ORD008520,CUST01249,2026-07-15,4637.36,Processed
REF000928,ORD008521,CUST01249,2026-07-27,19143.52,Processed
REF000929,ORD008522,CUST01249,2026-06-16,25969.67,Declined
REF000930,ORD008523,CUST01249,2026-08-05,1094.45,Processed
REF000931,ORD008533,CUST01250,2026-07-09,2843.24,Processed
REF000932,ORD008534,CUST01250,2026-06-30,10305.62,Processed
REF000933,ORD008538,CUST01251,2026-08-28,2953.78,Declined
REF000934,ORD008549,CUST01253,2026-08-20,55000.0,Processed
REF000935,ORD008566,CUST01256,2026-08-05,21548.77,Processed
REF000936,ORD008567,CUST01256,2026-08-28,6845.86,Processed
REF000937,ORD008571,CUST01256,2026-08-08,19843.9,Processed
REF000938,ORD008579,CUST01257,2026-08-28,590.71,Processed
REF000939,ORD008585,CUST01257,2026-06-28,1908.55,Processed
REF000940,ORD008602,CUST01259,2026-05-15,3690.6,Processed
REF000941,ORD008606,CUST01259,2026-04-16,9048.54,Processed
REF000942,ORD008609,CUST01259,2026-03-27,2459.59,Processed
REF000943,ORD008632,CUST01263,2026-06-12,11170.02,Processed
REF000944,ORD008660,CUST01269,2026-04-12,814.0,Processed
REF000945,ORD008672,CUST01270,2026-04-01,3601.01,Processed
REF000946,ORD008715,CUST01278,2026-08-22,3199.29,Processed
REF000947,ORD008717,CUST01278,2026-07-08,1461.39,Processed
REF000948,ORD008721,CUST01279,2026-08-14,2014.59,Processed
REF000949,ORD008750,CUST01283,2026-09-02,7609.71,Processed
REF000950,ORD008757,CUST01283,2026-08-13,1882.21,Processed
REF000951,ORD008768,CUST01283,2026-08-25,1148.04,Processed
REF000952,ORD008774,CUST01284,2026-03-06,935.25,Processed
REF000953,ORD008789,CUST01287,2026-08-25,19017.2,Processed
REF000954,ORD008808,CUST01291,2026-08-28,668.78,Processed
REF000955,ORD008810,CUST01291,2026-07-30,11551.18,Declined
REF000956,ORD008815,CUST01292,2026-08-01,8008.28,Processed
REF000957,ORD008817,CUST01293,2026-09-10,16493.67,Pending
REF000958,ORD008818,CUST01293,2026-09-03,4944.75,Pending
REF000959,ORD008822,CUST01293,2026-08-07,2091.78,Processed
REF000960,ORD008823,CUST01293,2026-08-12,2720.22,Processed
REF000961,ORD008825,CUST01293,2026-08-22,2758.63,Processed
REF000962,ORD008830,CUST01293,2026-08-30,589.14,Processed
REF000963,ORD008835,CUST01294,2026-07-19,20434.88,Pending
REF000964,ORD008853,CUST01296,2026-04-25,1155.39,Processed
REF000965,ORD008916,CUST01307,2026-07-02,1749.09,Processed
REF000966,ORD008926,CUST01308,2026-04-01,5482.0,Declined
REF000967,ORD008930,CUST01308,2026-03-30,5036.09,Processed
REF000968,ORD008931,CUST01308,2026-03-21,8899.96,Pending
REF000969,ORD008932,CUST01308,2026-03-22,39790.24,Processed
REF000970,ORD008938,CUST01308,2026-03-29,5129.75,Pending
REF000971,ORD008940,CUST01308,2026-03-27,10522.73,Processed
REF000972,ORD008959,CUST01310,2026-01-27,4643.72,Declined
REF000973,ORD008979,CUST01313,2026-06-28,1367.84,Processed
REF000974,ORD008983,CUST01313,2026-05-08,1303.46,Processed
REF000975,ORD009027,CUST01323,2026-09-09,519.72,Pending
REF000976,ORD009039,CUST01326,2026-07-25,1380.08,Processed
REF000977,ORD009057,CUST01328,2026-06-07,1869.15,Declined
REF000978,ORD009080,CUST01331,2026-07-11,1271.65,Processed
REF000979,ORD009100,CUST01334,2026-06-05,16977.85,Processed
REF000980,ORD009144,CUST01341,2026-03-22,4156.93,Processed
REF000981,ORD009147,CUST01342,2026-04-02,735.71,Processed
REF000982,ORD009148,CUST01342,2026-09-17,1296.76,Processed
REF000983,ORD009156,CUST01343,2026-08-27,1366.75,Processed
REF000984,ORD009166,CUST01346,2026-08-07,15410.99,Processed
REF000985,ORD009168,CUST01346,2026-08-20,1167.25,Processed
REF000986,ORD009176,CUST01346,2026-05-21,1099.29,Processed
REF000987,ORD009179,CUST01346,2026-07-26,698.65,Pending
REF000988,ORD009228,CUST01354,2026-07-29,546.38,Processed
REF000989,ORD009232,CUST01354,2026-06-29,582.45,Processed
REF000990,ORD009246,CUST01356,2026-08-30,1536.98,Processed
REF000991,ORD009248,CUST01356,2026-04-06,1377.8,Processed
REF000992,ORD009249,CUST01356,2026-03-02,2371.09,Processed
REF000993,ORD009250,CUST01356,2026-02-23,1930.49,Declined
REF000994,ORD009251,CUST01356,2026-05-06,1781.29,Processed
REF000995,ORD009256,CUST01356,2026-02-09,1595.11,Pending
REF000996,ORD009257,CUST01356,2026-04-04,4861.9,Processed
REF000997,ORD009259,CUST01357,2026-07-28,2636.39,Processed
REF000998,ORD009271,CUST01361,2026-08-26,1166.25,Processed
REF000999,ORD009274,CUST01361,2026-08-01,3207.1,Processed
REF001000,ORD009280,CUST01362,2026-07-14,2202.7,Processed
REF001001,ORD009286,CUST01363,2026-09-27,2111.21,Processed
REF001002,ORD009299,CUST01366,2026-09-22,461.12,Pending
REF001003,ORD009320,CUST01369,2026-05-12,1524.17,Pending
REF001004,ORD009341,CUST01373,2026-05-29,29275.31,Processed
REF001005,ORD009364,CUST01377,2026-08-24,2696.26,Processed
REF001006,ORD009366,CUST01377,2026-08-08,1787.13,Processed
REF001007,ORD009371,CUST01378,2026-04-15,2822.03,Processed
REF001008,ORD009381,CUST01379,2026-08-14,1867.99,Processed
REF001009,ORD009383,CUST01379,2026-08-21,2369.26,Processed
REF001010,ORD009387,CUST01379,2026-07-17,16034.21,Declined
REF001011,ORD009389,CUST01379,2026-07-24,3152.53,Processed
REF001012,ORD009391,CUST01379,2026-07-06,32418.66,Processed
REF001013,ORD009393,CUST01379,2026-07-07,6967.82,Pending
REF001014,ORD009397,CUST01380,2026-06-19,1306.74,Processed
REF001015,ORD009399,CUST01380,2026-06-09,19694.82,Processed
REF001016,ORD009401,CUST01380,2026-06-29,1270.08,Processed
REF001017,ORD009402,CUST01380,2026-07-07,1704.25,Processed
REF001018,ORD009437,CUST01385,2026-07-19,1097.81,Processed
REF001019,ORD009441,CUST01385,2026-09-04,1921.08,Pending
REF001020,ORD009442,CUST01385,2026-08-02,979.95,Processed
REF001021,ORD009452,CUST01386,2026-06-27,27840.87,Pending
REF001022,ORD009465,CUST01388,2026-08-22,168.84,Processed
REF001023,ORD009489,CUST01391,2026-08-09,852.36,Processed
REF001024,ORD009494,CUST01392,2026-01-22,1229.78,Processed
REF001025,ORD009509,CUST01395,2026-09-11,1087.6,Processed
REF001026,ORD009512,CUST01395,2026-04-14,2738.94,Pending
REF001027,ORD009523,CUST01398,2026-04-23,1357.78,Processed
REF001028,ORD009541,CUST01402,2026-08-23,1428.63,Processed
REF001029,ORD009544,CUST01402,2026-08-17,21218.4,Processed
REF001030,ORD009549,CUST01402,2026-08-19,4182.65,Processed
REF001031,ORD009550,CUST01402,2026-08-17,698.75,Processed
REF001032,ORD009551,CUST01402,2026-08-13,5962.11,Processed
REF001033,ORD009554,CUST01402,2026-07-28,692.75,Processed
REF001034,ORD009557,CUST01402,2026-06-26,7565.14,Processed
REF001035,ORD009559,CUST01402,2026-05-13,16111.4,Processed
REF001036,ORD009560,CUST01402,2026-07-14,2557.32,Declined
REF001037,ORD009562,CUST01402,2026-05-14,15885.39,Processed
REF001038,ORD009571,CUST01404,2026-01-25,2761.44,Pending
REF001039,ORD009586,CUST01406,2026-09-06,3100.34,Pending
REF001040,ORD009592,CUST01407,2026-07-29,1458.42,Processed
REF001041,ORD009601,CUST01408,2026-08-14,568.55,Declined
REF001042,ORD009605,CUST01408,2026-08-01,635.85,Processed
REF001043,ORD009610,CUST01409,2026-09-03,10227.18,Processed
REF001044,ORD009612,CUST01409,2026-02-24,1441.38,Processed
REF001045,ORD009623,CUST01410,2026-06-28,823.01,Processed
REF001046,ORD009628,CUST01410,2026-06-30,1920.32,Processed
REF001047,ORD009641,CUST01412,2026-09-13,1689.19,Processed
REF001048,ORD009660,CUST01415,2026-04-20,582.76,Pending
REF001049,ORD009668,CUST01416,2026-09-08,1586.44,Processed
REF001050,ORD009677,CUST01418,2026-02-23,274.99,Processed
REF001051,ORD009694,CUST01421,2026-09-01,2468.8,Processed
REF001052,ORD009695,CUST01421,2026-05-25,1889.02,Processed
REF001053,ORD009719,CUST01425,2026-08-22,207.56,Processed
REF001054,ORD009720,CUST01425,2026-08-28,4379.02,Processed
REF001055,ORD009721,CUST01425,2026-09-07,1141.6,Processed
REF001056,ORD009723,CUST01425,2026-08-10,19881.65,Processed
REF001057,ORD009732,CUST01425,2026-09-10,1026.01,Processed
REF001058,ORD009733,CUST01425,2026-09-04,771.57,Pending
REF001059,ORD009737,CUST01425,2026-09-19,2407.08,Pending
REF001060,ORD009769,CUST01432,2026-03-19,1229.01,Processed
REF001061,ORD009771,CUST01433,2026-06-20,3100.02,Processed
REF001062,ORD009782,CUST01435,2026-03-03,29398.82,Processed
REF001063,ORD009793,CUST01437,2026-07-16,12763.78,Processed
REF001064,ORD009800,CUST01439,2026-07-23,1877.43,Processed
REF001065,ORD009812,CUST01441,2026-05-09,28819.11,Processed
REF001066,ORD009815,CUST01441,2026-04-20,10089.83,Processed
REF001067,ORD009817,CUST01441,2026-05-02,5323.21,Processed
REF001068,ORD009831,CUST01443,2026-07-19,1897.47,Pending
REF001069,ORD009837,CUST01444,2026-09-08,2517.52,Pending
REF001070,ORD009838,CUST01444,2026-09-10,1391.76,Pending
REF001071,ORD009840,CUST01444,2026-08-20,2081.65,Processed
REF001072,ORD009841,CUST01444,2026-09-08,1105.26,Processed
REF001073,ORD009842,CUST01444,2026-06-25,3899.12,Processed
REF001074,ORD009849,CUST01444,2026-07-30,277.36,Processed
REF001075,ORD009863,CUST01447,2026-08-20,2900.69,Processed
REF001076,ORD009889,CUST01451,2026-04-18,3406.82,Processed
REF001077,ORD009903,CUST01454,2026-08-07,1284.6,Pending
REF001078,ORD009906,CUST01455,2026-06-25,1208.84,Processed
REF001079,ORD009907,CUST01455,2026-06-20,19293.57,Pending
REF001080,ORD009911,CUST01455,2026-08-12,1839.28,Processed
REF001081,ORD009915,CUST01455,2026-09-03,18498.65,Processed
REF001082,ORD009937,CUST01459,2026-07-18,19124.77,Processed
REF001083,ORD009939,CUST01459,2026-07-15,5398.83,Pending
REF001084,ORD009949,CUST01459,2026-06-17,14736.45,Processed
REF001085,ORD009951,CUST01459,2026-08-26,757.88,Pending
REF001086,ORD009959,CUST01460,2026-07-29,1964.52,Processed
REF001087,ORD009990,CUST01466,2026-08-10,18115.61,Processed
REF001088,ORD010005,CUST01468,2026-05-20,5394.59,Processed
REF001089,ORD010006,CUST01468,2026-05-19,1241.2,Processed
REF001090,ORD010008,CUST01468,2026-06-10,4508.77,Processed
REF001091,ORD010028,CUST01471,2026-08-22,1565.55,Processed
REF001092,ORD010029,CUST01472,2026-08-02,40293.32,Processed
REF001093,ORD010030,CUST01472,2026-07-29,549.86,Processed
REF001094,ORD010032,CUST01472,2026-09-14,6630.65,Pending
REF001095,ORD010037,CUST01472,2026-07-24,2293.48,Declined
REF001096,ORD010044,CUST01473,2026-07-26,3678.65,Declined
REF001097,ORD010045,CUST01473,2026-09-14,26816.26,Pending
REF001098,ORD010060,CUST01476,2026-03-26,1268.33,Processed
REF001099,ORD010074,CUST01479,2026-03-20,19304.09,Processed
REF001100,ORD010077,CUST01479,2026-04-05,546.01,Processed
REF001101,ORD010078,CUST01479,2026-05-02,3745.19,Processed
REF001102,ORD010079,CUST01479,2026-05-30,16852.12,Processed
REF001103,ORD010082,CUST01480,2026-07-22,707.59,Processed
REF001104,ORD010089,CUST01480,2026-08-26,4344.58,Processed
REF001105,ORD010090,CUST01480,2026-09-04,25996.72,Processed
REF001106,ORD010091,CUST01480,2026-07-11,17089.55,Processed
REF001107,ORD010093,CUST01481,2026-09-04,3256.22,Pending
REF001108,ORD010094,CUST01481,2026-06-10,2362.14,Processed
REF001109,ORD010097,CUST01481,2026-07-24,3866.65,Processed
REF001110,ORD010101,CUST01481,2026-08-07,3426.98,Processed
REF001111,ORD010103,CUST01481,2026-06-16,2801.47,Pending
REF001112,ORD010105,CUST01481,2026-07-14,1877.81,Processed
REF001113,ORD010109,CUST01481,2026-06-06,3752.51,Pending
REF001114,ORD010117,CUST01482,2026-05-08,24975.64,Processed
REF001115,ORD010120,CUST01482,2026-08-26,2267.04,Processed
REF001116,ORD010122,CUST01482,2026-07-08,11587.47,Processed
REF001117,ORD010123,CUST01482,2026-07-30,23581.44,Pending
REF001118,ORD010125,CUST01482,2026-08-02,8951.39,Processed
REF001119,ORD010126,CUST01482,2026-08-16,6545.05,Processed
REF001120,ORD010129,CUST01482,2026-01-25,1879.17,Processed
REF001121,ORD010132,CUST01482,2026-05-06,2947.44,Processed
REF001122,ORD010134,CUST01482,2026-06-19,4092.81,Processed
REF001123,ORD010135,CUST01482,2026-04-20,2746.07,Processed
REF001124,ORD010147,CUST01484,2026-08-25,2177.01,Pending
REF001125,ORD010151,CUST01484,2026-09-07,1133.0,Processed
REF001126,ORD010155,CUST01484,2026-09-15,15397.98,Processed
REF001127,ORD010207,CUST01492,2026-05-29,724.82,Processed
REF001128,ORD010209,CUST01492,2026-03-23,2145.87,Processed
REF001129,ORD010220,CUST01494,2026-09-10,798.84,Processed
REF001130,ORD010240,CUST01497,2026-05-25,2693.11,Processed
REF001131,ORD010269,CUST01503,2026-05-06,4156.57,Processed
REF001132,ORD010274,CUST01503,2026-05-08,3565.17,Processed
REF001133,ORD010276,CUST01503,2026-05-07,1001.77,Processed
REF001134,ORD010277,CUST01503,2026-05-21,541.27,Processed
REF001135,ORD010281,CUST01503,2026-07-07,10717.48,Declined
REF001136,ORD010288,CUST01505,2026-04-28,1165.35,Processed
REF001137,ORD010298,CUST01506,2026-08-05,1698.66,Pending
REF001138,ORD010300,CUST01506,2026-07-18,10791.52,Processed
REF001139,ORD010309,CUST01508,2026-06-10,506.95,Processed
REF001140,ORD010321,CUST01509,2026-09-14,1664.64,Pending
REF001141,ORD010327,CUST01510,2026-08-10,973.34,Processed
REF001142,ORD010353,CUST01514,2026-03-24,3196.9,Pending
REF001143,ORD010363,CUST01516,2026-08-05,1161.86,Pending
REF001144,ORD010370,CUST01517,2026-06-14,1290.67,Pending
REF001145,ORD010379,CUST01518,2026-05-20,9701.92,Processed
REF001146,ORD010386,CUST01519,2026-07-04,940.95,Pending
REF001147,ORD010396,CUST01521,2026-07-28,6002.56,Processed
REF001148,ORD010412,CUST01524,2026-07-09,5601.45,Processed
REF001149,ORD010413,CUST01524,2026-06-25,2763.82,Processed
REF001150,ORD010415,CUST01524,2026-06-25,2271.04,Processed
REF001151,ORD010416,CUST01524,2026-06-14,15697.79,Processed
REF001152,ORD010418,CUST01524,2026-06-23,518.25,Processed
REF001153,ORD010421,CUST01524,2026-06-14,4544.95,Declined
REF001154,ORD010423,CUST01524,2026-06-22,2285.76,Processed
REF001155,ORD010424,CUST01524,2026-08-29,996.89,Processed
REF001156,ORD010430,CUST01524,2026-04-20,34963.21,Processed
REF001157,ORD010438,CUST01526,2026-01-27,26759.63,Processed
REF001158,ORD010439,CUST01526,2026-09-06,55000.0,Pending
REF001159,ORD010444,CUST01527,2026-04-15,2039.67,Processed
REF001160,ORD010451,CUST01527,2026-05-30,502.35,Pending
REF001161,ORD010453,CUST01527,2026-08-31,2581.84,Processed
REF001162,ORD010460,CUST01528,2026-08-25,451.87,Declined
REF001163,ORD010465,CUST01529,2026-07-18,1124.87,Processed
REF001164,ORD010471,CUST01530,2026-08-17,2826.91,Processed
REF001165,ORD010477,CUST01531,2026-05-26,550.15,Processed
REF001166,ORD010480,CUST01531,2026-02-16,3219.08,Processed
REF001167,ORD010519,CUST01541,2026-05-17,9450.55,Processed
REF001168,ORD010529,CUST01543,2026-05-20,3488.62,Processed
REF001169,ORD010560,CUST01550,2026-08-15,262.06,Processed
REF001170,ORD010566,CUST01551,2026-09-14,2376.8,Pending
REF001171,ORD010580,CUST01553,2026-07-28,2024.77,Processed
REF001172,ORD010587,CUST01554,2026-03-13,410.63,Processed
REF001173,ORD010589,CUST01555,2026-09-10,9510.4,Pending
REF001174,ORD010590,CUST01555,2026-08-28,979.24,Processed
REF001175,ORD010595,CUST01555,2026-08-31,10400.05,Processed
REF001176,ORD010596,CUST01555,2026-09-02,4881.95,Pending
REF001177,ORD010597,CUST01555,2026-09-05,7501.98,Processed
REF001178,ORD010599,CUST01555,2026-08-02,8301.87,Processed
REF001179,ORD010606,CUST01556,2026-06-24,972.45,Processed
REF001180,ORD010634,CUST01561,2026-05-08,105.05,Processed
REF001181,ORD010638,CUST01561,2026-04-06,8000.0,Declined
REF001182,ORD010651,CUST01563,2026-05-03,725.6,Processed
REF001183,ORD010680,CUST01568,2026-06-15,199.27,Processed
REF001184,ORD010684,CUST01569,2026-08-14,18502.96,Processed
REF001185,ORD010686,CUST01569,2026-07-28,9818.67,Processed
REF001186,ORD010690,CUST01569,2026-06-20,8636.78,Processed
REF001187,ORD010706,CUST01572,2026-08-19,486.21,Pending
REF001188,ORD010740,CUST01577,2026-08-19,875.8,Processed
REF001189,ORD010743,CUST01577,2026-08-21,1495.06,Processed
REF001190,ORD010747,CUST01577,2026-08-01,736.96,Pending
REF001191,ORD010750,CUST01577,2026-08-25,1502.34,Processed
REF001192,ORD010770,CUST01580,2026-07-22,11021.07,Processed
REF001193,ORD010782,CUST01582,2026-07-31,1694.6,Processed
REF001194,ORD010790,CUST01582,2026-09-19,838.79,Pending
REF001195,ORD010805,CUST01584,2026-07-17,8536.15,Processed
REF001196,ORD010809,CUST01584,2026-08-09,1644.53,Declined
REF001197,ORD010835,CUST01588,2026-07-30,28874.89,Processed
REF001198,ORD010838,CUST01588,2026-09-08,32314.71,Processed
REF001199,ORD010880,CUST01593,2026-08-25,14113.86,Processed
REF001200,ORD010881,CUST01594,2026-06-21,27811.27,Pending
REF001201,ORD010887,CUST01595,2026-06-21,14659.43,Processed
REF001202,ORD010892,CUST01595,2026-08-14,4079.44,Processed
REF001203,ORD010895,CUST01595,2026-06-02,1592.69,Processed
REF001204,ORD010899,CUST01595,2026-08-15,663.21,Processed
REF001205,ORD010901,CUST01595,2026-09-06,4507.9,Processed
REF001206,ORD010905,CUST01596,2026-04-05,1379.52,Processed
REF001207,ORD010910,CUST01596,2026-05-10,4773.07,Processed
REF001208,ORD010914,CUST01596,2026-02-21,13779.62,Processed
REF001209,ORD010934,CUST01600,2026-06-27,616.64,Processed
REF001210,ORD010940,CUST01601,2026-04-10,25908.28,Processed
REF001211,ORD010945,CUST01601,2026-04-15,367.51,Declined
REF001212,ORD010946,CUST01601,2026-04-08,6215.15,Pending
REF001213,ORD010954,CUST01601,2026-06-30,3166.6,Processed
REF001214,ORD010963,CUST01603,2026-08-27,2218.62,Pending
REF001215,ORD010982,CUST01605,2026-08-25,2783.01,Processed
REF001216,ORD010985,CUST01605,2026-08-30,4150.27,Processed
REF001217,ORD010991,CUST01605,2026-08-25,9493.21,Pending
REF001218,ORD010992,CUST01605,2026-09-01,858.14,Processed
REF001219,ORD010993,CUST01605,2026-09-10,24496.31,Processed
REF001220,ORD011003,CUST01607,2026-04-04,739.47,Processed
REF001221,ORD011091,CUST01623,2026-08-21,2549.51,Processed
REF001222,ORD011092,CUST01624,2026-01-18,976.84,Processed
REF001223,ORD011093,CUST01624,2026-05-08,1072.86,Processed
REF001224,ORD011095,CUST01624,2026-09-07,1218.37,Processed
REF001225,ORD011116,CUST01628,2026-06-18,9561.23,Processed
REF001226,ORD011159,CUST01634,2026-08-07,468.54,Processed
REF001227,ORD011169,CUST01635,2026-05-13,22628.51,Processed
REF001228,ORD011209,CUST01642,2026-02-17,2038.53,Processed
REF001229,ORD011229,CUST01645,2026-08-23,1141.66,Processed
REF001230,ORD011253,CUST01649,2026-07-19,22568.62,Pending
REF001231,ORD011279,CUST01655,2026-07-04,1179.09,Processed
REF001232,ORD011286,CUST01656,2026-08-03,2104.64,Processed
REF001233,ORD011304,CUST01660,2026-07-19,11935.38,Processed
REF001234,ORD011305,CUST01660,2026-09-09,664.44,Pending
REF001235,ORD011308,CUST01660,2026-08-13,14248.2,Declined
REF001236,ORD011310,CUST01660,2026-08-16,16238.07,Declined
REF001237,ORD011312,CUST01660,2026-08-21,2609.43,Processed
REF001238,ORD011326,CUST01661,2026-09-11,532.06,Processed
REF001239,ORD011328,CUST01662,2026-05-02,20203.09,Processed
REF001240,ORD011331,CUST01662,2026-03-12,1018.54,Processed
REF001241,ORD011342,CUST01664,2026-06-30,834.44,Processed
REF001242,ORD011367,CUST01669,2026-05-21,12231.53,Processed
REF001243,ORD011372,CUST01669,2026-06-15,11430.21,Processed
REF001244,ORD011379,CUST01669,2026-03-13,1601.43,Declined
REF001245,ORD011397,CUST01672,2026-03-19,1240.51,Processed
REF001246,ORD011401,CUST01673,2026-05-19,1985.16,Processed
REF001247,ORD011402,CUST01673,2026-08-11,2416.37,Pending
REF001248,ORD011408,CUST01674,2026-04-21,12352.9,Processed
REF001249,ORD011409,CUST01674,2026-03-09,3255.91,Processed
REF001250,ORD011410,CUST01674,2026-06-12,8788.87,Processed
REF001251,ORD011419,CUST01674,2026-04-09,2277.78,Declined
REF001252,ORD011420,CUST01674,2026-08-29,696.09,Processed
REF001253,ORD011432,CUST01677,2026-02-11,1455.49,Processed
REF001254,ORD011453,CUST01681,2026-05-04,1227.53,Processed
REF001255,ORD011463,CUST01683,2026-09-07,4391.61,Pending
REF001256,ORD011495,CUST01689,2026-07-26,24124.14,Processed
REF001257,ORD011515,CUST01693,2026-04-24,1679.07,Processed
REF001258,ORD011520,CUST01695,2026-07-16,2436.4,Processed
REF001259,ORD011524,CUST01695,2026-07-16,3230.96,Pending
REF001260,ORD011532,CUST01696,2026-09-04,1102.32,Processed
REF001261,ORD011535,CUST01696,2026-08-03,620.96,Declined
REF001262,ORD011617,CUST01710,2026-08-19,6547.2,Processed
REF001263,ORD011620,CUST01710,2026-09-04,10494.35,Processed
REF001264,ORD011623,CUST01710,2026-08-29,1961.45,Processed
REF001265,ORD011625,CUST01710,2026-08-11,19213.7,Processed
REF001266,ORD011629,CUST01710,2026-07-22,16045.58,Processed
REF001267,ORD011632,CUST01711,2026-08-03,3813.31,Processed
REF001268,ORD011659,CUST01716,2026-03-23,1469.93,Pending
REF001269,ORD011665,CUST01717,2026-02-28,1811.62,Processed
REF001270,ORD011675,CUST01718,2026-08-02,2685.16,Processed
REF001271,ORD011685,CUST01718,2026-07-30,10742.79,Processed
REF001272,ORD011689,CUST01718,2026-08-18,1190.91,Processed
REF001273,ORD011691,CUST01718,2026-08-09,1063.35,Processed
REF001274,ORD011692,CUST01718,2026-07-09,2845.78,Pending
REF001275,ORD011700,CUST01720,2026-07-14,35311.55,Processed
REF001276,ORD011705,CUST01720,2026-07-20,311.04,Processed
REF001277,ORD011706,CUST01720,2026-06-17,1111.68,Processed
REF001278,ORD011719,CUST01721,2026-06-18,2612.05,Processed
REF001279,ORD011727,CUST01722,2026-08-14,3601.75,Processed
REF001280,ORD011728,CUST01722,2026-08-30,394.4,Processed
REF001281,ORD011755,CUST01728,2026-06-25,2084.99,Processed
REF001282,ORD011760,CUST01728,2026-06-10,21911.01,Processed
REF001283,ORD011763,CUST01728,2026-05-31,1508.78,Declined
REF001284,ORD011782,CUST01730,2026-07-18,6850.32,Processed
REF001285,ORD011805,CUST01734,2026-08-22,581.47,Processed
REF001286,ORD011810,CUST01734,2026-04-16,1068.02,Processed
REF001287,ORD011811,CUST01734,2026-04-04,5018.89,Processed
REF001288,ORD011825,CUST01736,2026-04-29,3178.58,Pending
REF001289,ORD011830,CUST01737,2026-04-06,17856.28,Processed
REF001290,ORD011865,CUST01742,2026-04-20,25862.82,Processed
REF001291,ORD011912,CUST01751,2026-05-30,4136.76,Processed
REF001292,ORD011918,CUST01751,2026-09-04,2579.61,Pending
REF001293,ORD011919,CUST01751,2026-08-24,1372.95,Pending
REF001294,ORD011924,CUST01751,2026-06-14,1447.3,Pending
REF001295,ORD011927,CUST01752,2026-07-30,952.55,Processed
REF001296,ORD011928,CUST01752,2026-07-15,24458.71,Pending
REF001297,ORD011930,CUST01752,2026-08-02,10340.14,Processed
REF001298,ORD011931,CUST01752,2026-07-22,2151.13,Processed
REF001299,ORD011937,CUST01752,2026-07-13,920.84,Declined
REF001300,ORD011938,CUST01752,2026-08-28,10648.41,Processed
REF001301,ORD011947,CUST01754,2026-07-25,8253.18,Processed
REF001302,ORD011966,CUST01758,2026-03-08,3717.23,Processed
REF001303,ORD011982,CUST01762,2026-09-03,1338.27,Processed
REF001304,ORD011984,CUST01762,2026-08-14,23064.05,Processed
REF001305,ORD011991,CUST01762,2026-07-13,798.37,Pending
REF001306,ORD012008,CUST01765,2026-08-28,1320.87,Processed
REF001307,ORD012009,CUST01765,2026-08-27,2647.6,Processed
REF001308,ORD012011,CUST01765,2026-08-16,1495.94,Processed
REF001309,ORD012015,CUST01765,2026-09-08,1432.01,Processed
REF001310,ORD012017,CUST01765,2026-08-25,4821.68,Processed
REF001311,ORD012020,CUST01765,2026-09-10,370.78,Processed
REF001312,ORD012021,CUST01765,2026-09-06,1971.68,Pending
REF001313,ORD012022,CUST01765,2026-08-23,1107.18,Processed
REF001314,ORD012028,CUST01766,2026-08-22,1292.74,Processed
REF001315,ORD012033,CUST01766,2026-06-19,12374.05,Declined
REF001316,ORD012058,CUST01769,2026-08-05,1674.42,Pending
REF001317,ORD012059,CUST01769,2026-07-23,9961.73,Pending
REF001318,ORD012060,CUST01769,2026-06-11,2167.84,Processed
REF001319,ORD012065,CUST01770,2026-09-06,3198.47,Processed
REF001320,ORD012077,CUST01772,2026-04-27,1651.83,Declined
REF001321,ORD012080,CUST01772,2026-09-20,2868.9,Pending
REF001322,ORD012081,CUST01772,2026-07-03,6547.99,Processed
REF001323,ORD012092,CUST01773,2026-03-17,1071.09,Processed
REF001324,ORD012105,CUST01776,2026-08-28,1060.86,Pending
REF001325,ORD012106,CUST01776,2026-09-05,10452.51,Pending
REF001326,ORD012115,CUST01776,2026-08-27,1021.32,Declined
REF001327,ORD012116,CUST01776,2026-08-24,3308.48,Processed
REF001328,ORD012117,CUST01776,2026-09-02,545.18,Pending
REF001329,ORD012124,CUST01778,2026-05-09,15157.61,Processed
REF001330,ORD012131,CUST01780,2026-02-18,4167.29,Processed
REF001331,ORD012159,CUST01784,2026-03-21,1155.85,Processed
REF001332,ORD012184,CUST01789,2026-07-28,2818.78,Processed
REF001333,ORD012196,CUST01791,2026-07-21,2142.58,Processed
REF001334,ORD012198,CUST01791,2026-07-18,4256.65,Processed
REF001335,ORD012205,CUST01791,2026-08-11,391.52,Processed
REF001336,ORD012221,CUST01794,2026-04-20,3303.55,Processed
REF001337,ORD012224,CUST01794,2026-08-04,12565.07,Pending
REF001338,ORD012226,CUST01795,2026-03-02,28470.44,Processed
REF001339,ORD012236,CUST01796,2026-05-26,1537.75,Pending
REF001340,ORD012248,CUST01798,2026-06-08,992.14,Declined
REF001341,ORD012264,CUST01801,2026-02-21,291.83,Declined
REF001342,ORD012285,CUST01804,2026-09-17,30723.87,Pending
REF001343,ORD012286,CUST01804,2026-09-15,4550.49,Processed
REF001344,ORD012300,CUST01807,2026-09-08,23535.19,Processed
REF001345,ORD012322,CUST01811,2026-07-24,1764.01,Processed
REF001346,ORD012324,CUST01811,2026-08-25,756.26,Processed
REF001347,ORD012327,CUST01811,2026-07-31,14233.87,Processed
REF001348,ORD012331,CUST01811,2026-05-08,3062.28,Processed
REF001349,ORD012356,CUST01814,2026-08-02,831.34,Pending
REF001350,ORD012357,CUST01814,2026-08-13,5017.8,Processed
REF001351,ORD012366,CUST01815,2026-07-11,3319.76,Processed
REF001352,ORD012372,CUST01817,2026-08-16,2161.6,Declined
REF001353,ORD012378,CUST01817,2026-08-06,1171.04,Processed
REF001354,ORD012385,CUST01818,2026-08-16,1176.71,Processed
REF001355,ORD012388,CUST01819,2026-04-23,1121.66,Processed
REF001356,ORD012422,CUST01823,2026-03-04,3594.44,Declined
REF001357,ORD012432,CUST01825,2026-08-27,662.84,Processed
REF001358,ORD012437,CUST01825,2026-09-05,4944.02,Processed
REF001359,ORD012438,CUST01825,2026-05-06,2723.94,Processed
REF001360,ORD012452,CUST01828,2026-05-11,7220.38,Processed
REF001361,ORD012454,CUST01828,2026-08-26,2330.96,Processed
REF001362,ORD012483,CUST01831,2026-05-17,1083.1,Processed
REF001363,ORD012492,CUST01833,2026-09-03,5124.59,Processed
REF001364,ORD012497,CUST01833,2026-04-01,422.6,Processed
REF001365,ORD012560,CUST01844,2026-08-27,1550.85,Pending
REF001366,ORD012570,CUST01844,2026-09-10,15985.94,Processed
REF001367,ORD012585,CUST01847,2026-08-29,785.05,Processed
REF001368,ORD012588,CUST01847,2026-08-24,1439.39,Pending
REF001369,ORD012589,CUST01847,2026-08-30,3041.11,Processed
REF001370,ORD012599,CUST01848,2026-07-14,31447.71,Processed
REF001371,ORD012600,CUST01848,2026-07-14,23172.12,Processed
REF001372,ORD012601,CUST01848,2026-06-30,3906.36,Processed
REF001373,ORD012603,CUST01848,2026-08-15,4537.68,Processed
REF001374,ORD012605,CUST01848,2026-08-08,3644.62,Processed
REF001375,ORD012612,CUST01849,2026-09-21,4516.68,Processed
REF001376,ORD012613,CUST01849,2026-06-18,962.97,Processed
REF001377,ORD012615,CUST01849,2026-06-06,2465.03,Processed
REF001378,ORD012626,CUST01851,2026-09-04,1872.33,Processed
REF001379,ORD012628,CUST01851,2026-08-29,16980.68,Processed
REF001380,ORD012637,CUST01851,2026-09-08,2134.4,Processed
REF001381,ORD012646,CUST01852,2026-08-31,1587.54,Processed
REF001382,ORD012659,CUST01854,2026-07-27,4108.08,Processed
REF001383,ORD012661,CUST01854,2026-07-16,1054.39,Processed
REF001384,ORD012663,CUST01854,2026-08-27,25801.23,Processed
REF001385,ORD012676,CUST01857,2026-08-08,31330.28,Pending
REF001386,ORD012678,CUST01858,2026-06-18,2112.04,Processed
REF001387,ORD012685,CUST01858,2026-08-16,1938.38,Processed
REF001388,ORD012691,CUST01858,2026-06-07,3530.31,Pending
REF001389,ORD012703,CUST01861,2026-03-02,2505.89,Declined
REF001390,ORD012708,CUST01862,2026-02-23,3850.24,Processed
REF001391,ORD012752,CUST01869,2026-06-14,743.97,Processed
REF001392,ORD012757,CUST01869,2026-06-20,2074.25,Processed
REF001393,ORD012758,CUST01869,2026-07-09,1406.28,Processed
REF001394,ORD012761,CUST01869,2026-08-19,2877.07,Pending
REF001395,ORD012795,CUST01876,2026-05-01,13335.91,Processed
REF001396,ORD012800,CUST01876,2026-08-22,1001.17,Processed
REF001397,ORD012809,CUST01878,2026-07-23,21811.97,Processed
REF001398,ORD012821,CUST01879,2026-06-07,1906.22,Processed
REF001399,ORD012825,CUST01880,2026-07-21,2601.96,Processed
REF001400,ORD012833,CUST01881,2026-09-05,2007.19,Pending
REF001401,ORD012835,CUST01881,2026-08-12,25011.47,Processed
REF001402,ORD012836,CUST01881,2026-08-28,2729.46,Processed
REF001403,ORD012839,CUST01881,2026-08-17,806.68,Processed
REF001404,ORD012840,CUST01881,2026-08-26,1391.61,Processed
REF001405,ORD012841,CUST01881,2026-08-29,6132.86,Processed
REF001406,ORD012868,CUST01884,2026-09-01,44150.03,Pending
REF001407,ORD012874,CUST01884,2026-06-06,916.34,Processed
REF001408,ORD012875,CUST01885,2026-08-06,4161.78,Processed
REF001409,ORD012878,CUST01885,2026-08-22,23103.74,Pending
REF001410,ORD012882,CUST01885,2026-09-07,1654.79,Processed
REF001411,ORD012884,CUST01885,2026-07-31,2477.74,Processed
REF001412,ORD012895,CUST01887,2026-04-05,31669.0,Processed
REF001413,ORD012899,CUST01888,2026-08-23,947.89,Processed
REF001414,ORD012903,CUST01888,2026-08-25,3538.52,Processed
REF001415,ORD012904,CUST01888,2026-08-23,1354.8,Processed
REF001416,ORD012905,CUST01888,2026-08-15,20208.7,Processed
REF001417,ORD012906,CUST01888,2026-08-24,482.41,Declined
REF001418,ORD012907,CUST01888,2026-09-07,12632.51,Pending
REF001419,ORD012911,CUST01888,2026-07-05,338.11,Processed
REF001420,ORD012913,CUST01888,2026-06-21,1578.93,Processed
REF001421,ORD012928,CUST01891,2026-03-27,1263.57,Processed
REF001422,ORD012938,CUST01893,2026-08-09,10296.2,Processed
REF001423,ORD012949,CUST01894,2026-09-30,13966.46,Pending
REF001424,ORD012980,CUST01900,2026-08-11,1562.57,Processed
REF001425,ORD012986,CUST01901,2026-09-17,1735.65,Processed
REF001426,ORD012995,CUST01902,2026-04-23,1783.73,Pending
REF001427,ORD013002,CUST01903,2026-08-11,9838.0,Processed
REF001428,ORD013005,CUST01904,2026-02-10,2894.15,Processed
REF001429,ORD013010,CUST01904,2026-01-22,1209.2,Declined
REF001430,ORD013011,CUST01904,2026-02-06,4997.8,Processed
REF001431,ORD013015,CUST01904,2026-01-22,1490.2,Processed
REF001432,ORD013022,CUST01905,2026-07-22,777.14,Processed
REF001433,ORD013030,CUST01906,2026-08-26,4141.95,Processed
REF001434,ORD013039,CUST01906,2026-08-01,5049.53,Processed
REF001435,ORD013040,CUST01906,2026-07-25,12000.0,Processed
REF001436,ORD013047,CUST01908,2026-06-28,835.58,Processed
REF001437,ORD013052,CUST01909,2026-02-25,40458.09,Processed
REF001438,ORD013053,CUST01909,2026-02-14,18586.03,Processed
REF001439,ORD013054,CUST01909,2026-02-16,490.5,Processed
REF001440,ORD013057,CUST01909,2026-02-11,3678.6,Declined
REF001441,ORD013059,CUST01909,2026-02-21,11284.06,Processed
REF001442,ORD013069,CUST01910,2026-08-29,1876.93,Pending
REF001443,ORD013071,CUST01910,2026-06-10,20934.21,Pending
REF001444,ORD013075,CUST01910,2026-08-17,28130.67,Processed
REF001445,ORD013084,CUST01910,2026-09-08,607.27,Processed
REF001446,ORD013089,CUST01910,2026-06-26,1028.85,Processed
REF001447,ORD013091,CUST01910,2026-08-26,4250.77,Processed
REF001448,ORD013096,CUST01911,2026-04-13,2769.82,Processed
REF001449,ORD013147,CUST01921,2026-05-17,1068.46,Processed
REF001450,ORD013165,CUST01924,2026-08-10,1679.16,Processed
REF001451,ORD013170,CUST01924,2026-07-04,2016.1,Processed
REF001452,ORD013186,CUST01928,2026-05-10,2470.93,Processed
REF001453,ORD013199,CUST01929,2026-09-16,1132.65,Processed
REF001454,ORD013205,CUST01929,2026-09-07,10577.28,Processed
REF001455,ORD013210,CUST01930,2026-05-27,3822.1,Processed
REF001456,ORD013212,CUST01930,2026-06-28,2582.16,Processed
REF001457,ORD013213,CUST01930,2026-08-29,18761.43,Processed
REF001458,ORD013216,CUST01930,2026-08-12,419.55,Processed
REF001459,ORD013219,CUST01930,2026-07-13,167.51,Processed
REF001460,ORD013220,CUST01930,2026-08-18,2681.36,Processed
REF001461,ORD013224,CUST01930,2026-08-12,4054.23,Processed
REF001462,ORD013225,CUST01930,2026-06-23,3065.58,Processed
REF001463,ORD013246,CUST01934,2026-07-15,468.15,Processed
REF001464,ORD013250,CUST01934,2026-07-05,1368.99,Processed
REF001465,ORD013253,CUST01934,2026-08-15,1564.77,Pending
REF001466,ORD013255,CUST01934,2026-08-23,7568.52,Processed
REF001467,ORD013270,CUST01937,2026-03-12,1163.84,Processed
REF001468,ORD013296,CUST01941,2026-08-04,3118.22,Processed
REF001469,ORD013363,CUST01952,2026-06-29,1751.84,Declined
REF001470,ORD013374,CUST01954,2026-08-25,6257.14,Processed
REF001471,ORD013378,CUST01955,2026-08-26,600.0,Processed
REF001472,ORD013381,CUST01955,2026-09-02,2460.47,Processed
REF001473,ORD013408,CUST01959,2026-08-05,1540.8,Pending
REF001474,ORD013411,CUST01959,2026-07-07,438.96,Processed
REF001475,ORD013417,CUST01960,2026-09-02,2471.14,Pending
REF001476,ORD013418,CUST01960,2026-08-26,1757.58,Pending
REF001477,ORD013421,CUST01960,2026-08-22,15081.36,Processed
REF001478,ORD013422,CUST01960,2026-09-07,4979.96,Processed
REF001479,ORD013423,CUST01960,2026-08-27,2001.98,Pending
REF001480,ORD013434,CUST01961,2026-08-10,30398.15,Processed
REF001481,ORD013455,CUST01964,2026-08-26,33875.06,Processed
REF001482,ORD013457,CUST01964,2026-08-11,2352.77,Processed
REF001483,ORD013460,CUST01964,2026-09-04,29942.43,Processed
REF001484,ORD013472,CUST01966,2026-08-09,5318.38,Processed
REF001485,ORD013475,CUST01966,2026-07-09,17624.53,Processed
REF001486,ORD013485,CUST01968,2026-05-11,1181.22,Processed
REF001487,ORD013503,CUST01971,2026-01-17,3944.24,Pending
REF001488,ORD013509,CUST01972,2026-02-14,2460.03,Declined
REF001489,ORD013510,CUST01972,2026-01-05,5733.08,Processed
REF001490,ORD013512,CUST01972,2026-04-28,1521.2,Pending
REF001491,ORD013514,CUST01972,2026-01-27,2305.99,Pending
REF001492,ORD013521,CUST01972,2026-06-29,25193.81,Processed
REF001493,ORD013523,CUST01972,2026-07-02,1304.16,Processed
REF001494,ORD013526,CUST01972,2026-05-03,1826.91,Processed
REF001495,ORD013535,CUST01974,2026-05-25,1025.2,Processed
REF001496,ORD013537,CUST01974,2026-09-11,1446.45,Processed
REF001497,ORD013540,CUST01974,2026-08-16,1980.07,Declined
REF001498,ORD013561,CUST01979,2026-06-05,21586.49,Processed
REF001499,ORD013562,CUST01979,2026-06-04,3003.96,Processed
REF001500,ORD013574,CUST01979,2026-05-20,8722.09,Processed
REF001501,ORD013577,CUST01979,2026-02-24,1503.67,Processed
REF001502,ORD013578,CUST01979,2026-08-02,4713.62,Processed
REF001503,ORD013579,CUST01979,2026-05-13,16564.4,Processed
REF001504,ORD013580,CUST01979,2026-09-03,6574.61,Pending
REF001505,ORD013620,CUST01984,2026-08-27,2654.17,Declined
REF001506,ORD013624,CUST01984,2026-08-24,1077.45,Processed
REF001507,ORD013626,CUST01984,2026-08-19,1937.29,Processed
REF001508,ORD013667,CUST01990,2026-06-18,781.53,Processed
REF001509,ORD013681,CUST01992,2026-02-23,14558.83,Pending
REF001510,ORD013707,CUST01997,2026-09-09,1779.0,Pending
REF001511,ORD013715,CUST01998,2026-03-31,2667.37,Processed
REF001512,ORD013734,CUST02001,2026-04-22,1698.07,Processed
REF001513,ORD013735,CUST02001,2026-02-28,1013.76,Processed
REF001514,ORD013744,CUST02001,2026-06-11,1512.93,Processed
REF001515,ORD013758,CUST02004,2026-06-05,1140.22,Processed
REF001516,ORD013762,CUST02004,2026-06-18,1584.38,Processed
REF001517,ORD013764,CUST02005,2026-04-28,4231.29,Processed
REF001518,ORD013791,CUST02010,2026-07-14,1986.0,Processed
REF001519,ORD013819,CUST02015,2026-08-12,3631.54,Processed
REF001520,ORD013820,CUST02015,2026-09-02,55000.0,Processed
REF001521,ORD013822,CUST02015,2026-08-11,3338.5,Processed
REF001522,ORD013826,CUST02015,2026-02-26,9636.74,Processed
REF001523,ORD013831,CUST02016,2026-08-19,1907.74,Processed
REF001524,ORD013850,CUST02019,2026-04-14,11332.12,Processed
REF001525,ORD013854,CUST02019,2026-05-06,1816.35,Processed
REF001526,ORD013855,CUST02019,2026-04-25,2142.01,Processed
REF001527,ORD013857,CUST02019,2026-04-13,3084.1,Pending
REF001528,ORD013861,CUST02019,2026-07-28,722.11,Processed
REF001529,ORD013866,CUST02019,2026-05-06,6148.93,Processed
REF001530,ORD013867,CUST02019,2026-07-05,17619.48,Processed
REF001531,ORD013883,CUST02021,2026-07-02,10232.02,Processed
REF001532,ORD013884,CUST02021,2026-06-18,2405.3,Processed
REF001533,ORD013885,CUST02021,2026-07-06,19958.23,Processed
REF001534,ORD013889,CUST02021,2026-06-18,10278.97,Processed
REF001535,ORD013898,CUST02021,2026-08-25,560.78,Processed
REF001536,ORD013902,CUST02022,2026-08-11,21916.58,Pending
REF001537,ORD013928,CUST02024,2026-09-07,1314.52,Processed
REF001538,ORD013930,CUST02025,2026-05-22,410.12,Processed
REF001539,ORD013950,CUST02029,2026-07-07,1332.29,Processed
REF001540,ORD013952,CUST02029,2026-08-15,1679.06,Processed
REF001541,ORD013953,CUST02029,2026-08-10,47617.32,Processed
REF001542,ORD013955,CUST02029,2026-08-28,14341.38,Processed
REF001543,ORD013958,CUST02029,2026-07-03,1746.24,Processed
REF001544,ORD013961,CUST02029,2026-08-29,44147.38,Pending
REF001545,ORD013962,CUST02029,2026-06-27,9975.47,Processed
REF001546,ORD013965,CUST02029,2026-07-13,2490.15,Pending
REF001547,ORD013966,CUST02029,2026-06-27,37200.18,Processed
REF001548,ORD013969,CUST02029,2026-09-03,4285.18,Pending
REF001549,ORD013970,CUST02029,2026-08-26,816.02,Processed
REF001550,ORD013971,CUST02029,2026-06-28,13314.11,Processed
REF001551,ORD014001,CUST02033,2026-08-29,2024.46,Processed
REF001552,ORD014005,CUST02033,2026-08-22,2840.57,Processed
REF001553,ORD014012,CUST02033,2026-04-30,16539.9,Processed
REF001554,ORD014034,CUST02037,2026-07-30,2705.77,Processed
REF001555,ORD014038,CUST02037,2026-07-27,25076.26,Pending
REF001556,ORD014052,CUST02038,2026-08-25,800.14,Processed
REF001557,ORD014054,CUST02038,2026-08-30,2822.15,Processed
REF001558,ORD014069,CUST02041,2026-07-10,2515.06,Pending
REF001559,ORD014070,CUST02041,2026-07-10,3452.73,Processed
REF001560,ORD014073,CUST02041,2026-08-03,1774.16,Processed
REF001561,ORD014088,CUST02043,2026-06-07,1804.71,Processed
REF001562,ORD014091,CUST02043,2026-09-16,1453.13,Processed
REF001563,ORD014098,CUST02044,2026-04-13,579.68,Processed
REF001564,ORD014111,CUST02046,2026-08-31,2096.5,Processed
REF001565,ORD014112,CUST02046,2026-08-02,1235.09,Processed
REF001566,ORD014113,CUST02046,2026-08-19,5642.99,Processed
REF001567,ORD014114,CUST02046,2026-09-05,944.36,Pending
REF001568,ORD014115,CUST02046,2026-08-19,4247.48,Processed
REF001569,ORD014118,CUST02046,2026-07-06,32258.68,Processed
REF001570,ORD014119,CUST02046,2026-08-10,1071.53,Processed
REF001571,ORD014120,CUST02046,2026-09-14,1340.49,Processed
REF001572,ORD014123,CUST02046,2026-08-16,3443.65,Processed
REF001573,ORD014127,CUST02046,2026-09-13,18761.45,Processed
REF001574,ORD014136,CUST02047,2026-07-16,1146.4,Processed
REF001575,ORD014141,CUST02048,2026-02-16,1258.67,Processed
REF001576,ORD014173,CUST02053,2026-03-09,18206.2,Processed
REF001577,ORD014195,CUST02056,2026-06-03,1147.57,Processed
REF001578,ORD014199,CUST02057,2026-07-28,2255.47,Processed
REF001579,ORD014202,CUST02057,2026-08-24,2082.01,Processed
REF001580,ORD014204,CUST02057,2026-08-13,1095.85,Processed
REF001581,ORD014205,CUST02057,2026-07-28,743.63,Processed
REF001582,ORD014210,CUST02057,2026-09-02,2324.82,Pending
REF001583,ORD014225,CUST02058,2026-06-08,2782.09,Processed
REF001584,ORD014226,CUST02058,2026-08-19,32405.5,Processed
REF001585,ORD014227,CUST02058,2026-02-15,24452.24,Declined
REF001586,ORD014255,CUST02063,2026-07-02,3790.53,Processed
REF001587,ORD014256,CUST02063,2026-07-13,2425.47,Processed
REF001588,ORD014257,CUST02063,2026-06-30,866.35,Processed
REF001589,ORD014267,CUST02064,2026-08-23,3359.88,Processed
REF001590,ORD014300,CUST02070,2026-09-08,2466.67,Pending
REF001591,ORD014304,CUST02071,2026-01-17,1691.38,Processed
REF001592,ORD014312,CUST02071,2026-08-23,2749.66,Processed
REF001593,ORD014313,CUST02071,2026-07-19,1310.03,Processed
REF001594,ORD014318,CUST02071,2026-06-21,4137.87,Processed
REF001595,ORD014319,CUST02072,2026-06-17,1516.1,Processed
REF001596,ORD014324,CUST02072,2026-09-22,716.91,Processed
REF001597,ORD014326,CUST02072,2026-08-19,788.35,Processed
REF001598,ORD014359,CUST02077,2026-09-09,582.46,Pending
REF001599,ORD014361,CUST02077,2026-06-19,11121.38,Processed
REF001600,ORD014371,CUST02079,2026-07-05,1651.09,Processed
REF001601,ORD014375,CUST02079,2026-09-06,654.97,Processed
REF001602,ORD014420,CUST02086,2026-09-16,289.65,Processed
REF001603,ORD014444,CUST02092,2026-07-10,1354.27,Processed
REF001604,ORD014467,CUST02095,2026-03-03,216.62,Processed
REF001605,ORD014509,CUST02102,2026-08-04,3944.12,Processed
REF001606,ORD014510,CUST02102,2026-08-12,2037.82,Processed
REF001607,ORD014511,CUST02102,2026-08-09,3368.67,Processed
REF001608,ORD014512,CUST02102,2026-08-22,7391.53,Processed
REF001609,ORD014516,CUST02102,2026-08-11,16349.18,Pending
REF001610,ORD014518,CUST02102,2026-08-23,4474.58,Processed
REF001611,ORD014519,CUST02102,2026-07-21,396.47,Processed
REF001612,ORD014521,CUST02102,2026-07-17,1500.47,Processed
REF001613,ORD014523,CUST02102,2026-07-25,2366.88,Pending
REF001614,ORD014544,CUST02106,2026-07-20,305.04,Processed
REF001615,ORD014552,CUST02107,2026-02-03,423.98,Pending
REF001616,ORD014560,CUST02108,2026-08-15,1266.21,Processed
REF001617,ORD014562,CUST02108,2026-08-16,484.78,Pending
REF001618,ORD014568,CUST02108,2026-08-18,3087.6,Processed
REF001619,ORD014569,CUST02108,2026-08-21,753.34,Pending
REF001620,ORD014583,CUST02111,2026-05-29,903.33,Processed
REF001621,ORD014584,CUST02111,2026-06-11,3221.78,Processed
REF001622,ORD014587,CUST02111,2026-06-17,3239.97,Declined
REF001623,ORD014588,CUST02111,2026-06-08,750.92,Processed
REF001624,ORD014589,CUST02111,2026-05-31,4443.97,Processed
REF001625,ORD014594,CUST02111,2026-08-12,775.51,Processed
REF001626,ORD014596,CUST02111,2026-06-17,942.22,Processed
REF001627,ORD014598,CUST02111,2026-07-16,15247.48,Processed
REF001628,ORD014599,CUST02112,2026-09-17,1144.23,Processed
REF001629,ORD014612,CUST02115,2026-07-22,2788.16,Processed
REF001630,ORD014618,CUST02115,2026-08-18,3252.88,Processed
REF001631,ORD014621,CUST02115,2026-07-22,4173.54,Processed
REF001632,ORD014622,CUST02115,2026-08-19,1598.21,Processed
REF001633,ORD014624,CUST02115,2026-06-18,1592.84,Processed
REF001634,ORD014625,CUST02115,2026-07-18,2508.56,Pending
REF001635,ORD014626,CUST02115,2026-07-05,24397.23,Processed
REF001636,ORD014636,CUST02118,2026-07-10,15286.53,Processed
REF001637,ORD014640,CUST02118,2026-06-11,10166.35,Processed
REF001638,ORD014641,CUST02118,2026-08-09,21778.98,Processed
REF001639,ORD014645,CUST02118,2026-07-16,1638.88,Processed
REF001640,ORD014663,CUST02122,2026-02-10,780.4,Pending
REF001641,ORD014664,CUST02122,2026-02-16,12612.16,Processed
REF001642,ORD014667,CUST02122,2026-06-18,5515.03,Processed
REF001643,ORD014668,CUST02122,2026-03-11,24665.53,Processed
REF001644,ORD014677,CUST02124,2026-07-22,939.69,Pending
REF001645,ORD014679,CUST02124,2026-07-13,1021.35,Processed
REF001646,ORD014681,CUST02124,2026-07-18,2471.52,Processed
REF001647,ORD014682,CUST02124,2026-07-09,7001.68,Pending
REF001648,ORD014684,CUST02124,2026-07-09,19667.11,Processed
REF001649,ORD014685,CUST02124,2026-08-15,3927.97,Processed
REF001650,ORD014688,CUST02124,2026-07-26,1084.27,Declined
REF001651,ORD014699,CUST02126,2026-02-20,2656.71,Processed
REF001652,ORD014723,CUST02130,2026-09-16,4467.15,Processed
REF001653,ORD014728,CUST02130,2026-03-30,698.47,Processed
REF001654,ORD014739,CUST02132,2026-03-20,2273.63,Processed
REF001655,ORD014744,CUST02132,2026-04-11,26541.24,Processed
REF001656,ORD014750,CUST02133,2026-07-13,24916.34,Processed
REF001657,ORD014753,CUST02133,2026-07-14,10306.22,Processed
REF001658,ORD014755,CUST02133,2026-07-28,654.34,Processed
REF001659,ORD014756,CUST02133,2026-08-03,511.84,Processed
REF001660,ORD014761,CUST02133,2026-09-03,2782.81,Processed
REF001661,ORD014762,CUST02133,2026-08-05,999.75,Pending
REF001662,ORD014775,CUST02135,2026-07-25,536.27,Processed
REF001663,ORD014781,CUST02136,2026-07-30,2201.33,Processed
REF001664,ORD014788,CUST02137,2026-06-03,1147.42,Processed
REF001665,ORD014791,CUST02137,2026-05-19,702.24,Processed
REF001666,ORD014798,CUST02137,2026-06-19,26069.01,Processed
REF001667,ORD014803,CUST02138,2026-08-21,822.92,Processed
REF001668,ORD014804,CUST02138,2026-03-31,1229.16,Processed
REF001669,ORD014806,CUST02138,2026-07-19,297.07,Processed
REF001670,ORD014842,CUST02146,2026-01-31,670.38,Processed
REF001671,ORD014844,CUST02146,2026-01-29,160.22,Declined
REF001672,ORD014851,CUST02147,2026-01-13,410.15,Processed
REF001673,ORD014861,CUST02149,2026-08-13,910.3,Processed
REF001674,ORD014862,CUST02149,2026-08-10,5856.09,Processed
REF001675,ORD014867,CUST02149,2026-07-28,685.04,Processed
REF001676,ORD014872,CUST02150,2026-06-22,1121.36,Processed
REF001677,ORD014877,CUST02151,2026-03-18,1761.34,Processed
REF001678,ORD014892,CUST02153,2026-09-16,2273.73,Processed
REF001679,ORD014910,CUST02156,2026-07-03,2050.03,Processed
REF001680,ORD014926,CUST02158,2026-04-06,564.39,Processed
REF001681,ORD014948,CUST02162,2026-08-16,1273.66,Processed
REF001682,ORD014952,CUST02162,2026-07-25,3387.59,Processed
REF001683,ORD014954,CUST02162,2026-06-08,430.26,Processed
REF001684,ORD014973,CUST02166,2026-08-16,1375.2,Pending
REF001685,ORD014974,CUST02166,2026-07-25,2219.12,Processed
REF001686,ORD014976,CUST02166,2026-04-07,818.28,Processed
REF001687,ORD014990,CUST02168,2026-03-20,6511.88,Processed
REF001688,ORD014992,CUST02168,2026-05-12,2420.7,Processed
REF001689,ORD014997,CUST02168,2026-07-13,3896.86,Processed
REF001690,ORD015000,CUST02169,2026-06-24,1124.1,Processed
REF001691,ORD015001,CUST02169,2026-07-07,3239.75,Pending
REF001692,ORD015002,CUST02169,2026-06-22,1146.92,Processed
REF001693,ORD015005,CUST02169,2026-06-14,18339.46,Processed
REF001694,ORD015007,CUST02169,2026-03-16,737.8,Processed
REF001695,ORD015009,CUST02169,2026-04-06,1884.05,Processed
REF001696,ORD015015,CUST02169,2026-06-28,14645.85,Processed
REF001697,ORD015025,CUST02171,2026-05-21,1587.83,Processed
REF001698,ORD015029,CUST02171,2026-06-11,1094.67,Processed
REF001699,ORD015031,CUST02171,2026-08-11,2830.38,Declined
REF001700,ORD015035,CUST02171,2026-09-15,15719.91,Processed
REF001701,ORD015042,CUST02172,2026-05-23,2687.58,Pending
REF001702,ORD015043,CUST02172,2026-01-25,1185.79,Processed
REF001703,ORD015044,CUST02172,2026-05-13,841.4,Processed
REF001704,ORD015056,CUST02174,2026-05-03,810.54,Processed
REF001705,ORD015058,CUST02175,2026-08-24,885.64,Pending
REF001706,ORD015059,CUST02175,2026-05-29,1945.69,Processed
REF001707,ORD015062,CUST02175,2026-09-10,5738.05,Processed
REF001708,ORD015065,CUST02175,2026-07-15,2358.84,Processed
REF001709,ORD015072,CUST02175,2026-07-16,693.55,Declined
REF001710,ORD015096,CUST02180,2026-08-19,3417.22,Processed
REF001711,ORD015108,CUST02181,2026-07-27,1133.94,Processed
REF001712,ORD015130,CUST02186,2026-07-30,8888.54,Processed
REF001713,ORD015132,CUST02186,2026-07-04,5405.64,Declined
REF001714,ORD015137,CUST02186,2026-03-03,1767.35,Processed
REF001715,ORD015153,CUST02189,2026-03-10,6660.87,Processed
REF001716,ORD015179,CUST02193,2026-02-25,18668.06,Processed
REF001717,ORD015182,CUST02194,2026-08-11,4193.9,Processed
REF001718,ORD015184,CUST02194,2026-07-24,1522.86,Pending
REF001719,ORD015188,CUST02194,2026-08-03,1069.32,Processed
REF001720,ORD015192,CUST02194,2026-09-02,2734.58,Processed
REF001721,ORD015205,CUST02197,2026-09-10,809.72,Processed
REF001722,ORD015219,CUST02200,2026-06-03,4184.18,Processed
REF001723,ORD015221,CUST02200,2026-07-18,1059.77,Pending
REF001724,ORD015224,CUST02201,2026-09-15,17796.36,Pending
REF001725,ORD015226,CUST02201,2026-09-22,755.05,Processed
REF001726,ORD015241,CUST02203,2026-01-27,3603.71,Processed
REF001727,ORD015252,CUST02205,2026-06-01,3322.87,Processed
REF001728,ORD015256,CUST02206,2026-08-04,19431.61,Processed
REF001729,ORD015259,CUST02206,2026-08-11,1876.26,Processed
REF001730,ORD015261,CUST02206,2026-08-05,805.69,Processed
REF001731,ORD015262,CUST02206,2026-09-12,14236.6,Processed
REF001732,ORD015263,CUST02206,2026-08-10,854.6,Processed
REF001733,ORD015265,CUST02206,2026-07-09,17038.93,Processed
REF001734,ORD015267,CUST02206,2026-08-09,3881.09,Processed
REF001735,ORD015302,CUST02212,2026-05-20,4037.19,Processed
REF001736,ORD015331,CUST02216,2026-06-21,1360.19,Processed
REF001737,ORD015336,CUST02216,2026-06-27,1137.14,Processed
REF001738,ORD015339,CUST02216,2026-06-07,1663.98,Processed
REF001739,ORD015342,CUST02216,2026-05-16,15156.03,Processed
REF001740,ORD015345,CUST02217,2026-08-31,2193.68,Processed
REF001741,ORD015346,CUST02217,2026-08-13,10935.46,Processed
REF001742,ORD015358,CUST02218,2026-08-03,26191.43,Processed
REF001743,ORD015433,CUST02231,2026-04-15,4602.8,Declined
REF001744,ORD015463,CUST02237,2026-07-23,2899.55,Processed
REF001745,ORD015468,CUST02237,2026-07-20,6172.95,Pending
REF001746,ORD015470,CUST02237,2026-07-19,15388.83,Processed
REF001747,ORD015473,CUST02237,2026-08-31,13029.43,Processed
REF001748,ORD015475,CUST02237,2026-08-09,2337.95,Processed
REF001749,ORD015482,CUST02238,2026-08-02,20083.67,Processed
REF001750,ORD015489,CUST02239,2026-05-15,3208.17,Processed
REF001751,ORD015510,CUST02243,2026-05-30,3061.9,Processed
REF001752,ORD015533,CUST02248,2026-07-14,1175.15,Processed
REF001753,ORD015534,CUST02248,2026-07-10,4995.51,Processed
REF001754,ORD015535,CUST02248,2026-08-02,5514.02,Pending
REF001755,ORD015539,CUST02248,2026-07-17,1045.07,Processed
REF001756,ORD015541,CUST02248,2026-07-19,1364.98,Processed
REF001757,ORD015547,CUST02248,2026-08-02,938.91,Processed
REF001758,ORD015552,CUST02248,2026-08-14,4042.11,Processed
REF001759,ORD015554,CUST02248,2026-08-14,1126.46,Processed
REF001760,ORD015559,CUST02250,2026-08-08,136.67,Processed
REF001761,ORD015570,CUST02252,2026-07-17,11953.22,Pending
REF001762,ORD015573,CUST02252,2026-06-09,2163.19,Processed
REF001763,ORD015603,CUST02257,2026-03-06,6441.75,Processed
REF001764,ORD015631,CUST02260,2026-07-30,1223.65,Pending
REF001765,ORD015632,CUST02260,2026-06-29,1586.09,Processed
REF001766,ORD015639,CUST02260,2026-09-02,1095.55,Processed
REF001767,ORD015642,CUST02260,2026-07-26,3264.63,Processed
REF001768,ORD015655,CUST02263,2026-08-24,2868.76,Pending
REF001769,ORD015658,CUST02263,2026-08-28,4421.8,Processed
REF001770,ORD015660,CUST02263,2026-05-28,1696.74,Pending
REF001771,ORD015674,CUST02265,2026-08-01,1631.91,Processed
REF001772,ORD015675,CUST02265,2026-06-11,740.39,Processed
REF001773,ORD015697,CUST02267,2026-08-12,5372.01,Processed
REF001774,ORD015699,CUST02267,2026-07-11,1165.1,Processed
REF001775,ORD015702,CUST02267,2026-08-07,21045.6,Processed
REF001776,ORD015710,CUST02269,2026-09-11,1270.08,Pending
REF001777,ORD015711,CUST02269,2026-08-14,11815.1,Processed
REF001778,ORD015713,CUST02269,2026-07-10,3636.14,Processed
REF001779,ORD015719,CUST02269,2026-08-19,13217.56,Processed
REF001780,ORD015720,CUST02269,2026-06-02,8345.09,Processed
REF001781,ORD015721,CUST02269,2026-07-08,1376.35,Processed
REF001782,ORD015724,CUST02269,2026-07-15,2612.27,Processed
REF001783,ORD015731,CUST02271,2026-06-27,2722.71,Processed
REF001784,ORD015747,CUST02274,2026-07-19,3821.25,Pending
REF001785,ORD015755,CUST02274,2026-09-07,4615.71,Pending
REF001786,ORD015773,CUST02277,2026-07-19,1010.1,Processed
REF001787,ORD015775,CUST02277,2026-05-18,3093.35,Processed
REF001788,ORD015801,CUST02280,2026-04-11,2060.26,Processed
REF001789,ORD015807,CUST02281,2026-02-04,884.79,Processed
REF001790,ORD015811,CUST02282,2026-07-23,15719.34,Processed
REF001791,ORD015815,CUST02282,2026-08-10,874.45,Processed
REF001792,ORD015816,CUST02282,2026-07-12,1594.25,Processed
REF001793,ORD015818,CUST02282,2026-04-16,3441.39,Declined
REF001794,ORD015822,CUST02282,2026-09-11,981.21,Processed
REF001795,ORD015824,CUST02282,2026-02-11,1017.34,Pending
REF001796,ORD015881,CUST02294,2026-06-02,3310.68,Declined
REF001797,ORD015893,CUST02296,2026-08-15,3209.55,Processed
REF001798,ORD015898,CUST02296,2026-09-14,1637.97,Pending
REF001799,ORD015899,CUST02296,2026-09-02,13576.17,Pending
REF001800,ORD015900,CUST02296,2026-09-08,2431.82,Processed
REF001801,ORD015929,CUST02300,2026-05-31,19841.85,Processed
REF001802,ORD015932,CUST02300,2026-08-18,31460.74,Processed
REF001803,ORD015934,CUST02300,2026-08-06,19229.01,Pending
REF001804,ORD015941,CUST02301,2026-07-18,23985.22,Pending
REF001805,ORD015942,CUST02301,2026-07-07,2874.41,Processed
REF001806,ORD015958,CUST02303,2026-05-21,1524.28,Processed
REF001807,ORD015960,CUST02303,2026-05-27,1414.44,Processed
REF001808,ORD015973,CUST02304,2026-07-01,17555.83,Declined
REF001809,ORD015974,CUST02304,2026-07-13,1326.44,Declined
REF001810,ORD015975,CUST02304,2026-09-07,1075.4,Processed
REF001811,ORD015978,CUST02305,2026-08-30,27627.48,Processed
REF001812,ORD015981,CUST02305,2026-08-18,1210.9,Processed
REF001813,ORD015982,CUST02305,2026-09-11,860.53,Processed
REF001814,ORD016028,CUST02311,2026-07-14,5877.01,Processed
REF001815,ORD016032,CUST02311,2026-08-16,2177.11,Processed
REF001816,ORD016035,CUST02311,2026-07-17,9245.35,Processed
REF001817,ORD016046,CUST02314,2026-06-20,25497.82,Processed
REF001818,ORD016048,CUST02314,2026-06-23,1949.37,Processed
REF001819,ORD016055,CUST02314,2026-08-30,1476.73,Processed
REF001820,ORD016060,CUST02314,2026-07-15,1937.97,Processed
REF001821,ORD016093,CUST02320,2026-01-22,4162.75,Declined
REF001822,ORD016100,CUST02321,2026-05-18,21286.63,Pending
REF001823,ORD016111,CUST02323,2026-09-21,2035.9,Processed
REF001824,ORD016127,CUST02327,2026-08-26,191.87,Processed
REF001825,ORD016131,CUST02328,2026-09-17,1989.4,Pending
REF001826,ORD016140,CUST02329,2026-07-31,1482.93,Pending
REF001827,ORD016153,CUST02331,2026-07-24,12751.54,Processed
REF001828,ORD016155,CUST02331,2026-07-19,2375.88,Processed
REF001829,ORD016159,CUST02331,2026-08-02,1838.19,Pending
REF001830,ORD016205,CUST02338,2026-06-05,1060.18,Pending
REF001831,ORD016207,CUST02338,2026-05-26,29675.67,Processed
REF001832,ORD016209,CUST02338,2026-06-07,14378.06,Processed
REF001833,ORD016211,CUST02338,2026-06-07,1272.76,Processed
REF001834,ORD016214,CUST02338,2026-05-06,918.81,Processed
REF001835,ORD016219,CUST02339,2026-07-08,2325.92,Pending
REF001836,ORD016229,CUST02340,2026-08-18,17904.36,Processed
REF001837,ORD016241,CUST02343,2026-04-01,2613.31,Processed
REF001838,ORD016256,CUST02345,2026-06-07,11762.2,Processed
REF001839,ORD016266,CUST02347,2026-05-10,1091.62,Processed
REF001840,ORD016267,CUST02348,2026-02-26,28471.43,Processed
REF001841,ORD016291,CUST02352,2026-08-24,1019.63,Pending
REF001842,ORD016292,CUST02352,2026-08-20,3021.18,Processed
REF001843,ORD016297,CUST02352,2026-08-15,14855.32,Processed
REF001844,ORD016312,CUST02355,2026-05-26,1801.91,Declined
REF001845,ORD016315,CUST02355,2026-08-04,1833.98,Processed
REF001846,ORD016328,CUST02357,2026-05-21,13995.23,Declined
REF001847,ORD016329,CUST02357,2026-04-23,1285.89,Processed
REF001848,ORD016333,CUST02357,2026-01-25,1001.27,Processed
REF001849,ORD016336,CUST02357,2026-04-29,2662.82,Processed
REF001850,ORD016346,CUST02358,2026-07-01,10663.99,Processed
REF001851,ORD016348,CUST02358,2026-07-01,31745.95,Pending
REF001852,ORD016354,CUST02358,2026-09-08,20703.47,Pending
REF001853,ORD016355,CUST02358,2026-06-12,17274.59,Processed
REF001854,ORD016356,CUST02358,2026-08-16,965.97,Processed
REF001855,ORD016359,CUST02358,2026-06-11,3057.75,Processed
REF001856,ORD016364,CUST02358,2026-07-18,13662.36,Processed
REF001857,ORD016366,CUST02358,2026-07-28,2822.47,Processed
REF001858,ORD016400,CUST02365,2026-06-17,1084.9,Processed
REF001859,ORD016423,CUST02369,2026-07-28,1250.73,Processed
REF001860,ORD016441,CUST02373,2026-09-17,1340.55,Pending
REF001861,ORD016446,CUST02373,2026-08-26,2210.14,Processed
REF001862,ORD016448,CUST02373,2026-09-01,2918.73,Pending
REF001863,ORD016454,CUST02374,2026-06-25,4472.49,Processed
REF001864,ORD016505,CUST02383,2026-07-26,9967.83,Processed
REF001865,ORD016540,CUST02390,2026-06-24,3515.1,Processed
REF001866,ORD016566,CUST02395,2026-05-12,648.63,Processed
REF001867,ORD016568,CUST02395,2026-05-05,21299.01,Processed
REF001868,ORD016576,CUST02395,2026-07-06,2673.67,Processed
REF001869,ORD016597,CUST02398,2026-08-24,2317.24,Processed
REF001870,ORD016615,CUST02401,2026-07-06,1670.46,Pending
REF001871,ORD016617,CUST02401,2026-06-26,1481.07,Processed
REF001872,ORD016618,CUST02401,2026-07-07,6433.26,Processed
REF001873,ORD016619,CUST02401,2026-06-30,20739.26,Processed
REF001874,ORD016627,CUST02401,2026-03-14,4805.69,Processed
REF001875,ORD016628,CUST02401,2026-05-04,2428.41,Processed
REF001876,ORD016633,CUST02401,2026-04-15,49030.07,Processed
REF001877,ORD016634,CUST02401,2026-01-28,1189.95,Pending
REF001878,ORD016650,CUST02404,2026-05-27,1312.37,Processed
REF001879,ORD016655,CUST02405,2026-06-07,3923.85,Processed
REF001880,ORD016663,CUST02406,2026-07-09,2650.18,Processed
REF001881,ORD016699,CUST02411,2026-07-31,12866.39,Processed
REF001882,ORD016708,CUST02412,2026-01-23,1281.78,Processed
REF001883,ORD016719,CUST02415,2026-02-14,5065.15,Processed
REF001884,ORD016723,CUST02415,2026-07-13,14331.61,Processed
REF001885,ORD016733,CUST02418,2026-08-16,16236.67,Processed
REF001886,ORD016778,CUST02424,2026-07-07,2063.77,Processed
REF001887,ORD016779,CUST02424,2026-06-10,20737.07,Processed
REF001888,ORD016796,CUST02426,2026-02-16,2711.53,Pending
REF001889,ORD016820,CUST02429,2026-07-10,9434.55,Processed
REF001890,ORD016822,CUST02429,2026-07-28,2418.35,Processed
REF001891,ORD016840,CUST02431,2026-05-06,3105.55,Processed
REF001892,ORD016841,CUST02431,2026-04-29,3786.67,Pending
REF001893,ORD016844,CUST02431,2026-04-14,13965.18,Processed
REF001894,ORD016857,CUST02434,2026-05-14,548.54,Processed
REF001895,ORD016870,CUST02436,2026-07-25,2173.21,Processed
REF001896,ORD016889,CUST02440,2026-05-31,2142.78,Processed
REF001897,ORD016933,CUST02446,2026-08-09,3585.87,Pending
REF001898,ORD016936,CUST02446,2026-08-19,24168.79,Processed
REF001899,ORD016941,CUST02446,2026-08-10,1402.04,Processed
REF001900,ORD016943,CUST02447,2026-06-03,520.79,Processed
REF001901,ORD016980,CUST02453,2026-02-23,24478.31,Processed
REF001902,ORD016998,CUST02456,2026-04-14,1482.71,Processed
REF001903,ORD017024,CUST02461,2026-06-26,1192.61,Processed
REF001904,ORD017025,CUST02461,2026-07-04,32456.6,Processed
REF001905,ORD017026,CUST02461,2026-07-03,541.77,Pending
REF001906,ORD017028,CUST02461,2026-07-15,444.41,Processed
REF001907,ORD017034,CUST02461,2026-07-10,2590.23,Declined
REF001908,ORD017035,CUST02461,2026-07-19,1507.9,Declined
REF001909,ORD017038,CUST02461,2026-07-07,4150.64,Processed
REF001910,ORD017044,CUST02462,2026-06-23,1240.37,Declined
REF001911,ORD017051,CUST02463,2026-08-28,1719.04,Processed
REF001912,ORD017094,CUST02470,2026-05-07,1675.73,Processed
REF001913,ORD017099,CUST02471,2026-08-21,1180.43,Processed
REF001914,ORD017106,CUST02472,2026-05-30,804.4,Processed
REF001915,ORD017117,CUST02473,2026-08-25,1088.57,Processed
REF001916,ORD017128,CUST02475,2026-07-10,1485.11,Processed
REF001917,ORD017130,CUST02475,2026-09-03,357.4,Processed
REF001918,ORD017131,CUST02475,2026-08-08,11513.84,Processed
REF001919,ORD017139,CUST02477,2026-09-23,3607.72,Processed
REF001920,ORD017157,CUST02480,2026-08-11,2745.24,Processed
REF001921,ORD017169,CUST02482,2026-08-16,329.65,Pending
REF001922,ORD017176,CUST02483,2026-04-15,55000.0,Processed
REF001923,ORD017177,CUST02483,2026-02-12,2557.19,Processed
REF001924,ORD017217,CUST02489,2026-03-07,22558.67,Processed
REF001925,ORD017231,CUST02492,2026-02-23,3280.46,Processed
REF001926,ORD017243,CUST02494,2026-08-25,1580.05,Processed
REF001927,ORD017245,CUST02494,2026-08-29,12849.95,Processed
REF001928,ORD017249,CUST02494,2026-08-22,2788.58,Processed
REF001929,ORD017251,CUST02494,2026-09-01,293.1,Pending
REF001930,ORD017253,CUST02494,2026-09-10,11674.08,Pending
REF001931,ORD017263,CUST02495,2026-08-02,766.33,Pending
REF001932,ORD017273,CUST02497,2026-07-25,3579.77,Processed
REF001933,ORD017285,CUST02499,2026-08-15,12651.31,Pending
REF001934,ORD017290,CUST02499,2026-08-23,1558.13,Processed
REF001935,ORD017291,CUST02499,2026-07-31,1085.26,Processed
REF001936,ORD017292,CUST02499,2026-08-17,475.17,Processed
REF001937,ORD017295,CUST02499,2026-09-09,1367.62,Pending
REF001938,ORD017318,CUST02504,2026-04-01,13560.86,Pending
REF001939,ORD017338,CUST02507,2026-08-10,1788.83,Pending
REF001940,ORD017378,CUST02514,2026-07-28,9582.32,Pending
REF001941,ORD017394,CUST02517,2026-06-06,1382.36,Processed
REF001942,ORD017408,CUST02519,2026-05-25,830.6,Pending
REF001943,ORD017437,CUST02522,2026-08-22,638.4,Processed
REF001944,ORD017451,CUST02523,2026-04-13,644.86,Processed
REF001945,ORD017471,CUST02526,2026-08-25,381.71,Processed
REF001946,ORD017483,CUST02528,2026-08-27,26565.82,Processed
REF001947,ORD017496,CUST02530,2026-06-10,17962.08,Processed
REF001948,ORD017497,CUST02530,2026-05-15,314.53,Processed
REF001949,ORD017501,CUST02530,2026-08-22,1966.96,Processed
REF001950,ORD017507,CUST02531,2026-02-15,3398.22,Processed
REF001951,ORD017517,CUST02533,2026-04-23,2306.73,Processed
REF001952,ORD017547,CUST02538,2026-06-29,1955.5,Pending
REF001953,ORD017559,CUST02540,2026-08-04,20130.38,Processed
REF001954,ORD017562,CUST02540,2026-09-12,1011.58,Pending
REF001955,ORD017564,CUST02541,2026-09-07,869.6,Pending
REF001956,ORD017565,CUST02541,2026-06-09,1578.59,Processed
REF001957,ORD017567,CUST02541,2026-07-27,14575.37,Processed
REF001958,ORD017571,CUST02541,2026-08-02,16351.71,Processed
REF001959,ORD017573,CUST02541,2026-08-02,1578.13,Processed
REF001960,ORD017577,CUST02541,2026-06-21,422.93,Processed
REF001961,ORD017581,CUST02542,2026-06-09,12756.12,Processed
REF001962,ORD017604,CUST02546,2026-09-27,1391.08,Pending
REF001963,ORD017615,CUST02549,2026-06-20,2446.47,Processed
REF001964,ORD017619,CUST02549,2026-06-19,1324.1,Pending
REF001965,ORD017620,CUST02549,2026-06-28,2076.25,Pending
REF001966,ORD017624,CUST02549,2026-08-26,10547.47,Pending
REF001967,ORD017625,CUST02549,2026-06-07,2475.91,Processed
REF001968,ORD017628,CUST02550,2026-03-21,441.24,Processed
REF001969,ORD017630,CUST02550,2026-03-25,4460.4,Processed
REF001970,ORD017632,CUST02550,2026-02-16,1738.24,Processed
REF001971,ORD017635,CUST02550,2026-02-21,27540.36,Pending
REF001972,ORD017638,CUST02550,2026-07-08,2992.46,Processed
REF001973,ORD017651,CUST02553,2026-06-14,392.5,Processed
REF001974,ORD017663,CUST02554,2026-07-09,1225.32,Processed
REF001975,ORD017666,CUST02555,2026-04-24,2466.43,Processed
REF001976,ORD017672,CUST02556,2026-06-02,1676.89,Processed
REF001977,ORD017674,CUST02556,2026-06-08,10184.92,Processed
REF001978,ORD017680,CUST02556,2026-06-09,28343.47,Processed
REF001979,ORD017684,CUST02556,2026-05-20,778.95,Processed
REF001980,ORD017685,CUST02556,2026-08-09,2432.5,Declined
REF001981,ORD017699,CUST02558,2026-07-01,15931.01,Processed
REF001982,ORD017722,CUST02561,2026-06-07,954.57,Processed
REF001983,ORD017727,CUST02562,2026-08-26,5017.97,Processed
REF001984,ORD017728,CUST02562,2026-09-06,1323.25,Pending
REF001985,ORD017730,CUST02562,2026-08-12,2961.85,Processed
REF001986,ORD017734,CUST02562,2026-08-12,1304.26,Processed
REF001987,ORD017759,CUST02566,2026-06-26,2785.88,Processed
REF001988,ORD017760,CUST02566,2026-09-15,52549.16,Pending
REF001989,ORD017791,CUST02570,2026-08-25,11732.03,Processed
REF001990,ORD017805,CUST02572,2026-09-14,721.92,Pending
REF001991,ORD017806,CUST02572,2026-09-03,3575.01,Pending
REF001992,ORD017809,CUST02572,2026-09-08,1271.58,Pending
REF001993,ORD017810,CUST02572,2026-09-16,665.38,Pending
REF001994,ORD017812,CUST02572,2026-08-29,2378.9,Processed
REF001995,ORD017815,CUST02572,2026-09-06,912.52,Pending
REF001996,ORD017816,CUST02572,2026-09-01,898.03,Pending
REF001997,ORD017817,CUST02572,2026-09-08,2638.42,Pending
REF001998,ORD017820,CUST02572,2026-08-30,3721.98,Pending
REF001999,ORD017823,CUST02572,2026-08-22,2339.23,Processed
REF002000,ORD017825,CUST02572,2026-09-01,17152.73,Processed
REF002001,ORD017836,CUST02575,2026-06-10,1265.78,Processed
REF002002,ORD017859,CUST02579,2026-06-08,1546.74,Declined
REF002003,ORD017860,CUST02580,2026-03-08,1315.68,Declined
REF002004,ORD017885,CUST02583,2026-08-09,1237.5,Processed
REF002005,ORD017887,CUST02583,2026-09-17,1818.35,Pending
REF002006,ORD017899,CUST02584,2026-05-18,1383.97,Processed
REF002007,ORD017911,CUST02587,2026-05-12,2501.74,Processed
REF002008,ORD017930,CUST02589,2026-04-20,3289.37,Pending
REF002009,ORD017938,CUST02590,2026-06-16,1939.23,Processed
REF002010,ORD017951,CUST02593,2026-08-03,400.0,Processed
REF002011,ORD017952,CUST02593,2026-08-04,2021.55,Processed
REF002012,ORD017955,CUST02593,2026-08-13,14381.27,Processed
REF002013,ORD017957,CUST02593,2026-08-16,1275.5,Pending
REF002014,ORD017958,CUST02593,2026-08-20,15312.79,Pending
REF002015,ORD017961,CUST02594,2026-06-08,4331.48,Pending
REF002016,ORD017975,CUST02595,2026-09-07,1373.67,Pending
REF002017,ORD017996,CUST02600,2026-04-30,1302.1,Processed
REF002018,ORD018020,CUST02604,2026-04-18,411.0,Processed
REF002019,ORD018056,CUST02610,2026-08-24,13099.35,Processed
REF002020,ORD018059,CUST02610,2026-08-27,1544.58,Processed
REF002021,ORD018060,CUST02610,2026-08-07,3086.96,Processed
REF002022,ORD018066,CUST02611,2026-05-31,14433.38,Processed
REF002023,ORD018098,CUST02617,2026-08-13,9145.55,Processed
REF002024,ORD018104,CUST02617,2026-07-01,537.92,Processed
REF002025,ORD018107,CUST02617,2026-09-11,19768.16,Processed
REF002026,ORD018109,CUST02617,2026-08-06,1866.57,Processed
REF002027,ORD018112,CUST02618,2026-08-15,1837.37,Processed
REF002028,ORD018118,CUST02618,2026-09-04,1560.49,Processed
REF002029,ORD018122,CUST02620,2026-05-17,1451.35,Pending
REF002030,ORD018131,CUST02622,2026-05-01,1733.97,Processed
REF002031,ORD018134,CUST02623,2026-09-05,2470.23,Processed
REF002032,ORD018135,CUST02623,2026-08-07,1998.72,Processed
REF002033,ORD018157,CUST02627,2026-07-13,480.27,Processed
REF002034,ORD018163,CUST02627,2026-06-01,22195.95,Processed
REF002035,ORD018179,CUST02630,2026-09-16,650.23,Pending
REF002036,ORD018198,CUST02633,2026-06-07,20134.35,Processed
REF002037,ORD018203,CUST02634,2026-07-08,826.0,Processed
REF002038,ORD018214,CUST02636,2026-06-18,711.94,Processed
REF002039,ORD018252,CUST02642,2026-08-22,3558.58,Processed
REF002040,ORD018272,CUST02644,2026-09-21,2349.96,Pending
REF002041,ORD018273,CUST02644,2026-08-14,3337.21,Processed
REF002042,ORD018274,CUST02644,2026-08-19,32727.54,Processed
REF002043,ORD018276,CUST02644,2026-08-20,16846.54,Processed
REF002044,ORD018279,CUST02644,2026-09-04,1989.44,Pending
REF002045,ORD018305,CUST02647,2026-04-04,1157.91,Processed
REF002046,ORD018313,CUST02648,2026-06-28,5928.5,Pending
REF002047,ORD018314,CUST02648,2026-07-02,6607.7,Processed
REF002048,ORD018315,CUST02648,2026-06-22,1052.0,Processed
REF002049,ORD018316,CUST02648,2026-06-23,220.45,Processed
REF002050,ORD018321,CUST02648,2026-05-23,39940.68,Processed
REF002051,ORD018322,CUST02648,2026-08-10,32737.32,Processed
REF002052,ORD018323,CUST02648,2026-07-13,671.6,Processed
REF002053,ORD018330,CUST02649,2026-02-04,1859.2,Processed
REF002054,ORD018339,CUST02651,2026-09-03,3519.81,Pending
REF002055,ORD018340,CUST02651,2026-08-25,619.88,Declined
REF002056,ORD018346,CUST02651,2026-08-11,2790.5,Processed
REF002057,ORD018348,CUST02651,2026-07-10,1270.45,Processed
REF002058,ORD018361,CUST02653,2026-08-10,1767.11,Processed
REF002059,ORD018371,CUST02656,2026-04-13,2691.93,Processed
REF002060,ORD018376,CUST02656,2026-04-28,1762.59,Processed
REF002061,ORD018382,CUST02657,2026-05-05,9502.19,Processed
REF002062,ORD018390,CUST02658,2026-08-22,1686.34,Processed
REF002063,ORD018391,CUST02658,2026-08-18,9302.84,Processed
REF002064,ORD018401,CUST02658,2026-07-23,2949.56,Processed
REF002065,ORD018419,CUST02661,2026-09-09,7120.09,Processed
REF002066,ORD018434,CUST02663,2026-03-08,3504.5,Processed
REF002067,ORD018490,CUST02674,2026-05-19,1115.04,Processed
REF002068,ORD018493,CUST02674,2026-07-13,22899.0,Processed
REF002069,ORD018495,CUST02674,2026-08-12,1461.56,Pending
REF002070,ORD018496,CUST02674,2026-09-12,647.87,Processed
REF002071,ORD018521,CUST02679,2026-04-12,2505.73,Processed
REF002072,ORD018529,CUST02680,2026-06-27,1814.97,Processed
REF002073,ORD018533,CUST02681,2026-05-26,12269.09,Processed
REF002074,ORD018535,CUST02681,2026-06-10,665.36,Processed
REF002075,ORD018538,CUST02681,2026-02-23,4057.04,Processed
REF002076,ORD018539,CUST02681,2026-06-14,1946.74,Processed
REF002077,ORD018567,CUST02686,2026-09-03,7341.21,Pending
REF002078,ORD018570,CUST02686,2026-07-29,9337.4,Processed
REF002079,ORD018572,CUST02687,2026-07-31,4514.41,Processed
REF002080,ORD018574,CUST02687,2026-08-04,1433.7,Processed
REF002081,ORD018575,CUST02687,2026-06-17,3914.35,Processed
REF002082,ORD018581,CUST02688,2026-06-24,27006.97,Pending
REF002083,ORD018588,CUST02689,2026-06-23,1938.52,Processed
REF002084,ORD018596,CUST02691,2026-08-27,3268.32,Processed
REF002085,ORD018597,CUST02691,2026-06-14,2052.13,Processed
REF002086,ORD018598,CUST02691,2026-05-31,524.2,Processed
REF002087,ORD018601,CUST02691,2026-08-02,3016.94,Processed
REF002088,ORD018609,CUST02691,2026-07-06,542.04,Processed
REF002089,ORD018611,CUST02691,2026-07-23,6028.55,Processed
REF002090,ORD018612,CUST02691,2026-08-18,20263.77,Processed
REF002091,ORD018615,CUST02691,2026-04-15,1222.5,Processed
REF002092,ORD018625,CUST02693,2026-09-03,1315.07,Pending
REF002093,ORD018629,CUST02694,2026-05-15,2286.41,Declined
REF002094,ORD018635,CUST02695,2026-09-04,2242.82,Processed
REF002095,ORD018637,CUST02695,2026-09-21,1217.0,Processed
REF002096,ORD018652,CUST02698,2026-08-22,727.55,Processed
REF002097,ORD018663,CUST02698,2026-06-11,3999.4,Processed
REF002098,ORD018666,CUST02698,2026-07-26,2794.96,Pending
REF002099,ORD018673,CUST02699,2026-05-27,663.15,Pending
REF002100,ORD018689,CUST02702,2026-02-24,4482.12,Pending
REF002101,ORD018695,CUST02703,2026-07-31,5056.64,Declined
REF002102,ORD018700,CUST02703,2026-08-31,744.19,Processed
REF002103,ORD018707,CUST02703,2026-08-08,2151.39,Processed
REF002104,ORD018709,CUST02703,2026-09-01,6000.0,Processed
REF002105,ORD018710,CUST02703,2026-09-08,3662.11,Pending
REF002106,ORD018711,CUST02703,2026-08-25,2680.26,Pending
REF002107,ORD018712,CUST02703,2026-09-12,2343.81,Processed
REF002108,ORD018713,CUST02703,2026-08-30,20431.23,Processed
REF002109,ORD018718,CUST02704,2026-06-29,847.63,Processed
REF002110,ORD018724,CUST02704,2026-08-05,683.43,Processed
REF002111,ORD018726,CUST02704,2026-07-23,847.5,Pending
REF002112,ORD018727,CUST02704,2026-09-11,9230.23,Pending
REF002113,ORD018729,CUST02704,2026-08-20,2079.44,Pending
REF002114,ORD018730,CUST02704,2026-07-11,2062.39,Processed
REF002115,ORD018735,CUST02704,2026-09-10,1517.95,Pending
REF002116,ORD018736,CUST02704,2026-08-12,3572.15,Processed
REF002117,ORD018752,CUST02708,2026-05-28,11962.7,Processed
REF002118,ORD018829,CUST02722,2026-09-08,1545.99,Processed
REF002119,ORD018830,CUST02722,2026-08-18,753.16,Processed
REF002120,ORD018857,CUST02727,2026-07-17,459.89,Processed
REF002121,ORD018863,CUST02729,2026-07-07,521.23,Processed
REF002122,ORD018893,CUST02734,2026-08-25,7600.96,Processed
REF002123,ORD018896,CUST02734,2026-05-20,2121.33,Declined
REF002124,ORD018909,CUST02736,2026-07-15,1870.88,Processed
REF002125,ORD018916,CUST02736,2026-07-19,1493.68,Pending
REF002126,ORD018920,CUST02736,2026-09-05,545.45,Processed
REF002127,ORD018922,CUST02736,2026-08-14,2121.33,Declined
REF002128,ORD018929,CUST02736,2026-08-06,6893.64,Processed
REF002129,ORD018938,CUST02738,2026-08-07,1826.3,Processed
REF002130,ORD018942,CUST02738,2026-08-11,1030.85,Processed
REF002131,ORD018948,CUST02739,2026-08-27,2201.38,Processed
REF002132,ORD018949,CUST02740,2026-08-10,1877.6,Processed
REF002133,ORD018950,CUST02740,2026-09-15,475.25,Pending
REF002134,ORD018951,CUST02740,2026-07-05,5008.69,Processed
REF002135,ORD018952,CUST02740,2026-05-17,1473.5,Pending
REF002136,ORD018954,CUST02740,2026-07-14,1203.1,Processed
REF002137,ORD018962,CUST02740,2026-07-17,459.0,Processed
REF002138,ORD018965,CUST02740,2026-05-24,3265.2,Processed
REF002139,ORD018977,CUST02744,2026-07-14,25754.24,Processed
REF002140,ORD018992,CUST02746,2026-04-30,4653.45,Processed
REF002141,ORD019010,CUST02749,2026-07-23,2682.65,Declined
REF002142,ORD019014,CUST02749,2026-07-07,766.22,Processed
REF002143,ORD019015,CUST02749,2026-05-24,1548.66,Processed
REF002144,ORD019017,CUST02749,2026-05-04,24143.6,Pending
REF002145,ORD019042,CUST02754,2026-08-05,339.71,Processed
REF002146,ORD019045,CUST02754,2026-08-10,2083.36,Pending
REF002147,ORD019052,CUST02754,2026-07-09,728.82,Processed
REF002148,ORD019055,CUST02754,2026-08-02,39269.75,Pending
REF002149,ORD019065,CUST02756,2026-08-22,10022.61,Processed
REF002150,ORD019071,CUST02756,2026-08-02,1204.02,Processed
REF002151,ORD019073,CUST02756,2026-08-16,17139.08,Pending
REF002152,ORD019078,CUST02756,2026-08-28,6721.44,Processed
REF002153,ORD019093,CUST02759,2026-07-07,12218.68,Pending
REF002154,ORD019096,CUST02760,2026-03-25,996.85,Declined
REF002155,ORD019100,CUST02760,2026-04-26,19531.06,Pending
REF002156,ORD019119,CUST02763,2026-08-09,2483.23,Processed
REF002157,ORD019122,CUST02764,2026-08-07,3033.42,Processed
REF002158,ORD019123,CUST02764,2026-08-18,1380.19,Processed
REF002159,ORD019127,CUST02764,2026-08-05,945.64,Declined
REF002160,ORD019129,CUST02764,2026-06-21,607.1,Processed
REF002161,ORD019133,CUST02764,2026-07-17,265.93,Processed
REF002162,ORD019151,CUST02766,2026-02-01,3472.6,Processed
REF002163,ORD019161,CUST02768,2026-08-01,1470.25,Pending
REF002164,ORD019165,CUST02768,2026-08-31,765.32,Processed
REF002165,ORD019170,CUST02768,2026-08-14,715.4,Processed
REF002166,ORD019171,CUST02768,2026-09-03,2023.42,Processed
REF002167,ORD019183,CUST02770,2026-04-08,1077.48,Processed
REF002168,ORD019215,CUST02776,2026-05-27,243.07,Processed
REF002169,ORD019219,CUST02776,2026-08-27,125.62,Processed
REF002170,ORD019232,CUST02778,2026-07-29,2441.88,Declined
REF002171,ORD019239,CUST02778,2026-06-13,1682.48,Processed
REF002172,ORD019245,CUST02779,2026-08-15,2358.86,Processed
REF002173,ORD019248,CUST02779,2026-08-13,1720.19,Pending
REF002174,ORD019252,CUST02779,2026-08-02,1163.32,Processed
REF002175,ORD019273,CUST02783,2026-05-28,2061.71,Processed
REF002176,ORD019276,CUST02783,2026-07-09,7774.09,Pending
REF002177,ORD019278,CUST02783,2026-07-30,3959.17,Processed
REF002178,ORD019279,CUST02783,2026-06-04,888.35,Pending
REF002179,ORD019280,CUST02783,2026-05-24,740.66,Processed
REF002180,ORD019281,CUST02783,2026-06-02,1024.1,Processed
REF002181,ORD019282,CUST02783,2026-08-06,4795.1,Processed
REF002182,ORD019284,CUST02783,2026-09-12,2343.07,Pending
REF002183,ORD019303,CUST02785,2026-03-05,584.19,Processed
REF002184,ORD019314,CUST02786,2026-02-03,1754.53,Processed
REF002185,ORD019327,CUST02789,2026-05-24,36946.2,Processed
REF002186,ORD019338,CUST02791,2026-07-05,2542.39,Processed
REF002187,ORD019344,CUST02792,2026-07-07,9203.86,Processed
REF002188,ORD019347,CUST02792,2026-08-09,2485.73,Processed
REF002189,ORD019350,CUST02792,2026-07-09,9312.29,Processed
REF002190,ORD019353,CUST02792,2026-08-21,11812.3,Processed
REF002191,ORD019372,CUST02795,2026-07-29,4662.58,Declined
REF002192,ORD019402,CUST02799,2026-04-30,1617.97,Processed
REF002193,ORD019409,CUST02801,2026-04-16,7476.43,Processed
REF002194,ORD019417,CUST02802,2026-05-25,14637.14,Pending
REF002195,ORD019438,CUST02805,2026-09-04,5693.83,Processed
REF002196,ORD019448,CUST02807,2026-07-20,884.41,Processed
REF002197,ORD019453,CUST02809,2026-08-10,3351.82,Processed
REF002198,ORD019458,CUST02809,2026-08-22,1962.12,Processed
REF002199,ORD019459,CUST02809,2026-08-24,18159.78,Processed
REF002200,ORD019461,CUST02809,2026-08-20,3496.53,Processed
REF002201,ORD019468,CUST02809,2026-08-18,5550.8,Processed
REF002202,ORD019469,CUST02809,2026-08-23,799.56,Declined
REF002203,ORD019470,CUST02809,2026-08-15,2232.65,Processed
REF002204,ORD019480,CUST02812,2026-02-06,1405.9,Pending
REF002205,ORD019489,CUST02813,2026-08-03,3281.68,Processed
REF002206,ORD019493,CUST02813,2026-08-08,650.65,Pending
REF002207,ORD019502,CUST02814,2026-09-22,1247.96,Processed
REF002208,ORD019503,CUST02814,2026-08-01,2805.65,Declined
REF002209,ORD019524,CUST02818,2026-09-11,361.01,Processed
REF002210,ORD019525,CUST02818,2026-04-18,5412.23,Processed
REF002211,ORD019537,CUST02820,2026-04-26,1903.89,Processed
REF002212,ORD019555,CUST02823,2026-07-27,1103.64,Processed
REF002213,ORD019566,CUST02824,2026-08-21,2090.18,Processed
REF002214,ORD019569,CUST02824,2026-04-27,1313.24,Processed
REF002215,ORD019576,CUST02825,2026-02-12,3973.55,Processed
REF002216,ORD019578,CUST02826,2026-05-30,825.42,Processed
REF002217,ORD019615,CUST02832,2026-02-15,2379.99,Processed
REF002218,ORD019627,CUST02833,2026-07-27,9706.17,Pending
REF002219,ORD019678,CUST02842,2026-08-20,5466.12,Processed
REF002220,ORD019680,CUST02842,2026-08-15,871.85,Processed
REF002221,ORD019687,CUST02842,2026-08-26,1349.37,Processed
REF002222,ORD019691,CUST02842,2026-08-28,649.88,Processed
REF002223,ORD019696,CUST02842,2026-08-22,8853.85,Processed
REF002224,ORD019699,CUST02842,2026-08-25,19202.82,Processed
REF002225,ORD019703,CUST02843,2026-07-26,1424.91,Processed
REF002226,ORD019711,CUST02845,2026-08-11,1867.64,Processed
REF002227,ORD019718,CUST02845,2026-08-24,1674.19,Pending
REF002228,ORD019722,CUST02846,2026-09-02,1199.52,Pending
REF002229,ORD019756,CUST02850,2026-07-18,2628.08,Processed
REF002230,ORD019757,CUST02850,2026-05-18,892.1,Processed
REF002231,ORD019758,CUST02850,2026-09-15,12149.7,Processed
REF002232,ORD019766,CUST02851,2026-03-09,173.12,Processed
REF002233,ORD019776,CUST02853,2026-07-01,13485.79,Processed
REF002234,ORD019822,CUST02862,2026-03-15,3670.75,Pending
REF002235,ORD019823,CUST02862,2026-04-07,1399.87,Processed
REF002236,ORD019825,CUST02862,2026-03-07,5521.86,Processed
REF002237,ORD019827,CUST02862,2026-03-26,1091.71,Declined
REF002238,ORD019828,CUST02862,2026-03-22,3788.58,Processed
REF002239,ORD019831,CUST02862,2026-06-27,3425.17,Processed
REF002240,ORD019833,CUST02862,2026-02-22,3132.05,Declined
REF002241,ORD019834,CUST02862,2026-08-10,948.38,Processed
REF002242,ORD019838,CUST02862,2026-03-20,1150.23,Processed
REF002243,ORD019840,CUST02863,2026-08-31,15852.98,Processed
REF002244,ORD019842,CUST02863,2026-08-01,2214.03,Processed
REF002245,ORD019850,CUST02865,2026-08-29,3696.08,Pending
REF002246,ORD019851,CUST02865,2026-06-20,276.05,Processed
REF002247,ORD019863,CUST02865,2026-06-07,1317.04,Processed
REF002248,ORD019866,CUST02865,2026-06-01,10567.79,Processed
REF002249,ORD019869,CUST02865,2026-08-23,13813.05,Processed
REF002250,ORD019872,CUST02865,2026-09-09,1427.49,Pending
REF002251,ORD019873,CUST02865,2026-08-03,742.92,Processed
REF002252,ORD019888,CUST02868,2026-06-16,1688.8,Processed
REF002253,ORD019890,CUST02868,2026-06-26,8650.99,Pending
REF002254,ORD019891,CUST02868,2026-08-30,1057.41,Processed
REF002255,ORD019901,CUST02869,2026-06-30,1698.62,Processed
REF002256,ORD019911,CUST02871,2026-04-29,16185.29,Processed
REF002257,ORD019929,CUST02875,2026-06-02,1404.27,Processed
REF002258,ORD019957,CUST02879,2026-07-25,1598.84,Processed
REF002259,ORD019984,CUST02885,2026-08-27,2526.33,Processed
REF002260,ORD019993,CUST02886,2026-03-15,1903.1,Processed
REF002261,ORD019997,CUST02887,2026-06-26,1566.9,Processed
REF002262,ORD020002,CUST02888,2026-08-09,467.88,Processed
REF002263,ORD020017,CUST02890,2026-08-09,6446.16,Processed
REF002264,ORD020021,CUST02890,2026-08-28,2588.57,Processed
REF002265,ORD020030,CUST02890,2026-08-01,2088.98,Processed
REF002266,ORD020034,CUST02891,2026-04-25,4165.05,Processed
REF002267,ORD020038,CUST02891,2026-05-09,621.37,Processed
REF002268,ORD020040,CUST02891,2026-08-21,635.96,Processed
REF002269,ORD020041,CUST02891,2026-01-28,1488.99,Processed
REF002270,ORD020051,CUST02893,2026-06-18,1093.88,Pending
REF002271,ORD020096,CUST02901,2026-08-19,759.37,Processed
REF002272,ORD020101,CUST02901,2026-08-28,12429.76,Processed
REF002273,ORD020105,CUST02901,2026-09-11,18499.2,Processed
REF002274,ORD020123,CUST02904,2026-08-24,12000.0,Processed
REF002275,ORD020131,CUST02905,2026-05-11,4856.44,Processed
REF002276,ORD020149,CUST02909,2026-04-24,4077.52,Processed
REF002277,ORD020162,CUST02912,2026-01-20,2184.99,Pending
REF002278,ORD020166,CUST02913,2026-09-20,2900.66,Processed
REF002279,ORD020170,CUST02914,2026-09-02,1234.3,Processed
REF002280,ORD020191,CUST02917,2026-08-08,1447.87,Processed
REF002281,ORD020197,CUST02918,2026-08-03,6490.68,Processed
REF002282,ORD020199,CUST02918,2026-07-26,4899.24,Processed
REF002283,ORD020200,CUST02918,2026-07-24,2999.86,Processed
REF002284,ORD020204,CUST02918,2026-08-04,1852.12,Processed
REF002285,ORD020210,CUST02918,2026-08-19,1086.02,Processed
REF002286,ORD020211,CUST02918,2026-08-27,19770.46,Processed
REF002287,ORD020214,CUST02918,2026-07-08,2779.73,Processed
REF002288,ORD020216,CUST02918,2026-07-13,1789.01,Processed
REF002289,ORD020217,CUST02918,2026-07-23,1598.26,Pending
REF002290,ORD020226,CUST02919,2026-04-24,1842.89,Processed
REF002291,ORD020251,CUST02923,2026-09-01,1784.52,Pending
REF002292,ORD020263,CUST02926,2026-07-02,156.95,Processed
REF002293,ORD020297,CUST02931,2026-08-27,279.45,Processed
REF002294,ORD020302,CUST02931,2026-08-30,11506.18,Processed
REF002295,ORD020303,CUST02931,2026-09-07,1031.72,Pending
REF002296,ORD020309,CUST02932,2026-05-19,970.33,Processed
REF002297,ORD020318,CUST02934,2026-06-06,1852.59,Processed
REF002298,ORD020319,CUST02934,2026-06-17,6815.7,Processed
REF002299,ORD020330,CUST02936,2026-07-24,9560.41,Processed
REF002300,ORD020333,CUST02936,2026-07-29,1067.61,Processed
REF002301,ORD020335,CUST02936,2026-07-22,1152.57,Declined
REF002302,ORD020341,CUST02936,2026-07-18,850.32,Processed
REF002303,ORD020347,CUST02936,2026-06-29,1148.01,Processed
REF002304,ORD020351,CUST02936,2026-08-09,9582.46,Processed
REF002305,ORD020353,CUST02937,2026-02-25,2989.93,Pending
REF002306,ORD020358,CUST02938,2026-04-02,3130.24,Processed
REF002307,ORD020363,CUST02939,2026-02-10,1930.84,Processed
REF002308,ORD020411,CUST02947,2026-06-03,857.78,Processed
REF002309,ORD020442,CUST02952,2026-05-15,483.03,Processed
REF002310,ORD020506,CUST02962,2026-09-11,2159.24,Processed
REF002311,ORD020512,CUST02962,2026-06-03,27522.89,Processed
REF002312,ORD020526,CUST02965,2026-08-18,2707.58,Processed
REF002313,ORD020549,CUST02968,2026-07-06,4464.57,Processed
REF002314,ORD020562,CUST02970,2026-02-17,1780.07,Processed
REF002315,ORD020563,CUST02970,2026-02-21,11733.36,Pending
REF002316,ORD020568,CUST02970,2026-04-28,28124.44,Processed
REF002317,ORD020570,CUST02970,2026-03-23,16858.47,Pending
REF002318,ORD020574,CUST02970,2026-02-06,2156.13,Processed
REF002319,ORD020583,CUST02971,2026-08-25,1974.65,Processed
REF002320,ORD020591,CUST02973,2026-09-01,1571.9,Processed
REF002321,ORD020601,CUST02975,2026-07-05,2874.78,Processed
REF002322,ORD020611,CUST02976,2026-04-22,25339.29,Processed
REF002323,ORD020632,CUST02980,2026-05-20,2784.25,Processed
REF002324,ORD020637,CUST02981,2026-06-22,1376.69,Processed
REF002325,ORD020652,CUST02983,2026-02-08,1092.28,Processed
REF002326,ORD020672,CUST02986,2026-07-21,2071.61,Processed
REF002327,ORD020677,CUST02986,2026-07-13,24830.24,Processed
REF002328,ORD020682,CUST02987,2026-08-09,4784.46,Pending
REF002329,ORD020702,CUST02990,2026-06-21,1274.97,Pending
REF002330,ORD020757,CUST02999,2026-07-20,4795.58,Processed
REF002331,ORD020760,CUST02999,2026-08-17,3573.12,Processed
REF002332,ORD020762,CUST02999,2026-08-16,1206.19,Processed
REF002333,ORD020766,CUST02999,2026-09-08,1547.01,Processed
REF002334,ORD020768,CUST02999,2026-08-11,2061.31,Processed
REF002335,ORD020769,CUST02999,2026-08-19,906.49,Processed
REF002336,ORD020770,CUST02999,2026-08-25,2681.04,Pending
REF002337,ORD020771,CUST02999,2026-07-23,9709.33,Pending
REF002338,ORD020784,CUST03001,2026-06-11,2656.85,Processed
REF002339,ORD020788,CUST03001,2026-05-28,8105.73,Processed
REF002340,ORD020789,CUST03001,2026-06-11,3219.16,Declined
REF002341,ORD020791,CUST03001,2026-05-25,988.81,Pending
REF002342,ORD020792,CUST03001,2026-06-05,1506.76,Processed
REF002343,ORD020808,CUST03003,2026-08-21,461.77,Pending
REF002344,ORD020809,CUST03003,2026-08-03,4070.11,Processed
REF002345,ORD020815,CUST03003,2026-09-03,346.7,Processed
REF002346,ORD020817,CUST03003,2026-09-12,708.45,Pending
REF002347,ORD020823,CUST03004,2026-06-25,2134.09,Processed
REF002348,ORD020824,CUST03004,2026-06-24,18386.99,Processed
REF002349,ORD020825,CUST03004,2026-08-09,2013.01,Processed
REF002350,ORD020840,CUST03006,2026-08-19,4154.33,Processed
REF002351,ORD020847,CUST03006,2026-06-14,1437.98,Processed
REF002352,ORD020860,CUST03009,2026-04-18,5544.11,Pending
REF002353,ORD020868,CUST03010,2026-02-23,17499.9,Pending
REF002354,ORD020894,CUST03014,2026-07-18,8700.64,Declined
REF002355,ORD020900,CUST03015,2026-08-04,2663.69,Processed
REF002356,ORD020922,CUST03018,2026-04-27,593.89,Processed
REF002357,ORD020929,CUST03020,2026-03-27,1425.5,Processed
REF002358,ORD020943,CUST03021,2026-06-11,41633.04,Processed
REF002359,ORD020953,CUST03023,2026-09-04,601.6,Pending
REF002360,ORD020954,CUST03023,2026-07-30,1698.06,Pending
REF002361,ORD020958,CUST03023,2026-07-24,3103.15,Processed
REF002362,ORD020959,CUST03023,2026-09-14,1342.91,Processed
REF002363,ORD020960,CUST03023,2026-08-14,2231.98,Processed
REF002364,ORD020962,CUST03023,2026-07-12,2757.75,Processed
REF002365,ORD020985,CUST03027,2026-08-29,801.74,Processed
REF002366,ORD020993,CUST03028,2026-08-23,3403.32,Processed
REF002367,ORD020996,CUST03028,2026-09-09,1236.87,Processed
REF002368,ORD021000,CUST03028,2026-09-04,4740.58,Pending
REF002369,ORD021005,CUST03028,2026-08-28,1591.49,Pending
REF002370,ORD021012,CUST03030,2026-07-14,20324.75,Processed
REF002371,ORD021014,CUST03030,2026-06-30,1352.12,Processed
REF002372,ORD021015,CUST03030,2026-06-06,3264.76,Processed
REF002373,ORD021032,CUST03032,2026-01-24,26091.39,Processed
REF002374,ORD021042,CUST03033,2026-07-31,7988.84,Processed
REF002375,ORD021053,CUST03035,2026-02-04,5839.81,Processed
REF002376,ORD021055,CUST03036,2026-07-12,336.37,Processed
REF002377,ORD021056,CUST03036,2026-07-24,2634.52,Declined
REF002378,ORD021057,CUST03036,2026-07-02,3097.65,Pending
REF002379,ORD021058,CUST03036,2026-06-28,3052.57,Processed
REF002380,ORD021059,CUST03036,2026-07-02,1677.38,Processed
REF002381,ORD021101,CUST03042,2026-09-04,1040.96,Pending
REF002382,ORD021110,CUST03044,2026-04-13,870.81,Processed
REF002383,ORD021117,CUST03045,2026-08-19,3170.52,Processed
REF002384,ORD021120,CUST03045,2026-08-16,503.61,Processed
REF002385,ORD021121,CUST03045,2026-08-29,2158.49,Processed
REF002386,ORD021122,CUST03045,2026-08-27,2024.69,Processed
REF002387,ORD021125,CUST03045,2026-08-14,1903.0,Declined
REF002388,ORD021127,CUST03045,2026-08-17,1228.56,Processed
REF002389,ORD021129,CUST03045,2026-09-02,343.79,Processed
REF002390,ORD021133,CUST03045,2026-09-15,961.09,Processed
REF002391,ORD021137,CUST03045,2026-08-24,772.45,Processed
REF002392,ORD021149,CUST03048,2026-08-06,21202.67,Processed
REF002393,ORD021150,CUST03048,2026-07-16,2327.21,Declined
REF002394,ORD021152,CUST03048,2026-07-27,1420.8,Processed
REF002395,ORD021157,CUST03048,2026-09-12,3224.62,Pending
REF002396,ORD021169,CUST03049,2026-06-10,1886.81,Pending
REF002397,ORD021173,CUST03050,2026-09-02,2333.47,Processed
REF002398,ORD021200,CUST03054,2026-07-25,841.32,Processed
REF002399,ORD021201,CUST03054,2026-06-26,923.88,Processed
REF002400,ORD021206,CUST03054,2026-07-04,1164.53,Processed
REF002401,ORD021214,CUST03054,2026-08-11,16071.43,Processed
REF002402,ORD021216,CUST03054,2026-07-13,1269.75,Processed
REF002403,ORD021238,CUST03058,2026-06-10,1345.54,Processed
REF002404,ORD021249,CUST03060,2026-07-03,1316.97,Processed
REF002405,ORD021252,CUST03060,2026-07-10,1346.14,Processed
REF002406,ORD021254,CUST03060,2026-06-18,1201.25,Processed
REF002407,ORD021260,CUST03061,2026-06-19,4014.71,Processed
REF002408,ORD021262,CUST03061,2026-09-02,1126.09,Pending
REF002409,ORD021300,CUST03068,2026-04-06,19832.15,Processed
REF002410,ORD021302,CUST03068,2026-04-08,6880.28,Processed
REF002411,ORD021303,CUST03068,2026-04-19,4247.01,Declined
REF002412,ORD021305,CUST03068,2026-04-11,15346.12,Pending
REF002413,ORD021388,CUST03079,2026-06-18,2230.59,Processed
REF002414,ORD021390,CUST03079,2026-06-20,2930.38,Declined
REF002415,ORD021396,CUST03079,2026-07-16,2028.54,Processed
REF002416,ORD021404,CUST03079,2026-06-30,9622.36,Pending
REF002417,ORD021422,CUST03081,2026-03-12,38317.65,Pending
REF002418,ORD021432,CUST03083,2026-07-30,1482.21,Pending
REF002419,ORD021435,CUST03083,2026-08-05,1736.38,Processed
REF002420,ORD021437,CUST03083,2026-08-29,3277.45,Processed
REF002421,ORD021440,CUST03083,2026-08-22,377.1,Processed
REF002422,ORD021442,CUST03083,2026-07-13,5882.83,Processed
REF002423,ORD021469,CUST03089,2026-07-07,18719.65,Processed
REF002424,ORD021470,CUST03089,2026-08-19,1284.16,Processed
REF002425,ORD021473,CUST03089,2026-06-06,29221.78,Processed
REF002426,ORD021478,CUST03090,2026-07-16,2213.77,Processed
REF002427,ORD021490,CUST03092,2026-08-02,8770.66,Pending
REF002428,ORD021507,CUST03095,2026-04-09,1022.13,Processed
REF002429,ORD021518,CUST03097,2026-08-16,1239.63,Processed
REF002430,ORD021542,CUST03101,2026-05-29,2710.67,Processed
REF002431,ORD021543,CUST03101,2026-01-27,10984.69,Processed
REF002432,ORD021561,CUST03104,2026-07-01,31892.14,Pending
REF002433,ORD021575,CUST03105,2026-07-25,1156.51,Pending
REF002434,ORD021599,CUST03108,2026-03-18,2295.34,Processed
REF002435,ORD021600,CUST03109,2026-07-08,119.66,Processed
REF002436,ORD021602,CUST03109,2026-07-03,2506.75,Processed
REF002437,ORD021603,CUST03109,2026-07-06,1580.08,Declined
REF002438,ORD021605,CUST03109,2026-06-26,11746.97,Pending
REF002439,ORD021613,CUST03109,2026-08-20,1017.62,Processed
REF002440,ORD021624,CUST03112,2026-08-09,1718.13,Processed
REF002441,ORD021648,CUST03116,2026-08-11,1365.73,Processed
REF002442,ORD021652,CUST03116,2026-08-29,490.15,Processed
REF002443,ORD021655,CUST03116,2026-07-01,2088.97,Processed
REF002444,ORD021677,CUST03120,2026-03-23,605.06,Pending
REF002445,ORD021682,CUST03120,2026-09-14,1559.17,Processed
REF002446,ORD021686,CUST03121,2026-08-10,25006.98,Processed
REF002447,ORD021688,CUST03121,2026-07-18,11774.88,Processed
REF002448,ORD021694,CUST03121,2026-08-06,965.42,Processed
REF002449,ORD021696,CUST03121,2026-07-31,1758.58,Processed
REF002450,ORD021700,CUST03122,2026-05-01,668.74,Declined
REF002451,ORD021716,CUST03126,2026-09-14,1302.76,Pending
REF002452,ORD021737,CUST03129,2026-08-08,13461.74,Processed
REF002453,ORD021747,CUST03130,2026-08-22,11500.02,Pending
REF002454,ORD021752,CUST03130,2026-08-02,2177.53,Processed
REF002455,ORD021756,CUST03131,2026-07-07,453.36,Processed
REF002456,ORD021760,CUST03131,2026-07-17,15168.51,Processed
REF002457,ORD021785,CUST03135,2026-08-17,1578.65,Processed
REF002458,ORD021789,CUST03135,2026-08-15,12729.74,Processed
REF002459,ORD021794,CUST03135,2026-08-22,1130.46,Processed
REF002460,ORD021805,CUST03135,2026-08-12,2122.45,Processed
REF002461,ORD021810,CUST03136,2026-06-05,16398.67,Declined
REF002462,ORD021811,CUST03136,2026-06-09,12561.5,Processed
REF002463,ORD021812,CUST03136,2026-08-25,2576.49,Processed
REF002464,ORD021813,CUST03136,2026-05-21,1016.06,Processed
REF002465,ORD021815,CUST03136,2026-06-11,2984.47,Processed
REF002466,ORD021817,CUST03136,2026-07-29,3316.08,Processed
REF002467,ORD021819,CUST03136,2026-07-08,9280.67,Processed
REF002468,ORD021831,CUST03138,2026-06-17,3536.19,Pending
REF002469,ORD021834,CUST03139,2026-07-28,18845.82,Processed
REF002470,ORD021845,CUST03139,2026-07-11,1612.52,Processed
REF002471,ORD021846,CUST03139,2026-07-08,9368.76,Processed
REF002472,ORD021852,CUST03139,2026-05-27,1987.52,Processed
REF002473,ORD021855,CUST03139,2026-07-03,14833.92,Pending
REF002474,ORD021856,CUST03139,2026-06-21,4840.16,Processed
REF002475,ORD021857,CUST03139,2026-08-06,7471.39,Processed
REF002476,ORD021876,CUST03142,2026-05-30,2003.12,Processed
REF002477,ORD021883,CUST03143,2026-09-11,2209.96,Processed
REF002478,ORD021886,CUST03143,2026-09-12,10881.49,Processed
REF002479,ORD021889,CUST03143,2026-09-04,809.76,Pending
REF002480,ORD021919,CUST03147,2026-08-12,1477.66,Processed
REF002481,ORD021942,CUST03150,2026-06-06,4765.63,Processed
REF002482,ORD021989,CUST03158,2026-05-04,675.03,Processed
REF002483,ORD022001,CUST03161,2026-06-11,3210.06,Processed
REF002484,ORD022002,CUST03161,2026-05-31,3666.3,Pending
REF002485,ORD022006,CUST03162,2026-05-09,1112.62,Processed
REF002486,ORD022010,CUST03162,2026-09-09,14709.14,Processed
REF002487,ORD022016,CUST03162,2026-07-22,1304.77,Processed
REF002488,ORD022030,CUST03165,2026-04-10,7848.84,Processed
REF002489,ORD022041,CUST03167,2026-08-02,1009.21,Processed
REF002490,ORD022089,CUST03176,2026-05-21,2842.82,Processed
REF002491,ORD022105,CUST03178,2026-04-19,1484.35,Processed
REF002492,ORD022112,CUST03179,2026-07-17,1819.25,Processed
REF002493,ORD022120,CUST03180,2026-07-25,2268.02,Processed
REF002494,ORD022126,CUST03181,2026-02-18,3923.59,Processed
REF002495,ORD022128,CUST03182,2026-06-30,2434.3,Processed
REF002496,ORD022133,CUST03183,2026-06-12,1128.72,Processed
REF002497,ORD022140,CUST03183,2026-06-13,5347.21,Processed
REF002498,ORD022156,CUST03185,2026-07-30,6591.3,Processed
REF002499,ORD022170,CUST03187,2026-07-29,2907.88,Processed
REF002500,ORD022173,CUST03188,2026-07-21,2334.35,Pending
REF002501,ORD022177,CUST03188,2026-09-21,1253.89,Pending
REF002502,ORD022202,CUST03192,2026-04-23,305.05,Processed
REF002503,ORD022207,CUST03193,2026-07-21,1742.89,Pending
REF002504,ORD022219,CUST03195,2026-02-23,1641.83,Processed
REF002505,ORD022242,CUST03197,2026-08-21,2543.68,Pending
REF002506,ORD022252,CUST03199,2026-02-18,639.82,Processed
REF002507,ORD022262,CUST03200,2026-06-11,46983.17,Processed
REF002508,ORD022264,CUST03201,2026-07-05,1267.17,Processed
REF002509,ORD022265,CUST03201,2026-07-01,2750.03,Declined
REF002510,ORD022266,CUST03201,2026-06-26,908.16,Declined
REF002511,ORD022272,CUST03201,2026-08-24,3296.9,Processed
REF002512,ORD022273,CUST03201,2026-08-29,9014.1,Processed
REF002513,ORD022275,CUST03201,2026-08-05,6284.95,Processed
REF002514,ORD022279,CUST03202,2026-08-24,2121.88,Processed
REF002515,ORD022349,CUST03212,2026-08-26,772.06,Processed
REF002516,ORD022350,CUST03212,2026-08-24,17691.47,Processed
REF002517,ORD022351,CUST03212,2026-08-13,4734.11,Processed
REF002518,ORD022356,CUST03212,2026-08-14,649.68,Processed
REF002519,ORD022358,CUST03212,2026-08-31,2639.76,Processed
REF002520,ORD022359,CUST03212,2026-06-19,1581.51,Pending
REF002521,ORD022360,CUST03212,2026-08-13,1215.43,Processed
REF002522,ORD022365,CUST03213,2026-04-30,1119.38,Pending
REF002523,ORD022367,CUST03213,2026-01-29,1275.96,Declined
REF002524,ORD022374,CUST03215,2026-08-20,522.11,Processed
REF002525,ORD022380,CUST03215,2026-08-20,17526.2,Processed
REF002526,ORD022403,CUST03218,2026-03-31,1928.04,Processed
REF002527,ORD022416,CUST03220,2026-07-27,3541.28,Processed
REF002528,ORD022418,CUST03220,2026-03-29,11379.49,Processed
REF002529,ORD022433,CUST03223,2026-07-16,11734.12,Processed
REF002530,ORD022434,CUST03223,2026-07-08,987.11,Processed
REF002531,ORD022435,CUST03223,2026-06-21,1049.15,Processed
REF002532,ORD022438,CUST03223,2026-08-16,198.73,Processed
REF002533,ORD022440,CUST03223,2026-06-04,4480.47,Processed
REF002534,ORD022442,CUST03223,2026-09-02,779.37,Pending
REF002535,ORD022445,CUST03224,2026-08-26,731.27,Processed
REF002536,ORD022447,CUST03224,2026-08-18,10009.52,Processed
REF002537,ORD022451,CUST03224,2026-08-18,27352.76,Pending
REF002538,ORD022467,CUST03227,2026-06-05,1461.72,Processed
REF002539,ORD022468,CUST03227,2026-05-30,9328.98,Processed
REF002540,ORD022470,CUST03227,2026-08-01,21562.37,Processed
REF002541,ORD022477,CUST03227,2026-04-28,4357.05,Processed
REF002542,ORD022484,CUST03229,2026-04-23,12958.14,Processed
REF002543,ORD022511,CUST03234,2026-05-27,3056.76,Processed
REF002544,ORD022521,CUST03236,2026-07-28,999.87,Processed
REF002545,ORD022522,CUST03236,2026-06-16,1833.28,Processed
REF002546,ORD022523,CUST03236,2026-08-22,1318.78,Processed
REF002547,ORD022527,CUST03237,2026-07-21,187.47,Processed
REF002548,ORD022528,CUST03237,2026-05-31,1268.2,Pending
REF002549,ORD022550,CUST03239,2026-09-06,15576.99,Processed
REF002550,ORD022561,CUST03240,2026-07-18,11197.25,Processed
REF002551,ORD022574,CUST03242,2026-04-23,821.66,Processed
REF002552,ORD022578,CUST03243,2026-07-31,6519.91,Processed
REF002553,ORD022580,CUST03243,2026-06-23,2664.25,Processed
REF002554,ORD022584,CUST03243,2026-09-08,2430.79,Pending
REF002555,ORD022610,CUST03248,2026-05-25,1210.46,Declined
REF002556,ORD022615,CUST03249,2026-08-03,2707.91,Processed
REF002557,ORD022657,CUST03257,2026-08-14,772.81,Pending
REF002558,ORD022670,CUST03259,2026-08-29,557.34,Processed
REF002559,ORD022674,CUST03259,2026-09-03,2516.12,Pending
REF002560,ORD022676,CUST03259,2026-08-18,1427.21,Processed
REF002561,ORD022678,CUST03259,2026-08-23,10752.69,Processed
REF002562,ORD022682,CUST03260,2026-07-19,1574.37,Processed
REF002563,ORD022694,CUST03261,2026-05-27,960.12,Processed
REF002564,ORD022698,CUST03262,2026-01-30,765.45,Processed
REF002565,ORD022711,CUST03264,2026-08-25,2014.11,Processed
REF002566,ORD022725,CUST03266,2026-07-20,1116.86,Processed
REF002567,ORD022726,CUST03266,2026-07-05,986.31,Processed
REF002568,ORD022732,CUST03266,2026-09-15,1626.01,Pending
REF002569,ORD022738,CUST03267,2026-08-22,4767.34,Processed
REF002570,ORD022742,CUST03268,2026-07-12,22279.51,Pending
REF002571,ORD022745,CUST03268,2026-06-15,2490.78,Processed
REF002572,ORD022755,CUST03268,2026-08-30,1481.34,Processed
REF002573,ORD022765,CUST03270,2026-09-02,17023.68,Pending
REF002574,ORD022767,CUST03270,2026-09-03,1386.48,Processed
REF002575,ORD022782,CUST03272,2026-08-25,308.87,Pending
REF002576,ORD022798,CUST03275,2026-08-17,2672.49,Processed
REF002577,ORD022802,CUST03275,2026-08-30,834.54,Processed
REF002578,ORD022807,CUST03275,2026-09-06,11162.28,Processed
REF002579,ORD022827,CUST03278,2026-08-19,427.87,Processed
REF002580,ORD022833,CUST03278,2026-08-02,1191.05,Processed
REF002581,ORD022860,CUST03282,2026-07-22,893.74,Processed
REF002582,ORD022882,CUST03285,2026-04-07,1701.36,Processed
REF002583,ORD022886,CUST03285,2026-07-27,1034.85,Processed
REF002584,ORD022889,CUST03285,2026-05-01,917.81,Processed
REF002585,ORD022892,CUST03285,2026-08-08,82.42,Processed
REF002586,ORD022921,CUST03291,2026-05-29,1478.85,Processed
REF002587,ORD022929,CUST03291,2026-04-25,1589.66,Processed
REF002588,ORD022953,CUST03295,2026-04-20,625.62,Declined
REF002589,ORD022972,CUST03298,2026-04-24,3358.41,Processed
REF002590,ORD022984,CUST03300,2026-05-03,1151.64,Processed
REF002591,ORD022991,CUST03301,2026-02-18,28063.6,Processed
REF002592,ORD023000,CUST03303,2026-07-25,399.05,Declined
REF002593,ORD023001,CUST03303,2026-06-15,628.02,Processed
REF002594,ORD023003,CUST03303,2026-08-24,1201.12,Pending
REF002595,ORD023007,CUST03303,2026-07-27,2010.44,Processed
REF002596,ORD023020,CUST03305,2026-06-12,3346.83,Declined
REF002597,ORD023025,CUST03307,2026-08-23,6071.78,Processed
REF002598,ORD023033,CUST03308,2026-06-17,1702.59,Processed
REF002599,ORD023039,CUST03309,2026-07-30,4211.92,Processed
REF002600,ORD023046,CUST03309,2026-07-29,1680.82,Processed
REF002601,ORD023048,CUST03309,2026-05-18,392.76,Processed
REF002602,ORD023073,CUST03314,2026-06-21,4058.42,Processed
REF002603,ORD023075,CUST03314,2026-07-23,6331.13,Processed
REF002604,ORD023079,CUST03314,2026-06-28,2732.59,Processed
REF002605,ORD023084,CUST03314,2026-07-23,42988.59,Processed
REF002606,ORD023100,CUST03316,2026-06-27,3277.12,Declined
REF002607,ORD023106,CUST03317,2026-07-02,1396.01,Processed
REF002608,ORD023121,CUST03319,2026-06-18,3961.96,Processed
REF002609,ORD023129,CUST03319,2026-05-26,3284.18,Processed
REF002610,ORD023152,CUST03322,2026-02-09,1054.9,Processed
REF002611,ORD023166,CUST03324,2026-07-27,4460.3,Processed
REF002612,ORD023191,CUST03329,2026-09-09,1709.08,Processed
REF002613,ORD023197,CUST03329,2026-08-16,2921.8,Processed
REF002614,ORD023213,CUST03331,2026-05-22,713.15,Processed
REF002615,ORD023214,CUST03332,2026-02-16,305.84,Processed
REF002616,ORD023215,CUST03332,2026-06-22,18542.27,Processed
REF002617,ORD023221,CUST03332,2026-09-10,4506.8,Pending
REF002618,ORD023231,CUST03334,2026-06-07,2707.28,Processed
REF002619,ORD023237,CUST03335,2026-08-16,772.39,Processed
REF002620,ORD023239,CUST03335,2026-08-20,930.15,Processed
REF002621,ORD023241,CUST03335,2026-08-28,407.58,Processed
REF002622,ORD023245,CUST03335,2026-09-01,7431.7,Pending
REF002623,ORD023247,CUST03335,2026-08-09,1112.05,Processed
REF002624,ORD023267,CUST03339,2026-04-12,2916.3,Processed
REF002625,ORD023273,CUST03340,2026-07-28,21289.97,Processed
REF002626,ORD023278,CUST03340,2026-07-21,2115.21,Processed
REF002627,ORD023280,CUST03340,2026-08-05,29585.69,Pending
REF002628,ORD023281,CUST03340,2026-07-10,11933.75,Processed
REF002629,ORD023300,CUST03343,2026-07-18,1942.75,Processed
REF002630,ORD023314,CUST03345,2026-09-04,16786.39,Processed
REF002631,ORD023320,CUST03345,2026-06-05,886.98,Processed
REF002632,ORD023342,CUST03349,2026-06-20,1783.15,Pending
REF002633,ORD023343,CUST03350,2026-07-28,27760.08,Processed
REF002634,ORD023346,CUST03350,2026-08-18,3998.42,Processed
REF002635,ORD023347,CUST03350,2026-08-04,853.63,Processed
REF002636,ORD023350,CUST03350,2026-08-15,1166.72,Processed
REF002637,ORD023355,CUST03351,2026-07-20,874.17,Processed
REF002638,ORD023372,CUST03354,2026-07-13,2414.91,Processed
REF002639,ORD023374,CUST03355,2026-08-29,6550.27,Declined
REF002640,ORD023376,CUST03355,2026-09-07,1386.12,Pending
REF002641,ORD023383,CUST03355,2026-09-06,726.63,Processed
REF002642,ORD023386,CUST03356,2026-08-06,5047.13,Processed
REF002643,ORD023391,CUST03356,2026-08-14,1695.45,Processed
REF002644,ORD023395,CUST03356,2026-07-20,577.33,Processed
REF002645,ORD023401,CUST03356,2026-07-30,2146.95,Processed
REF002646,ORD023402,CUST03356,2026-08-12,518.01,Processed
REF002647,ORD023405,CUST03356,2026-09-08,13060.2,Pending
REF002648,ORD023425,CUST03360,2026-06-13,12514.4,Pending
REF002649,ORD023441,CUST03363,2026-06-03,1728.68,Processed
REF002650,ORD023445,CUST03363,2026-06-02,1111.27,Pending
REF002651,ORD023447,CUST03363,2026-05-18,23572.48,Processed
REF002652,ORD023449,CUST03363,2026-05-20,1628.21,Processed
REF002653,ORD023470,CUST03366,2026-09-10,581.95,Pending
REF002654,ORD023492,CUST03370,2026-08-21,4000.0,Declined
REF002655,ORD023499,CUST03370,2026-08-05,693.41,Processed
REF002656,ORD023504,CUST03370,2026-08-31,16051.03,Processed
REF002657,ORD023505,CUST03371,2026-07-25,2496.3,Processed
REF002658,ORD023508,CUST03371,2026-02-27,1738.76,Processed
REF002659,ORD023509,CUST03371,2026-07-15,16192.46,Processed
REF002660,ORD023512,CUST03372,2026-09-10,709.83,Processed
REF002661,ORD023524,CUST03373,2026-03-01,5328.93,Processed
REF002662,ORD023527,CUST03373,2026-03-19,1351.24,Processed
REF002663,ORD023528,CUST03373,2026-01-31,1171.77,Processed
REF002664,ORD023536,CUST03374,2026-02-15,2140.16,Processed
REF002665,ORD023554,CUST03378,2026-07-29,2023.76,Processed
REF002666,ORD023558,CUST03378,2026-07-04,608.02,Processed
REF002667,ORD023561,CUST03378,2026-08-20,1211.45,Processed
REF002668,ORD023562,CUST03378,2026-07-19,2000.09,Pending
REF002669,ORD023571,CUST03378,2026-09-01,1428.77,Processed
REF002670,ORD023576,CUST03379,2026-08-30,1132.66,Processed
REF002671,ORD023581,CUST03380,2026-06-27,2686.44,Processed
REF002672,ORD023582,CUST03380,2026-06-28,1413.45,Processed
REF002673,ORD023583,CUST03380,2026-06-25,2051.83,Pending
REF002674,ORD023587,CUST03380,2026-07-06,1020.51,Processed
REF002675,ORD023588,CUST03380,2026-07-12,1123.74,Processed
REF002676,ORD023590,CUST03380,2026-07-05,13747.14,Processed
REF002677,ORD023592,CUST03380,2026-03-05,18624.57,Processed
REF002678,ORD023593,CUST03380,2026-04-29,1215.58,Processed
REF002679,ORD023596,CUST03380,2026-01-27,2114.62,Processed
REF002680,ORD023598,CUST03381,2026-09-30,866.47,Processed
REF002681,ORD023605,CUST03382,2026-05-27,4486.13,Processed
REF002682,ORD023606,CUST03382,2026-05-25,14916.12,Processed
REF002683,ORD023610,CUST03382,2026-05-06,1713.41,Processed
REF002684,ORD023613,CUST03382,2026-07-16,841.95,Declined
REF002685,ORD023618,CUST03382,2026-07-25,3476.6,Processed
REF002686,ORD023642,CUST03387,2026-05-12,755.97,Processed
REF002687,ORD023652,CUST03389,2026-05-26,2779.62,Processed
REF002688,ORD023657,CUST03390,2026-05-19,1712.78,Processed
REF002689,ORD023659,CUST03391,2026-04-08,401.91,Pending
REF002690,ORD023664,CUST03391,2026-06-03,799.23,Processed
REF002691,ORD023671,CUST03392,2026-09-13,3813.94,Pending
REF002692,ORD023677,CUST03393,2026-06-25,992.09,Processed
REF002693,ORD023685,CUST03394,2026-08-10,7961.25,Processed
REF002694,ORD023696,CUST03396,2026-05-29,2772.78,Processed
REF002695,ORD023701,CUST03397,2026-09-12,2098.96,Processed
REF002696,ORD023738,CUST03404,2026-08-26,698.06,Pending
REF002697,ORD023740,CUST03404,2026-08-19,2591.15,Processed
REF002698,ORD023743,CUST03405,2026-07-13,761.8,Processed
REF002699,ORD023756,CUST03407,2026-07-24,17953.53,Processed
REF002700,ORD023786,CUST03412,2026-08-09,742.67,Processed
REF002701,ORD023841,CUST03421,2026-09-10,5918.01,Pending
REF002702,ORD023843,CUST03421,2026-09-17,9635.14,Pending
REF002703,ORD023844,CUST03421,2026-09-08,2209.87,Pending
REF002704,ORD023845,CUST03421,2026-09-08,2325.1,Processed
REF002705,ORD023847,CUST03421,2026-08-29,13619.48,Processed
REF002706,ORD023849,CUST03421,2026-08-28,5064.25,Processed
REF002707,ORD023878,CUST03427,2026-03-26,886.74,Processed
REF002708,ORD023903,CUST03431,2026-06-03,849.05,Processed
REF002709,ORD023907,CUST03432,2026-06-30,917.5,Processed
REF002710,ORD023909,CUST03432,2026-07-08,6237.59,Processed
REF002711,ORD023923,CUST03433,2026-08-28,711.3,Processed
REF002712,ORD023924,CUST03433,2026-08-13,1672.87,Processed
REF002713,ORD023933,CUST03435,2026-06-23,1704.24,Processed
REF002714,ORD023940,CUST03437,2026-09-18,1395.09,Pending
REF002715,ORD023943,CUST03437,2026-06-22,452.03,Pending
REF002716,ORD023966,CUST03442,2026-08-02,657.01,Processed
REF002717,ORD023968,CUST03442,2026-08-18,540.65,Processed
REF002718,ORD024006,CUST03448,2026-07-31,7825.62,Processed
REF002719,ORD024008,CUST03448,2026-08-01,1334.35,Processed
REF002720,ORD024010,CUST03448,2026-07-23,875.4,Processed
REF002721,ORD024011,CUST03448,2026-07-18,1319.87,Processed
REF002722,ORD024032,CUST03451,2026-08-21,3025.45,Processed
REF002723,ORD024033,CUST03451,2026-08-21,7052.75,Processed
REF002724,ORD024038,CUST03451,2026-08-21,38812.87,Processed
REF002725,ORD024042,CUST03451,2026-09-03,964.3,Processed
REF002726,ORD024057,CUST03454,2026-04-17,75.05,Declined
REF002727,ORD024088,CUST03460,2026-05-01,3410.53,Processed
REF002728,ORD024120,CUST03465,2026-07-09,618.42,Processed
REF002729,ORD024123,CUST03466,2026-05-07,7679.9,Processed
REF002730,ORD024135,CUST03467,2026-08-09,1779.97,Pending
REF002731,ORD024137,CUST03468,2026-05-09,3391.39,Processed
REF002732,ORD024141,CUST03468,2026-08-29,776.63,Processed
REF002733,ORD024143,CUST03468,2026-08-21,20276.15,Processed
REF002734,ORD024155,CUST03469,2026-08-23,27416.34,Processed
REF002735,ORD024156,CUST03469,2026-01-25,4143.87,Processed
REF002736,ORD024157,CUST03469,2026-06-18,1143.92,Processed
REF002737,ORD024158,CUST03469,2026-01-29,1053.57,Processed
REF002738,ORD024160,CUST03469,2026-04-10,11274.07,Processed
REF002739,ORD024163,CUST03469,2026-04-02,1070.05,Processed
REF002740,ORD024173,CUST03471,2026-08-23,2134.39,Processed
REF002741,ORD024177,CUST03471,2026-09-10,1133.46,Processed
REF002742,ORD024178,CUST03471,2026-09-03,1550.79,Processed
REF002743,ORD024189,CUST03472,2026-08-20,2338.68,Processed
REF002744,ORD024194,CUST03472,2026-08-24,7913.99,Processed
REF002745,ORD024211,CUST03475,2026-02-24,1543.45,Processed
REF002746,ORD024215,CUST03475,2026-06-26,427.61,Processed
REF002747,ORD024216,CUST03475,2026-09-01,8725.12,Processed
REF002748,ORD024219,CUST03475,2026-04-17,1671.41,Processed
REF002749,ORD024220,CUST03475,2026-04-01,990.79,Processed
REF002750,ORD024238,CUST03479,2026-08-12,5579.68,Processed
REF002751,ORD024256,CUST03481,2026-08-12,2129.42,Processed
REF002752,ORD024258,CUST03481,2026-03-08,2247.93,Pending
REF002753,ORD024259,CUST03481,2026-05-06,454.76,Processed
REF002754,ORD024267,CUST03481,2026-01-24,2042.46,Processed
REF002755,ORD024317,CUST03491,2026-06-14,1055.84,Processed
REF002756,ORD024325,CUST03491,2026-08-09,1183.88,Processed
REF002757,ORD024328,CUST03491,2026-06-06,11747.95,Processed
REF002758,ORD024345,CUST03494,2026-09-16,18024.2,Processed
REF002759,ORD024350,CUST03495,2026-08-07,1013.78,Processed
REF002760,ORD024352,CUST03495,2026-08-07,11209.42,Processed
REF002761,ORD024353,CUST03495,2026-08-06,2940.04,Pending
REF002762,ORD024356,CUST03495,2026-08-31,2998.05,Processed
REF002763,ORD024364,CUST03495,2026-09-12,8534.55,Processed
REF002764,ORD024381,CUST03498,2026-07-23,1666.49,Processed
REF002765,ORD024385,CUST03498,2026-07-16,14149.19,Pending
REF002766,ORD024387,CUST03498,2026-07-22,6349.6,Processed
REF002767,ORD024390,CUST03498,2026-06-27,16359.98,Declined
REF002768,ORD024402,CUST03501,2026-08-22,22171.88,Processed
REF002769,ORD024405,CUST03501,2026-08-24,2773.48,Declined
REF002770,ORD024408,CUST03501,2026-06-20,3487.59,Processed
REF002771,ORD024416,CUST03502,2026-07-22,1981.77,Processed
REF002772,ORD024421,CUST03502,2026-08-03,2795.98,Processed
REF002773,ORD024429,CUST03504,2026-07-16,1753.71,Processed
REF002774,ORD024430,CUST03504,2026-08-15,1325.04,Pending
REF002775,ORD024444,CUST03506,2026-08-23,19988.4,Declined
REF002776,ORD024445,CUST03506,2026-08-20,2337.21,Declined
REF002777,ORD024448,CUST03506,2026-08-29,20206.63,Processed
REF002778,ORD024450,CUST03506,2026-08-30,3152.39,Pending
REF002779,ORD024454,CUST03506,2026-09-01,2754.96,Pending
REF002780,ORD024460,CUST03506,2026-09-01,4830.61,Processed
REF002781,ORD024492,CUST03513,2026-05-28,2037.02,Processed
REF002782,ORD024501,CUST03515,2026-03-06,9066.29,Processed
REF002783,ORD024570,CUST03526,2026-08-14,6000.0,Processed
REF002784,ORD024573,CUST03526,2026-07-12,3812.09,Processed
REF002785,ORD024579,CUST03527,2026-08-13,1884.71,Processed
REF002786,ORD024583,CUST03527,2026-09-08,1050.47,Pending
REF002787,ORD024593,CUST03529,2026-07-23,2115.56,Processed
REF002788,ORD024623,CUST03534,2026-02-19,6980.29,Processed
REF002789,ORD024650,CUST03539,2026-08-14,24699.29,Processed
REF002790,ORD024657,CUST03539,2026-08-27,12232.64,Processed
REF002791,ORD024658,CUST03539,2026-08-04,1882.59,Processed
REF002792,ORD024669,CUST03541,2026-07-06,1209.94,Pending
REF002793,ORD024689,CUST03545,2026-06-02,2791.95,Processed
REF002794,ORD024696,CUST03546,2026-05-08,2899.84,Processed
REF002795,ORD024701,CUST03547,2026-08-03,5735.84,Processed
REF002796,ORD024712,CUST03548,2026-08-08,10406.04,Pending
REF002797,ORD024716,CUST03548,2026-07-23,20461.07,Processed
REF002798,ORD024723,CUST03548,2026-07-07,1473.77,Processed
REF002799,ORD024738,CUST03552,2026-07-16,4588.44,Processed
REF002800,ORD024740,CUST03552,2026-07-16,2455.34,Pending
REF002801,ORD024742,CUST03552,2026-07-26,28184.21,Processed
REF002802,ORD024783,CUST03559,2026-07-29,1297.21,Pending
REF002803,ORD024793,CUST03562,2026-06-06,36142.53,Processed
REF002804,ORD024794,CUST03562,2026-07-31,1922.72,Processed
REF002805,ORD024796,CUST03563,2026-07-25,482.95,Processed
REF002806,ORD024825,CUST03568,2026-09-11,13139.5,Processed
REF002807,ORD024836,CUST03570,2026-07-18,50321.32,Pending
REF002808,ORD024850,CUST03571,2026-07-17,11693.28,Processed
REF002809,ORD024861,CUST03572,2026-08-22,631.36,Processed
REF002810,ORD024881,CUST03575,2026-08-26,665.55,Processed
REF002811,ORD024895,CUST03578,2026-06-01,2777.64,Processed
REF002812,ORD024896,CUST03578,2026-07-18,791.85,Pending
REF002813,ORD024904,CUST03578,2026-08-10,705.08,Processed
REF002814,ORD024909,CUST03579,2026-09-11,23020.19,Pending
REF002815,ORD024911,CUST03579,2026-09-13,12010.88,Processed
REF002816,ORD024912,CUST03579,2026-09-03,2501.63,Processed
REF002817,ORD024913,CUST03579,2026-08-07,2261.28,Processed
REF002818,ORD024918,CUST03579,2026-07-28,5289.05,Pending
REF002819,ORD024921,CUST03580,2026-09-05,508.86,Pending
REF002820,ORD024955,CUST03586,2026-09-09,904.46,Processed
REF002821,ORD024958,CUST03586,2026-04-01,359.55,Processed
REF002822,ORD024961,CUST03586,2026-04-18,19711.39,Processed
REF002823,ORD025001,CUST03594,2026-05-12,18893.66,Processed
REF002824,ORD025003,CUST03594,2026-08-11,568.35,Processed
REF002825,ORD025013,CUST03596,2026-09-14,1252.96,Pending
REF002826,ORD025027,CUST03598,2026-04-13,147.46,Processed
REF002827,ORD025061,CUST03603,2026-05-16,11292.08,Processed
REF002828,ORD025062,CUST03603,2026-07-05,2994.37,Processed
REF002829,ORD025066,CUST03603,2026-08-05,16911.13,Processed
REF002830,ORD025075,CUST03604,2026-08-06,2388.63,Processed
REF002831,ORD025085,CUST03606,2026-06-19,285.4,Processed
REF002832,ORD025089,CUST03607,2026-07-29,14125.28,Processed
REF002833,ORD025090,CUST03607,2026-07-25,1953.86,Processed
REF002834,ORD025092,CUST03607,2026-07-22,1375.22,Pending
REF002835,ORD025097,CUST03607,2026-06-18,2278.29,Processed
REF002836,ORD025100,CUST03607,2026-09-01,18144.1,Pending
REF002837,ORD025104,CUST03608,2026-09-03,409.92,Pending
REF002838,ORD025145,CUST03615,2026-07-25,2290.53,Processed
REF002839,ORD025150,CUST03615,2026-02-02,1259.45,Processed
REF002840,ORD025152,CUST03616,2026-05-09,2601.72,Processed
REF002841,ORD025157,CUST03616,2026-09-21,3129.1,Pending
REF002842,ORD025176,CUST03619,2026-04-04,397.98,Processed
REF002843,ORD025184,CUST03621,2026-03-15,3855.71,Pending
REF002844,ORD025194,CUST03622,2026-08-16,7350.93,Processed
REF002845,ORD025195,CUST03623,2026-05-02,23063.02,Declined
REF002846,ORD025198,CUST03623,2026-07-15,4218.54,Processed
REF002847,ORD025199,CUST03623,2026-02-18,15638.48,Processed
REF002848,ORD025211,CUST03625,2026-08-05,1976.62,Processed
REF002849,ORD025213,CUST03625,2026-08-30,7135.0,Declined
REF002850,ORD025222,CUST03625,2026-05-15,26856.6,Processed
REF002851,ORD025225,CUST03626,2026-02-04,10606.27,Pending
REF002852,ORD025249,CUST03630,2026-02-22,1565.29,Processed
REF002853,ORD025250,CUST03630,2026-02-14,11154.24,Processed
REF002854,ORD025256,CUST03630,2026-03-01,3404.81,Processed
REF002855,ORD025258,CUST03630,2026-04-09,1892.65,Processed
REF002856,ORD025260,CUST03630,2026-08-07,2310.64,Processed
REF002857,ORD025277,CUST03632,2026-02-11,1973.18,Processed
REF002858,ORD025284,CUST03633,2026-07-19,2790.71,Processed
REF002859,ORD025290,CUST03633,2026-04-05,3765.96,Processed
REF002860,ORD025293,CUST03633,2026-05-06,4839.72,Processed
REF002861,ORD025297,CUST03633,2026-08-29,11365.48,Declined
REF002862,ORD025298,CUST03633,2026-05-01,1512.29,Processed
REF002863,ORD025331,CUST03639,2026-07-27,15501.26,Processed
REF002864,ORD025362,CUST03643,2026-07-12,14249.74,Processed
REF002865,ORD025407,CUST03650,2026-09-08,494.81,Pending
REF002866,ORD025412,CUST03650,2026-09-23,6846.17,Processed
REF002867,ORD025421,CUST03651,2026-08-31,1498.26,Pending
REF002868,ORD025434,CUST03652,2026-07-13,1581.11,Processed
REF002869,ORD025438,CUST03652,2026-06-24,6671.07,Processed
REF002870,ORD025441,CUST03652,2026-07-21,2155.96,Processed
REF002871,ORD025449,CUST03653,2026-03-08,3638.37,Declined
REF002872,ORD025457,CUST03655,2026-08-26,1564.29,Processed
REF002873,ORD025459,CUST03655,2026-09-03,1052.1,Processed
REF002874,ORD025460,CUST03655,2026-08-16,807.89,Processed
REF002875,ORD025467,CUST03655,2026-07-23,649.3,Processed
REF002876,ORD025469,CUST03656,2026-04-18,3572.51,Processed
REF002877,ORD025474,CUST03657,2026-07-04,1532.41,Processed
REF002878,ORD025476,CUST03657,2026-08-14,5204.48,Processed
REF002879,ORD025521,CUST03664,2026-04-17,2073.07,Processed
REF002880,ORD025534,CUST03668,2026-09-09,22407.38,Processed
REF002881,ORD025539,CUST03668,2026-08-25,3244.14,Processed
REF002882,ORD025558,CUST03671,2026-06-06,6591.06,Processed
REF002883,ORD025618,CUST03681,2026-08-15,4143.46,Processed
REF002884,ORD025626,CUST03683,2026-08-21,1042.68,Pending
REF002885,ORD025649,CUST03687,2026-06-06,1667.85,Processed
REF002886,ORD025653,CUST03687,2026-03-12,971.13,Processed
REF002887,ORD025657,CUST03687,2026-07-21,909.92,Pending
REF002888,ORD025669,CUST03689,2026-01-17,380.95,Processed
REF002889,ORD025680,CUST03690,2026-07-28,2998.65,Processed
REF002890,ORD025693,CUST03693,2026-09-14,895.74,Processed
REF002891,ORD025694,CUST03693,2026-09-11,559.42,Pending
REF002892,ORD025702,CUST03694,2026-07-28,20553.89,Processed
REF002893,ORD025704,CUST03694,2026-06-23,1057.67,Processed
REF002894,ORD025727,CUST03698,2026-03-11,1037.22,Processed
REF002895,ORD025748,CUST03701,2026-08-09,8660.01,Processed
REF002896,ORD025760,CUST03703,2026-07-11,2140.05,Processed
REF002897,ORD025766,CUST03704,2026-06-27,4385.61,Pending
REF002898,ORD025769,CUST03704,2026-09-19,3394.15,Processed
REF002899,ORD025777,CUST03705,2026-04-03,2990.46,Processed
REF002900,ORD025783,CUST03706,2026-08-17,19838.1,Processed
REF002901,ORD025809,CUST03710,2026-02-23,3973.39,Processed
REF002902,ORD025810,CUST03710,2026-08-31,2084.03,Declined
REF002903,ORD025839,CUST03716,2026-04-18,2269.12,Processed
REF002904,ORD025846,CUST03717,2026-06-28,11538.14,Processed
REF002905,ORD025855,CUST03718,2026-07-07,25962.97,Processed
REF002906,ORD025929,CUST03730,2026-03-03,1941.02,Processed
REF002907,ORD025937,CUST03731,2026-07-09,400.0,Processed
REF002908,ORD025941,CUST03731,2026-06-29,3724.49,Processed
REF002909,ORD025952,CUST03733,2026-03-17,3484.13,Processed
REF002910,ORD025958,CUST03735,2026-03-24,2000.43,Processed
REF002911,ORD025963,CUST03736,2026-03-11,2215.95,Pending
REF002912,ORD025966,CUST03736,2026-03-24,2793.0,Pending
REF002913,ORD025967,CUST03736,2026-03-17,1792.56,Processed
REF002914,ORD025969,CUST03736,2026-06-20,9109.67,Processed
REF002915,ORD025985,CUST03739,2026-06-07,2028.24,Declined
REF002916,ORD025986,CUST03739,2026-06-26,1831.23,Processed
REF002917,ORD025998,CUST03742,2026-08-22,2917.92,Processed
REF002918,ORD026003,CUST03742,2026-03-04,1269.51,Processed
REF002919,ORD026020,CUST03745,2026-09-02,12530.9,Pending
REF002920,ORD026033,CUST03747,2026-09-02,14232.01,Pending
REF002921,ORD026034,CUST03747,2026-06-08,2583.82,Pending
REF002922,ORD026035,CUST03747,2026-06-11,674.97,Processed
REF002923,ORD026061,CUST03751,2026-03-08,2485.81,Processed
REF002924,ORD026062,CUST03751,2026-02-28,1357.07,Processed
REF002925,ORD026066,CUST03751,2026-03-05,1576.61,Processed
REF002926,ORD026071,CUST03751,2026-07-29,18989.36,Pending
REF002927,ORD026077,CUST03752,2026-08-09,3303.16,Processed
REF002928,ORD026086,CUST03752,2026-06-15,2441.96,Declined
REF002929,ORD026098,CUST03755,2026-05-13,1375.4,Processed
REF002930,ORD026102,CUST03756,2026-07-03,869.27,Processed
REF002931,ORD026122,CUST03759,2026-05-14,2384.02,Processed
REF002932,ORD026142,CUST03763,2026-04-22,14048.14,Processed
REF002933,ORD026152,CUST03765,2026-08-12,2960.49,Processed
REF002934,ORD026162,CUST03765,2026-09-14,721.34,Processed
REF002935,ORD026177,CUST03768,2026-08-10,3334.62,Processed
REF002936,ORD026178,CUST03768,2026-08-11,994.48,Declined
REF002937,ORD026189,CUST03769,2026-08-08,3958.1,Processed
REF002938,ORD026192,CUST03769,2026-08-03,4651.9,Processed
REF002939,ORD026205,CUST03771,2026-04-12,1178.65,Processed
REF002940,ORD026213,CUST03772,2026-08-01,1217.25,Processed
REF002941,ORD026214,CUST03772,2026-07-28,5616.16,Processed
REF002942,ORD026215,CUST03772,2026-08-07,2403.52,Processed
REF002943,ORD026220,CUST03772,2026-08-03,1193.4,Processed
REF002944,ORD026222,CUST03772,2026-09-05,655.18,Processed
REF002945,ORD026233,CUST03772,2026-09-03,1705.26,Pending
REF002946,ORD026238,CUST03773,2026-09-22,4181.87,Processed
REF002947,ORD026250,CUST03775,2026-08-14,1659.89,Processed
REF002948,ORD026251,CUST03775,2026-05-25,514.75,Processed
REF002949,ORD026254,CUST03775,2026-03-23,27905.16,Processed
REF002950,ORD026257,CUST03775,2026-06-22,7169.0,Processed
REF002951,ORD026260,CUST03775,2026-05-28,3709.27,Processed
REF002952,ORD026284,CUST03777,2026-07-29,4541.0,Processed
REF002953,ORD026285,CUST03777,2026-09-23,1100.41,Pending
REF002954,ORD026286,CUST03777,2026-08-22,10200.35,Processed
REF002955,ORD026293,CUST03779,2026-08-11,1069.98,Processed
REF002956,ORD026294,CUST03779,2026-07-05,1865.77,Processed
REF002957,ORD026322,CUST03785,2026-07-30,23885.75,Processed
REF002958,ORD026325,CUST03785,2026-08-26,765.48,Processed
REF002959,ORD026326,CUST03785,2026-08-16,30155.7,Processed
REF002960,ORD026331,CUST03785,2026-07-13,7784.32,Processed
REF002961,ORD026332,CUST03785,2026-08-14,229.02,Processed
REF002962,ORD026333,CUST03785,2026-09-08,15312.7,Pending
REF002963,ORD026334,CUST03785,2026-08-06,16858.88,Processed
REF002964,ORD026341,CUST03786,2026-08-09,1801.92,Processed
REF002965,ORD026343,CUST03786,2026-08-03,1163.11,Processed
REF002966,ORD026344,CUST03786,2026-08-07,1382.27,Processed
REF002967,ORD026345,CUST03786,2026-08-04,16022.31,Processed
REF002968,ORD026346,CUST03786,2026-06-17,2043.56,Processed
REF002969,ORD026359,CUST03788,2026-07-29,12648.66,Processed
REF002970,ORD026369,CUST03788,2026-06-28,9478.43,Processed
REF002971,ORD026381,CUST03791,2026-05-22,24541.36,Processed
REF002972,ORD026392,CUST03793,2026-08-30,556.98,Processed
REF002973,ORD026412,CUST03797,2026-07-14,1414.51,Processed
REF002974,ORD026413,CUST03797,2026-07-15,1563.5,Processed
REF002975,ORD026420,CUST03797,2026-04-18,2127.55,Processed
REF002976,ORD026436,CUST03799,2026-08-27,24200.47,Processed
REF002977,ORD026439,CUST03799,2026-07-20,2209.6,Processed
REF002978,ORD026449,CUST03800,2026-08-20,471.44,Processed
REF002979,ORD026454,CUST03801,2026-06-06,2281.2,Processed
REF002980,ORD026460,CUST03802,2026-06-18,1977.68,Declined
REF002981,ORD026473,CUST03804,2026-07-09,3059.52,Processed
REF002982,ORD026488,CUST03807,2026-07-30,1851.94,Pending
REF002983,ORD026489,CUST03807,2026-09-01,7947.73,Pending
REF002984,ORD026492,CUST03807,2026-03-27,2079.18,Processed
REF002985,ORD026494,CUST03807,2026-05-01,2850.66,Processed
REF002986,ORD026498,CUST03807,2026-08-04,3763.28,Processed
REF002987,ORD026505,CUST03807,2026-06-06,2284.52,Processed
REF002988,ORD026527,CUST03811,2026-05-16,3928.54,Processed
REF002989,ORD026528,CUST03811,2026-07-13,1039.63,Processed
REF002990,ORD026558,CUST03816,2026-06-14,19218.8,Processed
REF002991,ORD026569,CUST03818,2026-04-13,2319.14,Processed
REF002992,ORD026572,CUST03818,2026-08-25,930.15,Processed
REF002993,ORD026579,CUST03819,2026-07-25,2672.8,Processed
REF002994,ORD026586,CUST03819,2026-06-22,31219.98,Processed
REF002995,ORD026590,CUST03819,2026-07-15,2951.81,Processed
REF002996,ORD026614,CUST03824,2026-04-10,1362.46,Declined
REF002997,ORD026626,CUST03826,2026-04-13,25000.18,Processed
REF002998,ORD026630,CUST03826,2026-03-06,1613.83,Processed
REF002999,ORD026634,CUST03826,2026-02-03,2626.54,Processed
REF003000,ORD026644,CUST03828,2026-06-07,1711.41,Processed
REF003001,ORD026647,CUST03828,2026-04-06,2804.3,Processed
REF003002,ORD026656,CUST03830,2026-05-02,851.14,Processed
REF003003,ORD026657,CUST03830,2026-05-04,1367.96,Declined
REF003004,ORD026669,CUST03830,2026-07-29,5121.23,Processed
REF003005,ORD026671,CUST03830,2026-03-23,5590.47,Processed
REF003006,ORD026673,CUST03831,2026-08-09,2518.25,Processed
REF003007,ORD026687,CUST03832,2026-07-21,418.06,Pending
REF003008,ORD026688,CUST03832,2026-07-23,52129.22,Pending
REF003009,ORD026702,CUST03835,2026-08-03,2998.92,Pending
REF003010,ORD026704,CUST03835,2026-08-20,2650.29,Processed
REF003011,ORD026722,CUST03837,2026-04-14,937.52,Processed
REF003012,ORD026759,CUST03844,2026-08-03,1314.38,Processed
REF003013,ORD026768,CUST03846,2026-05-20,884.87,Processed
REF003014,ORD026770,CUST03846,2026-02-17,6515.35,Processed
REF003015,ORD026773,CUST03846,2026-04-01,373.59,Processed
REF003016,ORD026775,CUST03846,2026-02-23,1153.47,Processed
REF003017,ORD026799,CUST03849,2026-08-06,441.65,Processed
REF003018,ORD026800,CUST03849,2026-09-02,627.87,Processed
REF003019,ORD026810,CUST03850,2026-01-30,670.23,Processed
REF003020,ORD026814,CUST03851,2026-02-08,4116.99,Processed
REF003021,ORD026816,CUST03851,2026-07-18,15911.28,Processed
REF003022,ORD026824,CUST03852,2026-09-13,29541.1,Processed
REF003023,ORD026835,CUST03854,2026-03-07,3793.18,Processed
REF003024,ORD026853,CUST03858,2026-05-19,3257.41,Processed
REF003025,ORD026870,CUST03860,2026-06-12,1623.03,Processed
REF003026,ORD026872,CUST03861,2026-06-05,5709.09,Processed
REF003027,ORD026873,CUST03861,2026-06-05,707.37,Processed
REF003028,ORD026894,CUST03865,2026-07-16,7841.07,Processed
REF003029,ORD026899,CUST03867,2026-09-15,3474.19,Processed
REF003030,ORD026901,CUST03867,2026-09-06,10886.91,Pending
REF003031,ORD026905,CUST03867,2026-09-04,1700.48,Pending
REF003032,ORD026908,CUST03867,2026-09-02,26733.08,Processed
REF003033,ORD026909,CUST03867,2026-09-04,18231.95,Processed
REF003034,ORD026910,CUST03867,2026-09-24,10836.56,Processed
REF003035,ORD026919,CUST03868,2026-07-05,8230.35,Processed
REF003036,ORD026928,CUST03870,2026-02-05,26476.09,Declined
REF003037,ORD026965,CUST03876,2026-09-15,20758.67,Processed
REF003038,ORD026986,CUST03880,2026-09-18,1803.68,Processed
REF003039,ORD026987,CUST03880,2026-05-11,694.02,Processed
REF003040,ORD027022,CUST03887,2026-08-01,3173.47,Processed
REF003041,ORD027030,CUST03888,2026-08-13,786.01,Processed
REF003042,ORD027048,CUST03891,2026-06-20,3375.51,Processed
REF003043,ORD027058,CUST03892,2026-04-16,12025.31,Pending
REF003044,ORD027085,CUST03896,2026-07-15,2649.46,Processed
REF003045,ORD027093,CUST03897,2026-09-25,1260.32,Pending
REF003046,ORD027107,CUST03900,2026-08-25,1649.17,Processed
REF003047,ORD027111,CUST03900,2026-08-24,517.03,Processed
REF003048,ORD027114,CUST03900,2026-09-09,37328.57,Processed
REF003049,ORD027115,CUST03900,2026-09-09,5261.07,Processed
REF003050,ORD027116,CUST03900,2026-09-02,990.6,Processed
REF003051,ORD027119,CUST03901,2026-08-25,1242.61,Processed
REF003052,ORD027123,CUST03901,2026-08-30,1008.19,Processed
REF003053,ORD027126,CUST03901,2026-08-28,15539.43,Pending
REF003054,ORD027140,CUST03904,2026-05-16,985.15,Processed
REF003055,ORD027144,CUST03904,2026-05-09,2426.67,Processed
REF003056,ORD027146,CUST03904,2026-02-24,1581.89,Processed
REF003057,ORD027164,CUST03907,2026-06-14,22649.43,Processed
REF003058,ORD027166,CUST03907,2026-06-09,953.95,Processed
REF003059,ORD027168,CUST03907,2026-06-13,1289.58,Processed
REF003060,ORD027169,CUST03907,2026-06-16,8558.58,Processed
REF003061,ORD027171,CUST03907,2026-06-27,448.2,Processed
REF003062,ORD027173,CUST03907,2026-06-22,2683.19,Processed
REF003063,ORD027174,CUST03907,2026-06-03,2170.78,Processed
REF003064,ORD027176,CUST03907,2026-06-14,1043.99,Processed
REF003065,ORD027179,CUST03907,2026-08-28,13470.89,Processed
REF003066,ORD027190,CUST03909,2026-07-04,10921.44,Processed
REF003067,ORD027196,CUST03910,2026-02-12,6702.18,Processed
REF003068,ORD027219,CUST03913,2026-09-14,695.76,Pending
REF003069,ORD027222,CUST03913,2026-09-04,1074.14,Processed
REF003070,ORD027223,CUST03913,2026-09-12,4341.9,Pending
REF003071,ORD027227,CUST03913,2026-09-20,13475.47,Pending
REF003072,ORD027230,CUST03913,2026-09-06,204.36,Pending
REF003073,ORD027232,CUST03913,2026-09-11,2169.88,Processed
REF003074,ORD027234,CUST03913,2026-09-01,19075.42,Processed
REF003075,ORD027244,CUST03915,2026-06-29,1273.1,Processed
REF003076,ORD027245,CUST03915,2026-06-17,14438.98,Processed
REF003077,ORD027250,CUST03915,2026-07-03,17871.56,Processed
REF003078,ORD027253,CUST03915,2026-06-15,1638.78,Pending
REF003079,ORD027258,CUST03915,2026-06-08,2549.69,Declined
REF003080,ORD027261,CUST03915,2026-04-30,1976.78,Processed
REF003081,ORD027262,CUST03915,2026-04-06,1903.93,Processed
REF003082,ORD027264,CUST03915,2026-08-17,1760.3,Processed
REF003083,ORD027266,CUST03915,2026-07-15,2410.46,Processed
REF003084,ORD027288,CUST03919,2026-04-13,4918.16,Pending
REF003085,ORD027303,CUST03922,2026-08-14,21059.06,Processed
REF003086,ORD027305,CUST03922,2026-07-29,20883.93,Processed
REF003087,ORD027309,CUST03922,2026-07-05,1025.25,Processed
REF003088,ORD027310,CUST03922,2026-09-11,37137.36,Processed
REF003089,ORD027314,CUST03922,2026-07-14,2675.26,Processed
REF003090,ORD027332,CUST03925,2026-08-25,18291.44,Processed
REF003091,ORD027351,CUST03929,2026-09-11,13890.67,Processed
REF003092,ORD027353,CUST03929,2026-02-12,4211.9,Processed
REF003093,ORD027366,CUST03929,2026-03-07,3550.12,Processed
REF003094,ORD027382,CUST03930,2026-02-10,2182.92,Processed
REF003095,ORD027402,CUST03935,2026-03-18,743.05,Processed
REF003096,ORD027404,CUST03936,2026-07-08,1132.02,Processed
REF003097,ORD027406,CUST03936,2026-07-15,923.26,Processed
REF003098,ORD027408,CUST03936,2026-07-27,1446.07,Processed
REF003099,ORD027417,CUST03936,2026-06-07,990.48,Processed
REF003100,ORD027428,CUST03938,2026-03-13,1960.91,Processed
REF003101,ORD027429,CUST03938,2026-06-22,1681.76,Processed
REF003102,ORD027439,CUST03940,2026-06-15,1930.78,Processed
REF003103,ORD027452,CUST03943,2026-03-20,15911.37,Processed
REF003104,ORD027460,CUST03943,2026-03-14,3088.02,Processed
REF003105,ORD027461,CUST03943,2026-03-17,3754.6,Processed
REF003106,ORD027462,CUST03943,2026-03-10,1736.22,Processed
REF003107,ORD027467,CUST03943,2026-05-07,23898.12,Processed
REF003108,ORD027471,CUST03943,2026-05-03,1394.45,Processed
REF003109,ORD027476,CUST03944,2026-03-02,18594.39,Processed
REF003110,ORD027487,CUST03946,2026-07-09,2315.56,Processed
REF003111,ORD027498,CUST03948,2026-05-30,17726.05,Processed
REF003112,ORD027506,CUST03950,2026-08-06,21170.68,Processed
REF003113,ORD027512,CUST03951,2026-08-13,5067.99,Processed
REF003114,ORD027519,CUST03951,2026-04-15,969.44,Processed
REF003115,ORD027525,CUST03951,2026-07-30,30661.89,Processed
REF003116,ORD027528,CUST03952,2026-05-20,1060.62,Processed
REF003117,ORD027552,CUST03956,2026-06-28,9616.24,Processed
REF003118,ORD027554,CUST03956,2026-07-13,395.21,Processed
REF003119,ORD027557,CUST03956,2026-07-15,663.22,Pending
REF003120,ORD027558,CUST03956,2026-07-27,913.98,Processed
REF003121,ORD027559,CUST03956,2026-07-06,704.92,Processed
REF003122,ORD027562,CUST03956,2026-07-11,21802.36,Processed
REF003123,ORD027564,CUST03956,2026-07-26,1045.12,Processed
REF003124,ORD027565,CUST03956,2026-09-21,4672.69,Processed
REF003125,ORD027567,CUST03956,2026-06-28,2625.42,Processed
REF003126,ORD027569,CUST03956,2026-07-29,1916.04,Processed
REF003127,ORD027582,CUST03957,2026-06-07,1873.63,Processed
REF003128,ORD027583,CUST03957,2026-05-14,663.67,Pending
REF003129,ORD027604,CUST03960,2026-09-13,3147.04,Processed
REF003130,ORD027618,CUST03961,2026-05-24,302.49,Processed
REF003131,ORD027630,CUST03963,2026-07-25,18135.91,Processed
REF003132,ORD027631,CUST03963,2026-07-19,2373.1,Processed
REF003133,ORD027632,CUST03963,2026-07-14,15261.69,Processed
REF003134,ORD027636,CUST03963,2026-07-14,5077.07,Processed
REF003135,ORD027641,CUST03963,2026-08-11,2304.51,Processed
REF003136,ORD027644,CUST03963,2026-07-18,9560.0,Processed
REF003137,ORD027647,CUST03963,2026-09-08,5469.3,Processed
REF003138,ORD027648,CUST03963,2026-08-18,2592.26,Processed
REF003139,ORD027674,CUST03967,2026-03-01,1442.74,Declined
REF003140,ORD027681,CUST03967,2026-03-03,623.58,Processed
REF003141,ORD027685,CUST03967,2026-05-27,3583.12,Processed
REF003142,ORD027686,CUST03967,2026-08-08,10885.65,Processed
REF003143,ORD027687,CUST03967,2026-06-29,1762.79,Pending
REF003144,ORD027688,CUST03967,2026-06-07,2805.6,Processed
REF003145,ORD027692,CUST03968,2026-07-03,290.26,Processed
REF003146,ORD027734,CUST03974,2026-07-22,1217.42,Processed
REF003147,ORD027736,CUST03975,2026-08-05,260.9,Processed
REF003148,ORD027742,CUST03975,2026-08-11,350.26,Processed
REF003149,ORD027763,CUST03979,2026-09-05,583.16,Pending
REF003150,ORD027771,CUST03979,2026-06-11,2590.26,Processed
REF003151,ORD027788,CUST03982,2026-05-21,14002.57,Processed
REF003152,ORD027796,CUST03982,2026-08-02,14537.64,Processed
REF003153,ORD027797,CUST03982,2026-06-29,2011.89,Processed
REF003154,ORD027802,CUST03983,2026-05-22,1672.09,Processed
REF003155,ORD027807,CUST03984,2026-06-23,1362.32,Processed
REF003156,ORD027812,CUST03984,2026-05-23,426.2,Processed
REF003157,ORD027820,CUST03986,2026-09-03,10072.13,Pending
REF003158,ORD027849,CUST03992,2026-01-29,5409.93,Processed
REF003159,ORD027864,CUST03993,2026-08-25,27039.48,Processed
REF003160,ORD027867,CUST03993,2026-05-07,973.51,Processed
REF003161,ORD027872,CUST03994,2026-03-01,1989.92,Processed
REF003162,ORD027898,CUST03999,2026-08-31,3244.36,Processed
REF003163,ORD027904,CUST03999,2026-08-28,3369.45,Processed
REF003164,ORD027907,CUST03999,2026-09-03,20048.53,Processed
REF003165,ORD027915,CUST04000,2026-02-07,995.14,Processed
REF003166,ORD027928,CUST04002,2026-07-27,2184.9,Processed
REF003167,ORD027953,CUST04007,2026-07-07,2943.89,Processed
REF003168,ORD027970,CUST04010,2026-08-06,1214.5,Processed
REF003169,ORD027971,CUST04011,2026-07-26,3601.98,Processed
REF003170,ORD027979,CUST04012,2026-06-20,687.61,Processed
REF003171,ORD027983,CUST04013,2026-09-21,149.86,Processed
REF003172,ORD027988,CUST04013,2026-08-31,649.83,Processed
REF003173,ORD028013,CUST04018,2026-08-28,2442.64,Processed
REF003174,ORD028026,CUST04020,2026-08-13,6399.1,Pending
REF003175,ORD028029,CUST04020,2026-08-15,4933.22,Processed
REF003176,ORD028031,CUST04020,2026-08-13,4374.19,Processed
REF003177,ORD028034,CUST04020,2026-08-01,8479.36,Processed
REF003178,ORD028037,CUST04020,2026-08-22,33440.89,Processed
REF003179,ORD028040,CUST04021,2026-04-03,4051.04,Processed
REF003180,ORD028042,CUST04021,2026-08-06,2030.68,Processed
REF003181,ORD028047,CUST04022,2026-08-25,3160.65,Declined
REF003182,ORD028059,CUST04025,2026-03-27,2272.95,Processed
REF003183,ORD028073,CUST04027,2026-08-01,7532.48,Processed
REF003184,ORD028074,CUST04027,2026-07-28,7025.12,Processed
REF003185,ORD028077,CUST04027,2026-07-18,1220.9,Processed
REF003186,ORD028079,CUST04027,2026-08-16,14003.61,Processed
REF003187,ORD028087,CUST04028,2026-09-05,3102.93,Processed
REF003188,ORD028117,CUST04033,2026-06-24,2362.93,Processed
REF003189,ORD028125,CUST04033,2026-05-10,2608.71,Processed
REF003190,ORD028150,CUST04036,2026-04-13,1087.47,Processed
REF003191,ORD028155,CUST04037,2026-05-30,660.71,Declined
REF003192,ORD028157,CUST04038,2026-02-04,1014.59,Pending
REF003193,ORD028228,CUST04050,2026-09-05,12619.24,Processed
REF003194,ORD028234,CUST04050,2026-08-15,5504.37,Declined
REF003195,ORD028236,CUST04050,2026-06-28,796.75,Pending
REF003196,ORD028237,CUST04050,2026-08-03,1219.02,Processed
REF003197,ORD028259,CUST04054,2026-05-25,1146.78,Processed
REF003198,ORD028264,CUST04056,2026-05-12,1898.47,Pending
REF003199,ORD028308,CUST04064,2026-02-10,946.17,Processed
REF003200,ORD028326,CUST04066,2026-08-29,3081.92,Declined
REF003201,ORD028327,CUST04067,2026-05-30,2955.58,Pending
REF003202,ORD028330,CUST04067,2026-06-07,1265.38,Processed
REF003203,ORD028333,CUST04067,2026-06-10,208.94,Processed
REF003204,ORD028336,CUST04067,2026-04-17,18530.09,Processed
REF003205,ORD028338,CUST04067,2026-07-14,3003.67,Processed
REF003206,ORD028341,CUST04067,2026-03-28,11595.25,Processed
REF003207,ORD028355,CUST04069,2026-03-14,1699.59,Processed
REF003208,ORD028356,CUST04070,2026-01-15,2410.8,Processed
REF003209,ORD028357,CUST04070,2026-05-25,13711.18,Processed
REF003210,ORD028391,CUST04075,2026-08-06,2107.05,Processed
REF003211,ORD028393,CUST04075,2026-07-21,2964.71,Processed
REF003212,ORD028398,CUST04075,2026-09-01,1818.86,Processed
REF003213,ORD028400,CUST04075,2026-07-27,1173.95,Processed
REF003214,ORD028406,CUST04077,2026-03-02,3045.26,Pending
REF003215,ORD028407,CUST04077,2026-02-25,715.04,Processed
REF003216,ORD028410,CUST04077,2026-03-07,4040.0,Processed
REF003217,ORD028412,CUST04077,2026-02-14,2010.18,Processed
REF003218,ORD028416,CUST04077,2026-08-08,941.02,Processed
REF003219,ORD028428,CUST04078,2026-07-18,1625.79,Processed
REF003220,ORD028430,CUST04078,2026-06-17,20020.6,Processed
REF003221,ORD028431,CUST04078,2026-06-20,2183.51,Processed
REF003222,ORD028463,CUST04081,2026-05-15,5656.36,Processed
REF003223,ORD028466,CUST04081,2026-05-11,431.97,Processed
REF003224,ORD028468,CUST04082,2026-08-16,17923.67,Pending
REF003225,ORD028470,CUST04082,2026-05-24,1763.82,Processed
REF003226,ORD028474,CUST04082,2026-06-11,1751.63,Processed
REF003227,ORD028494,CUST04085,2026-07-30,906.94,Processed
REF003228,ORD028518,CUST04089,2026-07-06,1422.78,Processed
REF003229,ORD028520,CUST04089,2026-08-10,488.66,Pending
REF003230,ORD028549,CUST04094,2026-07-18,5434.14,Processed
REF003231,ORD028578,CUST04098,2026-08-09,2148.5,Pending
REF003232,ORD028581,CUST04098,2026-08-27,3434.98,Processed
REF003233,ORD028591,CUST04099,2026-08-05,1657.07,Pending
REF003234,ORD028597,CUST04099,2026-09-05,3913.62,Processed
REF003235,ORD028598,CUST04100,2026-07-26,11152.71,Pending
REF003236,ORD028601,CUST04100,2026-07-17,19242.89,Processed
REF003237,ORD028605,CUST04100,2026-05-07,2094.26,Processed
REF003238,ORD028617,CUST04101,2026-06-01,17746.09,Processed
REF003239,ORD028628,CUST04103,2026-06-07,5602.58,Processed
REF003240,ORD028642,CUST04106,2026-03-08,1399.76,Processed
REF003241,ORD028646,CUST04106,2026-02-12,2141.46,Processed
REF003242,ORD028670,CUST04110,2026-08-04,3383.48,Processed
REF003243,ORD028703,CUST04116,2026-01-31,27807.13,Processed
REF003244,ORD028705,CUST04116,2026-09-04,596.73,Processed
REF003245,ORD028708,CUST04116,2026-01-31,1655.01,Processed
REF003246,ORD028716,CUST04116,2026-07-04,1799.2,Pending
REF003247,ORD028730,CUST04119,2026-07-28,1090.08,Declined
REF003248,ORD028741,CUST04121,2026-07-21,2678.54,Processed
REF003249,ORD028744,CUST04121,2026-05-17,3850.22,Processed
REF003250,ORD028749,CUST04123,2026-03-27,1565.85,Processed
REF003251,ORD028768,CUST04126,2026-07-25,2638.07,Processed
REF003252,ORD028777,CUST04128,2026-07-01,2602.92,Processed
REF003253,ORD028780,CUST04128,2026-05-31,2340.76,Processed
REF003254,ORD028782,CUST04128,2026-05-19,795.76,Processed
REF003255,ORD028786,CUST04128,2026-07-10,12017.55,Processed
REF003256,ORD028787,CUST04128,2026-07-14,2263.43,Processed
REF003257,ORD028789,CUST04128,2026-08-29,1202.55,Processed
REF003258,ORD028791,CUST04128,2026-08-26,774.03,Pending
REF003259,ORD028802,CUST04130,2026-06-10,143.93,Processed
REF003260,ORD028835,CUST04135,2026-08-20,724.3,Processed
REF003261,ORD028838,CUST04135,2026-02-06,39195.97,Processed
REF003262,ORD028839,CUST04135,2026-02-12,21350.5,Processed
REF003263,ORD028840,CUST04135,2026-05-24,1691.64,Processed
REF003264,ORD028860,CUST04138,2026-06-01,7881.51,Declined
REF003265,ORD028863,CUST04138,2026-06-19,5388.01,Processed
REF003266,ORD028881,CUST04142,2026-04-18,560.41,Processed
REF003267,ORD028890,CUST04144,2026-03-05,767.12,Processed
REF003268,ORD028912,CUST04148,2026-03-09,1921.17,Processed
REF003269,ORD028915,CUST04148,2026-09-05,6304.89,Pending
REF003270,ORD028918,CUST04149,2026-08-21,992.61,Processed
REF003271,ORD028920,CUST04149,2026-09-13,3168.0,Processed
REF003272,ORD028926,CUST04149,2026-08-30,292.07,Processed
REF003273,ORD028927,CUST04149,2026-09-01,2023.58,Processed
REF003274,ORD028939,CUST04151,2026-07-04,1793.28,Processed
REF003275,ORD028958,CUST04154,2026-09-05,2904.3,Processed
REF003276,ORD028986,CUST04159,2026-08-01,1856.73,Processed
REF003277,ORD029025,CUST04165,2026-09-09,3958.36,Pending
REF003278,ORD029058,CUST04171,2026-06-11,1044.86,Processed
REF003279,ORD029074,CUST04173,2026-05-05,1266.78,Pending
REF003280,ORD029078,CUST04173,2026-08-19,13639.72,Processed
REF003281,ORD029109,CUST04177,2026-09-23,4783.44,Processed
REF003282,ORD029111,CUST04177,2026-03-18,290.24,Processed
REF003283,ORD029114,CUST04177,2026-02-14,3804.64,Processed
REF003284,ORD029135,CUST04181,2026-07-26,295.7,Processed
REF003285,ORD029139,CUST04182,2026-07-02,1599.62,Processed
REF003286,ORD029145,CUST04184,2026-02-26,2081.43,Processed
REF003287,ORD029152,CUST04185,2026-04-15,3666.69,Processed
REF003288,ORD029159,CUST04186,2026-08-18,1621.19,Processed
REF003289,ORD029197,CUST04192,2026-07-18,3118.46,Processed
REF003290,ORD029202,CUST04193,2026-06-28,1829.54,Processed
REF003291,ORD029212,CUST04195,2026-06-21,3853.88,Processed
REF003292,ORD029217,CUST04196,2026-06-27,3916.91,Processed
REF003293,ORD029221,CUST04197,2026-07-11,385.39,Processed
REF003294,ORD029222,CUST04197,2026-07-08,1837.17,Processed
REF003295,ORD029241,CUST04200,2026-08-27,4825.04,Processed
REF003296,ORD029243,CUST04200,2026-06-30,645.06,Processed
REF003297,ORD029271,CUST04205,2026-08-06,328.6,Processed
REF003298,ORD029302,CUST04209,2026-06-10,22596.15,Processed
REF003299,ORD029303,CUST04209,2026-06-01,7410.16,Processed
REF003300,ORD029304,CUST04209,2026-07-30,2370.8,Processed
REF003301,ORD029309,CUST04210,2026-09-07,763.96,Processed
REF003302,ORD029311,CUST04210,2026-07-26,1148.07,Processed
REF003303,ORD029314,CUST04210,2026-08-18,1464.45,Processed
REF003304,ORD029317,CUST04210,2026-08-28,2675.24,Processed
REF003305,ORD029385,CUST04220,2026-08-09,21167.86,Pending
REF003306,ORD029386,CUST04220,2026-07-31,1218.62,Processed
REF003307,ORD029388,CUST04220,2026-08-08,17200.46,Processed
REF003308,ORD029389,CUST04220,2026-07-12,1973.23,Processed
REF003309,ORD029394,CUST04220,2026-09-12,918.36,Pending
REF003310,ORD029422,CUST04224,2026-01-28,3039.98,Processed
REF003311,ORD029452,CUST04230,2026-03-24,13501.54,Processed
REF003312,ORD029454,CUST04230,2026-03-21,3272.75,Processed
REF003313,ORD029455,CUST04230,2026-03-17,6136.07,Processed
REF003314,ORD029456,CUST04230,2026-03-10,8736.6,Pending
REF003315,ORD029459,CUST04230,2026-06-13,3579.27,Pending
REF003316,ORD029463,CUST04230,2026-03-14,3218.43,Processed
REF003317,ORD029494,CUST04236,2026-09-20,3291.15,Pending
REF003318,ORD029498,CUST04237,2026-07-05,1099.34,Processed
REF003319,ORD029501,CUST04238,2026-08-26,4160.03,Processed
REF003320,ORD029505,CUST04238,2026-08-14,14140.76,Processed
REF003321,ORD029514,CUST04238,2026-08-10,725.54,Pending
REF003322,ORD029517,CUST04239,2026-07-09,3384.0,Processed
REF003323,ORD029520,CUST04239,2026-06-01,1370.26,Processed
REF003324,ORD029532,CUST04241,2026-08-09,14908.58,Processed
REF003325,ORD029539,CUST04242,2026-03-19,2491.0,Declined
REF003326,ORD029540,CUST04242,2026-04-15,3907.67,Processed
REF003327,ORD029543,CUST04242,2026-04-11,5589.1,Processed
REF003328,ORD029549,CUST04242,2026-09-11,6000.0,Processed
REF003329,ORD029553,CUST04242,2026-05-12,9177.01,Processed
REF003330,ORD029596,CUST04251,2026-08-27,906.5,Processed
REF003331,ORD029598,CUST04251,2026-08-26,16606.56,Processed
REF003332,ORD029606,CUST04252,2026-03-04,17410.02,Processed
REF003333,ORD029614,CUST04253,2026-06-21,2526.92,Processed
REF003334,ORD029633,CUST04257,2026-04-19,3049.07,Processed
REF003335,ORD029646,CUST04259,2026-04-22,5350.89,Processed
REF003336,ORD029672,CUST04263,2026-05-17,1052.75,Processed
REF003337,ORD029699,CUST04268,2026-07-01,447.77,Processed
REF003338,ORD029712,CUST04270,2026-06-19,3985.4,Processed
REF003339,ORD029730,CUST04274,2026-06-27,544.76,Processed
REF003340,ORD029731,CUST04274,2026-05-03,554.52,Processed
REF003341,ORD029734,CUST04274,2026-04-21,1103.89,Processed
REF003342,ORD029739,CUST04275,2026-06-19,1387.98,Processed
REF003343,ORD029762,CUST04278,2026-09-16,1684.4,Pending
REF003344,ORD029763,CUST04278,2026-04-22,3738.68,Processed
REF003345,ORD029764,CUST04279,2026-03-25,12428.51,Processed
REF003346,ORD029789,CUST04282,2026-09-08,1613.34,Processed
REF003347,ORD029791,CUST04282,2026-08-16,30351.47,Processed
REF003348,ORD029796,CUST04282,2026-08-29,432.45,Processed
REF003349,ORD029814,CUST04284,2026-08-26,12692.61,Processed
REF003350,ORD029818,CUST04284,2026-07-21,4711.04,Processed
REF003351,ORD029842,CUST04287,2026-07-01,175.9,Processed
REF003352,ORD029844,CUST04287,2026-07-02,32562.02,Processed
REF003353,ORD029845,CUST04287,2026-08-29,750.88,Declined
REF003354,ORD029850,CUST04287,2026-08-15,2678.99,Processed
REF003355,ORD029852,CUST04287,2026-07-09,3762.92,Processed
REF003356,ORD029858,CUST04287,2026-08-09,9331.28,Processed
REF003357,ORD029860,CUST04287,2026-08-23,446.06,Declined
REF003358,ORD029885,CUST04292,2026-04-23,8992.2,Processed
REF003359,ORD029907,CUST04296,2026-07-26,179.18,Processed
REF003360,ORD029908,CUST04296,2026-09-12,55000.0,Processed
REF003361,ORD029909,CUST04296,2026-08-10,1174.93,Processed
REF003362,ORD029910,CUST04296,2026-07-27,724.01,Processed
REF003363,ORD029912,CUST04296,2026-07-30,4122.33,Processed
REF003364,ORD029917,CUST04296,2026-07-26,8000.0,Processed
REF003365,ORD029918,CUST04296,2026-09-10,803.78,Processed
REF003366,ORD029927,CUST04297,2026-08-06,1256.05,Processed
REF003367,ORD029931,CUST04297,2026-07-27,1764.79,Pending
REF003368,ORD029957,CUST04300,2026-07-31,281.44,Processed
REF003369,ORD029969,CUST04302,2026-07-22,5918.55,Processed
REF003370,ORD029971,CUST04302,2026-07-13,5248.35,Processed
REF003371,ORD029975,CUST04302,2026-07-30,350.12,Processed
REF003372,ORD029977,CUST04302,2026-07-22,4788.51,Processed
REF003373,ORD029986,CUST04302,2026-08-09,662.59,Processed
REF003374,ORD029988,CUST04302,2026-08-25,14040.99,Processed
REF003375,ORD030016,CUST04308,2026-01-21,1326.39,Processed
REF003376,ORD030025,CUST04309,2026-08-28,7950.54,Processed
REF003377,ORD030027,CUST04309,2026-09-05,776.09,Processed
REF003378,ORD030037,CUST04309,2026-07-29,2840.13,Processed
REF003379,ORD030045,CUST04311,2026-01-27,637.74,Processed
REF003380,ORD030063,CUST04314,2026-07-29,10138.04,Processed
REF003381,ORD030083,CUST04317,2026-03-08,3436.48,Processed
REF003382,ORD030091,CUST04318,2026-07-04,20980.31,Processed
REF003383,ORD030098,CUST04319,2026-04-03,55000.0,Processed
REF003384,ORD030106,CUST04320,2026-06-24,3411.93,Processed
REF003385,ORD030119,CUST04321,2026-07-09,912.15,Processed
REF003386,ORD030145,CUST04326,2026-08-09,4665.74,Processed
REF003387,ORD030147,CUST04326,2026-09-15,10499.39,Processed
REF003388,ORD030154,CUST04326,2026-08-31,2192.13,Processed
REF003389,ORD030171,CUST04330,2026-08-29,795.44,Processed
REF003390,ORD030177,CUST04330,2026-08-10,30350.6,Processed
REF003391,ORD030193,CUST04332,2026-08-18,5236.67,Processed
REF003392,ORD030214,CUST04335,2026-05-22,5113.77,Processed
REF003393,ORD030215,CUST04335,2026-04-21,2850.75,Processed
REF003394,ORD030216,CUST04335,2026-03-29,1382.91,Processed
REF003395,ORD030227,CUST04337,2026-03-04,1827.6,Processed
REF003396,ORD030228,CUST04337,2026-02-19,25554.59,Pending
REF003397,ORD030230,CUST04337,2026-03-05,1585.36,Declined
REF003398,ORD030231,CUST04337,2026-03-01,5426.63,Processed
REF003399,ORD030232,CUST04337,2026-03-07,3855.66,Processed
REF003400,ORD030237,CUST04337,2026-08-11,5827.85,Processed
REF003401,ORD030257,CUST04341,2026-08-26,535.45,Processed
REF003402,ORD030278,CUST04344,2026-06-08,864.11,Processed
REF003403,ORD030282,CUST04344,2026-07-05,20043.3,Processed
REF003404,ORD030302,CUST04347,2026-06-22,4673.99,Processed
REF003405,ORD030305,CUST04347,2026-05-04,679.48,Declined
REF003406,ORD030318,CUST04349,2026-08-11,10580.92,Processed
REF003407,ORD030321,CUST04349,2026-09-11,2121.27,Pending
REF003408,ORD030327,CUST04351,2026-08-30,920.17,Processed
REF003409,ORD030331,CUST04351,2026-08-24,1592.27,Processed
REF003410,ORD030339,CUST04352,2026-03-11,566.61,Processed
REF003411,ORD030411,CUST04362,2026-05-18,24909.34,Processed
REF003412,ORD030431,CUST04363,2026-08-11,5002.0,Processed
REF003413,ORD030437,CUST04364,2026-07-19,3474.53,Processed
REF003414,ORD030441,CUST04364,2026-09-07,2858.62,Processed
REF003415,ORD030447,CUST04364,2026-08-18,242.1,Processed
REF003416,ORD030468,CUST04369,2026-06-02,1375.07,Pending
REF003417,ORD030490,CUST04372,2026-05-21,2649.98,Processed
REF003418,ORD030506,CUST04375,2026-09-07,3094.34,Processed
REF003419,ORD030529,CUST04380,2026-03-17,14930.92,Processed
REF003420,ORD030536,CUST04381,2026-07-26,2174.27,Processed
REF003421,ORD030546,CUST04383,2026-01-20,15713.43,Processed
REF003422,ORD030554,CUST04383,2026-04-08,1954.14,Processed
REF003423,ORD030561,CUST04383,2026-04-09,1645.54,Processed
REF003424,ORD030562,CUST04384,2026-07-01,1413.65,Processed
REF003425,ORD030565,CUST04384,2026-08-21,3686.82,Processed
REF003426,ORD030569,CUST04384,2026-08-21,2051.38,Declined
REF003427,ORD030574,CUST04384,2026-06-27,723.56,Declined
REF003428,ORD030577,CUST04384,2026-05-16,328.1,Pending
REF003429,ORD030594,CUST04388,2026-04-26,3348.34,Pending
REF003430,ORD030601,CUST04389,2026-09-27,448.72,Pending
REF003431,ORD030604,CUST04390,2026-08-11,30393.32,Pending
REF003432,ORD030613,CUST04391,2026-08-04,884.96,Processed
REF003433,ORD030628,CUST04395,2026-08-13,3021.01,Pending
REF003434,ORD030635,CUST04396,2026-08-01,915.11,Processed
REF003435,ORD030649,CUST04398,2026-03-26,1871.17,Processed
REF003436,ORD030652,CUST04398,2026-03-09,400.0,Processed
REF003437,ORD030656,CUST04398,2026-06-18,2793.61,Processed
REF003438,ORD030670,CUST04400,2026-02-23,6393.51,Pending
REF003439,ORD030681,CUST04402,2026-02-23,735.99,Processed
REF003440,ORD030694,CUST04404,2026-02-24,5741.08,Processed
REF003441,ORD030699,CUST04405,2026-07-12,1544.26,Processed
REF003442,ORD030706,CUST04405,2026-07-13,1040.02,Processed
REF003443,ORD030724,CUST04408,2026-07-20,5466.57,Processed
REF003444,ORD030731,CUST04408,2026-07-11,1418.0,Processed
REF003445,ORD030733,CUST04409,2026-06-07,954.9,Processed
REF003446,ORD030735,CUST04409,2026-06-12,1617.7,Processed
REF003447,ORD030745,CUST04409,2026-04-18,1596.76,Pending
REF003448,ORD030753,CUST04410,2026-07-29,1567.1,Processed
REF003449,ORD030758,CUST04412,2026-08-25,18881.47,Pending
REF003450,ORD030778,CUST04415,2026-06-17,1436.01,Processed
REF003451,ORD030789,CUST04415,2026-07-28,17881.1,Processed
REF003452,ORD030796,CUST04415,2026-07-06,26855.83,Processed
REF003453,ORD030797,CUST04415,2026-07-28,1904.68,Processed
REF003454,ORD030806,CUST04417,2026-03-09,460.34,Pending
REF003455,ORD030829,CUST04422,2026-07-13,982.73,Processed
REF003456,ORD030830,CUST04422,2026-06-27,2092.86,Processed
REF003457,ORD030836,CUST04422,2026-08-29,6171.46,Processed
REF003458,ORD030837,CUST04422,2026-06-23,17593.35,Processed
REF003459,ORD030838,CUST04422,2026-07-03,1377.59,Processed
REF003460,ORD030841,CUST04422,2026-08-23,25996.32,Processed
REF003461,ORD030842,CUST04422,2026-09-07,2792.43,Pending
REF003462,ORD030859,CUST04426,2026-08-10,1327.5,Processed
REF003463,ORD030861,CUST04426,2026-07-03,1980.37,Processed
REF003464,ORD030862,CUST04426,2026-08-09,26753.24,Processed
REF003465,ORD030869,CUST04426,2026-09-09,1478.86,Pending
REF003466,ORD030871,CUST04426,2026-09-10,2692.23,Processed
REF003467,ORD030887,CUST04429,2026-07-10,1207.88,Processed
REF003468,ORD030895,CUST04429,2026-08-21,902.61,Processed
REF003469,ORD030917,CUST04433,2026-07-20,2039.42,Pending
REF003470,ORD030918,CUST04433,2026-07-07,1049.06,Processed
REF003471,ORD030921,CUST04433,2026-07-08,4843.42,Pending
REF003472,ORD030933,CUST04433,2026-08-03,2176.51,Processed
REF003473,ORD030937,CUST04434,2026-08-21,5108.27,Processed
REF003474,ORD030941,CUST04434,2026-08-26,944.89,Declined
REF003475,ORD030942,CUST04434,2026-08-29,9820.64,Processed
REF003476,ORD030948,CUST04434,2026-07-15,13377.33,Processed
REF003477,ORD030954,CUST04435,2026-04-06,1974.35,Processed
REF003478,ORD030986,CUST04440,2026-09-17,2898.69,Processed
REF003479,ORD031013,CUST04444,2026-08-10,5212.5,Processed
REF003480,ORD031028,CUST04447,2026-08-30,3279.58,Processed
REF003481,ORD031029,CUST04448,2026-09-08,17821.51,Pending
REF003482,ORD031033,CUST04448,2026-08-22,4054.74,Processed
REF003483,ORD031035,CUST04448,2026-07-20,3075.25,Declined
REF003484,ORD031036,CUST04448,2026-08-13,797.42,Processed
REF003485,ORD031037,CUST04448,2026-08-23,2356.22,Processed
REF003486,ORD031039,CUST04448,2026-08-31,495.49,Processed
REF003487,ORD031070,CUST04453,2026-05-02,12000.0,Processed
REF003488,ORD031077,CUST04454,2026-08-19,1355.57,Declined
REF003489,ORD031081,CUST04454,2026-08-06,1005.2,Processed
REF003490,ORD031100,CUST04457,2026-06-27,5063.3,Processed
REF003491,ORD031103,CUST04457,2026-02-22,12902.18,Declined
REF003492,ORD031105,CUST04457,2026-06-21,1232.27,Processed
REF003493,ORD031106,CUST04457,2026-03-30,13570.03,Declined
REF003494,ORD031117,CUST04459,2026-03-04,1306.71,Processed
REF003495,ORD031145,CUST04464,2026-03-01,3998.03,Processed
REF003496,ORD031178,CUST04468,2026-08-29,40434.78,Pending
REF003497,ORD031188,CUST04468,2026-07-08,2703.86,Processed
REF003498,ORD031191,CUST04468,2026-08-10,1764.19,Processed
REF003499,ORD031192,CUST04468,2026-06-28,2967.5,Processed
REF003500,ORD031194,CUST04468,2026-08-23,1713.04,Processed
REF003501,ORD031196,CUST04469,2026-07-15,19680.92,Processed
REF003502,ORD031202,CUST04470,2026-02-13,1248.73,Processed
REF003503,ORD031222,CUST04473,2026-02-06,227.94,Processed
REF003504,ORD031245,CUST04477,2026-08-04,1705.56,Pending
REF003505,ORD031254,CUST04477,2026-07-11,1309.56,Pending
REF003506,ORD031256,CUST04478,2026-08-12,5784.63,Pending
REF003507,ORD031272,CUST04480,2026-08-27,3377.54,Processed
REF003508,ORD031275,CUST04480,2026-08-09,13580.09,Processed
REF003509,ORD031286,CUST04480,2026-09-01,1831.0,Pending
REF003510,ORD031287,CUST04480,2026-06-02,1593.28,Processed
REF003511,ORD031304,CUST04483,2026-08-24,31712.34,Processed
REF003512,ORD031305,CUST04483,2026-07-17,42894.77,Declined
REF003513,ORD031307,CUST04483,2026-07-31,3924.22,Processed
REF003514,ORD031365,CUST04492,2026-09-01,991.55,Pending
REF003515,ORD031366,CUST04492,2026-08-14,7536.18,Processed
REF003516,ORD031367,CUST04492,2026-09-08,26409.43,Processed
REF003517,ORD031369,CUST04492,2026-09-14,958.98,Pending
REF003518,ORD031376,CUST04492,2026-09-01,17694.14,Processed
REF003519,ORD031377,CUST04492,2026-09-15,5645.04,Processed
REF003520,ORD031391,CUST04496,2026-08-20,22540.47,Pending
REF003521,ORD031393,CUST04496,2026-08-30,887.12,Pending
REF003522,ORD031394,CUST04496,2026-08-07,17256.19,Processed
REF003523,ORD031398,CUST04496,2026-07-14,427.82,Processed
REF003524,ORD031399,CUST04496,2026-08-09,3091.79,Declined
REF003525,ORD031400,CUST04496,2026-08-04,1257.78,Processed
REF003526,ORD031401,CUST04496,2026-07-12,3776.14,Processed
REF003527,ORD031402,CUST04496,2026-07-16,143.2,Processed
REF003528,ORD031403,CUST04496,2026-07-31,725.52,Processed
REF003529,ORD031409,CUST04496,2026-07-03,946.41,Processed
REF003530,ORD031422,CUST04499,2026-04-28,14275.58,Processed
REF003531,ORD031435,CUST04501,2026-03-19,7543.03,Processed
REF003532,ORD031443,CUST04502,2026-08-30,483.17,Declined
REF003533,ORD031451,CUST04504,2026-03-11,3964.76,Pending
REF003534,ORD031457,CUST04505,2026-07-09,2255.25,Processed
REF003535,ORD031466,CUST04508,2026-03-04,5240.75,Processed
REF003536,ORD031471,CUST04508,2026-01-31,1446.88,Processed
REF003537,ORD031488,CUST04512,2026-07-07,1585.09,Processed
REF003538,ORD031489,CUST04512,2026-07-08,16910.47,Processed
REF003539,ORD031503,CUST04512,2026-06-16,21730.14,Processed
REF003540,ORD031504,CUST04512,2026-06-16,226.42,Processed
REF003541,ORD031516,CUST04515,2026-02-09,1482.47,Processed
REF003542,ORD031520,CUST04515,2026-05-30,12450.1,Processed
REF003543,ORD031526,CUST04516,2026-07-06,1761.1,Processed
REF003544,ORD031544,CUST04520,2026-08-19,1608.0,Processed
REF003545,ORD031546,CUST04520,2026-04-10,19155.72,Pending
REF003546,ORD031559,CUST04522,2026-06-02,4504.97,Pending
REF003547,ORD031569,CUST04524,2026-08-07,1785.91,Processed
REF003548,ORD031576,CUST04524,2026-08-04,615.55,Processed
REF003549,ORD031578,CUST04524,2026-07-20,1485.84,Processed
REF003550,ORD031581,CUST04524,2026-09-04,1734.39,Processed
REF003551,ORD031589,CUST04525,2026-09-25,291.49,Processed
REF003552,ORD031598,CUST04526,2026-06-07,1716.12,Processed
REF003553,ORD031600,CUST04526,2026-06-22,1691.64,Processed
REF003554,ORD031611,CUST04529,2026-05-05,1558.53,Processed
REF003555,ORD031631,CUST04532,2026-08-08,4873.06,Processed
REF003556,ORD031634,CUST04532,2026-08-30,1606.04,Processed
REF003557,ORD031636,CUST04532,2026-08-27,1061.69,Processed
REF003558,ORD031640,CUST04532,2026-09-08,397.37,Processed
REF003559,ORD031651,CUST04534,2026-03-07,1365.33,Processed
REF003560,ORD031652,CUST04534,2026-09-08,2250.24,Processed
REF003561,ORD031657,CUST04535,2026-07-25,2472.5,Pending
REF003562,ORD031664,CUST04536,2026-08-29,761.05,Processed
REF003563,ORD031665,CUST04536,2026-08-25,12673.01,Processed
REF003564,ORD031668,CUST04536,2026-09-17,33274.64,Pending
REF003565,ORD031672,CUST04536,2026-07-19,4244.69,Processed
REF003566,ORD031674,CUST04536,2026-08-16,10097.54,Processed
REF003567,ORD031680,CUST04538,2026-05-24,1611.02,Processed
REF003568,ORD031682,CUST04538,2026-05-19,1868.94,Processed
REF003569,ORD031685,CUST04538,2026-06-01,1860.92,Processed
REF003570,ORD031690,CUST04538,2026-04-16,32861.45,Processed
REF003571,ORD031691,CUST04538,2026-02-11,1375.26,Processed
REF003572,ORD031694,CUST04538,2026-05-07,2243.55,Processed
REF003573,ORD031704,CUST04540,2026-08-24,2517.15,Processed
REF003574,ORD031705,CUST04540,2026-08-25,1687.66,Processed
REF003575,ORD031714,CUST04541,2026-06-06,2244.3,Processed
REF003576,ORD031735,CUST04546,2026-05-29,1523.97,Processed
REF003577,ORD031736,CUST04546,2026-07-04,14547.39,Processed
REF003578,ORD031737,CUST04546,2026-06-19,4596.55,Declined
REF003579,ORD031742,CUST04546,2026-08-29,1754.88,Processed
REF003580,ORD031748,CUST04547,2026-08-26,2189.36,Processed
REF003581,ORD031749,CUST04547,2026-08-30,8700.4,Processed
REF003582,ORD031753,CUST04547,2026-08-18,1639.54,Processed
REF003583,ORD031754,CUST04547,2026-08-28,12139.87,Processed
REF003584,ORD031760,CUST04547,2026-09-19,17027.8,Processed
REF003585,ORD031761,CUST04547,2026-09-11,5031.76,Pending
REF003586,ORD031762,CUST04547,2026-09-04,1861.23,Pending
REF003587,ORD031773,CUST04550,2026-03-24,1075.99,Processed
REF003588,ORD031779,CUST04550,2026-01-30,1119.09,Processed
REF003589,ORD031781,CUST04551,2026-03-19,1671.82,Declined
REF003590,ORD031786,CUST04551,2026-02-09,2063.67,Pending
REF003591,ORD031791,CUST04552,2026-09-02,3378.57,Processed
REF003592,ORD031798,CUST04554,2026-08-08,5456.39,Processed
REF003593,ORD031809,CUST04556,2026-05-03,960.55,Processed
REF003594,ORD031826,CUST04559,2026-07-21,2186.21,Processed
REF003595,ORD031828,CUST04560,2026-04-12,1623.07,Processed
REF003596,ORD031845,CUST04563,2026-01-19,3467.23,Processed
REF003597,ORD031854,CUST04565,2026-08-19,2228.53,Pending
REF003598,ORD031862,CUST04565,2026-09-02,24385.9,Pending
REF003599,ORD031863,CUST04565,2026-08-14,27198.27,Processed
REF003600,ORD031872,CUST04566,2026-02-14,1512.92,Pending
REF003601,ORD031889,CUST04569,2026-03-15,3681.18,Processed
REF003602,ORD031897,CUST04571,2026-06-16,4065.87,Processed
REF003603,ORD031903,CUST04571,2026-03-20,2932.22,Processed
REF003604,ORD031914,CUST04572,2026-08-14,2769.19,Processed
REF003605,ORD031942,CUST04576,2026-09-11,1020.82,Processed
REF003606,ORD031957,CUST04578,2026-09-15,864.65,Processed
REF003607,ORD031959,CUST04578,2026-08-10,3184.49,Pending
REF003608,ORD031969,CUST04580,2026-08-04,948.24,Processed
REF003609,ORD031970,CUST04580,2026-07-18,4671.42,Processed
REF003610,ORD031976,CUST04580,2026-07-16,1742.45,Processed
REF003611,ORD031977,CUST04580,2026-07-20,1433.36,Processed
REF003612,ORD031990,CUST04582,2026-08-21,7120.25,Processed
REF003613,ORD031992,CUST04582,2026-09-07,1206.29,Processed
REF003614,ORD031993,CUST04582,2026-09-12,1309.02,Pending
REF003615,ORD032000,CUST04582,2026-07-20,601.56,Pending
REF003616,ORD032002,CUST04582,2026-09-01,2631.19,Pending
REF003617,ORD032005,CUST04583,2026-04-19,1944.71,Processed
REF003618,ORD032013,CUST04584,2026-09-02,11297.5,Pending
REF003619,ORD032016,CUST04584,2026-08-18,22215.18,Processed
REF003620,ORD032027,CUST04587,2026-05-02,3263.39,Processed
REF003621,ORD032030,CUST04587,2026-05-15,1529.6,Processed
REF003622,ORD032032,CUST04587,2026-05-04,13380.53,Processed
REF003623,ORD032038,CUST04587,2026-03-25,11184.28,Processed
REF003624,ORD032058,CUST04591,2026-06-17,8099.36,Pending
REF003625,ORD032063,CUST04591,2026-06-13,27201.03,Processed
REF003626,ORD032105,CUST04596,2026-08-15,13395.86,Processed
REF003627,ORD032107,CUST04596,2026-08-28,815.97,Processed
REF003628,ORD032110,CUST04596,2026-08-03,25708.38,Processed
REF003629,ORD032118,CUST04598,2026-04-19,446.14,Processed
REF003630,ORD032127,CUST04599,2026-01-26,683.41,Processed
REF003631,ORD032154,CUST04604,2026-07-09,2911.69,Pending
REF003632,ORD032155,CUST04604,2026-08-19,587.94,Processed
REF003633,ORD032170,CUST04607,2026-07-01,7700.82,Processed
REF003634,ORD032171,CUST04607,2026-07-14,552.71,Processed
REF003635,ORD032172,CUST04607,2026-08-28,638.6,Declined
REF003636,ORD032176,CUST04607,2026-08-28,1358.24,Processed
REF003637,ORD032178,CUST04607,2026-08-09,14950.68,Processed
REF003638,ORD032180,CUST04607,2026-07-14,1336.35,Processed
REF003639,ORD032181,CUST04607,2026-07-28,512.65,Processed
REF003640,ORD032183,CUST04607,2026-08-20,5323.89,Processed
REF003641,ORD032198,CUST04609,2026-07-26,4000.0,Processed
REF003642,ORD032202,CUST04609,2026-05-08,1070.12,Processed
REF003643,ORD032232,CUST04615,2026-09-11,3651.76,Pending
REF003644,ORD032260,CUST04620,2026-04-25,572.18,Processed
REF003645,ORD032268,CUST04620,2026-05-01,1303.93,Processed
REF003646,ORD032272,CUST04620,2026-04-11,2085.39,Declined
REF003647,ORD032299,CUST04625,2026-08-29,1121.59,Processed
REF003648,ORD032300,CUST04625,2026-07-20,859.12,Processed
REF003649,ORD032301,CUST04625,2026-07-10,1129.31,Pending
REF003650,ORD032302,CUST04625,2026-06-07,27293.48,Pending
REF003651,ORD032305,CUST04625,2026-05-31,2217.06,Processed
REF003652,ORD032328,CUST04629,2026-07-09,23788.55,Processed
REF003653,ORD032342,CUST04630,2026-07-30,1784.0,Processed
REF003654,ORD032345,CUST04630,2026-05-28,1272.53,Processed
REF003655,ORD032352,CUST04631,2026-03-04,531.38,Processed
REF003656,ORD032361,CUST04632,2026-06-28,1805.17,Pending
REF003657,ORD032366,CUST04632,2026-08-25,517.33,Processed
REF003658,ORD032367,CUST04632,2026-08-02,16235.79,Pending
REF003659,ORD032369,CUST04632,2026-05-30,2068.06,Processed
REF003660,ORD032372,CUST04632,2026-06-07,18060.03,Processed
REF003661,ORD032374,CUST04632,2026-06-22,1691.26,Processed
REF003662,ORD032432,CUST04644,2026-09-03,1020.97,Processed
REF003663,ORD032459,CUST04649,2026-05-09,714.94,Processed
REF003664,ORD032464,CUST04649,2026-08-09,7619.19,Processed
REF003665,ORD032466,CUST04649,2026-09-09,1923.07,Processed
REF003666,ORD032469,CUST04650,2026-08-26,672.49,Processed
REF003667,ORD032478,CUST04652,2026-05-21,7985.65,Processed
REF003668,ORD032480,CUST04652,2026-08-05,1261.79,Processed
REF003669,ORD032485,CUST04652,2026-04-27,13663.96,Declined
REF003670,ORD032490,CUST04652,2026-06-15,2124.41,Processed
REF003671,ORD032492,CUST04652,2026-08-21,814.22,Processed
REF003672,ORD032494,CUST04652,2026-06-12,2121.47,Processed
REF003673,ORD032497,CUST04653,2026-07-20,18830.36,Processed
REF003674,ORD032498,CUST04653,2026-09-04,30826.92,Processed
REF003675,ORD032500,CUST04653,2026-08-06,25871.79,Processed
REF003676,ORD032507,CUST04654,2026-08-17,1941.21,Processed
REF003677,ORD032512,CUST04654,2026-08-13,2570.71,Processed
REF003678,ORD032514,CUST04655,2026-07-27,490.65,Processed
REF003679,ORD032524,CUST04657,2026-06-20,17137.41,Processed
REF003680,ORD032542,CUST04662,2026-09-20,1129.6,Pending
REF003681,ORD032554,CUST04665,2026-02-06,608.16,Pending
REF003682,ORD032579,CUST04669,2026-05-31,2644.51,Processed
REF003683,ORD032580,CUST04669,2026-08-13,1735.4,Processed
REF003684,ORD032605,CUST04673,2026-08-27,38649.96,Processed
REF003685,ORD032621,CUST04676,2026-08-05,2669.32,Processed
REF003686,ORD032623,CUST04676,2026-07-25,784.0,Processed
REF003687,ORD032627,CUST04676,2026-08-01,37137.67,Pending
REF003688,ORD032629,CUST04676,2026-08-02,2877.4,Pending
REF003689,ORD032634,CUST04676,2026-09-05,4228.23,Pending
REF003690,ORD032638,CUST04676,2026-08-24,1342.97,Processed
REF003691,ORD032658,CUST04679,2026-06-27,1484.88,Processed
REF003692,ORD032670,CUST04680,2026-06-12,489.37,Processed
REF003693,ORD032672,CUST04680,2026-06-13,1252.96,Declined
REF003694,ORD032673,CUST04680,2026-08-09,1101.21,Processed
REF003695,ORD032676,CUST04680,2026-07-09,1623.99,Processed
REF003696,ORD032678,CUST04680,2026-09-07,1551.09,Processed
REF003697,ORD032679,CUST04680,2026-09-13,634.86,Pending
REF003698,ORD032680,CUST04681,2026-04-16,19798.2,Processed
REF003699,ORD032685,CUST04681,2026-07-04,1384.74,Pending
REF003700,ORD032696,CUST04683,2026-06-05,696.75,Processed
REF003701,ORD032716,CUST04686,2026-05-23,15902.65,Processed
REF003702,ORD032724,CUST04687,2026-07-17,1132.29,Declined
REF003703,ORD032725,CUST04687,2026-08-02,1859.54,Processed
REF003704,ORD032727,CUST04687,2026-07-18,3022.51,Processed
REF003705,ORD032728,CUST04687,2026-06-23,1639.67,Pending
REF003706,ORD032732,CUST04687,2026-06-26,1607.65,Pending
REF003707,ORD032734,CUST04687,2026-09-05,9868.23,Processed
REF003708,ORD032735,CUST04687,2026-04-23,17162.0,Processed
REF003709,ORD032754,CUST04690,2026-01-22,4575.16,Processed
REF003710,ORD032780,CUST04695,2026-05-29,1977.29,Processed
REF003711,ORD032785,CUST04697,2026-07-15,2904.01,Processed
REF003712,ORD032818,CUST04704,2026-06-21,232.24,Processed
REF003713,ORD032829,CUST04707,2026-07-13,3895.36,Declined
REF003714,ORD032832,CUST04707,2026-07-08,3715.13,Processed
REF003715,ORD032882,CUST04716,2026-08-21,811.9,Processed
REF003716,ORD032888,CUST04716,2026-08-20,2637.35,Processed
REF003717,ORD032899,CUST04719,2026-05-02,921.71,Processed
REF003718,ORD032900,CUST04719,2026-06-14,1538.75,Processed
REF003719,ORD032903,CUST04719,2026-09-02,3399.99,Processed
REF003720,ORD032906,CUST04719,2026-07-01,2291.04,Processed
REF003721,ORD032931,CUST04724,2026-02-08,2582.47,Processed
REF003722,ORD032937,CUST04725,2026-06-18,1999.24,Processed
REF003723,ORD032956,CUST04729,2026-07-25,1651.89,Processed
REF003724,ORD032959,CUST04729,2026-08-23,1786.53,Processed
REF003725,ORD032960,CUST04729,2026-08-31,942.14,Processed
REF003726,ORD032962,CUST04729,2026-06-23,11569.26,Processed
REF003727,ORD032963,CUST04729,2026-07-07,4948.91,Processed
REF003728,ORD032968,CUST04729,2026-06-26,2701.22,Processed
REF003729,ORD032971,CUST04730,2026-08-17,1886.19,Processed
REF003730,ORD032974,CUST04730,2026-03-31,1907.66,Processed
REF003731,ORD032979,CUST04732,2026-07-09,848.55,Processed
REF003732,ORD032991,CUST04734,2026-08-31,466.97,Pending
REF003733,ORD032992,CUST04734,2026-03-24,1285.97,Processed
REF003734,ORD033010,CUST04737,2026-03-19,3737.11,Processed
REF003735,ORD033023,CUST04740,2026-04-22,3347.76,Processed
REF003736,ORD033034,CUST04742,2026-08-31,1702.91,Processed
REF003737,ORD033036,CUST04742,2026-04-26,1857.62,Processed
REF003738,ORD033040,CUST04742,2026-05-28,20488.3,Pending
REF003739,ORD033042,CUST04742,2026-05-03,3274.03,Processed
REF003740,ORD033045,CUST04742,2026-08-28,20894.78,Processed
REF003741,ORD033049,CUST04742,2026-06-05,23451.03,Processed
REF003742,ORD033051,CUST04742,2026-07-21,1665.39,Processed
REF003743,ORD033054,CUST04742,2026-08-24,2190.05,Declined
REF003744,ORD033056,CUST04742,2026-08-06,15371.37,Processed
REF003745,ORD033057,CUST04742,2026-07-09,1506.38,Processed
REF003746,ORD033080,CUST04748,2026-07-03,942.68,Processed
REF003747,ORD033084,CUST04748,2026-03-03,11112.39,Processed
REF003748,ORD033085,CUST04748,2026-08-16,2814.39,Processed
REF003749,ORD033097,CUST04749,2026-04-28,1494.0,Processed
REF003750,ORD033102,CUST04750,2026-02-15,551.18,Declined
REF003751,ORD033107,CUST04751,2026-06-10,2155.13,Processed
REF003752,ORD033110,CUST04751,2026-08-01,17492.82,Processed
REF003753,ORD033111,CUST04751,2026-07-02,1932.02,Processed
REF003754,ORD033116,CUST04752,2026-09-14,2349.7,Processed
REF003755,ORD033121,CUST04753,2026-08-05,7012.23,Processed
REF003756,ORD033135,CUST04755,2026-08-31,2163.27,Processed
REF003757,ORD033137,CUST04755,2026-08-21,2706.15,Processed
REF003758,ORD033139,CUST04755,2026-09-04,1743.29,Processed
REF003759,ORD033141,CUST04755,2026-09-13,4456.98,Pending
REF003760,ORD033164,CUST04760,2026-05-06,4623.7,Pending
REF003761,ORD033171,CUST04761,2026-08-22,10134.1,Processed
REF003762,ORD033175,CUST04761,2026-08-30,2665.03,Processed
REF003763,ORD033179,CUST04761,2026-09-05,13512.46,Pending
REF003764,ORD033182,CUST04761,2026-08-27,14956.7,Processed
REF003765,ORD033183,CUST04761,2026-09-04,875.07,Pending
REF003766,ORD033203,CUST04766,2026-07-02,1026.36,Processed
REF003767,ORD033208,CUST04767,2026-08-29,3092.72,Processed
REF003768,ORD033211,CUST04768,2026-08-29,3823.36,Processed
REF003769,ORD033214,CUST04768,2026-07-09,2094.42,Processed
REF003770,ORD033222,CUST04768,2026-08-29,984.73,Processed
REF003771,ORD033228,CUST04769,2026-08-22,976.03,Processed
REF003772,ORD033229,CUST04769,2026-09-19,2133.48,Processed
REF003773,ORD033233,CUST04769,2026-08-31,8000.0,Processed
REF003774,ORD033242,CUST04771,2026-02-20,2721.03,Processed
REF003775,ORD033253,CUST04772,2026-08-27,1818.37,Processed
REF003776,ORD033266,CUST04774,2026-07-22,2120.66,Processed
REF003777,ORD033273,CUST04774,2026-06-28,940.85,Processed
REF003778,ORD033276,CUST04774,2026-07-09,8271.67,Declined
REF003779,ORD033277,CUST04774,2026-08-14,13805.24,Processed
REF003780,ORD033292,CUST04776,2026-05-06,3899.66,Processed
REF003781,ORD033297,CUST04777,2026-07-04,2225.92,Processed
REF003782,ORD033304,CUST04777,2026-05-30,2037.39,Processed
REF003783,ORD033367,CUST04785,2026-08-22,16450.06,Processed
REF003784,ORD033369,CUST04785,2026-08-27,969.45,Processed
REF003785,ORD033371,CUST04785,2026-08-25,1291.86,Processed
REF003786,ORD033393,CUST04787,2026-09-15,1724.03,Processed
REF003787,ORD033411,CUST04791,2026-04-28,1103.12,Processed
REF003788,ORD033426,CUST04793,2026-06-08,484.52,Processed
REF003789,ORD033433,CUST04793,2026-04-20,1259.67,Processed
REF003790,ORD033446,CUST04796,2026-06-09,2960.58,Processed
REF003791,ORD033451,CUST04796,2026-03-09,506.8,Pending
REF003792,ORD033454,CUST04796,2026-09-01,629.51,Processed
REF003793,ORD033463,CUST04798,2026-04-14,1732.49,Processed
REF003794,ORD033472,CUST04800,2026-09-13,964.07,Processed
REF003795,ORD033488,CUST04803,2026-04-01,6178.73,Pending
REF003796,ORD033508,CUST04806,2026-05-05,2921.81,Processed
REF003797,ORD033517,CUST04808,2026-08-20,1735.86,Processed
REF003798,ORD033533,CUST04813,2026-08-25,27860.78,Declined
REF003799,ORD033534,CUST04813,2026-08-25,799.92,Processed
REF003800,ORD033536,CUST04813,2026-08-24,1500.0,Processed
REF003801,ORD033562,CUST04818,2026-09-09,2503.78,Pending
REF003802,ORD033571,CUST04819,2026-01-17,11860.66,Processed
REF003803,ORD033590,CUST04822,2026-08-13,11875.06,Processed
REF003804,ORD033591,CUST04822,2026-09-11,15624.17,Pending
REF003805,ORD033600,CUST04822,2026-02-12,928.24,Processed
REF003806,ORD033608,CUST04824,2026-08-06,1399.35,Processed
REF003807,ORD033610,CUST04824,2026-07-29,15270.06,Processed
REF003808,ORD033614,CUST04824,2026-06-02,649.27,Pending
REF003809,ORD033615,CUST04824,2026-06-25,2552.56,Processed
REF003810,ORD033617,CUST04824,2026-05-17,4682.36,Processed
REF003811,ORD033624,CUST04825,2026-09-06,4305.19,Pending
REF003812,ORD033626,CUST04825,2026-08-30,886.54,Processed
REF003813,ORD033630,CUST04825,2026-06-23,2016.05,Processed
REF003814,ORD033632,CUST04826,2026-07-24,1661.57,Declined
REF003815,ORD033657,CUST04831,2026-07-29,2763.84,Pending
REF003816,ORD033658,CUST04831,2026-08-01,616.46,Declined
REF003817,ORD033667,CUST04834,2026-08-08,996.08,Declined
REF003818,ORD033671,CUST04834,2026-07-31,6779.59,Processed
REF003819,ORD033687,CUST04835,2026-09-09,8044.36,Processed
REF003820,ORD033692,CUST04835,2026-07-14,19624.25,Processed
REF003821,ORD033695,CUST04836,2026-05-31,1936.64,Processed
REF003822,ORD033699,CUST04837,2026-08-01,19396.84,Processed
REF003823,ORD033702,CUST04838,2026-08-23,4669.0,Processed
REF003824,ORD033703,CUST04838,2026-06-02,1913.68,Processed
REF003825,ORD033725,CUST04842,2026-06-03,1090.17,Processed
REF003826,ORD033762,CUST04848,2026-08-20,1303.13,Pending
REF003827,ORD033768,CUST04849,2026-08-09,1009.86,Processed
REF003828,ORD033771,CUST04849,2026-09-11,679.94,Processed
REF003829,ORD033807,CUST04856,2026-04-18,4639.03,Processed
REF003830,ORD033810,CUST04856,2026-04-14,1107.47,Processed
REF003831,ORD033812,CUST04856,2026-04-08,541.4,Processed
REF003832,ORD033821,CUST04856,2026-03-24,2530.1,Processed
REF003833,ORD033827,CUST04856,2026-04-27,4472.71,Processed
REF003834,ORD033841,CUST04857,2026-04-23,1146.26,Processed
REF003835,ORD033842,CUST04857,2026-05-26,1943.78,Pending
REF003836,ORD033891,CUST04865,2026-08-01,1678.87,Processed
REF003837,ORD033918,CUST04869,2026-03-31,1557.69,Processed
REF003838,ORD033920,CUST04869,2026-03-19,5224.0,Processed
REF003839,ORD033942,CUST04873,2026-07-16,481.73,Processed
REF003840,ORD033947,CUST04874,2026-01-19,6765.36,Processed
REF003841,ORD033972,CUST04878,2026-06-03,2828.62,Declined
REF003842,ORD033978,CUST04880,2026-07-28,5622.72,Processed
REF003843,ORD033983,CUST04880,2026-07-30,1788.47,Processed
REF003844,ORD033985,CUST04880,2026-08-22,1544.82,Processed
REF003845,ORD034019,CUST04886,2026-04-02,13412.46,Processed
REF003846,ORD034021,CUST04886,2026-04-19,2467.06,Pending
REF003847,ORD034041,CUST04890,2026-07-31,4245.28,Declined
REF003848,ORD034044,CUST04890,2026-08-06,2232.86,Processed
REF003849,ORD034045,CUST04890,2026-07-28,3273.49,Processed
REF003850,ORD034046,CUST04890,2026-07-01,1427.0,Processed
REF003851,ORD034050,CUST04890,2026-07-07,28264.37,Pending
REF003852,ORD034051,CUST04890,2026-08-05,2990.04,Processed
REF003853,ORD034052,CUST04890,2026-08-07,6847.78,Processed
REF003854,ORD034058,CUST04890,2026-08-09,10571.17,Processed
REF003855,ORD034060,CUST04890,2026-08-29,2885.87,Pending
REF003856,ORD034061,CUST04890,2026-09-05,2735.84,Pending
REF003857,ORD034063,CUST04890,2026-08-06,2491.17,Processed
REF003858,ORD034070,CUST04892,2026-08-12,384.1,Processed
REF003859,ORD034071,CUST04892,2026-08-30,2196.35,Processed
REF003860,ORD034072,CUST04892,2026-08-29,259.65,Processed
REF003861,ORD034075,CUST04892,2026-08-11,1420.22,Processed
REF003862,ORD034076,CUST04892,2026-08-04,17153.84,Processed
REF003863,ORD034082,CUST04892,2026-07-14,1147.28,Processed
REF003864,ORD034093,CUST04894,2026-03-17,356.3,Processed
REF003865,ORD034111,CUST04897,2026-05-18,1555.7,Processed
REF003866,ORD034144,CUST04903,2026-07-24,390.91,Pending
REF003867,ORD034145,CUST04903,2026-07-23,1187.44,Processed
REF003868,ORD034146,CUST04903,2026-07-25,4421.21,Processed
REF003869,ORD034149,CUST04903,2026-08-07,2066.47,Processed
REF003870,ORD034150,CUST04903,2026-08-09,2785.92,Processed
REF003871,ORD034156,CUST04903,2026-09-02,20486.97,Processed
REF003872,ORD034161,CUST04903,2026-09-10,781.26,Pending
REF003873,ORD034170,CUST04905,2026-08-19,2307.17,Processed
REF003874,ORD034176,CUST04905,2026-06-25,1001.54,Processed
REF003875,ORD034179,CUST04906,2026-05-21,2050.13,Processed
REF003876,ORD034196,CUST04910,2026-08-09,51781.97,Processed
REF003877,ORD034197,CUST04910,2026-08-26,1034.26,Processed
REF003878,ORD034203,CUST04910,2026-07-23,16590.06,Processed
REF003879,ORD034214,CUST04911,2026-08-14,4401.24,Processed
REF003880,ORD034215,CUST04911,2026-07-19,1769.12,Processed
REF003881,ORD034249,CUST04917,2026-08-08,20785.67,Processed
REF003882,ORD034250,CUST04917,2026-08-13,1091.1,Processed
REF003883,ORD034252,CUST04917,2026-07-14,2522.49,Processed
REF003884,ORD034253,CUST04917,2026-07-19,294.71,Processed
REF003885,ORD034267,CUST04919,2026-05-01,557.62,Processed
REF003886,ORD034285,CUST04922,2026-06-26,780.13,Processed
REF003887,ORD034292,CUST04923,2026-06-29,10171.07,Processed
REF003888,ORD034294,CUST04923,2026-07-01,7306.86,Processed
REF003889,ORD034296,CUST04923,2026-08-06,418.96,Processed
REF003890,ORD034330,CUST04929,2026-03-13,12624.99,Processed
REF003891,ORD034333,CUST04929,2026-03-07,2939.16,Pending
REF003892,ORD034339,CUST04931,2026-08-30,30048.71,Processed
REF003893,ORD034342,CUST04931,2026-04-25,1015.79,Processed
REF003894,ORD034347,CUST04931,2026-09-01,533.07,Processed
REF003895,ORD034350,CUST04931,2026-06-08,1359.48,Processed
REF003896,ORD034351,CUST04931,2026-05-27,620.47,Processed
REF003897,ORD034354,CUST04931,2026-06-12,1304.58,Declined
REF003898,ORD034355,CUST04931,2026-07-08,2185.55,Processed
REF003899,ORD034356,CUST04931,2026-09-22,1757.48,Processed
REF003900,ORD034357,CUST04931,2026-05-09,1724.7,Processed
REF003901,ORD034363,CUST04931,2026-08-05,15644.25,Declined
REF003902,ORD034369,CUST04933,2026-08-19,3271.6,Pending
REF003903,ORD034388,CUST04936,2026-06-23,12468.85,Processed
REF003904,ORD034389,CUST04936,2026-06-14,2096.88,Pending
REF003905,ORD034396,CUST04936,2026-07-27,420.34,Declined
REF003906,ORD034398,CUST04936,2026-05-28,287.73,Processed
REF003907,ORD034405,CUST04937,2026-08-18,2453.0,Processed
REF003908,ORD034455,CUST04945,2026-07-21,1997.7,Processed
REF003909,ORD034466,CUST04945,2026-07-13,12625.74,Processed
REF003910,ORD034493,CUST04950,2026-05-19,2212.44,Processed
REF003911,ORD034512,CUST04954,2026-04-26,3143.55,Processed
REF003912,ORD034588,CUST04967,2026-08-05,1338.56,Declined
REF003913,ORD034608,CUST04971,2026-06-30,433.05,Processed
REF003914,ORD034611,CUST04971,2026-07-26,3511.67,Processed
REF003915,ORD034613,CUST04972,2026-07-11,4968.68,Processed
REF003916,ORD034650,CUST04978,2026-04-07,22318.62,Pending
REF003917,ORD034679,CUST04983,2026-09-12,716.94,Processed
REF003918,ORD034693,CUST04984,2026-06-19,1913.39,Processed
REF003919,ORD034695,CUST04984,2026-09-04,15530.56,Processed
REF003920,ORD034703,CUST04986,2026-07-11,2437.05,Processed
REF003921,ORD034705,CUST04986,2026-07-24,1831.13,Processed
REF003922,ORD034712,CUST04986,2026-04-17,3678.59,Processed
REF003923,ORD034713,CUST04986,2026-06-27,4710.56,Declined
REF003924,ORD034714,CUST04986,2026-07-07,14878.48,Pending
REF003925,ORD034717,CUST04986,2026-07-19,12442.59,Processed
REF003926,ORD034720,CUST04987,2026-03-20,1161.25,Processed
REF003927,ORD034768,CUST04996,2026-08-06,1421.39,Processed
REF003928,ORD034769,CUST04996,2026-04-16,2443.2,Processed
REF003929,ORD034773,CUST04996,2026-05-29,19425.43,Processed
REF003930,ORD034779,CUST04996,2026-03-23,1117.56,Processed
REF003931,ORD034780,CUST04996,2026-05-23,1390.21,Processed
REF003932,ORD034782,CUST04996,2026-04-05,5176.99,Processed
REF003933,ORD034794,CUST04998,2026-07-07,12174.85,Processed
REF003934,ORD034797,CUST04998,2026-06-18,1925.54,Processed
REF003935,ORD027601,CUST03960,2026-09-13,793.89,Processed
REF003936,ORD002569,CUST00385,2026-08-31,327.25,Processed
REF003937,ORD020403,CUST02946,2026-09-18,4435.18,Processed
REF003938,ORD024903,CUST03578,2026-08-22,387.16,Processed
REF003939,ORD031091,CUST04455,2026-09-12,581.89,Processed
REF003940,ORD020144,CUST02908,2026-07-25,123.96,Processed
REF003941,ORD009473,CUST01389,2026-08-03,228.58,Processed
REF003942,ORD023995,CUST03446,2026-08-14,1175.75,Processed
REF003943,ORD032019,CUST04585,2026-07-02,465.9,Processed
REF003944,ORD020627,CUST02979,2026-03-18,1228.86,Processed
REF003945,ORD023811,CUST03416,2026-04-20,346.23,Processed
REF003946,ORD012252,CUST01799,2026-06-11,2744.51,Processed
REF003947,ORD008316,CUST01217,2026-07-03,1208.7,Processed
REF003948,ORD012320,CUST01810,2026-07-11,510.63,Processed
REF003949,ORD034665,CUST04981,2026-07-19,397.51,Processed
REF003950,ORD023464,CUST03365,2026-05-08,1568.71,Processed
REF003951,ORD023902,CUST03431,2026-06-09,1451.38,Processed
REF003952,ORD033763,CUST04848,2026-05-15,463.67,Processed
REF003953,ORD012823,CUST01880,2026-04-26,130.39,Processed
REF003954,ORD005138,CUST00757,2026-03-24,192.58,Processed
REF003955,ORD031058,CUST04451,2026-04-23,960.77,Processed
REF003956,ORD000668,CUST00108,2026-03-31,1436.67,Processed
REF003957,ORD009530,CUST01399,2026-03-25,628.03,Processed
REF003958,ORD028964,CUST04154,2026-08-24,348.11,Processed
REF003959,ORD006614,CUST00967,2026-05-20,987.43,Processed
REF003960,ORD006977,CUST01021,2026-09-30,966.92,Processed
REF003961,ORD030095,CUST04318,2026-08-09,3406.55,Processed
REF003962,ORD019286,CUST02783,2026-08-01,4767.53,Processed
REF003963,ORD034664,CUST04981,2026-03-17,254.8,Processed
REF003964,ORD006472,CUST00943,2026-04-20,353.88,Processed
REF003965,ORD030999,CUST04442,2026-09-04,391.42,Processed
REF003966,ORD008241,CUST01207,2026-07-10,357.52,Processed
REF003967,ORD032078,CUST04592,2026-09-07,613.7,Processed
REF003968,ORD003657,CUST00548,2026-09-02,1496.64,Processed
REF003969,ORD021537,CUST03100,2026-05-10,1576.29,Processed
REF003970,ORD020163,CUST02912,2026-04-26,169.57,Processed
REF003971,ORD031654,CUST04535,2026-08-13,60.83,Processed
REF003972,ORD024185,CUST03472,2026-08-18,608.28,Processed
REF003973,ORD027634,CUST03963,2026-08-27,8503.93,Processed
REF003974,ORD032582,CUST04669,2026-07-02,1419.47,Processed
REF003975,ORD009803,CUST01439,2026-07-29,432.81,Processed
REF003976,ORD015904,CUST02297,2026-07-14,1836.26,Processed
REF003977,ORD009750,CUST01428,2026-07-04,767.54,Processed
REF003978,ORD014719,CUST02129,2026-01-31,262.6,Processed
REF003979,ORD030380,CUST04358,2026-09-21,297.07,Processed
REF003980,ORD030181,CUST04331,2026-03-31,1292.34,Processed
REF003981,ORD006094,CUST00893,2026-09-03,431.49,Processed
REF003982,ORD023063,CUST03313,2026-07-27,238.13,Processed
REF003983,ORD005082,CUST00750,2026-01-21,1292.44,Processed
REF003984,ORD010553,CUST01548,2026-08-04,1812.88,Processed
REF003985,ORD027546,CUST03955,2026-05-30,202.06,Processed
REF003986,ORD013639,CUST01985,2026-06-14,1265.55,Processed
REF003987,ORD014849,CUST02147,2026-04-13,238.31,Processed
REF003988,ORD024888,CUST03576,2026-02-25,982.7,Processed
REF003989,ORD008610,CUST01259,2026-07-21,753.56,Processed
REF003990,ORD031944,CUST04576,2026-07-07,544.09,Processed
REF003991,ORD006411,CUST00935,2026-06-08,500.93,Processed
REF003992,ORD003795,CUST00570,2026-07-10,388.7,Processed
REF003993,ORD006958,CUST01020,2026-07-10,1041.01,Processed
REF003994,ORD008474,CUST01242,2026-04-20,237.35,Processed
REF003995,ORD025310,CUST03634,2026-02-11,8598.54,Processed
REF003996,ORD029737,CUST04275,2026-05-31,696.95,Processed
REF003997,ORD006314,CUST00923,2026-05-05,797.21,Processed
REF003998,ORD031686,CUST04538,2026-06-23,15917.28,Processed
REF003999,ORD000924,CUST00142,2026-06-30,134.88,Processed
REF004000,ORD018842,CUST02725,2026-07-27,2264.55,Processed
REF004001,ORD021096,CUST03041,2026-06-06,1343.06,Processed
REF004002,ORD014925,CUST02158,2026-04-03,825.16,Processed
REF004003,ORD002184,CUST00329,2026-09-05,608.02,Processed
REF004004,ORD034431,CUST04940,2026-08-02,488.0,Processed
REF004005,ORD011891,CUST01747,2026-09-01,55.77,Processed
REF004006,ORD028138,CUST04035,2026-03-29,1583.71,Processed
REF004007,ORD010613,CUST01558,2026-09-05,1564.6,Processed
REF004008,ORD017643,CUST02551,2026-04-29,855.86,Processed
REF004009,ORD006734,CUST00988,2026-08-01,244.8,Processed
REF004010,ORD025366,CUST03644,2026-01-24,497.89,Processed
REF004011,ORD003236,CUST00484,2026-02-02,1895.48,Processed
REF004012,ORD025520,CUST03664,2026-04-02,1429.92,Processed
REF004013,ORD009585,CUST01406,2026-08-23,1008.72,Processed
REF004014,ORD011158,CUST01634,2026-06-30,602.55,Processed
REF004015,ORD028570,CUST04097,2026-08-24,510.03,Processed
REF004016,ORD003675,CUST00551,2026-08-04,1279.88,Processed
REF004017,ORD022493,CUST03230,2026-08-10,831.17,Processed
REF004018,ORD021610,CUST03109,2026-08-16,4313.13,Processed
REF004019,ORD027853,CUST03992,2026-04-09,256.58,Processed
REF004020,ORD017481,CUST02527,2026-09-13,5865.58,Processed
REF004021,ORD013836,CUST02017,2026-03-24,365.16,Processed
REF004022,ORD004533,CUST00667,2026-06-21,632.17,Processed
REF004023,ORD018874,CUST02730,2026-06-24,4550.25,Processed
REF004024,ORD032331,CUST04629,2026-05-03,129.83,Processed
REF004025,ORD007609,CUST01120,2026-08-17,4725.48,Processed
REF004026,ORD015838,CUST02285,2026-07-09,1508.12,Processed
REF004027,ORD003791,CUST00569,2026-07-16,551.8,Processed
REF004028,ORD008772,CUST01284,2026-06-10,460.15,Processed
REF004029,ORD018607,CUST02691,2026-07-26,399.3,Processed
REF004030,ORD006480,CUST00945,2026-07-19,390.09,Processed
REF004031,ORD002161,CUST00327,2026-09-12,366.01,Processed
REF004032,ORD006760,CUST00991,2026-05-24,256.8,Processed
REF004033,ORD031794,CUST04553,2026-04-26,705.96,Processed
REF004034,ORD030734,CUST04409,2026-05-23,12486.67,Processed
REF004035,ORD020684,CUST02987,2026-02-12,785.54,Processed
REF004036,ORD003759,CUST00562,2026-08-27,1144.06,Processed
REF004037,ORD028995,CUST04161,2026-01-24,1515.63,Processed
REF004038,ORD002300,CUST00347,2026-07-13,6663.38,Processed
REF004039,ORD029101,CUST04177,2026-05-03,1432.63,Processed
REF004040,ORD024633,CUST03536,2026-05-16,931.27,Processed
REF004041,ORD016094,CUST02320,2026-08-06,1741.7,Processed
REF004042,ORD012554,CUST01843,2026-07-23,462.62,Processed
REF004043,ORD026021,CUST03745,2026-03-18,66.9,Processed
REF004044,ORD031434,CUST04501,2026-09-21,534.69,Processed
REF004045,ORD023375,CUST03355,2026-08-22,10886.77,Processed
REF004046,ORD009107,CUST01336,2026-08-05,495.63,Processed
REF004047,ORD030392,CUST04360,2026-03-09,6289.09,Processed
REF004048,ORD006006,CUST00879,2026-06-17,918.9,Processed
REF004049,ORD022414,CUST03220,2026-01-23,333.91,Processed
REF004050,ORD020311,CUST02933,2026-07-05,506.92,Processed
REF004051,ORD021389,CUST03079,2026-07-06,1003.38,Processed
REF004052,ORD018036,CUST02606,2026-07-28,746.17,Processed
REF004053,ORD003150,CUST00471,2026-02-23,874.52,Processed
REF004054,ORD019196,CUST02772,2026-06-26,533.33,Processed
REF004055,ORD029033,CUST04167,2026-06-18,444.15,Processed
REF004056,ORD033694,CUST04836,2026-04-10,410.97,Processed
REF004057,ORD020833,CUST03005,2026-03-13,623.46,Processed
REF004058,ORD008205,CUST01200,2026-04-02,255.78,Processed
REF004059,ORD013653,CUST01987,2026-05-21,1894.22,Processed
REF004060,ORD012352,CUST01814,2026-08-17,476.55,Processed
REF004061,ORD021072,CUST03037,2026-04-29,378.05,Processed
REF004062,ORD031958,CUST04578,2026-09-24,9485.75,Processed
REF004063,ORD003254,CUST00486,2026-09-04,182.63,Processed
REF004064,ORD000694,CUST00111,2026-04-11,501.37,Processed
REF004065,ORD023939,CUST03436,2026-06-22,838.31,Processed
REF004066,ORD034062,CUST04890,2026-07-23,8189.13,Processed
REF004067,ORD008809,CUST01291,2026-08-01,205.11,Processed
REF004068,ORD032465,CUST04649,2026-06-15,98.98,Processed
REF004069,ORD022510,CUST03234,2026-07-03,218.47,Processed
REF004070,ORD022810,CUST03275,2026-08-08,424.61,Processed
REF004071,ORD034552,CUST04961,2026-06-14,2595.23,Processed
REF004072,ORD006388,CUST00932,2026-08-15,485.19,Processed
REF004073,ORD031472,CUST04509,2026-02-18,986.8,Processed
REF004074,ORD015963,CUST02303,2026-08-06,146.06,Processed
REF004075,ORD001969,CUST00297,2026-08-10,3394.41,Processed
REF004076,ORD022617,CUST03249,2026-08-02,422.48,Processed
REF004077,ORD019420,CUST02802,2026-05-11,1018.44,Processed
REF004078,ORD004621,CUST00684,2026-05-16,485.41,Processed
REF004079,ORD006993,CUST01022,2026-07-04,686.38,Processed
REF004080,ORD024708,CUST03548,2026-07-17,241.72,Processed
REF004081,ORD032280,CUST04621,2026-04-08,369.88,Processed
REF004082,ORD005417,CUST00800,2026-08-27,53.81,Processed
REF004083,ORD025761,CUST03703,2026-07-15,1046.25,Processed
REF004084,ORD022051,CUST03170,2026-08-29,3271.99,Processed
REF004085,ORD006458,CUST00942,2026-05-29,479.79,Processed
REF004086,ORD001812,CUST00277,2026-08-19,1617.74,Processed
REF004087,ORD004199,CUST00621,2026-04-11,913.59,Processed
REF004088,ORD025420,CUST03651,2026-07-27,222.41,Processed
REF004089,ORD022626,CUST03251,2026-08-20,1878.11,Processed
REF004090,ORD001831,CUST00281,2026-08-09,237.67,Processed
REF004091,ORD016670,CUST02407,2026-04-04,7741.6,Processed
REF004092,ORD001554,CUST00237,2026-09-04,1461.45,Processed
REF004093,ORD018933,CUST02737,2026-05-31,1125.04,Processed
REF004094,ORD005271,CUST00781,2026-03-31,167.43,Processed
REF004095,ORD008160,CUST01191,2026-08-24,65.02,Processed
REF004096,ORD015809,CUST02282,2026-07-31,6419.3,Processed
REF004097,ORD008083,CUST01181,2026-09-27,936.18,Processed
REF004098,ORD020469,CUST02956,2026-04-08,6752.43,Processed
REF004099,ORD015855,CUST02288,2026-06-06,134.9,Processed
REF004100,ORD003659,CUST00549,2026-09-08,14015.73,Processed
REF004101,ORD010172,CUST01487,2026-05-13,309.45,Processed
REF004102,ORD015067,CUST02175,2026-09-30,950.59,Processed
REF004103,ORD033969,CUST04878,2026-06-26,300.08,Processed
REF004104,ORD000866,CUST00135,2026-09-11,632.03,Processed
REF004105,ORD025636,CUST03684,2026-08-11,457.5,Processed
REF004106,ORD026440,CUST03799,2026-05-31,2419.81,Processed
REF004107,ORD027716,CUST03972,2026-06-10,1450.12,Processed
REF004108,ORD010148,CUST01484,2026-09-03,451.95,Processed
REF004109,ORD013357,CUST01951,2026-05-28,566.19,Processed
REF004110,ORD014718,CUST02129,2026-07-07,9003.09,Processed
REF004111,ORD006307,CUST00922,2026-04-28,933.54,Processed
REF004112,ORD025837,CUST03716,2026-05-14,4560.05,Processed
REF004113,ORD014733,CUST02131,2026-04-06,397.14,Processed
REF004114,ORD033523,CUST04810,2026-07-26,313.65,Processed
REF004115,ORD018814,CUST02719,2026-08-09,1247.85,Processed
REF004116,ORD019538,CUST02820,2026-07-04,235.07,Processed
REF004117,ORD025928,CUST03729,2026-07-01,409.97,Processed
REF004118,ORD014061,CUST02040,2026-07-26,1143.59,Processed
REF004119,ORD003603,CUST00544,2026-07-19,2087.51,Processed
REF004120,ORD013464,CUST01965,2026-06-16,846.79,Processed
REF004121,ORD013129,CUST01918,2026-07-24,597.87,Processed
REF004122,ORD030750,CUST04410,2026-07-26,289.98,Processed
REF004123,ORD003502,CUST00525,2026-08-26,540.2,Processed
REF004124,ORD026942,CUST03872,2026-06-01,930.37,Processed
REF004125,ORD034766,CUST04995,2026-05-14,180.71,Processed
REF004126,ORD006670,CUST00977,2026-09-30,1281.42,Processed
REF004127,ORD026193,CUST03769,2026-07-16,514.88,Processed
