return_id,order_id,customer_id,return_date,return_reason,return_amount,return_status
RET000001,ORD000020,CUST00004,2026-08-16,Size/Fit Issue,1108.67,Approved
RET000002,ORD000044,CUST00008,2026-01-22,Damaged in Transit,3563.29,Approved
RET000003,ORD000083,CUST00014,2026-02-26,Wrong Item Received,2220.29,Approved
RET000004,ORD000096,CUST00016,2026-07-26,Quality Not Satisfactory,4104.45,Approved
RET000005,ORD000101,CUST00017,2026-09-18,Damaged in Transit,784.46,Approved
RET000006,ORD000102,CUST00017,2026-06-23,Defective Product,2026.3,Approved
RET000007,ORD000106,CUST00017,2026-03-21,Defective Product,5460.64,Approved
RET000008,ORD000115,CUST00020,2026-03-28,Defective Product,2101.6,Approved
RET000009,ORD000122,CUST00021,2026-07-30,Wrong Item Received,2600.99,Approved
RET000010,ORD000145,CUST00025,2026-07-06,Size/Fit Issue,1699.2,Approved
RET000011,ORD000152,CUST00027,2026-08-03,Better Price Found,903.73,Approved
RET000012,ORD000153,CUST00027,2026-08-29,Size/Fit Issue,2222.54,Approved
RET000013,ORD000159,CUST00027,2026-09-03,Quality Not Satisfactory,14526.95,Approved
RET000014,ORD000161,CUST00027,2026-07-28,Wrong Item Received,1968.91,Approved
RET000015,ORD000165,CUST00027,2026-07-26,Defective Product,2101.11,Approved
RET000016,ORD000168,CUST00027,2026-07-13,Not As Described,6620.42,Rejected
RET000017,ORD000170,CUST00028,2026-04-26,Changed Mind,1017.5,Rejected
RET000018,ORD000178,CUST00029,2026-06-21,Changed Mind,3059.21,Approved
RET000019,ORD000182,CUST00030,2026-04-12,Damaged in Transit,33241.31,Approved
RET000020,ORD000187,CUST00031,2026-06-13,Not As Described,784.32,Approved
RET000021,ORD000188,CUST00031,2026-01-19,Damaged in Transit,1024.68,Approved
RET000022,ORD000202,CUST00034,2026-09-19,Better Price Found,2478.25,Approved
RET000023,ORD000205,CUST00034,2026-07-08,Not As Described,8150.14,Pending
RET000024,ORD000208,CUST00034,2026-08-26,Damaged in Transit,2055.69,Approved
RET000025,ORD000214,CUST00036,2026-03-13,Size/Fit Issue,1801.96,Approved
RET000026,ORD000215,CUST00036,2026-07-28,Not As Described,2946.12,Rejected
RET000027,ORD000223,CUST00038,2026-07-25,Changed Mind,1226.66,Approved
RET000028,ORD000227,CUST00038,2026-02-23,Not As Described,2816.47,Approved
RET000029,ORD000229,CUST00038,2026-07-11,Wrong Item Received,6579.96,Approved
RET000030,ORD000230,CUST00038,2026-07-11,Quality Not Satisfactory,2552.07,Approved
RET000031,ORD000234,CUST00038,2026-08-04,Defective Product,170.94,Rejected
RET000032,ORD000235,CUST00038,2026-03-19,Changed Mind,1960.65,Approved
RET000033,ORD000254,CUST00042,2026-07-20,Size/Fit Issue,1629.19,Pending
RET000034,ORD000255,CUST00042,2026-07-11,Not As Described,852.85,Approved
RET000035,ORD000257,CUST00042,2026-07-01,Better Price Found,6715.56,Approved
RET000036,ORD000258,CUST00042,2026-07-27,Quality Not Satisfactory,36312.02,Approved
RET000037,ORD000261,CUST00042,2026-07-02,Changed Mind,32593.94,Approved
RET000038,ORD000262,CUST00042,2026-06-30,Quality Not Satisfactory,2412.78,Approved
RET000039,ORD000264,CUST00042,2026-07-20,Changed Mind,469.91,Pending
RET000040,ORD000271,CUST00044,2026-07-18,Better Price Found,1265.72,Approved
RET000041,ORD000274,CUST00045,2026-04-21,Wrong Item Received,4120.64,Pending
RET000042,ORD000296,CUST00048,2026-07-28,Size/Fit Issue,1584.62,Approved
RET000043,ORD000299,CUST00048,2026-08-14,Defective Product,2806.81,Rejected
RET000044,ORD000300,CUST00048,2026-07-31,Changed Mind,1635.77,Approved
RET000045,ORD000301,CUST00048,2026-07-29,Quality Not Satisfactory,13353.04,Approved
RET000046,ORD000304,CUST00048,2026-07-26,Changed Mind,1951.87,Pending
RET000047,ORD000305,CUST00048,2026-08-20,Changed Mind,3534.18,Approved
RET000048,ORD000315,CUST00051,2026-08-14,Defective Product,2561.62,Approved
RET000049,ORD000316,CUST00051,2026-08-16,Not As Described,3034.57,Approved
RET000050,ORD000317,CUST00051,2026-07-31,Quality Not Satisfactory,13094.31,Rejected
RET000051,ORD000318,CUST00051,2026-08-11,Wrong Item Received,5055.23,Pending
RET000052,ORD000319,CUST00051,2026-08-16,Changed Mind,546.75,Approved
RET000053,ORD000320,CUST00051,2026-08-07,Not As Described,510.29,Pending
RET000054,ORD000322,CUST00051,2026-08-04,Changed Mind,16868.46,Approved
RET000055,ORD000323,CUST00051,2026-09-09,Changed Mind,1089.29,Approved
RET000056,ORD000324,CUST00051,2026-08-28,Not As Described,1293.56,Approved
RET000057,ORD000326,CUST00051,2026-08-27,Not As Described,12894.07,Approved
RET000058,ORD000327,CUST00051,2026-08-19,Size/Fit Issue,2518.81,Approved
RET000059,ORD000330,CUST00051,2026-08-29,Not As Described,3064.97,Approved
RET000060,ORD000333,CUST00051,2026-08-09,Wrong Item Received,9926.21,Approved
RET000061,ORD000334,CUST00051,2026-08-04,Not As Described,6000.0,Approved
RET000062,ORD000335,CUST00051,2026-08-11,Defective Product,2825.36,Approved
RET000063,ORD000336,CUST00052,2026-06-25,Size/Fit Issue,1539.9,Rejected
RET000064,ORD000340,CUST00052,2026-06-29,Wrong Item Received,16824.46,Approved
RET000065,ORD000341,CUST00052,2026-06-27,Changed Mind,6767.73,Pending
RET000066,ORD000343,CUST00052,2026-07-01,Not As Described,2517.11,Rejected
RET000067,ORD000346,CUST00052,2026-08-21,Not As Described,488.43,Approved
RET000068,ORD000348,CUST00052,2026-07-19,Defective Product,15291.29,Approved
RET000069,ORD000349,CUST00052,2026-07-19,Not As Described,1756.66,Rejected
RET000070,ORD000350,CUST00052,2026-08-02,Changed Mind,1193.41,Rejected
RET000071,ORD000351,CUST00052,2026-08-14,Size/Fit Issue,598.62,Approved
RET000072,ORD000385,CUST00060,2026-07-03,Damaged in Transit,1315.43,Approved
RET000073,ORD000388,CUST00061,2026-07-30,Defective Product,1444.79,Approved
RET000074,ORD000410,CUST00063,2026-08-31,Not As Described,5094.68,Approved
RET000075,ORD000412,CUST00063,2026-08-13,Changed Mind,3091.71,Approved
RET000076,ORD000415,CUST00063,2026-09-04,Quality Not Satisfactory,325.47,Approved
RET000077,ORD000421,CUST00063,2026-08-12,Size/Fit Issue,1592.6,Approved
RET000078,ORD000422,CUST00063,2026-08-17,Not As Described,1069.43,Approved
RET000079,ORD000428,CUST00064,2026-04-19,Defective Product,5408.34,Approved
RET000080,ORD000437,CUST00065,2026-03-27,Size/Fit Issue,14165.36,Approved
RET000081,ORD000476,CUST00073,2026-07-11,Defective Product,335.06,Approved
RET000082,ORD000480,CUST00074,2026-06-15,Changed Mind,4072.22,Rejected
RET000083,ORD000522,CUST00080,2026-05-22,Size/Fit Issue,1328.33,Approved
RET000084,ORD000539,CUST00083,2026-05-04,Not As Described,10679.77,Pending
RET000085,ORD000541,CUST00083,2026-05-19,Better Price Found,2294.58,Approved
RET000086,ORD000544,CUST00083,2026-07-31,Damaged in Transit,1957.15,Pending
RET000087,ORD000559,CUST00086,2026-03-01,Better Price Found,1743.74,Approved
RET000088,ORD000570,CUST00090,2026-03-14,Quality Not Satisfactory,2458.23,Pending
RET000089,ORD000573,CUST00091,2026-01-22,Wrong Item Received,2316.22,Approved
RET000090,ORD000575,CUST00091,2026-02-14,Changed Mind,1422.81,Pending
RET000091,ORD000580,CUST00091,2026-07-03,Changed Mind,6725.69,Approved
RET000092,ORD000605,CUST00096,2026-05-08,Size/Fit Issue,6208.18,Rejected
RET000093,ORD000610,CUST00097,2026-05-25,Defective Product,1427.35,Pending
RET000094,ORD000638,CUST00104,2026-07-28,Changed Mind,1725.78,Approved
RET000095,ORD000639,CUST00104,2026-08-01,Defective Product,5387.86,Approved
RET000096,ORD000649,CUST00104,2026-05-29,Changed Mind,1747.14,Pending
RET000097,ORD000651,CUST00104,2026-06-30,Changed Mind,13610.7,Approved
RET000098,ORD000652,CUST00104,2026-08-02,Not As Described,880.89,Approved
RET000099,ORD000654,CUST00105,2026-06-05,Defective Product,778.95,Approved
RET000100,ORD000672,CUST00109,2026-01-16,Changed Mind,2897.92,Approved
RET000101,ORD000675,CUST00109,2026-05-20,Size/Fit Issue,1416.03,Pending
RET000102,ORD000676,CUST00109,2026-02-03,Defective Product,8272.65,Approved
RET000103,ORD000677,CUST00109,2026-02-12,Quality Not Satisfactory,4056.47,Approved
RET000104,ORD000678,CUST00109,2026-06-12,Size/Fit Issue,1314.02,Pending
RET000105,ORD000679,CUST00109,2026-02-15,Defective Product,2249.41,Approved
RET000106,ORD000680,CUST00109,2026-08-12,Defective Product,2150.96,Approved
RET000107,ORD000681,CUST00109,2026-08-27,Changed Mind,10739.68,Approved
RET000108,ORD000682,CUST00109,2026-04-02,Changed Mind,9296.03,Approved
RET000109,ORD000685,CUST00109,2026-04-15,Not As Described,3313.93,Approved
RET000110,ORD000687,CUST00109,2026-02-06,Size/Fit Issue,1322.58,Pending
RET000111,ORD000692,CUST00111,2026-02-15,Size/Fit Issue,2970.41,Approved
RET000112,ORD000699,CUST00112,2026-05-09,Quality Not Satisfactory,7543.66,Approved
RET000113,ORD000704,CUST00113,2026-05-30,Not As Described,8669.6,Pending
RET000114,ORD000706,CUST00113,2026-05-22,Quality Not Satisfactory,1711.84,Approved
RET000115,ORD000711,CUST00113,2026-08-30,Not As Described,1997.38,Approved
RET000116,ORD000717,CUST00113,2026-06-13,Changed Mind,15027.46,Pending
RET000117,ORD000751,CUST00119,2026-05-09,Damaged in Transit,15301.54,Approved
RET000118,ORD000768,CUST00122,2026-08-08,Defective Product,3327.75,Approved
RET000119,ORD000776,CUST00123,2026-08-02,Damaged in Transit,897.13,Approved
RET000120,ORD000790,CUST00126,2026-05-24,Better Price Found,9562.85,Approved
RET000121,ORD000795,CUST00126,2026-07-31,Size/Fit Issue,22297.19,Approved
RET000122,ORD000798,CUST00126,2026-06-24,Damaged in Transit,935.64,Rejected
RET000123,ORD000799,CUST00126,2026-09-15,Damaged in Transit,1021.2,Approved
RET000124,ORD000813,CUST00129,2026-04-20,Defective Product,33248.3,Approved
RET000125,ORD000816,CUST00129,2026-01-21,Defective Product,1950.97,Approved
RET000126,ORD000817,CUST00129,2026-03-16,Size/Fit Issue,952.49,Pending
RET000127,ORD000823,CUST00130,2026-08-06,Quality Not Satisfactory,1448.09,Approved
RET000128,ORD000829,CUST00131,2026-08-15,Defective Product,160.29,Approved
RET000129,ORD000830,CUST00131,2026-08-09,Size/Fit Issue,995.1,Approved
RET000130,ORD000831,CUST00131,2026-07-04,Not As Described,1437.75,Approved
RET000131,ORD000832,CUST00131,2026-06-14,Size/Fit Issue,2683.03,Rejected
RET000132,ORD000833,CUST00131,2026-06-07,Damaged in Transit,1928.17,Pending
RET000133,ORD000834,CUST00131,2026-06-06,Changed Mind,3048.11,Approved
RET000134,ORD000835,CUST00131,2026-08-30,Defective Product,975.43,Pending
RET000135,ORD000837,CUST00132,2026-07-24,Damaged in Transit,2408.69,Approved
RET000136,ORD000841,CUST00132,2026-02-21,Damaged in Transit,5599.13,Rejected
RET000137,ORD000849,CUST00133,2026-07-25,Wrong Item Received,951.33,Rejected
RET000138,ORD000863,CUST00135,2026-07-23,Not As Described,850.49,Pending
RET000139,ORD000865,CUST00135,2026-06-27,Better Price Found,4109.22,Pending
RET000140,ORD000867,CUST00135,2026-07-04,Not As Described,1099.7,Approved
RET000141,ORD000868,CUST00135,2026-07-21,Size/Fit Issue,4499.73,Rejected
RET000142,ORD000871,CUST00136,2026-08-01,Changed Mind,3472.76,Rejected
RET000143,ORD000876,CUST00136,2026-09-08,Not As Described,861.61,Approved
RET000144,ORD000878,CUST00136,2026-09-04,Changed Mind,2569.78,Approved
RET000145,ORD000883,CUST00137,2026-07-26,Quality Not Satisfactory,1192.52,Approved
RET000146,ORD000884,CUST00137,2026-07-14,Changed Mind,1579.34,Approved
RET000147,ORD000885,CUST00137,2026-07-28,Changed Mind,3552.88,Approved
RET000148,ORD000888,CUST00137,2026-07-16,Better Price Found,2205.78,Pending
RET000149,ORD000889,CUST00137,2026-07-18,Quality Not Satisfactory,1096.16,Approved
RET000150,ORD000890,CUST00137,2026-07-29,Changed Mind,29857.93,Approved
RET000151,ORD000893,CUST00137,2026-06-25,Not As Described,6921.64,Approved
RET000152,ORD000897,CUST00137,2026-05-18,Quality Not Satisfactory,5740.81,Rejected
RET000153,ORD000899,CUST00137,2026-07-26,Quality Not Satisfactory,271.98,Approved
RET000154,ORD000900,CUST00137,2026-07-05,Not As Described,5568.31,Pending
RET000155,ORD000909,CUST00139,2026-08-24,Changed Mind,2552.12,Approved
RET000156,ORD000935,CUST00143,2026-08-07,Defective Product,3017.12,Approved
RET000157,ORD000947,CUST00145,2026-08-21,Defective Product,1394.62,Approved
RET000158,ORD000949,CUST00145,2026-08-11,Not As Described,1602.79,Approved
RET000159,ORD000950,CUST00145,2026-07-30,Not As Described,2813.1,Pending
RET000160,ORD000952,CUST00145,2026-08-19,Damaged in Transit,2084.66,Approved
RET000161,ORD000953,CUST00145,2026-07-31,Size/Fit Issue,5376.74,Pending
RET000162,ORD000954,CUST00145,2026-08-15,Size/Fit Issue,6950.85,Approved
RET000163,ORD000960,CUST00145,2026-08-31,Changed Mind,13732.1,Approved
RET000164,ORD000962,CUST00145,2026-08-31,Defective Product,1753.39,Approved
RET000165,ORD000983,CUST00149,2026-05-15,Defective Product,2026.74,Approved
RET000166,ORD000992,CUST00152,2026-09-04,Damaged in Transit,1499.38,Approved
RET000167,ORD000994,CUST00152,2026-09-02,Damaged in Transit,15389.46,Approved
RET000168,ORD000996,CUST00152,2026-09-11,Quality Not Satisfactory,1371.4,Rejected
RET000169,ORD000997,CUST00152,2026-08-26,Damaged in Transit,1354.18,Pending
RET000170,ORD001000,CUST00152,2026-08-26,Size/Fit Issue,1095.39,Approved
RET000171,ORD001002,CUST00153,2026-08-31,Quality Not Satisfactory,2692.36,Approved
RET000172,ORD001005,CUST00153,2026-07-11,Damaged in Transit,18530.43,Pending
RET000173,ORD001037,CUST00158,2026-07-13,Damaged in Transit,5372.81,Approved
RET000174,ORD001081,CUST00166,2026-03-01,Defective Product,2209.08,Pending
RET000175,ORD001082,CUST00166,2026-05-11,Changed Mind,1430.85,Pending
RET000176,ORD001094,CUST00168,2026-08-27,Damaged in Transit,2922.02,Approved
RET000177,ORD001109,CUST00171,2026-02-10,Defective Product,659.09,Pending
RET000178,ORD001124,CUST00175,2026-03-04,Wrong Item Received,2312.03,Approved
RET000179,ORD001129,CUST00176,2026-08-04,Damaged in Transit,328.76,Approved
RET000180,ORD001137,CUST00177,2026-07-21,Not As Described,17847.76,Approved
RET000181,ORD001138,CUST00177,2026-07-09,Not As Described,855.65,Approved
RET000182,ORD001140,CUST00177,2026-07-30,Quality Not Satisfactory,17523.73,Approved
RET000183,ORD001141,CUST00177,2026-07-07,Changed Mind,15402.88,Approved
RET000184,ORD001165,CUST00180,2026-05-07,Defective Product,2575.71,Approved
RET000185,ORD001167,CUST00181,2026-08-09,Wrong Item Received,508.12,Approved
RET000186,ORD001173,CUST00181,2026-07-22,Wrong Item Received,2119.78,Approved
RET000187,ORD001179,CUST00181,2026-07-19,Quality Not Satisfactory,2054.35,Approved
RET000188,ORD001181,CUST00181,2026-07-27,Better Price Found,1603.62,Pending
RET000189,ORD001182,CUST00181,2026-08-02,Better Price Found,1196.36,Approved
RET000190,ORD001185,CUST00181,2026-08-08,Wrong Item Received,756.95,Rejected
RET000191,ORD001188,CUST00182,2026-09-11,Size/Fit Issue,1100.46,Approved
RET000192,ORD001191,CUST00183,2026-03-22,Damaged in Transit,3905.2,Approved
RET000193,ORD001244,CUST00191,2026-07-03,Damaged in Transit,2117.39,Approved
RET000194,ORD001251,CUST00193,2026-08-18,Damaged in Transit,7164.2,Pending
RET000195,ORD001252,CUST00193,2026-08-21,Changed Mind,1641.98,Rejected
RET000196,ORD001257,CUST00193,2026-08-20,Not As Described,6000.0,Rejected
RET000197,ORD001271,CUST00195,2026-04-29,Defective Product,3457.23,Rejected
RET000198,ORD001280,CUST00196,2026-09-18,Not As Described,1216.97,Approved
RET000199,ORD001306,CUST00200,2026-08-13,Changed Mind,4796.1,Rejected
RET000200,ORD001307,CUST00200,2026-07-17,Changed Mind,2198.77,Approved
RET000201,ORD001308,CUST00200,2026-08-10,Not As Described,1078.55,Pending
RET000202,ORD001310,CUST00200,2026-06-20,Changed Mind,20857.66,Rejected
RET000203,ORD001311,CUST00200,2026-06-04,Damaged in Transit,25740.3,Approved
RET000204,ORD001312,CUST00200,2026-08-31,Quality Not Satisfactory,3038.52,Approved
RET000205,ORD001332,CUST00204,2026-06-28,Defective Product,5414.94,Rejected
RET000206,ORD001333,CUST00204,2026-06-12,Wrong Item Received,16502.71,Approved
RET000207,ORD001334,CUST00204,2026-07-01,Size/Fit Issue,169.3,Rejected
RET000208,ORD001336,CUST00204,2026-06-16,Quality Not Satisfactory,664.87,Approved
RET000209,ORD001337,CUST00204,2026-06-27,Changed Mind,1994.55,Approved
RET000210,ORD001340,CUST00204,2026-07-05,Not As Described,893.99,Rejected
RET000211,ORD001364,CUST00208,2026-07-30,Quality Not Satisfactory,4624.24,Approved
RET000212,ORD001365,CUST00208,2026-05-23,Defective Product,13509.04,Pending
RET000213,ORD001372,CUST00209,2026-05-26,Quality Not Satisfactory,1415.0,Pending
RET000214,ORD001379,CUST00209,2026-04-03,Size/Fit Issue,842.29,Approved
RET000215,ORD001382,CUST00209,2026-08-16,Damaged in Transit,15140.87,Pending
RET000216,ORD001384,CUST00209,2026-08-13,Size/Fit Issue,11765.82,Rejected
RET000217,ORD001394,CUST00213,2026-03-06,Wrong Item Received,6006.11,Rejected
RET000218,ORD001399,CUST00214,2026-05-17,Not As Described,1762.73,Pending
RET000219,ORD001406,CUST00215,2026-06-24,Changed Mind,1768.49,Approved
RET000220,ORD001410,CUST00215,2026-08-17,Not As Described,27454.25,Approved
RET000221,ORD001413,CUST00216,2026-03-23,Defective Product,2555.01,Approved
RET000222,ORD001420,CUST00217,2026-07-10,Defective Product,720.29,Approved
RET000223,ORD001424,CUST00217,2026-09-13,Not As Described,4370.65,Approved
RET000224,ORD001451,CUST00223,2026-06-24,Not As Described,1018.82,Rejected
RET000225,ORD001452,CUST00223,2026-06-21,Not As Described,4411.05,Pending
RET000226,ORD001455,CUST00223,2026-06-25,Defective Product,4053.81,Rejected
RET000227,ORD001457,CUST00223,2026-06-20,Not As Described,21427.28,Rejected
RET000228,ORD001460,CUST00223,2026-08-14,Wrong Item Received,27304.34,Approved
RET000229,ORD001461,CUST00223,2026-07-21,Changed Mind,997.46,Rejected
RET000230,ORD001466,CUST00224,2026-02-12,Size/Fit Issue,1865.02,Rejected
RET000231,ORD001482,CUST00226,2026-04-17,Damaged in Transit,42721.99,Rejected
RET000232,ORD001483,CUST00227,2026-07-09,Wrong Item Received,2505.51,Approved
RET000233,ORD001507,CUST00231,2026-07-07,Not As Described,7046.62,Approved
RET000234,ORD001517,CUST00234,2026-06-04,Damaged in Transit,15531.2,Approved
RET000235,ORD001518,CUST00234,2026-07-31,Better Price Found,4046.02,Approved
RET000236,ORD001519,CUST00234,2026-08-15,Not As Described,2597.73,Approved
RET000237,ORD001523,CUST00234,2026-08-06,Changed Mind,1086.44,Approved
RET000238,ORD001524,CUST00234,2026-06-18,Not As Described,18853.06,Pending
RET000239,ORD001528,CUST00234,2026-06-15,Defective Product,792.28,Rejected
RET000240,ORD001530,CUST00234,2026-07-17,Not As Described,2690.82,Approved
RET000241,ORD001532,CUST00234,2026-08-24,Changed Mind,8624.85,Approved
RET000242,ORD001534,CUST00234,2026-07-25,Defective Product,14485.33,Rejected
RET000243,ORD001537,CUST00234,2026-06-22,Not As Described,7372.29,Rejected
RET000244,ORD001539,CUST00234,2026-09-01,Not As Described,1482.1,Rejected
RET000245,ORD001540,CUST00234,2026-09-07,Defective Product,2048.92,Approved
RET000246,ORD001547,CUST00236,2026-06-01,Wrong Item Received,768.57,Rejected
RET000247,ORD001555,CUST00237,2026-03-23,Quality Not Satisfactory,693.37,Approved
RET000248,ORD001562,CUST00238,2026-09-15,Damaged in Transit,3008.09,Approved
RET000249,ORD001568,CUST00240,2026-07-13,Size/Fit Issue,1771.06,Approved
RET000250,ORD001570,CUST00240,2026-07-01,Defective Product,519.12,Pending
RET000251,ORD001575,CUST00241,2026-02-25,Size/Fit Issue,917.05,Pending
RET000252,ORD001589,CUST00243,2026-08-16,Not As Described,2063.2,Approved
RET000253,ORD001592,CUST00243,2026-08-23,Changed Mind,5739.53,Approved
RET000254,ORD001594,CUST00243,2026-09-08,Not As Described,20280.72,Approved
RET000255,ORD001597,CUST00243,2026-09-10,Better Price Found,1506.51,Rejected
RET000256,ORD001598,CUST00244,2026-02-07,Better Price Found,11106.27,Pending
RET000257,ORD001600,CUST00244,2026-02-15,Not As Described,5192.34,Approved
RET000258,ORD001601,CUST00244,2026-02-11,Not As Described,2678.58,Pending
RET000259,ORD001602,CUST00244,2026-02-15,Changed Mind,1920.69,Approved
RET000260,ORD001604,CUST00244,2026-08-10,Not As Described,1907.26,Rejected
RET000261,ORD001627,CUST00248,2026-07-31,Wrong Item Received,8835.58,Rejected
RET000262,ORD001638,CUST00250,2026-07-10,Changed Mind,15472.85,Approved
RET000263,ORD001642,CUST00250,2026-06-30,Not As Described,753.3,Approved
RET000264,ORD001650,CUST00251,2026-04-21,Size/Fit Issue,1213.05,Pending
RET000265,ORD001652,CUST00252,2026-08-25,Changed Mind,2720.96,Rejected
RET000266,ORD001659,CUST00252,2026-08-31,Damaged in Transit,2511.14,Rejected
RET000267,ORD001662,CUST00252,2026-08-19,Quality Not Satisfactory,2548.01,Approved
RET000268,ORD001697,CUST00259,2026-05-11,Better Price Found,9870.62,Approved
RET000269,ORD001705,CUST00261,2026-05-30,Wrong Item Received,1827.02,Approved
RET000270,ORD001713,CUST00262,2026-04-26,Wrong Item Received,2277.15,Pending
RET000271,ORD001716,CUST00262,2026-06-26,Not As Described,14365.96,Approved
RET000272,ORD001724,CUST00264,2026-07-07,Not As Described,1000.58,Approved
RET000273,ORD001726,CUST00264,2026-07-26,Changed Mind,2458.73,Rejected
RET000274,ORD001732,CUST00264,2026-08-05,Quality Not Satisfactory,1628.17,Approved
RET000275,ORD001733,CUST00264,2026-07-09,Changed Mind,1544.39,Pending
RET000276,ORD001734,CUST00264,2026-06-12,Defective Product,888.45,Approved
RET000277,ORD001736,CUST00265,2026-08-21,Quality Not Satisfactory,3687.65,Approved
RET000278,ORD001740,CUST00266,2026-06-28,Changed Mind,1116.13,Rejected
RET000279,ORD001747,CUST00267,2026-07-12,Size/Fit Issue,570.87,Approved
RET000280,ORD001780,CUST00272,2026-05-26,Defective Product,25369.78,Approved
RET000281,ORD001784,CUST00273,2026-06-26,Changed Mind,2458.09,Rejected
RET000282,ORD001785,CUST00273,2026-07-28,Changed Mind,2379.32,Approved
RET000283,ORD001794,CUST00274,2026-03-07,Defective Product,3494.15,Approved
RET000284,ORD001809,CUST00277,2026-04-28,Size/Fit Issue,2358.02,Approved
RET000285,ORD001833,CUST00281,2026-08-09,Quality Not Satisfactory,4810.02,Approved
RET000286,ORD001837,CUST00281,2026-08-20,Defective Product,901.2,Approved
RET000287,ORD001841,CUST00281,2026-06-28,Changed Mind,20855.1,Approved
RET000288,ORD001843,CUST00281,2026-08-06,Quality Not Satisfactory,849.96,Approved
RET000289,ORD001845,CUST00281,2026-08-24,Changed Mind,1648.06,Approved
RET000290,ORD001846,CUST00281,2026-08-28,Not As Described,2036.07,Approved
RET000291,ORD001848,CUST00281,2026-06-21,Changed Mind,3162.83,Approved
RET000292,ORD001852,CUST00282,2026-06-29,Changed Mind,1429.19,Approved
RET000293,ORD001853,CUST00282,2026-06-21,Defective Product,5865.32,Rejected
RET000294,ORD001855,CUST00282,2026-06-23,Defective Product,1565.33,Rejected
RET000295,ORD001856,CUST00282,2026-06-11,Not As Described,5176.47,Approved
RET000296,ORD001857,CUST00282,2026-06-12,Not As Described,2626.4,Pending
RET000297,ORD001858,CUST00282,2026-06-23,Changed Mind,587.57,Approved
RET000298,ORD001862,CUST00282,2026-06-12,Size/Fit Issue,1056.07,Rejected
RET000299,ORD001864,CUST00282,2026-08-18,Size/Fit Issue,6920.89,Pending
RET000300,ORD001866,CUST00282,2026-06-09,Changed Mind,888.84,Pending
RET000301,ORD001867,CUST00282,2026-07-31,Changed Mind,1294.1,Approved
RET000302,ORD001871,CUST00282,2026-06-14,Changed Mind,409.02,Approved
RET000303,ORD001893,CUST00286,2026-02-04,Changed Mind,6174.21,Rejected
RET000304,ORD001894,CUST00286,2026-01-11,Changed Mind,8000.0,Approved
RET000305,ORD001901,CUST00286,2026-05-06,Quality Not Satisfactory,1760.67,Rejected
RET000306,ORD001905,CUST00286,2026-08-08,Not As Described,6963.69,Pending
RET000307,ORD001906,CUST00286,2026-07-24,Better Price Found,1254.28,Approved
RET000308,ORD001907,CUST00286,2026-03-07,Wrong Item Received,240.36,Approved
RET000309,ORD001909,CUST00286,2026-02-26,Not As Described,10813.9,Pending
RET000310,ORD001917,CUST00288,2026-06-01,Size/Fit Issue,4007.47,Rejected
RET000311,ORD001938,CUST00290,2026-07-15,Damaged in Transit,817.8,Approved
RET000312,ORD001946,CUST00291,2026-06-25,Quality Not Satisfactory,5820.03,Approved
RET000313,ORD001951,CUST00292,2026-07-29,Wrong Item Received,1008.27,Approved
RET000314,ORD001981,CUST00299,2026-09-02,Changed Mind,2034.56,Pending
RET000315,ORD001983,CUST00299,2026-08-16,Quality Not Satisfactory,15607.28,Approved
RET000316,ORD001985,CUST00299,2026-08-29,Better Price Found,1454.87,Rejected
RET000317,ORD001990,CUST00299,2026-08-09,Defective Product,8444.99,Rejected
RET000318,ORD001997,CUST00299,2026-08-21,Damaged in Transit,859.52,Approved
RET000319,ORD002004,CUST00300,2026-04-10,Defective Product,783.08,Approved
RET000320,ORD002009,CUST00302,2026-06-25,Damaged in Transit,1987.1,Approved
RET000321,ORD002030,CUST00306,2026-06-01,Wrong Item Received,1382.48,Approved
RET000322,ORD002032,CUST00306,2026-02-11,Changed Mind,1123.51,Rejected
RET000323,ORD002033,CUST00306,2026-05-11,Better Price Found,20631.75,Approved
RET000324,ORD002034,CUST00306,2026-05-10,Changed Mind,2816.47,Approved
RET000325,ORD002035,CUST00306,2026-08-13,Quality Not Satisfactory,5573.51,Approved
RET000326,ORD002036,CUST00306,2026-06-19,Not As Described,13922.86,Rejected
RET000327,ORD002040,CUST00306,2026-07-24,Defective Product,1548.11,Approved
RET000328,ORD002046,CUST00307,2026-09-17,Defective Product,5232.83,Rejected
RET000329,ORD002047,CUST00307,2026-08-27,Wrong Item Received,1081.71,Approved
RET000330,ORD002048,CUST00307,2026-09-03,Damaged in Transit,531.31,Approved
RET000331,ORD002049,CUST00307,2026-08-09,Not As Described,357.98,Pending
RET000332,ORD002056,CUST00309,2026-06-12,Better Price Found,27836.79,Approved
RET000333,ORD002059,CUST00310,2026-06-19,Changed Mind,2187.29,Pending
RET000334,ORD002096,CUST00317,2026-05-01,Changed Mind,1819.4,Approved
RET000335,ORD002108,CUST00319,2026-01-27,Changed Mind,10881.39,Rejected
RET000336,ORD002111,CUST00320,2026-06-05,Defective Product,5781.34,Approved
RET000337,ORD002118,CUST00321,2026-02-07,Defective Product,4148.4,Approved
RET000338,ORD002128,CUST00322,2026-08-18,Not As Described,2632.26,Pending
RET000339,ORD002151,CUST00325,2026-06-03,Defective Product,1713.83,Approved
RET000340,ORD002153,CUST00325,2026-06-08,Size/Fit Issue,1508.61,Approved
RET000341,ORD002178,CUST00329,2026-05-28,Defective Product,14280.92,Rejected
RET000342,ORD002185,CUST00329,2026-08-04,Size/Fit Issue,3134.8,Rejected
RET000343,ORD002189,CUST00330,2026-03-21,Not As Described,1378.59,Rejected
RET000344,ORD002190,CUST00330,2026-03-11,Changed Mind,1088.7,Rejected
RET000345,ORD002192,CUST00330,2026-03-26,Not As Described,18076.64,Approved
RET000346,ORD002205,CUST00331,2026-06-01,Size/Fit Issue,2801.75,Approved
RET000347,ORD002206,CUST00331,2026-06-09,Changed Mind,2280.72,Pending
RET000348,ORD002207,CUST00331,2026-06-25,Changed Mind,16328.83,Rejected
RET000349,ORD002211,CUST00331,2026-05-02,Not As Described,4349.96,Approved
RET000350,ORD002215,CUST00332,2026-08-19,Damaged in Transit,1104.09,Approved
RET000351,ORD002217,CUST00333,2026-05-04,Quality Not Satisfactory,2078.69,Approved
RET000352,ORD002218,CUST00333,2026-07-03,Changed Mind,1548.9,Approved
RET000353,ORD002219,CUST00333,2026-08-05,Size/Fit Issue,1613.05,Approved
RET000354,ORD002247,CUST00338,2026-08-21,Better Price Found,1140.93,Rejected
RET000355,ORD002265,CUST00341,2026-02-28,Changed Mind,3436.76,Approved
RET000356,ORD002266,CUST00341,2026-08-17,Changed Mind,12218.0,Approved
RET000357,ORD002268,CUST00341,2026-01-28,Not As Described,12047.8,Approved
RET000358,ORD002274,CUST00342,2026-08-28,Damaged in Transit,21273.32,Rejected
RET000359,ORD002276,CUST00342,2026-08-24,Not As Described,3623.91,Approved
RET000360,ORD002278,CUST00342,2026-08-13,Not As Described,3704.66,Pending
RET000361,ORD002299,CUST00347,2026-02-14,Size/Fit Issue,3800.01,Approved
RET000362,ORD002307,CUST00349,2026-09-02,Defective Product,14245.45,Approved
RET000363,ORD002321,CUST00351,2026-06-07,Changed Mind,1130.22,Rejected
RET000364,ORD002324,CUST00352,2026-06-27,Size/Fit Issue,20351.87,Pending
RET000365,ORD002325,CUST00352,2026-06-21,Changed Mind,879.87,Pending
RET000366,ORD002326,CUST00352,2026-06-26,Changed Mind,1400.57,Approved
RET000367,ORD002331,CUST00352,2026-07-16,Not As Described,1305.02,Approved
RET000368,ORD002332,CUST00352,2026-06-03,Changed Mind,2754.5,Pending
RET000369,ORD002338,CUST00352,2026-02-21,Not As Described,24549.28,Approved
RET000370,ORD002345,CUST00353,2026-07-08,Size/Fit Issue,5409.14,Pending
RET000371,ORD002354,CUST00355,2026-08-20,Size/Fit Issue,18308.74,Approved
RET000372,ORD002358,CUST00355,2026-06-01,Not As Described,1978.61,Approved
RET000373,ORD002361,CUST00356,2026-08-28,Defective Product,21152.23,Approved
RET000374,ORD002366,CUST00357,2026-09-04,Not As Described,1821.47,Rejected
RET000375,ORD002393,CUST00361,2026-05-16,Damaged in Transit,1811.5,Approved
RET000376,ORD002394,CUST00361,2026-09-06,Changed Mind,943.11,Approved
RET000377,ORD002403,CUST00362,2026-07-02,Wrong Item Received,2274.12,Approved
RET000378,ORD002413,CUST00364,2026-04-24,Wrong Item Received,20352.37,Approved
RET000379,ORD002431,CUST00368,2026-05-12,Defective Product,1549.6,Approved
RET000380,ORD002435,CUST00369,2026-03-29,Defective Product,5173.43,Rejected
RET000381,ORD002440,CUST00370,2026-08-31,Changed Mind,2986.59,Approved
RET000382,ORD002442,CUST00370,2026-06-13,Changed Mind,407.42,Approved
RET000383,ORD002443,CUST00370,2026-07-27,Defective Product,20074.41,Approved
RET000384,ORD002447,CUST00370,2026-07-28,Not As Described,22038.6,Approved
RET000385,ORD002450,CUST00370,2026-06-25,Better Price Found,1635.56,Pending
RET000386,ORD002453,CUST00370,2026-06-01,Better Price Found,1269.59,Rejected
RET000387,ORD002454,CUST00370,2026-07-18,Not As Described,22228.26,Approved
RET000388,ORD002455,CUST00370,2026-06-11,Not As Described,2663.0,Approved
RET000389,ORD002456,CUST00370,2026-07-18,Not As Described,21427.16,Approved
RET000390,ORD002460,CUST00370,2026-08-18,Better Price Found,2308.66,Approved
RET000391,ORD002464,CUST00370,2026-08-22,Wrong Item Received,4000.0,Approved
RET000392,ORD002467,CUST00371,2026-08-13,Quality Not Satisfactory,1501.55,Approved
RET000393,ORD002469,CUST00371,2026-08-15,Size/Fit Issue,3651.9,Approved
RET000394,ORD002470,CUST00371,2026-08-09,Defective Product,6424.33,Approved
RET000395,ORD002471,CUST00371,2026-08-12,Quality Not Satisfactory,2673.52,Approved
RET000396,ORD002474,CUST00371,2026-08-06,Changed Mind,1600.24,Approved
RET000397,ORD002489,CUST00373,2026-02-24,Defective Product,1419.97,Approved
RET000398,ORD002499,CUST00376,2026-07-17,Damaged in Transit,36136.05,Approved
RET000399,ORD002503,CUST00376,2026-07-21,Not As Described,48105.09,Approved
RET000400,ORD002504,CUST00376,2026-07-25,Damaged in Transit,2628.97,Approved
RET000401,ORD002521,CUST00379,2026-08-02,Defective Product,1649.52,Approved
RET000402,ORD002529,CUST00380,2026-07-08,Better Price Found,1285.29,Approved
RET000403,ORD002534,CUST00380,2026-03-28,Better Price Found,9816.83,Rejected
RET000404,ORD002536,CUST00380,2026-01-16,Changed Mind,974.99,Pending
RET000405,ORD002537,CUST00380,2026-08-16,Damaged in Transit,2916.99,Pending
RET000406,ORD002544,CUST00381,2026-07-28,Defective Product,2435.42,Approved
RET000407,ORD002545,CUST00382,2026-07-10,Defective Product,3409.25,Pending
RET000408,ORD002546,CUST00382,2026-07-15,Not As Described,3472.51,Pending
RET000409,ORD002550,CUST00382,2026-07-15,Changed Mind,2615.1,Approved
RET000410,ORD002551,CUST00382,2026-07-05,Not As Described,1687.9,Approved
RET000411,ORD002554,CUST00382,2026-06-07,Defective Product,2128.18,Rejected
RET000412,ORD002578,CUST00387,2026-03-10,Changed Mind,22763.73,Pending
RET000413,ORD002580,CUST00387,2026-03-24,Changed Mind,4022.99,Approved
RET000414,ORD002582,CUST00387,2026-03-19,Changed Mind,2506.56,Approved
RET000415,ORD002583,CUST00387,2026-03-31,Changed Mind,10200.76,Pending
RET000416,ORD002584,CUST00387,2026-06-14,Changed Mind,1737.62,Approved
RET000417,ORD002588,CUST00387,2026-04-18,Changed Mind,1126.16,Approved
RET000418,ORD002589,CUST00387,2026-04-10,Not As Described,23869.9,Pending
RET000419,ORD002617,CUST00392,2026-05-16,Changed Mind,4000.0,Rejected
RET000420,ORD002619,CUST00392,2026-05-18,Changed Mind,14858.61,Rejected
RET000421,ORD002622,CUST00392,2026-07-10,Changed Mind,2373.44,Approved
RET000422,ORD002624,CUST00392,2026-09-06,Size/Fit Issue,796.53,Approved
RET000423,ORD002626,CUST00392,2026-08-15,Changed Mind,2324.79,Pending
RET000424,ORD002627,CUST00392,2026-07-22,Defective Product,2448.52,Approved
RET000425,ORD002628,CUST00392,2026-08-13,Changed Mind,2901.99,Rejected
RET000426,ORD002647,CUST00396,2026-03-02,Size/Fit Issue,637.11,Approved
RET000427,ORD002649,CUST00397,2026-03-04,Damaged in Transit,1076.06,Approved
RET000428,ORD002650,CUST00397,2026-03-13,Size/Fit Issue,2283.61,Approved
RET000429,ORD002653,CUST00397,2026-06-25,Damaged in Transit,14710.3,Approved
RET000430,ORD002672,CUST00400,2026-06-23,Defective Product,3671.27,Approved
RET000431,ORD002687,CUST00402,2026-05-25,Changed Mind,1874.74,Pending
RET000432,ORD002690,CUST00402,2026-05-10,Not As Described,1952.36,Approved
RET000433,ORD002692,CUST00402,2026-05-06,Quality Not Satisfactory,11146.23,Approved
RET000434,ORD002724,CUST00407,2026-05-30,Quality Not Satisfactory,2650.66,Approved
RET000435,ORD002738,CUST00409,2026-08-02,Size/Fit Issue,565.62,Approved
RET000436,ORD002747,CUST00411,2026-05-22,Defective Product,2231.01,Approved
RET000437,ORD002759,CUST00412,2026-07-15,Quality Not Satisfactory,1812.76,Approved
RET000438,ORD002761,CUST00413,2026-08-03,Changed Mind,1446.4,Rejected
RET000439,ORD002776,CUST00415,2026-07-04,Defective Product,3599.38,Approved
RET000440,ORD002785,CUST00416,2026-06-07,Defective Product,1594.84,Pending
RET000441,ORD002788,CUST00416,2026-06-08,Quality Not Satisfactory,2732.19,Approved
RET000442,ORD002789,CUST00416,2026-05-25,Changed Mind,1213.54,Rejected
RET000443,ORD002790,CUST00416,2026-07-30,Not As Described,1445.59,Approved
RET000444,ORD002793,CUST00416,2026-08-09,Quality Not Satisfactory,1196.1,Approved
RET000445,ORD002795,CUST00416,2026-04-29,Size/Fit Issue,1290.21,Pending
RET000446,ORD002806,CUST00418,2026-04-20,Defective Product,1432.98,Rejected
RET000447,ORD002827,CUST00421,2026-04-03,Damaged in Transit,13986.27,Approved
RET000448,ORD002852,CUST00425,2026-06-14,Size/Fit Issue,14835.88,Approved
RET000449,ORD002854,CUST00426,2026-07-01,Not As Described,21197.97,Approved
RET000450,ORD002856,CUST00426,2026-09-08,Size/Fit Issue,1222.79,Approved
RET000451,ORD002859,CUST00426,2026-06-14,Wrong Item Received,1131.97,Approved
RET000452,ORD002889,CUST00432,2026-07-18,Not As Described,1480.08,Pending
RET000453,ORD002892,CUST00432,2026-07-16,Wrong Item Received,3455.84,Approved
RET000454,ORD002893,CUST00432,2026-07-10,Changed Mind,1820.31,Rejected
RET000455,ORD002897,CUST00432,2026-07-20,Not As Described,2695.27,Approved
RET000456,ORD002898,CUST00432,2026-08-10,Better Price Found,5616.21,Pending
RET000457,ORD002899,CUST00432,2026-06-15,Changed Mind,3903.55,Approved
RET000458,ORD002904,CUST00433,2026-06-20,Damaged in Transit,1916.66,Approved
RET000459,ORD002928,CUST00437,2026-07-31,Not As Described,5639.55,Rejected
RET000460,ORD002931,CUST00438,2026-05-26,Changed Mind,11714.55,Approved
RET000461,ORD002933,CUST00438,2026-07-31,Damaged in Transit,1475.13,Approved
RET000462,ORD002950,CUST00441,2026-09-02,Changed Mind,1461.11,Approved
RET000463,ORD002955,CUST00442,2026-09-19,Defective Product,259.13,Approved
RET000464,ORD002964,CUST00443,2026-02-11,Quality Not Satisfactory,2586.08,Approved
RET000465,ORD002989,CUST00448,2026-08-19,Changed Mind,27363.94,Approved
RET000466,ORD002991,CUST00448,2026-02-01,Size/Fit Issue,3405.09,Approved
RET000467,ORD002992,CUST00448,2026-05-21,Changed Mind,2163.85,Pending
RET000468,ORD002993,CUST00448,2026-04-06,Defective Product,1222.27,Approved
RET000469,ORD002996,CUST00448,2026-06-01,Changed Mind,2772.62,Pending
RET000470,ORD002998,CUST00448,2026-06-13,Not As Described,1234.45,Approved
RET000471,ORD003000,CUST00448,2026-04-27,Not As Described,5160.33,Rejected
RET000472,ORD003002,CUST00448,2026-04-14,Changed Mind,3716.15,Approved
RET000473,ORD003008,CUST00448,2026-08-05,Changed Mind,10729.95,Approved
RET000474,ORD003010,CUST00449,2026-06-14,Wrong Item Received,2265.71,Approved
RET000475,ORD003021,CUST00452,2026-07-15,Defective Product,7377.89,Approved
RET000476,ORD003023,CUST00452,2026-05-30,Defective Product,4742.47,Pending
RET000477,ORD003029,CUST00453,2026-08-29,Changed Mind,200.96,Approved
RET000478,ORD003033,CUST00453,2026-08-05,Damaged in Transit,1421.16,Approved
RET000479,ORD003034,CUST00453,2026-08-01,Defective Product,1566.41,Approved
RET000480,ORD003036,CUST00453,2026-08-25,Not As Described,2241.33,Approved
RET000481,ORD003038,CUST00453,2026-08-08,Quality Not Satisfactory,2459.97,Pending
RET000482,ORD003040,CUST00453,2026-08-23,Changed Mind,1107.79,Approved
RET000483,ORD003048,CUST00454,2026-07-29,Defective Product,2842.41,Pending
RET000484,ORD003053,CUST00455,2026-03-16,Quality Not Satisfactory,2301.73,Pending
RET000485,ORD003076,CUST00457,2026-08-09,Size/Fit Issue,2616.95,Approved
RET000486,ORD003079,CUST00458,2026-09-04,Quality Not Satisfactory,17846.98,Approved
RET000487,ORD003109,CUST00464,2026-01-27,Size/Fit Issue,1703.69,Approved
RET000488,ORD003117,CUST00465,2026-03-19,Wrong Item Received,11001.54,Approved
RET000489,ORD003130,CUST00468,2026-07-16,Defective Product,5600.44,Approved
RET000490,ORD003132,CUST00468,2026-08-06,Size/Fit Issue,1160.82,Approved
RET000491,ORD003136,CUST00469,2026-02-18,Defective Product,2957.62,Approved
RET000492,ORD003139,CUST00470,2026-07-26,Wrong Item Received,5090.66,Pending
RET000493,ORD003140,CUST00470,2026-02-22,Defective Product,2220.93,Approved
RET000494,ORD003153,CUST00472,2026-04-19,Defective Product,21132.63,Pending
RET000495,ORD003154,CUST00472,2026-02-16,Damaged in Transit,1322.84,Rejected
RET000496,ORD003164,CUST00473,2026-05-23,Changed Mind,3811.35,Approved
RET000497,ORD003165,CUST00473,2026-08-07,Defective Product,1085.79,Approved
RET000498,ORD003199,CUST00481,2026-07-15,Not As Described,1255.35,Pending
RET000499,ORD003200,CUST00481,2026-07-11,Not As Described,5590.76,Rejected
RET000500,ORD003201,CUST00481,2026-07-02,Size/Fit Issue,17615.24,Rejected
RET000501,ORD003204,CUST00481,2026-07-14,Changed Mind,1222.0,Pending
RET000502,ORD003205,CUST00481,2026-07-20,Changed Mind,26636.78,Approved
RET000503,ORD003209,CUST00481,2026-05-18,Better Price Found,4420.87,Approved
RET000504,ORD003210,CUST00481,2026-07-26,Not As Described,22859.1,Approved
RET000505,ORD003214,CUST00482,2026-06-01,Size/Fit Issue,5229.47,Approved
RET000506,ORD003215,CUST00482,2026-06-06,Changed Mind,684.41,Approved
RET000507,ORD003220,CUST00482,2026-07-07,Changed Mind,1754.62,Pending
RET000508,ORD003225,CUST00483,2026-02-23,Damaged in Transit,2565.93,Approved
RET000509,ORD003229,CUST00483,2026-03-02,Damaged in Transit,2012.62,Approved
RET000510,ORD003240,CUST00485,2026-07-06,Not As Described,11091.14,Approved
RET000511,ORD003243,CUST00485,2026-07-16,Wrong Item Received,2130.95,Pending
RET000512,ORD003245,CUST00485,2026-08-23,Quality Not Satisfactory,1557.15,Approved
RET000513,ORD003249,CUST00485,2026-08-01,Better Price Found,1023.02,Approved
RET000514,ORD003250,CUST00485,2026-08-03,Not As Described,30463.1,Rejected
RET000515,ORD003260,CUST00487,2026-05-14,Defective Product,16677.9,Approved
RET000516,ORD003278,CUST00491,2026-08-22,Size/Fit Issue,12149.42,Approved
RET000517,ORD003282,CUST00492,2026-06-01,Changed Mind,2109.88,Pending
RET000518,ORD003290,CUST00493,2026-06-20,Changed Mind,2873.18,Approved
RET000519,ORD003294,CUST00494,2026-03-04,Size/Fit Issue,3222.89,Pending
RET000520,ORD003312,CUST00496,2026-08-29,Defective Product,11877.78,Approved
RET000521,ORD003336,CUST00501,2026-07-22,Size/Fit Issue,4007.5,Approved
RET000522,ORD003338,CUST00501,2026-06-30,Defective Product,1734.94,Rejected
RET000523,ORD003345,CUST00503,2026-07-26,Quality Not Satisfactory,4728.73,Rejected
RET000524,ORD003352,CUST00504,2026-08-17,Changed Mind,1406.18,Approved
RET000525,ORD003357,CUST00504,2026-07-27,Changed Mind,642.42,Approved
RET000526,ORD003358,CUST00504,2026-08-28,Changed Mind,13130.46,Pending
RET000527,ORD003360,CUST00504,2026-07-15,Changed Mind,3633.68,Approved
RET000528,ORD003362,CUST00504,2026-08-11,Changed Mind,14368.22,Approved
RET000529,ORD003382,CUST00507,2026-05-24,Damaged in Transit,1558.1,Approved
RET000530,ORD003422,CUST00514,2026-08-19,Damaged in Transit,139.0,Approved
RET000531,ORD003445,CUST00519,2026-07-09,Quality Not Satisfactory,1142.87,Rejected
RET000532,ORD003449,CUST00519,2026-02-05,Better Price Found,9283.19,Approved
RET000533,ORD003454,CUST00520,2026-04-23,Quality Not Satisfactory,12596.08,Approved
RET000534,ORD003458,CUST00520,2026-08-20,Quality Not Satisfactory,1514.3,Approved
RET000535,ORD003459,CUST00520,2026-08-23,Not As Described,1520.0,Pending
RET000536,ORD003462,CUST00520,2026-04-22,Better Price Found,16135.01,Approved
RET000537,ORD003468,CUST00521,2026-08-02,Not As Described,29026.88,Approved
RET000538,ORD003472,CUST00521,2026-08-10,Changed Mind,321.07,Rejected
RET000539,ORD003474,CUST00521,2026-08-15,Damaged in Transit,13919.97,Approved
RET000540,ORD003476,CUST00521,2026-08-31,Better Price Found,588.9,Approved
RET000541,ORD003477,CUST00521,2026-07-30,Not As Described,9659.51,Approved
RET000542,ORD003479,CUST00521,2026-08-01,Not As Described,20261.26,Pending
RET000543,ORD003488,CUST00522,2026-05-23,Damaged in Transit,16619.19,Pending
RET000544,ORD003511,CUST00527,2026-04-28,Changed Mind,2529.99,Approved
RET000545,ORD003513,CUST00527,2026-04-28,Defective Product,2341.25,Pending
RET000546,ORD003516,CUST00527,2026-06-15,Changed Mind,12711.53,Approved
RET000547,ORD003518,CUST00527,2026-08-14,Damaged in Transit,1650.28,Pending
RET000548,ORD003536,CUST00531,2026-08-26,Not As Described,2312.88,Pending
RET000549,ORD003562,CUST00536,2026-05-31,Size/Fit Issue,1003.18,Approved
RET000550,ORD003583,CUST00540,2026-09-23,Changed Mind,542.54,Approved
RET000551,ORD003585,CUST00540,2026-07-15,Defective Product,610.75,Approved
RET000552,ORD003588,CUST00540,2026-08-07,Defective Product,3299.05,Approved
RET000553,ORD003604,CUST00544,2026-07-03,Changed Mind,2789.14,Approved
RET000554,ORD003605,CUST00544,2026-03-16,Quality Not Satisfactory,24403.71,Pending
RET000555,ORD003606,CUST00544,2026-06-02,Changed Mind,4000.0,Approved
RET000556,ORD003608,CUST00544,2026-05-29,Not As Described,2794.0,Pending
RET000557,ORD003609,CUST00544,2026-05-28,Not As Described,502.94,Pending
RET000558,ORD003611,CUST00544,2026-03-22,Quality Not Satisfactory,1500.0,Approved
RET000559,ORD003612,CUST00544,2026-05-21,Changed Mind,2625.35,Approved
RET000560,ORD003614,CUST00544,2026-01-05,Changed Mind,519.25,Rejected
RET000561,ORD003616,CUST00544,2026-05-04,Quality Not Satisfactory,16509.02,Rejected
RET000562,ORD003617,CUST00544,2026-08-04,Not As Described,731.01,Approved
RET000563,ORD003618,CUST00544,2026-06-12,Defective Product,1563.02,Approved
RET000564,ORD003621,CUST00544,2026-08-09,Not As Described,16207.39,Approved
RET000565,ORD003625,CUST00544,2026-01-16,Changed Mind,14146.75,Approved
RET000566,ORD003628,CUST00545,2026-03-02,Changed Mind,13079.31,Approved
RET000567,ORD003629,CUST00545,2026-03-26,Changed Mind,28201.07,Approved
RET000568,ORD003630,CUST00545,2026-06-13,Not As Described,1858.83,Pending
RET000569,ORD003634,CUST00545,2026-03-13,Quality Not Satisfactory,5773.18,Approved
RET000570,ORD003636,CUST00545,2026-08-13,Defective Product,3654.37,Pending
RET000571,ORD003655,CUST00548,2026-09-03,Quality Not Satisfactory,4441.89,Rejected
RET000572,ORD003656,CUST00548,2026-08-29,Not As Described,2585.26,Approved
RET000573,ORD003678,CUST00552,2026-06-28,Defective Product,5136.64,Approved
RET000574,ORD003679,CUST00553,2026-06-26,Changed Mind,1386.66,Approved
RET000575,ORD003680,CUST00553,2026-07-08,Better Price Found,4000.0,Approved
RET000576,ORD003700,CUST00555,2026-05-14,Not As Described,13476.4,Approved
RET000577,ORD003711,CUST00557,2026-06-17,Not As Described,3339.5,Approved
RET000578,ORD003713,CUST00557,2026-06-16,Not As Described,11021.93,Rejected
RET000579,ORD003714,CUST00557,2026-06-14,Size/Fit Issue,921.85,Approved
RET000580,ORD003715,CUST00557,2026-06-23,Better Price Found,25153.37,Approved
RET000581,ORD003716,CUST00557,2026-06-12,Damaged in Transit,10870.93,Approved
RET000582,ORD003717,CUST00557,2026-07-01,Changed Mind,2624.64,Pending
RET000583,ORD003718,CUST00557,2026-06-15,Changed Mind,1448.92,Rejected
RET000584,ORD003719,CUST00557,2026-06-26,Defective Product,2516.67,Rejected
RET000585,ORD003720,CUST00557,2026-06-13,Damaged in Transit,13785.68,Rejected
RET000586,ORD003721,CUST00557,2026-02-16,Not As Described,6000.0,Approved
RET000587,ORD003723,CUST00557,2026-05-21,Changed Mind,1750.4,Rejected
RET000588,ORD003726,CUST00557,2026-03-18,Better Price Found,1670.35,Approved
RET000589,ORD003727,CUST00557,2026-02-13,Changed Mind,3008.5,Rejected
RET000590,ORD003728,CUST00557,2026-06-16,Not As Described,1651.76,Approved
RET000591,ORD003732,CUST00557,2026-02-13,Not As Described,717.73,Pending
RET000592,ORD003733,CUST00557,2026-07-11,Damaged in Transit,819.93,Rejected
RET000593,ORD003736,CUST00558,2026-08-23,Quality Not Satisfactory,4552.9,Rejected
RET000594,ORD003738,CUST00559,2026-02-20,Better Price Found,404.74,Pending
RET000595,ORD003740,CUST00559,2026-03-30,Changed Mind,2101.86,Pending
RET000596,ORD003743,CUST00559,2026-07-23,Defective Product,5163.61,Approved
RET000597,ORD003752,CUST00561,2026-07-26,Not As Described,519.65,Rejected
RET000598,ORD003757,CUST00561,2026-08-01,Not As Described,3300.76,Approved
RET000599,ORD003758,CUST00561,2026-08-12,Changed Mind,21070.72,Approved
RET000600,ORD003777,CUST00566,2026-05-28,Damaged in Transit,1081.5,Approved
RET000601,ORD003788,CUST00568,2026-06-25,Not As Described,315.32,Rejected
RET000602,ORD003792,CUST00569,2026-06-08,Size/Fit Issue,1807.02,Rejected
RET000603,ORD003819,CUST00573,2026-09-04,Size/Fit Issue,3725.29,Approved
RET000604,ORD003835,CUST00576,2026-08-31,Size/Fit Issue,4157.44,Pending
RET000605,ORD003839,CUST00576,2026-09-02,Damaged in Transit,712.52,Approved
RET000606,ORD003848,CUST00577,2026-02-28,Defective Product,13246.14,Rejected
RET000607,ORD003867,CUST00580,2026-06-21,Changed Mind,2553.03,Approved
RET000608,ORD003868,CUST00580,2026-08-19,Not As Described,13235.83,Approved
RET000609,ORD003870,CUST00580,2026-08-09,Not As Described,1111.11,Approved
RET000610,ORD003871,CUST00580,2026-08-22,Not As Described,1564.27,Rejected
RET000611,ORD003873,CUST00581,2026-06-16,Size/Fit Issue,2100.32,Approved
RET000612,ORD003879,CUST00582,2026-08-13,Changed Mind,18556.52,Approved
RET000613,ORD003881,CUST00582,2026-07-23,Quality Not Satisfactory,2636.53,Rejected
RET000614,ORD003885,CUST00582,2026-07-05,Not As Described,1006.83,Approved
RET000615,ORD003887,CUST00582,2026-05-23,Changed Mind,5802.67,Pending
RET000616,ORD003888,CUST00582,2026-09-05,Quality Not Satisfactory,3165.72,Pending
RET000617,ORD003893,CUST00582,2026-08-02,Better Price Found,214.19,Approved
RET000618,ORD003894,CUST00582,2026-08-16,Quality Not Satisfactory,2334.77,Rejected
RET000619,ORD003898,CUST00584,2026-06-18,Changed Mind,1923.63,Approved
RET000620,ORD003899,CUST00584,2026-06-22,Not As Described,3221.4,Approved
RET000621,ORD003900,CUST00584,2026-06-10,Not As Described,1672.08,Approved
RET000622,ORD003901,CUST00584,2026-06-14,Damaged in Transit,1955.17,Approved
RET000623,ORD003921,CUST00587,2026-07-26,Defective Product,1888.86,Approved
RET000624,ORD003923,CUST00587,2026-07-14,Changed Mind,1915.36,Approved
RET000625,ORD003924,CUST00587,2026-08-02,Better Price Found,18447.71,Approved
RET000626,ORD003925,CUST00587,2026-07-05,Defective Product,16326.25,Approved
RET000627,ORD003929,CUST00587,2026-07-04,Not As Described,2593.08,Approved
RET000628,ORD003930,CUST00587,2026-07-17,Changed Mind,5147.69,Rejected
RET000629,ORD003932,CUST00587,2026-07-03,Changed Mind,17950.13,Rejected
RET000630,ORD003933,CUST00588,2026-03-18,Size/Fit Issue,17620.46,Approved
RET000631,ORD003937,CUST00588,2026-02-22,Better Price Found,2323.18,Rejected
RET000632,ORD003949,CUST00590,2026-07-13,Defective Product,2802.55,Rejected
RET000633,ORD003960,CUST00593,2026-08-26,Better Price Found,1823.98,Approved
RET000634,ORD003963,CUST00594,2026-08-10,Size/Fit Issue,6423.58,Approved
RET000635,ORD003964,CUST00594,2026-08-29,Changed Mind,4565.8,Pending
RET000636,ORD003967,CUST00594,2026-07-29,Size/Fit Issue,1039.85,Pending
RET000637,ORD003969,CUST00594,2026-08-29,Changed Mind,4037.61,Pending
RET000638,ORD003971,CUST00594,2026-08-04,Defective Product,866.35,Approved
RET000639,ORD003972,CUST00594,2026-08-26,Changed Mind,9801.22,Rejected
RET000640,ORD003975,CUST00594,2026-08-20,Changed Mind,8562.02,Rejected
RET000641,ORD003976,CUST00594,2026-09-01,Wrong Item Received,2188.91,Approved
RET000642,ORD003980,CUST00596,2026-08-04,Wrong Item Received,2875.39,Approved
RET000643,ORD003982,CUST00596,2026-08-14,Damaged in Transit,1622.39,Approved
RET000644,ORD003989,CUST00597,2026-01-16,Changed Mind,3696.19,Pending
RET000645,ORD003992,CUST00597,2026-09-22,Size/Fit Issue,2110.81,Approved
RET000646,ORD004018,CUST00601,2026-04-16,Better Price Found,769.38,Approved
RET000647,ORD004019,CUST00601,2026-08-26,Changed Mind,1536.31,Approved
RET000648,ORD004022,CUST00602,2026-06-12,Not As Described,15392.22,Rejected
RET000649,ORD004025,CUST00602,2026-06-01,Size/Fit Issue,10515.1,Pending
RET000650,ORD004028,CUST00602,2026-07-31,Better Price Found,3278.66,Pending
RET000651,ORD004037,CUST00604,2026-08-07,Not As Described,3328.23,Rejected
RET000652,ORD004039,CUST00604,2026-08-11,Not As Described,6704.37,Approved
RET000653,ORD004040,CUST00604,2026-07-19,Quality Not Satisfactory,14969.22,Rejected
RET000654,ORD004043,CUST00604,2026-05-28,Size/Fit Issue,2989.88,Pending
RET000655,ORD004044,CUST00604,2026-05-01,Changed Mind,14467.08,Pending
RET000656,ORD004047,CUST00604,2026-06-14,Changed Mind,15085.05,Rejected
RET000657,ORD004048,CUST00604,2026-04-22,Not As Described,2361.0,Approved
RET000658,ORD004049,CUST00604,2026-04-29,Defective Product,3094.51,Approved
RET000659,ORD004054,CUST00604,2026-06-20,Not As Described,2173.31,Approved
RET000660,ORD004059,CUST00605,2026-08-29,Better Price Found,30376.04,Approved
RET000661,ORD004060,CUST00605,2026-08-15,Better Price Found,1608.5,Approved
RET000662,ORD004061,CUST00605,2026-08-14,Quality Not Satisfactory,492.63,Rejected
RET000663,ORD004062,CUST00605,2026-08-20,Defective Product,2113.9,Pending
RET000664,ORD004063,CUST00605,2026-09-01,Wrong Item Received,2708.2,Approved
RET000665,ORD004064,CUST00605,2026-08-21,Not As Described,1713.16,Rejected
RET000666,ORD004065,CUST00605,2026-09-04,Changed Mind,3318.52,Pending
RET000667,ORD004066,CUST00605,2026-08-18,Defective Product,3385.65,Approved
RET000668,ORD004070,CUST00605,2026-08-07,Changed Mind,1145.93,Approved
RET000669,ORD004072,CUST00605,2026-08-25,Wrong Item Received,2685.51,Approved
RET000670,ORD004075,CUST00605,2026-09-05,Damaged in Transit,1336.3,Approved
RET000671,ORD004076,CUST00605,2026-07-30,Changed Mind,765.31,Approved
RET000672,ORD004078,CUST00606,2026-08-28,Damaged in Transit,1675.64,Rejected
RET000673,ORD004089,CUST00608,2026-08-21,Size/Fit Issue,1045.38,Approved
RET000674,ORD004090,CUST00608,2026-08-01,Defective Product,2432.35,Pending
RET000675,ORD004101,CUST00609,2026-05-26,Better Price Found,9787.75,Approved
RET000676,ORD004103,CUST00609,2026-03-31,Changed Mind,4128.84,Pending
RET000677,ORD004104,CUST00609,2026-09-01,Changed Mind,1945.16,Approved
RET000678,ORD004112,CUST00610,2026-05-29,Not As Described,3067.78,Approved
RET000679,ORD004120,CUST00610,2026-03-09,Defective Product,5669.09,Approved
RET000680,ORD004130,CUST00612,2026-06-14,Wrong Item Received,963.43,Rejected
RET000681,ORD004134,CUST00612,2026-08-15,Quality Not Satisfactory,633.29,Rejected
RET000682,ORD004135,CUST00612,2026-06-30,Better Price Found,3246.38,Approved
RET000683,ORD004137,CUST00612,2026-07-04,Changed Mind,2739.79,Approved
RET000684,ORD004139,CUST00612,2026-08-17,Quality Not Satisfactory,13880.81,Rejected
RET000685,ORD004141,CUST00612,2026-08-05,Changed Mind,1009.98,Approved
RET000686,ORD004142,CUST00612,2026-06-30,Changed Mind,2800.11,Approved
RET000687,ORD004143,CUST00612,2026-06-27,Changed Mind,1934.8,Approved
RET000688,ORD004144,CUST00612,2026-07-17,Defective Product,15702.86,Pending
RET000689,ORD004145,CUST00612,2026-07-18,Quality Not Satisfactory,988.42,Rejected
RET000690,ORD004147,CUST00612,2026-07-25,Not As Described,582.21,Pending
RET000691,ORD004149,CUST00612,2026-06-30,Quality Not Satisfactory,636.48,Approved
RET000692,ORD004161,CUST00615,2026-08-28,Not As Described,20642.22,Pending
RET000693,ORD004166,CUST00615,2026-03-26,Defective Product,1620.95,Approved
RET000694,ORD004167,CUST00615,2026-03-01,Not As Described,887.68,Approved
RET000695,ORD004172,CUST00616,2026-06-23,Defective Product,1468.78,Rejected
RET000696,ORD004177,CUST00617,2026-09-07,Wrong Item Received,1752.2,Approved
RET000697,ORD004206,CUST00622,2026-07-07,Changed Mind,2243.06,Approved
RET000698,ORD004213,CUST00624,2026-05-22,Not As Described,1506.39,Approved
RET000699,ORD004214,CUST00624,2026-08-21,Defective Product,420.37,Approved
RET000700,ORD004219,CUST00625,2026-08-23,Better Price Found,2116.85,Rejected
RET000701,ORD004221,CUST00625,2026-07-28,Changed Mind,7426.54,Rejected
RET000702,ORD004223,CUST00625,2026-06-17,Changed Mind,1907.79,Approved
RET000703,ORD004224,CUST00625,2026-06-14,Defective Product,13840.8,Approved
RET000704,ORD004229,CUST00625,2026-06-18,Size/Fit Issue,11266.2,Approved
RET000705,ORD004232,CUST00625,2026-08-22,Better Price Found,1555.4,Pending
RET000706,ORD004234,CUST00625,2026-08-29,Changed Mind,504.69,Approved
RET000707,ORD004249,CUST00627,2026-07-16,Damaged in Transit,2445.62,Rejected
RET000708,ORD004307,CUST00636,2026-08-18,Changed Mind,1131.09,Approved
RET000709,ORD004311,CUST00637,2026-06-20,Better Price Found,1052.69,Approved
RET000710,ORD004321,CUST00638,2026-08-10,Not As Described,23552.1,Pending
RET000711,ORD004323,CUST00638,2026-08-15,Better Price Found,55000.0,Approved
RET000712,ORD004324,CUST00638,2026-09-01,Changed Mind,1268.95,Approved
RET000713,ORD004325,CUST00638,2026-08-29,Changed Mind,7956.61,Approved
RET000714,ORD004331,CUST00638,2026-07-28,Changed Mind,502.79,Approved
RET000715,ORD004332,CUST00638,2026-08-29,Size/Fit Issue,3527.8,Approved
RET000716,ORD004349,CUST00641,2026-06-03,Not As Described,3265.5,Approved
RET000717,ORD004353,CUST00642,2026-06-09,Damaged in Transit,584.93,Approved
RET000718,ORD004363,CUST00644,2026-09-02,Wrong Item Received,1085.87,Approved
RET000719,ORD004368,CUST00645,2026-01-05,Wrong Item Received,1841.75,Approved
RET000720,ORD004371,CUST00645,2026-04-23,Size/Fit Issue,24899.01,Approved
RET000721,ORD004375,CUST00645,2026-06-13,Changed Mind,13800.5,Approved
RET000722,ORD004377,CUST00645,2026-06-28,Changed Mind,5250.57,Approved
RET000723,ORD004378,CUST00645,2026-05-11,Changed Mind,3888.45,Approved
RET000724,ORD004382,CUST00645,2026-07-04,Changed Mind,1134.16,Approved
RET000725,ORD004383,CUST00645,2026-02-01,Not As Described,15829.68,Approved
RET000726,ORD004401,CUST00648,2026-08-25,Defective Product,9222.85,Pending
RET000727,ORD004409,CUST00648,2026-04-17,Changed Mind,5395.58,Approved
RET000728,ORD004410,CUST00648,2026-03-16,Defective Product,1118.74,Pending
RET000729,ORD004412,CUST00649,2026-08-19,Not As Described,1248.53,Approved
RET000730,ORD004416,CUST00650,2026-03-15,Not As Described,10061.85,Approved
RET000731,ORD004418,CUST00650,2026-05-08,Quality Not Satisfactory,1795.71,Rejected
RET000732,ORD004419,CUST00650,2026-08-18,Wrong Item Received,9156.46,Approved
RET000733,ORD004421,CUST00650,2026-07-16,Not As Described,964.97,Pending
RET000734,ORD004423,CUST00650,2026-03-22,Not As Described,967.12,Approved
RET000735,ORD004432,CUST00651,2026-04-21,Changed Mind,2912.18,Approved
RET000736,ORD004437,CUST00653,2026-04-07,Size/Fit Issue,5654.12,Approved
RET000737,ORD004438,CUST00653,2026-08-20,Changed Mind,3858.33,Approved
RET000738,ORD004440,CUST00653,2026-08-05,Size/Fit Issue,1946.33,Approved
RET000739,ORD004441,CUST00653,2026-04-21,Size/Fit Issue,2107.43,Approved
RET000740,ORD004444,CUST00653,2026-04-23,Quality Not Satisfactory,1334.17,Approved
RET000741,ORD004445,CUST00653,2026-03-17,Size/Fit Issue,975.41,Rejected
RET000742,ORD004451,CUST00653,2026-06-16,Defective Product,676.72,Approved
RET000743,ORD004452,CUST00653,2026-06-05,Damaged in Transit,969.79,Pending
RET000744,ORD004453,CUST00653,2026-05-21,Changed Mind,22985.98,Pending
RET000745,ORD004454,CUST00653,2026-08-09,Changed Mind,719.6,Pending
RET000746,ORD004455,CUST00653,2026-07-09,Defective Product,21357.03,Pending
RET000747,ORD004456,CUST00653,2026-03-15,Changed Mind,11692.71,Rejected
RET000748,ORD004457,CUST00653,2026-06-14,Not As Described,846.48,Approved
RET000749,ORD004458,CUST00653,2026-03-07,Quality Not Satisfactory,1177.72,Approved
RET000750,ORD004459,CUST00653,2026-06-18,Changed Mind,9610.77,Approved
RET000751,ORD004482,CUST00658,2026-02-16,Size/Fit Issue,491.02,Approved
RET000752,ORD004486,CUST00659,2026-07-12,Changed Mind,1162.21,Approved
RET000753,ORD004488,CUST00660,2026-05-22,Size/Fit Issue,2948.28,Approved
RET000754,ORD004498,CUST00662,2026-06-15,Better Price Found,2789.12,Approved
RET000755,ORD004555,CUST00672,2026-07-06,Damaged in Transit,18570.97,Approved
RET000756,ORD004578,CUST00677,2026-07-26,Changed Mind,514.29,Pending
RET000757,ORD004588,CUST00679,2026-06-22,Better Price Found,3435.42,Approved
RET000758,ORD004591,CUST00679,2026-06-16,Changed Mind,408.74,Approved
RET000759,ORD004598,CUST00679,2026-09-06,Better Price Found,2211.51,Approved
RET000760,ORD004599,CUST00680,2026-07-19,Not As Described,723.35,Pending
RET000761,ORD004608,CUST00681,2026-01-24,Size/Fit Issue,2042.12,Approved
RET000762,ORD004614,CUST00682,2026-04-11,Defective Product,1050.41,Approved
RET000763,ORD004634,CUST00685,2026-04-11,Changed Mind,386.27,Rejected
RET000764,ORD004636,CUST00685,2026-08-04,Wrong Item Received,984.46,Approved
RET000765,ORD004637,CUST00685,2026-02-01,Changed Mind,8001.28,Approved
RET000766,ORD004638,CUST00686,2026-08-02,Quality Not Satisfactory,2406.47,Approved
RET000767,ORD004641,CUST00686,2026-08-04,Size/Fit Issue,19827.05,Rejected
RET000768,ORD004645,CUST00686,2026-08-06,Changed Mind,844.38,Approved
RET000769,ORD004646,CUST00686,2026-08-25,Changed Mind,2068.17,Pending
RET000770,ORD004648,CUST00686,2026-08-15,Not As Described,5691.25,Approved
RET000771,ORD004649,CUST00686,2026-08-06,Quality Not Satisfactory,16250.79,Approved
RET000772,ORD004650,CUST00686,2026-08-05,Changed Mind,2221.19,Pending
RET000773,ORD004651,CUST00686,2026-08-09,Changed Mind,6601.77,Pending
RET000774,ORD004652,CUST00686,2026-08-13,Changed Mind,17829.53,Approved
RET000775,ORD004653,CUST00686,2026-09-03,Damaged in Transit,881.87,Rejected
RET000776,ORD004655,CUST00686,2026-09-01,Defective Product,19498.22,Approved
RET000777,ORD004656,CUST00686,2026-08-09,Not As Described,443.35,Approved
RET000778,ORD004657,CUST00686,2026-08-28,Better Price Found,2772.47,Approved
RET000779,ORD004658,CUST00686,2026-08-05,Not As Described,2268.68,Approved
RET000780,ORD004667,CUST00688,2026-07-08,Quality Not Satisfactory,16052.12,Approved
RET000781,ORD004676,CUST00689,2026-09-05,Changed Mind,1953.15,Pending
RET000782,ORD004678,CUST00689,2026-08-05,Defective Product,1375.36,Pending
RET000783,ORD004681,CUST00689,2026-08-03,Not As Described,10332.14,Approved
RET000784,ORD004686,CUST00690,2026-09-04,Wrong Item Received,781.3,Rejected
RET000785,ORD004687,CUST00690,2026-02-14,Size/Fit Issue,878.88,Approved
RET000786,ORD004691,CUST00690,2026-08-02,Defective Product,2769.82,Approved
RET000787,ORD004696,CUST00691,2026-05-21,Changed Mind,4601.45,Approved
RET000788,ORD004725,CUST00695,2026-04-08,Size/Fit Issue,397.19,Approved
RET000789,ORD004729,CUST00696,2026-03-20,Wrong Item Received,1599.31,Pending
RET000790,ORD004745,CUST00700,2026-02-08,Changed Mind,9446.59,Pending
RET000791,ORD004752,CUST00701,2026-06-30,Changed Mind,2526.66,Approved
RET000792,ORD004755,CUST00701,2026-09-24,Quality Not Satisfactory,2221.02,Approved
RET000793,ORD004764,CUST00702,2026-08-07,Changed Mind,21055.84,Pending
RET000794,ORD004765,CUST00702,2026-08-05,Changed Mind,17072.32,Approved
RET000795,ORD004767,CUST00702,2026-06-10,Defective Product,5851.45,Pending
RET000796,ORD004785,CUST00706,2026-04-06,Size/Fit Issue,4425.35,Rejected
RET000797,ORD004787,CUST00706,2026-05-18,Not As Described,4373.95,Pending
RET000798,ORD004797,CUST00708,2026-04-24,Damaged in Transit,888.36,Approved
RET000799,ORD004804,CUST00710,2026-07-17,Better Price Found,993.08,Rejected
RET000800,ORD004809,CUST00711,2026-06-14,Changed Mind,1307.16,Approved
RET000801,ORD004811,CUST00711,2026-07-28,Not As Described,15355.97,Approved
RET000802,ORD004813,CUST00711,2026-06-20,Changed Mind,794.28,Approved
RET000803,ORD004816,CUST00711,2026-06-17,Not As Described,19022.57,Rejected
RET000804,ORD004820,CUST00711,2026-05-10,Wrong Item Received,1311.96,Pending
RET000805,ORD004821,CUST00711,2026-07-29,Changed Mind,11799.04,Approved
RET000806,ORD004823,CUST00712,2026-03-20,Defective Product,2115.15,Pending
RET000807,ORD004827,CUST00713,2026-06-09,Damaged in Transit,7970.77,Rejected
RET000808,ORD004833,CUST00714,2026-03-03,Better Price Found,293.29,Pending
RET000809,ORD004834,CUST00714,2026-02-27,Changed Mind,799.76,Rejected
RET000810,ORD004839,CUST00714,2026-05-24,Not As Described,3677.28,Pending
RET000811,ORD004840,CUST00714,2026-02-18,Changed Mind,1176.4,Approved
RET000812,ORD004846,CUST00716,2026-07-03,Quality Not Satisfactory,882.57,Rejected
RET000813,ORD004857,CUST00718,2026-08-29,Size/Fit Issue,26659.15,Pending
RET000814,ORD004877,CUST00721,2026-06-16,Changed Mind,17628.4,Approved
RET000815,ORD004881,CUST00721,2026-07-29,Size/Fit Issue,1154.51,Approved
RET000816,ORD004882,CUST00721,2026-04-16,Damaged in Transit,2317.86,Rejected
RET000817,ORD004883,CUST00721,2026-04-20,Changed Mind,3953.52,Approved
RET000818,ORD004911,CUST00726,2026-07-02,Defective Product,11945.64,Approved
RET000819,ORD004914,CUST00726,2026-08-08,Damaged in Transit,11302.1,Rejected
RET000820,ORD004917,CUST00726,2026-08-20,Not As Described,8000.0,Approved
RET000821,ORD004923,CUST00727,2026-06-29,Size/Fit Issue,2351.28,Approved
RET000822,ORD004939,CUST00729,2026-04-04,Changed Mind,6527.76,Approved
RET000823,ORD004947,CUST00731,2026-08-13,Size/Fit Issue,3600.72,Rejected
RET000824,ORD004948,CUST00732,2026-06-04,Size/Fit Issue,1569.3,Approved
RET000825,ORD004949,CUST00732,2026-04-12,Wrong Item Received,758.29,Approved
RET000826,ORD004964,CUST00734,2026-08-03,Damaged in Transit,2457.2,Approved
RET000827,ORD004965,CUST00735,2026-08-21,Damaged in Transit,280.84,Approved
RET000828,ORD004967,CUST00735,2026-08-09,Wrong Item Received,273.17,Pending
RET000829,ORD004968,CUST00735,2026-08-28,Defective Product,496.22,Rejected
RET000830,ORD004971,CUST00735,2026-07-07,Size/Fit Issue,3570.22,Approved
RET000831,ORD004980,CUST00736,2026-09-11,Damaged in Transit,1595.18,Approved
RET000832,ORD004982,CUST00736,2026-04-11,Size/Fit Issue,1071.52,Approved
RET000833,ORD004988,CUST00737,2026-01-21,Quality Not Satisfactory,423.06,Approved
RET000834,ORD004992,CUST00738,2026-06-27,Damaged in Transit,277.64,Approved
RET000835,ORD005029,CUST00744,2026-08-03,Quality Not Satisfactory,5485.8,Approved
RET000836,ORD005031,CUST00744,2026-07-29,Defective Product,1729.61,Rejected
RET000837,ORD005033,CUST00744,2026-07-26,Size/Fit Issue,11992.07,Pending
RET000838,ORD005047,CUST00745,2026-03-06,Size/Fit Issue,895.9,Approved
RET000839,ORD005052,CUST00747,2026-04-03,Quality Not Satisfactory,567.71,Approved
RET000840,ORD005053,CUST00747,2026-06-21,Damaged in Transit,4842.43,Approved
RET000841,ORD005067,CUST00750,2026-03-08,Not As Described,4229.19,Approved
RET000842,ORD005069,CUST00750,2026-03-09,Changed Mind,8448.25,Rejected
RET000843,ORD005072,CUST00750,2026-05-06,Wrong Item Received,22021.0,Pending
RET000844,ORD005073,CUST00750,2026-01-18,Changed Mind,1599.82,Approved
RET000845,ORD005078,CUST00750,2026-03-23,Changed Mind,2259.13,Rejected
RET000846,ORD005080,CUST00750,2026-03-06,Not As Described,12227.31,Approved
RET000847,ORD005081,CUST00750,2026-03-10,Quality Not Satisfactory,1502.48,Pending
RET000848,ORD005083,CUST00750,2026-07-05,Changed Mind,3246.55,Pending
RET000849,ORD005085,CUST00750,2026-03-31,Not As Described,2780.84,Rejected
RET000850,ORD005087,CUST00750,2026-06-03,Changed Mind,888.55,Approved
RET000851,ORD005105,CUST00754,2026-06-12,Size/Fit Issue,218.07,Approved
RET000852,ORD005109,CUST00754,2026-08-01,Size/Fit Issue,2162.39,Approved
RET000853,ORD005110,CUST00754,2026-06-18,Not As Described,1248.77,Approved
RET000854,ORD005114,CUST00755,2026-06-19,Not As Described,3678.15,Rejected
RET000855,ORD005124,CUST00755,2026-06-24,Wrong Item Received,1900.48,Pending
RET000856,ORD005126,CUST00755,2026-07-02,Not As Described,3122.76,Approved
RET000857,ORD005128,CUST00755,2026-08-08,Not As Described,2791.09,Approved
RET000858,ORD005129,CUST00755,2026-08-08,Changed Mind,15045.47,Approved
RET000859,ORD005130,CUST00755,2026-07-02,Better Price Found,14781.83,Rejected
RET000860,ORD005132,CUST00756,2026-06-10,Defective Product,7670.59,Approved
RET000861,ORD005147,CUST00759,2026-06-28,Damaged in Transit,11012.04,Pending
RET000862,ORD005148,CUST00759,2026-06-04,Changed Mind,1415.13,Approved
RET000863,ORD005154,CUST00759,2026-08-08,Size/Fit Issue,1039.54,Pending
RET000864,ORD005155,CUST00759,2026-08-02,Not As Described,6187.95,Rejected
RET000865,ORD005161,CUST00760,2026-09-08,Size/Fit Issue,6481.86,Approved
RET000866,ORD005183,CUST00765,2026-06-08,Quality Not Satisfactory,2802.77,Pending
RET000867,ORD005186,CUST00765,2026-07-03,Better Price Found,40470.46,Pending
RET000868,ORD005187,CUST00765,2026-08-03,Changed Mind,2004.86,Approved
RET000869,ORD005196,CUST00767,2026-01-18,Wrong Item Received,572.72,Rejected
RET000870,ORD005215,CUST00770,2026-04-14,Quality Not Satisfactory,666.33,Approved
RET000871,ORD005217,CUST00771,2026-05-06,Damaged in Transit,4951.34,Approved
RET000872,ORD005230,CUST00773,2026-07-22,Damaged in Transit,405.19,Approved
RET000873,ORD005236,CUST00774,2026-06-08,Size/Fit Issue,2093.3,Approved
RET000874,ORD005241,CUST00775,2026-05-29,Defective Product,4504.27,Approved
RET000875,ORD005273,CUST00781,2026-04-30,Damaged in Transit,2692.11,Approved
RET000876,ORD005285,CUST00783,2026-08-22,Size/Fit Issue,1607.82,Approved
RET000877,ORD005301,CUST00785,2026-08-26,Quality Not Satisfactory,33876.96,Approved
RET000878,ORD005308,CUST00785,2026-08-21,Damaged in Transit,341.31,Approved
RET000879,ORD005311,CUST00785,2026-08-15,Changed Mind,16490.06,Rejected
RET000880,ORD005312,CUST00785,2026-08-28,Size/Fit Issue,1285.72,Approved
RET000881,ORD005329,CUST00787,2026-08-22,Changed Mind,3266.51,Approved
RET000882,ORD005334,CUST00787,2026-08-30,Not As Described,2355.38,Pending
RET000883,ORD005335,CUST00787,2026-08-21,Changed Mind,17879.25,Approved
RET000884,ORD005336,CUST00787,2026-08-24,Defective Product,4013.28,Pending
RET000885,ORD005358,CUST00791,2026-07-05,Size/Fit Issue,23190.34,Pending
RET000886,ORD005360,CUST00791,2026-09-06,Defective Product,3181.62,Pending
RET000887,ORD005369,CUST00793,2026-05-19,Defective Product,11413.82,Rejected
RET000888,ORD005370,CUST00793,2026-03-28,Defective Product,2762.65,Pending
RET000889,ORD005371,CUST00793,2026-02-24,Defective Product,467.58,Approved
RET000890,ORD005405,CUST00799,2026-05-30,Better Price Found,1413.64,Pending
RET000891,ORD005407,CUST00799,2026-08-27,Wrong Item Received,2798.29,Approved
RET000892,ORD005415,CUST00800,2026-05-06,Quality Not Satisfactory,5115.73,Rejected
RET000893,ORD005427,CUST00803,2026-08-08,Damaged in Transit,659.67,Rejected
RET000894,ORD005442,CUST00806,2026-07-25,Changed Mind,1843.44,Pending
RET000895,ORD005444,CUST00806,2026-07-24,Defective Product,3402.59,Approved
RET000896,ORD005445,CUST00806,2026-07-20,Not As Described,4469.27,Rejected
RET000897,ORD005447,CUST00806,2026-08-01,Defective Product,3334.94,Rejected
RET000898,ORD005449,CUST00806,2026-08-28,Changed Mind,1523.41,Approved
RET000899,ORD005453,CUST00806,2026-04-26,Not As Described,628.81,Approved
RET000900,ORD005454,CUST00806,2026-05-14,Changed Mind,544.8,Pending
RET000901,ORD005455,CUST00806,2026-08-24,Better Price Found,3542.36,Rejected
RET000902,ORD005461,CUST00807,2026-08-10,Defective Product,2036.83,Approved
RET000903,ORD005467,CUST00808,2026-08-05,Not As Described,25859.23,Approved
RET000904,ORD005469,CUST00808,2026-07-28,Changed Mind,1026.67,Pending
RET000905,ORD005471,CUST00808,2026-07-27,Not As Described,2346.33,Rejected
RET000906,ORD005473,CUST00808,2026-08-05,Changed Mind,7386.45,Pending
RET000907,ORD005474,CUST00808,2026-07-23,Better Price Found,12681.89,Pending
RET000908,ORD005476,CUST00808,2026-08-04,Not As Described,366.34,Rejected
RET000909,ORD005478,CUST00808,2026-07-25,Better Price Found,1833.74,Approved
RET000910,ORD005481,CUST00808,2026-08-12,Quality Not Satisfactory,479.67,Pending
RET000911,ORD005485,CUST00808,2026-07-03,Changed Mind,1099.39,Pending
RET000912,ORD005486,CUST00808,2026-07-22,Better Price Found,1653.98,Approved
RET000913,ORD005487,CUST00808,2026-07-29,Not As Described,3458.57,Approved
RET000914,ORD005490,CUST00808,2026-07-15,Changed Mind,21413.85,Rejected
RET000915,ORD005503,CUST00810,2026-09-11,Wrong Item Received,1908.77,Approved
RET000916,ORD005508,CUST00811,2026-04-27,Wrong Item Received,640.97,Approved
RET000917,ORD005516,CUST00813,2026-03-18,Changed Mind,978.28,Approved
RET000918,ORD005520,CUST00814,2026-03-03,Size/Fit Issue,2623.29,Approved
RET000919,ORD005530,CUST00815,2026-06-20,Damaged in Transit,2967.28,Approved
RET000920,ORD005555,CUST00820,2026-06-15,Changed Mind,1541.28,Approved
RET000921,ORD005556,CUST00820,2026-05-30,Damaged in Transit,3402.22,Approved
RET000922,ORD005561,CUST00820,2026-04-29,Defective Product,1900.59,Approved
RET000923,ORD005571,CUST00823,2026-05-15,Size/Fit Issue,3523.17,Approved
RET000924,ORD005575,CUST00824,2026-07-13,Size/Fit Issue,1148.75,Rejected
RET000925,ORD005577,CUST00824,2026-07-16,Defective Product,1425.38,Pending
RET000926,ORD005579,CUST00824,2026-07-08,Not As Described,2748.78,Approved
RET000927,ORD005580,CUST00824,2026-07-16,Not As Described,2646.86,Approved
RET000928,ORD005583,CUST00824,2026-08-02,Changed Mind,11098.31,Approved
RET000929,ORD005584,CUST00824,2026-08-28,Not As Described,10999.79,Pending
RET000930,ORD005585,CUST00824,2026-06-05,Changed Mind,13858.48,Approved
RET000931,ORD005586,CUST00824,2026-08-27,Better Price Found,19663.36,Approved
RET000932,ORD005587,CUST00824,2026-07-17,Not As Described,2222.1,Rejected
RET000933,ORD005590,CUST00824,2026-07-13,Not As Described,2344.92,Approved
RET000934,ORD005591,CUST00825,2026-09-06,Size/Fit Issue,1070.77,Approved
RET000935,ORD005600,CUST00827,2026-06-20,Defective Product,1665.34,Approved
RET000936,ORD005612,CUST00829,2026-08-24,Better Price Found,18012.6,Approved
RET000937,ORD005613,CUST00829,2026-08-07,Not As Described,2755.33,Approved
RET000938,ORD005620,CUST00829,2026-08-17,Better Price Found,20288.93,Rejected
RET000939,ORD005622,CUST00829,2026-08-23,Defective Product,1370.99,Rejected
RET000940,ORD005624,CUST00830,2026-05-10,Better Price Found,4173.07,Rejected
RET000941,ORD005631,CUST00831,2026-07-04,Not As Described,14811.81,Pending
RET000942,ORD005632,CUST00831,2026-07-04,Not As Described,13712.83,Rejected
RET000943,ORD005633,CUST00831,2026-07-08,Changed Mind,764.3,Approved
RET000944,ORD005635,CUST00831,2026-07-13,Not As Described,17443.49,Pending
RET000945,ORD005638,CUST00831,2026-07-03,Not As Described,4850.65,Pending
RET000946,ORD005639,CUST00831,2026-07-09,Changed Mind,1588.74,Rejected
RET000947,ORD005641,CUST00831,2026-07-10,Changed Mind,2822.47,Approved
RET000948,ORD005649,CUST00832,2026-09-16,Changed Mind,18754.88,Approved
RET000949,ORD005656,CUST00834,2026-09-21,Size/Fit Issue,2692.06,Approved
RET000950,ORD005663,CUST00835,2026-07-14,Wrong Item Received,1921.32,Approved
RET000951,ORD005675,CUST00837,2026-06-13,Wrong Item Received,9258.23,Approved
RET000952,ORD005679,CUST00838,2026-08-13,Size/Fit Issue,11141.04,Approved
RET000953,ORD005699,CUST00841,2026-06-06,Changed Mind,1259.16,Approved
RET000954,ORD005701,CUST00841,2026-08-21,Changed Mind,6169.63,Approved
RET000955,ORD005702,CUST00841,2026-08-13,Not As Described,697.06,Approved
RET000956,ORD005703,CUST00841,2026-03-05,Defective Product,1363.37,Pending
RET000957,ORD005704,CUST00841,2026-08-22,Changed Mind,19045.38,Approved
RET000958,ORD005705,CUST00841,2026-08-27,Wrong Item Received,1356.77,Pending
RET000959,ORD005708,CUST00841,2026-05-10,Better Price Found,1437.78,Approved
RET000960,ORD005709,CUST00841,2026-04-03,Quality Not Satisfactory,2009.03,Approved
RET000961,ORD005710,CUST00841,2026-04-01,Not As Described,3828.69,Approved
RET000962,ORD005711,CUST00841,2026-04-13,Changed Mind,16668.36,Pending
RET000963,ORD005712,CUST00841,2026-04-02,Not As Described,741.29,Approved
RET000964,ORD005713,CUST00841,2026-07-14,Better Price Found,3501.15,Approved
RET000965,ORD005723,CUST00843,2026-06-10,Wrong Item Received,9390.28,Approved
RET000966,ORD005739,CUST00846,2026-08-03,Not As Described,1517.72,Pending
RET000967,ORD005740,CUST00846,2026-09-01,Damaged in Transit,1250.96,Pending
RET000968,ORD005743,CUST00846,2026-08-31,Changed Mind,3030.53,Approved
RET000969,ORD005744,CUST00846,2026-08-04,Not As Described,3239.36,Approved
RET000970,ORD005745,CUST00846,2026-08-23,Size/Fit Issue,30968.63,Approved
RET000971,ORD005746,CUST00846,2026-07-25,Not As Described,3831.34,Pending
RET000972,ORD005748,CUST00846,2026-08-18,Changed Mind,11073.2,Approved
RET000973,ORD005749,CUST00846,2026-08-12,Quality Not Satisfactory,27027.38,Approved
RET000974,ORD005753,CUST00846,2026-07-21,Not As Described,3595.75,Approved
RET000975,ORD005754,CUST00846,2026-07-14,Changed Mind,631.62,Approved
RET000976,ORD005758,CUST00846,2026-07-27,Size/Fit Issue,49471.46,Approved
RET000977,ORD005761,CUST00846,2026-08-13,Size/Fit Issue,1011.59,Approved
RET000978,ORD005767,CUST00848,2026-09-09,Changed Mind,27577.6,Approved
RET000979,ORD005768,CUST00848,2026-06-03,Changed Mind,913.03,Rejected
RET000980,ORD005775,CUST00848,2026-06-13,Changed Mind,1279.48,Approved
RET000981,ORD005780,CUST00849,2026-06-04,Not As Described,433.23,Approved
RET000982,ORD005783,CUST00850,2026-07-17,Not As Described,1898.31,Rejected
RET000983,ORD005784,CUST00850,2026-07-09,Not As Described,12000.0,Pending
RET000984,ORD005785,CUST00850,2026-07-06,Size/Fit Issue,2631.24,Approved
RET000985,ORD005787,CUST00850,2026-07-16,Changed Mind,5695.5,Approved
RET000986,ORD005790,CUST00850,2026-07-09,Size/Fit Issue,2222.44,Approved
RET000987,ORD005792,CUST00850,2026-07-03,Size/Fit Issue,1436.18,Approved
RET000988,ORD005794,CUST00850,2026-07-18,Changed Mind,2978.44,Approved
RET000989,ORD005795,CUST00850,2026-06-30,Defective Product,3823.36,Rejected
RET000990,ORD005797,CUST00850,2026-07-23,Changed Mind,17742.81,Pending
RET000991,ORD005798,CUST00850,2026-07-14,Not As Described,12398.06,Rejected
RET000992,ORD005803,CUST00850,2026-06-30,Not As Described,912.54,Rejected
RET000993,ORD005804,CUST00850,2026-07-10,Changed Mind,2483.76,Approved
RET000994,ORD005806,CUST00850,2026-07-29,Changed Mind,1538.85,Pending
RET000995,ORD005807,CUST00850,2026-07-26,Changed Mind,24558.41,Approved
RET000996,ORD005816,CUST00852,2026-07-26,Size/Fit Issue,4089.51,Approved
RET000997,ORD005853,CUST00857,2026-08-07,Damaged in Transit,2755.15,Approved
RET000998,ORD005854,CUST00858,2026-06-28,Damaged in Transit,41711.93,Approved
RET000999,ORD005856,CUST00858,2026-04-23,Size/Fit Issue,1358.29,Approved
RET001000,ORD005859,CUST00859,2026-08-01,Size/Fit Issue,383.61,Approved
RET001001,ORD005860,CUST00859,2026-09-02,Changed Mind,2935.08,Approved
RET001002,ORD005864,CUST00859,2026-08-02,Not As Described,3262.94,Approved
RET001003,ORD005872,CUST00859,2026-07-28,Better Price Found,6435.47,Approved
RET001004,ORD005892,CUST00863,2026-06-20,Damaged in Transit,11340.16,Approved
RET001005,ORD005910,CUST00866,2026-05-18,Changed Mind,220.84,Approved
RET001006,ORD005914,CUST00867,2026-09-02,Defective Product,1970.03,Approved
RET001007,ORD005933,CUST00870,2026-07-13,Better Price Found,747.65,Pending
RET001008,ORD005936,CUST00870,2026-06-30,Wrong Item Received,3697.58,Rejected
RET001009,ORD005946,CUST00872,2026-03-22,Damaged in Transit,9155.91,Approved
RET001010,ORD005959,CUST00874,2026-06-26,Not As Described,2721.96,Approved
RET001011,ORD005960,CUST00874,2026-07-10,Not As Described,536.5,Approved
RET001012,ORD005962,CUST00874,2026-08-18,Quality Not Satisfactory,1192.69,Rejected
RET001013,ORD005965,CUST00874,2026-08-04,Changed Mind,19222.71,Approved
RET001014,ORD005973,CUST00874,2026-07-03,Changed Mind,2563.29,Approved
RET001015,ORD005986,CUST00876,2026-02-17,Size/Fit Issue,1912.0,Approved
RET001016,ORD005987,CUST00876,2026-01-09,Changed Mind,4025.95,Approved
RET001017,ORD005994,CUST00878,2026-05-21,Damaged in Transit,780.39,Approved
RET001018,ORD006015,CUST00881,2026-04-11,Wrong Item Received,1521.56,Approved
RET001019,ORD006030,CUST00884,2026-05-12,Size/Fit Issue,1233.85,Approved
RET001020,ORD006033,CUST00885,2026-01-20,Not As Described,1754.71,Approved
RET001021,ORD006036,CUST00886,2026-05-05,Defective Product,548.96,Approved
RET001022,ORD006039,CUST00887,2026-04-19,Defective Product,40004.58,Approved
RET001023,ORD006040,CUST00887,2026-02-20,Damaged in Transit,1822.66,Approved
RET001024,ORD006046,CUST00887,2026-02-15,Size/Fit Issue,1448.22,Approved
RET001025,ORD006047,CUST00887,2026-03-03,Changed Mind,486.22,Pending
RET001026,ORD006049,CUST00887,2026-05-25,Size/Fit Issue,7897.9,Approved
RET001027,ORD006076,CUST00891,2026-09-04,Damaged in Transit,3438.67,Rejected
RET001028,ORD006086,CUST00892,2026-07-06,Better Price Found,1697.71,Approved
RET001029,ORD006101,CUST00895,2026-07-29,Defective Product,4328.92,Pending
RET001030,ORD006104,CUST00895,2026-07-28,Quality Not Satisfactory,14927.69,Rejected
RET001031,ORD006105,CUST00895,2026-07-28,Better Price Found,859.86,Rejected
RET001032,ORD006107,CUST00895,2026-07-19,Not As Described,5453.24,Rejected
RET001033,ORD006112,CUST00895,2026-05-01,Changed Mind,2727.38,Pending
RET001034,ORD006113,CUST00895,2026-08-15,Changed Mind,3371.75,Rejected
RET001035,ORD006116,CUST00895,2026-05-03,Damaged in Transit,2627.49,Pending
RET001036,ORD006118,CUST00895,2026-06-20,Defective Product,55000.0,Approved
RET001037,ORD006121,CUST00895,2026-06-26,Better Price Found,2744.03,Approved
RET001038,ORD006125,CUST00896,2026-02-05,Defective Product,604.48,Approved
RET001039,ORD006135,CUST00899,2026-05-13,Size/Fit Issue,348.13,Approved
RET001040,ORD006148,CUST00903,2026-08-24,Damaged in Transit,1771.92,Pending
RET001041,ORD006152,CUST00903,2026-08-12,Changed Mind,1485.67,Pending
RET001042,ORD006154,CUST00903,2026-07-24,Not As Described,570.19,Approved
RET001043,ORD006157,CUST00903,2026-08-13,Changed Mind,920.48,Approved
RET001044,ORD006161,CUST00904,2026-03-15,Defective Product,1266.76,Rejected
RET001045,ORD006162,CUST00904,2026-07-09,Changed Mind,1763.83,Pending
RET001046,ORD006169,CUST00905,2026-05-23,Quality Not Satisfactory,980.87,Approved
RET001047,ORD006182,CUST00907,2026-03-06,Changed Mind,24038.4,Approved
RET001048,ORD006190,CUST00908,2026-06-26,Defective Product,1366.33,Rejected
RET001049,ORD006197,CUST00909,2026-08-04,Wrong Item Received,8554.97,Rejected
RET001050,ORD006199,CUST00909,2026-07-13,Damaged in Transit,2014.38,Approved
RET001051,ORD006205,CUST00910,2026-06-25,Defective Product,31389.7,Approved
RET001052,ORD006207,CUST00910,2026-09-08,Changed Mind,15482.3,Approved
RET001053,ORD006208,CUST00910,2026-08-20,Changed Mind,15384.55,Pending
RET001054,ORD006210,CUST00910,2026-08-24,Defective Product,3178.76,Approved
RET001055,ORD006213,CUST00910,2026-08-05,Damaged in Transit,3057.24,Pending
RET001056,ORD006215,CUST00911,2026-06-07,Better Price Found,2242.49,Approved
RET001057,ORD006229,CUST00914,2026-09-03,Not As Described,1413.85,Approved
RET001058,ORD006245,CUST00917,2026-07-20,Damaged in Transit,1347.52,Approved
RET001059,ORD006253,CUST00918,2026-02-24,Size/Fit Issue,4297.21,Rejected
RET001060,ORD006260,CUST00919,2026-06-29,Changed Mind,1706.69,Approved
RET001061,ORD006263,CUST00919,2026-06-12,Changed Mind,2302.04,Approved
RET001062,ORD006264,CUST00919,2026-06-16,Size/Fit Issue,770.44,Approved
RET001063,ORD006266,CUST00919,2026-06-26,Damaged in Transit,43733.93,Pending
RET001064,ORD006267,CUST00919,2026-06-27,Not As Described,3272.46,Rejected
RET001065,ORD006268,CUST00919,2026-06-16,Not As Described,1916.49,Approved
RET001066,ORD006269,CUST00919,2026-06-07,Not As Described,13820.03,Approved
RET001067,ORD006270,CUST00919,2026-06-09,Better Price Found,4022.19,Approved
RET001068,ORD006273,CUST00919,2026-08-22,Size/Fit Issue,2729.14,Pending
RET001069,ORD006274,CUST00919,2026-05-17,Defective Product,674.27,Approved
RET001070,ORD006275,CUST00919,2026-07-12,Better Price Found,55000.0,Pending
RET001071,ORD006276,CUST00919,2026-07-20,Better Price Found,1596.8,Approved
RET001072,ORD006277,CUST00919,2026-07-19,Quality Not Satisfactory,4165.11,Pending
RET001073,ORD006278,CUST00919,2026-05-28,Quality Not Satisfactory,1162.77,Approved
RET001074,ORD006280,CUST00919,2026-08-03,Changed Mind,10789.73,Approved
RET001075,ORD006283,CUST00919,2026-05-15,Changed Mind,26837.14,Pending
RET001076,ORD006315,CUST00923,2026-03-16,Changed Mind,5985.3,Approved
RET001077,ORD006319,CUST00924,2026-05-12,Damaged in Transit,923.46,Approved
RET001078,ORD006321,CUST00924,2026-07-08,Not As Described,1434.43,Approved
RET001079,ORD006325,CUST00925,2026-04-05,Better Price Found,1034.11,Approved
RET001080,ORD006330,CUST00925,2026-07-22,Changed Mind,1611.61,Approved
RET001081,ORD006331,CUST00925,2026-06-23,Quality Not Satisfactory,5541.06,Approved
RET001082,ORD006333,CUST00925,2026-04-29,Size/Fit Issue,2862.05,Approved
RET001083,ORD006335,CUST00925,2026-07-28,Size/Fit Issue,2440.07,Pending
RET001084,ORD006337,CUST00925,2026-04-22,Better Price Found,17004.5,Approved
RET001085,ORD006338,CUST00925,2026-08-16,Size/Fit Issue,18618.71,Pending
RET001086,ORD006340,CUST00925,2026-03-25,Quality Not Satisfactory,3381.45,Approved
RET001087,ORD006342,CUST00925,2026-08-10,Not As Described,2078.66,Approved
RET001088,ORD006343,CUST00925,2026-05-26,Size/Fit Issue,1201.11,Rejected
RET001089,ORD006344,CUST00925,2026-06-02,Wrong Item Received,2055.3,Rejected
RET001090,ORD006346,CUST00925,2026-07-20,Changed Mind,1758.2,Pending
RET001091,ORD006347,CUST00925,2026-03-14,Changed Mind,3411.99,Approved
RET001092,ORD006366,CUST00928,2026-07-24,Size/Fit Issue,4050.03,Approved
RET001093,ORD006370,CUST00929,2026-08-30,Better Price Found,686.89,Rejected
RET001094,ORD006384,CUST00931,2026-07-26,Wrong Item Received,25243.67,Rejected
RET001095,ORD006385,CUST00932,2026-02-26,Changed Mind,2327.52,Approved
RET001096,ORD006389,CUST00932,2026-09-02,Damaged in Transit,6000.0,Approved
RET001097,ORD006390,CUST00932,2026-06-28,Changed Mind,7528.91,Approved
RET001098,ORD006391,CUST00932,2026-04-23,Defective Product,1702.68,Rejected
RET001099,ORD006393,CUST00932,2026-02-18,Better Price Found,1382.63,Approved
RET001100,ORD006394,CUST00932,2026-05-23,Better Price Found,2720.99,Approved
RET001101,ORD006397,CUST00932,2026-03-11,Size/Fit Issue,1833.84,Approved
RET001102,ORD006415,CUST00936,2026-05-26,Damaged in Transit,1792.18,Approved
RET001103,ORD006421,CUST00937,2026-04-16,Changed Mind,4240.27,Rejected
RET001104,ORD006424,CUST00937,2026-08-09,Not As Described,26351.97,Approved
RET001105,ORD006425,CUST00937,2026-08-31,Better Price Found,3097.07,Rejected
RET001106,ORD006426,CUST00937,2026-05-12,Wrong Item Received,8843.41,Approved
RET001107,ORD006441,CUST00940,2026-04-28,Defective Product,2337.72,Rejected
RET001108,ORD006442,CUST00940,2026-03-14,Damaged in Transit,3194.14,Approved
RET001109,ORD006444,CUST00940,2026-03-24,Size/Fit Issue,997.9,Approved
RET001110,ORD006449,CUST00940,2026-09-03,Size/Fit Issue,1072.54,Pending
RET001111,ORD006450,CUST00941,2026-07-02,Damaged in Transit,3248.88,Approved
RET001112,ORD006451,CUST00941,2026-05-15,Damaged in Transit,2010.94,Approved
RET001113,ORD006454,CUST00941,2026-04-30,Wrong Item Received,16516.14,Approved
RET001114,ORD006457,CUST00942,2026-07-25,Not As Described,1609.01,Rejected
RET001115,ORD006460,CUST00942,2026-07-31,Quality Not Satisfactory,6715.25,Pending
RET001116,ORD006463,CUST00942,2026-05-27,Not As Described,1532.76,Pending
RET001117,ORD006464,CUST00942,2026-06-08,Not As Described,2917.3,Approved
RET001118,ORD006466,CUST00942,2026-05-26,Not As Described,1245.54,Approved
RET001119,ORD006500,CUST00948,2026-07-22,Size/Fit Issue,1467.98,Approved
RET001120,ORD006504,CUST00949,2026-07-17,Damaged in Transit,356.96,Approved
RET001121,ORD006506,CUST00949,2026-08-03,Quality Not Satisfactory,3621.15,Rejected
RET001122,ORD006551,CUST00956,2026-05-23,Defective Product,1884.59,Pending
RET001123,ORD006567,CUST00959,2026-06-21,Damaged in Transit,1085.94,Approved
RET001124,ORD006568,CUST00959,2026-06-26,Damaged in Transit,2830.55,Approved
RET001125,ORD006570,CUST00959,2026-07-21,Size/Fit Issue,16094.93,Approved
RET001126,ORD006575,CUST00959,2026-03-03,Quality Not Satisfactory,2294.46,Rejected
RET001127,ORD006581,CUST00960,2026-04-21,Not As Described,4879.29,Pending
RET001128,ORD006586,CUST00961,2026-02-07,Defective Product,2963.79,Rejected
RET001129,ORD006590,CUST00962,2026-07-08,Quality Not Satisfactory,1087.67,Pending
RET001130,ORD006591,CUST00963,2026-02-05,Damaged in Transit,575.8,Rejected
RET001131,ORD006611,CUST00966,2026-05-12,Wrong Item Received,1382.39,Approved
RET001132,ORD006616,CUST00967,2026-06-25,Not As Described,38459.1,Approved
RET001133,ORD006659,CUST00975,2026-08-21,Size/Fit Issue,917.86,Approved
RET001134,ORD006708,CUST00983,2026-01-30,Size/Fit Issue,3899.72,Approved
RET001135,ORD006716,CUST00985,2026-06-16,Quality Not Satisfactory,2156.26,Pending
RET001136,ORD006737,CUST00989,2026-03-10,Defective Product,1236.56,Pending
RET001137,ORD006746,CUST00989,2026-04-01,Damaged in Transit,7939.72,Approved
RET001138,ORD006747,CUST00990,2026-05-28,Defective Product,5275.06,Approved
RET001139,ORD006750,CUST00990,2026-06-06,Size/Fit Issue,2767.19,Approved
RET001140,ORD006754,CUST00990,2026-09-13,Defective Product,220.35,Approved
RET001141,ORD006756,CUST00990,2026-06-12,Changed Mind,1360.31,Rejected
RET001142,ORD006761,CUST00991,2026-05-30,Defective Product,644.44,Approved
RET001143,ORD006771,CUST00993,2026-04-30,Changed Mind,25430.91,Approved
RET001144,ORD006774,CUST00993,2026-05-20,Defective Product,1344.44,Pending
RET001145,ORD006778,CUST00995,2026-08-19,Not As Described,31453.11,Approved
RET001146,ORD006782,CUST00995,2026-08-02,Not As Described,11149.89,Rejected
RET001147,ORD006783,CUST00995,2026-08-28,Defective Product,20234.05,Rejected
RET001148,ORD006787,CUST00995,2026-06-16,Changed Mind,4004.97,Approved
RET001149,ORD006789,CUST00995,2026-09-09,Not As Described,3018.94,Approved
RET001150,ORD006790,CUST00995,2026-08-03,Damaged in Transit,788.82,Pending
RET001151,ORD006791,CUST00995,2026-07-08,Changed Mind,1447.03,Rejected
RET001152,ORD006792,CUST00995,2026-08-15,Not As Described,1342.12,Approved
RET001153,ORD006793,CUST00995,2026-07-04,Changed Mind,18937.2,Approved
RET001154,ORD006794,CUST00995,2026-08-18,Changed Mind,4811.92,Rejected
RET001155,ORD006795,CUST00995,2026-07-04,Better Price Found,3197.73,Pending
RET001156,ORD006799,CUST00995,2026-07-03,Changed Mind,2561.19,Rejected
RET001157,ORD006801,CUST00996,2026-08-24,Size/Fit Issue,4452.67,Approved
RET001158,ORD006808,CUST00996,2026-09-08,Defective Product,12318.44,Pending
RET001159,ORD006810,CUST00996,2026-08-10,Defective Product,11708.28,Rejected
RET001160,ORD006827,CUST01001,2026-04-30,Not As Described,3941.63,Rejected
RET001161,ORD006829,CUST01001,2026-03-15,Changed Mind,1097.94,Pending
RET001162,ORD006830,CUST01001,2026-04-23,Damaged in Transit,24353.38,Rejected
RET001163,ORD006831,CUST01001,2026-03-19,Quality Not Satisfactory,1189.65,Rejected
RET001164,ORD006834,CUST01001,2026-06-09,Better Price Found,25698.56,Rejected
RET001165,ORD006842,CUST01002,2026-04-19,Size/Fit Issue,1561.58,Pending
RET001166,ORD006848,CUST01003,2026-05-21,Defective Product,1310.88,Approved
RET001167,ORD006857,CUST01005,2026-06-09,Wrong Item Received,1325.89,Approved
RET001168,ORD006860,CUST01005,2026-07-28,Damaged in Transit,7243.04,Approved
RET001169,ORD006861,CUST01005,2026-06-07,Wrong Item Received,2868.57,Pending
RET001170,ORD006863,CUST01005,2026-07-04,Changed Mind,1593.71,Rejected
RET001171,ORD006871,CUST01007,2026-06-11,Not As Described,6089.4,Approved
RET001172,ORD006872,CUST01008,2026-08-18,Size/Fit Issue,2567.25,Approved
RET001173,ORD006873,CUST01008,2026-08-16,Not As Described,4155.01,Approved
RET001174,ORD006880,CUST01008,2026-08-30,Not As Described,1961.63,Approved
RET001175,ORD006889,CUST01009,2026-08-14,Changed Mind,1339.17,Approved
RET001176,ORD006905,CUST01013,2026-08-19,Quality Not Satisfactory,1362.36,Rejected
RET001177,ORD006908,CUST01013,2026-07-31,Damaged in Transit,1195.97,Approved
RET001178,ORD006911,CUST01013,2026-08-02,Changed Mind,1506.1,Approved
RET001179,ORD006913,CUST01013,2026-09-02,Changed Mind,1480.88,Approved
RET001180,ORD006951,CUST01019,2026-02-02,Size/Fit Issue,2475.3,Approved
RET001181,ORD006955,CUST01020,2026-07-20,Changed Mind,1982.12,Pending
RET001182,ORD006957,CUST01020,2026-07-26,Not As Described,3431.83,Rejected
RET001183,ORD006962,CUST01020,2026-05-12,Changed Mind,808.52,Rejected
RET001184,ORD006964,CUST01021,2026-08-30,Better Price Found,15233.38,Pending
RET001185,ORD006969,CUST01021,2026-08-21,Defective Product,1892.57,Pending
RET001186,ORD006974,CUST01021,2026-08-25,Better Price Found,1961.46,Approved
RET001187,ORD006975,CUST01021,2026-08-06,Not As Described,3417.68,Approved
RET001188,ORD006979,CUST01021,2026-08-10,Better Price Found,1424.23,Rejected
RET001189,ORD006980,CUST01021,2026-08-29,Changed Mind,14065.95,Approved
RET001190,ORD006990,CUST01022,2026-07-22,Size/Fit Issue,10829.72,Pending
RET001191,ORD006994,CUST01022,2026-07-25,Changed Mind,28628.76,Approved
RET001192,ORD007001,CUST01024,2026-04-22,Better Price Found,1437.15,Approved
RET001193,ORD007010,CUST01026,2026-03-22,Quality Not Satisfactory,2845.65,Pending
RET001194,ORD007015,CUST01026,2026-06-15,Size/Fit Issue,2942.1,Pending
RET001195,ORD007020,CUST01027,2026-04-14,Damaged in Transit,1421.46,Rejected
RET001196,ORD007025,CUST01028,2026-07-12,Defective Product,4029.22,Pending
RET001197,ORD007026,CUST01028,2026-07-14,Not As Described,1050.05,Approved
RET001198,ORD007027,CUST01028,2026-07-02,Changed Mind,1243.0,Rejected
RET001199,ORD007028,CUST01028,2026-07-17,Not As Described,12062.38,Pending
RET001200,ORD007030,CUST01028,2026-07-07,Changed Mind,5567.66,Approved
RET001201,ORD007031,CUST01028,2026-07-13,Better Price Found,1199.2,Rejected
RET001202,ORD007036,CUST01028,2026-07-01,Not As Described,887.54,Approved
RET001203,ORD007038,CUST01028,2026-06-09,Not As Described,7567.48,Pending
RET001204,ORD007040,CUST01028,2026-06-22,Wrong Item Received,4350.49,Approved
RET001205,ORD007042,CUST01028,2026-07-30,Not As Described,15859.45,Approved
RET001206,ORD007043,CUST01028,2026-06-24,Changed Mind,9647.83,Rejected
RET001207,ORD007044,CUST01028,2026-06-20,Changed Mind,3680.02,Approved
RET001208,ORD007045,CUST01028,2026-07-27,Better Price Found,6646.15,Approved
RET001209,ORD007047,CUST01028,2026-08-17,Changed Mind,2776.51,Approved
RET001210,ORD007048,CUST01028,2026-08-23,Not As Described,930.53,Approved
RET001211,ORD007051,CUST01029,2026-07-17,Defective Product,2993.18,Approved
RET001212,ORD007064,CUST01032,2026-07-08,Defective Product,31739.58,Approved
RET001213,ORD007066,CUST01032,2026-09-07,Better Price Found,11909.91,Approved
RET001214,ORD007067,CUST01032,2026-06-19,Size/Fit Issue,643.94,Approved
RET001215,ORD007079,CUST01035,2026-06-18,Not As Described,1390.65,Pending
RET001216,ORD007081,CUST01035,2026-08-07,Not As Described,2793.07,Pending
RET001217,ORD007084,CUST01035,2026-05-21,Changed Mind,5622.16,Approved
RET001218,ORD007091,CUST01035,2026-05-16,Not As Described,8009.41,Rejected
RET001219,ORD007122,CUST01042,2026-09-22,Wrong Item Received,1320.27,Approved
RET001220,ORD007123,CUST01043,2026-04-22,Better Price Found,16410.79,Rejected
RET001221,ORD007147,CUST01047,2026-05-16,Defective Product,1771.95,Rejected
RET001222,ORD007158,CUST01049,2026-02-14,Size/Fit Issue,11609.54,Rejected
RET001223,ORD007162,CUST01050,2026-03-12,Size/Fit Issue,2352.69,Approved
RET001224,ORD007163,CUST01050,2026-06-12,Defective Product,419.42,Approved
RET001225,ORD007164,CUST01050,2026-08-11,Quality Not Satisfactory,496.37,Approved
RET001226,ORD007166,CUST01050,2026-06-04,Size/Fit Issue,1753.66,Pending
RET001227,ORD007167,CUST01050,2026-03-09,Size/Fit Issue,449.69,Approved
RET001228,ORD007170,CUST01050,2026-04-16,Size/Fit Issue,3153.18,Approved
RET001229,ORD007186,CUST01054,2026-07-26,Changed Mind,6000.0,Approved
RET001230,ORD007199,CUST01056,2026-09-04,Damaged in Transit,1076.28,Approved
RET001231,ORD007205,CUST01057,2026-02-22,Size/Fit Issue,13937.71,Approved
RET001232,ORD007209,CUST01057,2026-03-11,Damaged in Transit,10159.74,Pending
RET001233,ORD007213,CUST01058,2026-03-15,Size/Fit Issue,6691.18,Pending
RET001234,ORD007255,CUST01066,2026-07-30,Wrong Item Received,340.94,Approved
RET001235,ORD007258,CUST01066,2026-09-12,Defective Product,2209.64,Approved
RET001236,ORD007259,CUST01066,2026-06-16,Size/Fit Issue,798.86,Approved
RET001237,ORD007269,CUST01068,2026-05-27,Better Price Found,992.07,Approved
RET001238,ORD007305,CUST01075,2026-07-20,Size/Fit Issue,703.63,Approved
RET001239,ORD007309,CUST01076,2026-08-31,Changed Mind,6000.0,Approved
RET001240,ORD007313,CUST01077,2026-04-09,Size/Fit Issue,685.75,Rejected
RET001241,ORD007314,CUST01077,2026-03-04,Changed Mind,2397.73,Rejected
RET001242,ORD007315,CUST01077,2026-02-21,Damaged in Transit,2071.87,Pending
RET001243,ORD007319,CUST01078,2026-05-12,Defective Product,1916.09,Rejected
RET001244,ORD007327,CUST01080,2026-06-05,Size/Fit Issue,1736.72,Rejected
RET001245,ORD007344,CUST01082,2026-05-10,Defective Product,950.33,Pending
RET001246,ORD007351,CUST01083,2026-07-26,Quality Not Satisfactory,2194.31,Rejected
RET001247,ORD007367,CUST01086,2026-01-29,Defective Product,20949.97,Pending
RET001248,ORD007368,CUST01086,2026-08-31,Not As Described,8985.78,Pending
RET001249,ORD007371,CUST01086,2026-07-06,Not As Described,2371.73,Rejected
RET001250,ORD007374,CUST01086,2026-06-05,Changed Mind,2878.75,Pending
RET001251,ORD007375,CUST01086,2026-02-19,Better Price Found,34430.75,Approved
RET001252,ORD007376,CUST01086,2026-04-14,Quality Not Satisfactory,20104.62,Approved
RET001253,ORD007383,CUST01087,2026-05-04,Changed Mind,2864.43,Approved
RET001254,ORD007391,CUST01088,2026-02-15,Damaged in Transit,2645.79,Approved
RET001255,ORD007415,CUST01092,2026-07-08,Not As Described,9067.07,Approved
RET001256,ORD007416,CUST01092,2026-06-28,Changed Mind,2310.72,Pending
RET001257,ORD007420,CUST01092,2026-08-28,Not As Described,12757.24,Pending
RET001258,ORD007469,CUST01101,2026-04-30,Quality Not Satisfactory,2217.11,Rejected
RET001259,ORD007480,CUST01102,2026-07-30,Defective Product,1549.27,Rejected
RET001260,ORD007486,CUST01103,2026-08-27,Wrong Item Received,1935.67,Approved
RET001261,ORD007487,CUST01103,2026-08-20,Changed Mind,828.53,Approved
RET001262,ORD007489,CUST01103,2026-08-07,Not As Described,4008.47,Approved
RET001263,ORD007492,CUST01103,2026-09-02,Changed Mind,1697.03,Approved
RET001264,ORD007493,CUST01103,2026-08-23,Damaged in Transit,9252.19,Approved
RET001265,ORD007494,CUST01103,2026-08-19,Damaged in Transit,19010.54,Approved
RET001266,ORD007515,CUST01107,2026-07-21,Changed Mind,1984.2,Pending
RET001267,ORD007519,CUST01107,2026-08-10,Quality Not Satisfactory,3326.82,Approved
RET001268,ORD007520,CUST01107,2026-08-14,Not As Described,1694.28,Approved
RET001269,ORD007521,CUST01107,2026-06-29,Changed Mind,2987.37,Pending
RET001270,ORD007531,CUST01109,2026-03-01,Changed Mind,2049.1,Approved
RET001271,ORD007532,CUST01109,2026-02-06,Better Price Found,4348.78,Rejected
RET001272,ORD007535,CUST01109,2026-02-20,Not As Described,931.87,Approved
RET001273,ORD007538,CUST01109,2026-07-12,Not As Described,1525.0,Rejected
RET001274,ORD007539,CUST01109,2026-07-14,Quality Not Satisfactory,2412.76,Approved
RET001275,ORD007559,CUST01113,2026-04-01,Defective Product,7359.2,Approved
RET001276,ORD007583,CUST01118,2026-07-06,Defective Product,15477.04,Approved
RET001277,ORD007586,CUST01118,2026-07-15,Not As Described,464.75,Approved
RET001278,ORD007589,CUST01118,2026-07-07,Not As Described,3343.11,Approved
RET001279,ORD007594,CUST01118,2026-08-07,Damaged in Transit,3491.04,Pending
RET001280,ORD007597,CUST01118,2026-06-28,Not As Described,21127.79,Pending
RET001281,ORD007607,CUST01120,2026-08-24,Better Price Found,733.54,Approved
RET001282,ORD007608,CUST01120,2026-06-21,Better Price Found,3597.48,Pending
RET001283,ORD007612,CUST01120,2026-08-11,Defective Product,2220.15,Pending
RET001284,ORD007615,CUST01120,2026-08-14,Changed Mind,438.38,Approved
RET001285,ORD007616,CUST01120,2026-08-20,Size/Fit Issue,1081.08,Approved
RET001286,ORD007618,CUST01120,2026-07-26,Quality Not Satisfactory,4154.41,Pending
RET001287,ORD007622,CUST01120,2026-07-31,Not As Described,1460.21,Approved
RET001288,ORD007639,CUST01123,2026-08-04,Size/Fit Issue,10483.81,Approved
RET001289,ORD007641,CUST01124,2026-05-17,Wrong Item Received,1623.93,Approved
RET001290,ORD007649,CUST01125,2026-06-21,Damaged in Transit,5396.27,Rejected
RET001291,ORD007665,CUST01127,2026-05-04,Changed Mind,20878.87,Approved
RET001292,ORD007667,CUST01127,2026-05-04,Not As Described,1629.33,Rejected
RET001293,ORD007670,CUST01127,2026-05-08,Changed Mind,1712.73,Approved
RET001294,ORD007676,CUST01128,2026-08-05,Better Price Found,23320.55,Approved
RET001295,ORD007677,CUST01128,2026-08-04,Size/Fit Issue,14820.23,Rejected
RET001296,ORD007680,CUST01128,2026-07-30,Changed Mind,1266.13,Pending
RET001297,ORD007684,CUST01128,2026-08-18,Changed Mind,1901.72,Rejected
RET001298,ORD007686,CUST01128,2026-07-14,Quality Not Satisfactory,1896.3,Approved
RET001299,ORD007687,CUST01128,2026-08-11,Wrong Item Received,3705.57,Approved
RET001300,ORD007693,CUST01129,2026-07-27,Changed Mind,1800.43,Rejected
RET001301,ORD007706,CUST01132,2026-08-19,Better Price Found,2523.47,Approved
RET001302,ORD007707,CUST01132,2026-08-22,Better Price Found,19404.75,Approved
RET001303,ORD007708,CUST01132,2026-07-11,Size/Fit Issue,44391.33,Rejected
RET001304,ORD007711,CUST01132,2026-07-28,Size/Fit Issue,13586.92,Approved
RET001305,ORD007716,CUST01132,2026-08-08,Better Price Found,17535.64,Pending
RET001306,ORD007717,CUST01132,2026-06-26,Wrong Item Received,1439.7,Rejected
RET001307,ORD007720,CUST01132,2026-06-25,Changed Mind,1956.87,Approved
RET001308,ORD007722,CUST01132,2026-07-16,Not As Described,3011.44,Approved
RET001309,ORD007725,CUST01133,2026-07-05,Defective Product,786.56,Approved
RET001310,ORD007735,CUST01134,2026-07-28,Not As Described,1818.2,Approved
RET001311,ORD007744,CUST01136,2026-08-02,Defective Product,821.79,Approved
RET001312,ORD007749,CUST01136,2026-08-04,Wrong Item Received,5598.59,Approved
RET001313,ORD007750,CUST01136,2026-08-16,Changed Mind,545.21,Approved
RET001314,ORD007752,CUST01136,2026-08-18,Changed Mind,16098.87,Approved
RET001315,ORD007754,CUST01136,2026-08-11,Not As Described,21846.58,Approved
RET001316,ORD007755,CUST01136,2026-08-09,Changed Mind,3266.11,Pending
RET001317,ORD007756,CUST01136,2026-08-03,Changed Mind,19814.77,Approved
RET001318,ORD007757,CUST01136,2026-07-17,Not As Described,412.13,Approved
RET001319,ORD007760,CUST01136,2026-07-14,Quality Not Satisfactory,427.35,Rejected
RET001320,ORD007762,CUST01136,2026-08-30,Size/Fit Issue,2163.39,Approved
RET001321,ORD007764,CUST01137,2026-07-26,Better Price Found,6450.15,Approved
RET001322,ORD007785,CUST01140,2026-08-17,Size/Fit Issue,521.17,Pending
RET001323,ORD007793,CUST01141,2026-06-23,Size/Fit Issue,1250.36,Approved
RET001324,ORD007797,CUST01142,2026-05-06,Changed Mind,3415.54,Approved
RET001325,ORD007799,CUST01142,2026-05-26,Not As Described,55000.0,Rejected
RET001326,ORD007814,CUST01145,2026-07-08,Defective Product,1075.01,Approved
RET001327,ORD007816,CUST01146,2026-04-30,Damaged in Transit,14847.57,Pending
RET001328,ORD007841,CUST01149,2026-07-06,Damaged in Transit,1271.07,Approved
RET001329,ORD007842,CUST01149,2026-09-04,Wrong Item Received,1091.51,Approved
RET001330,ORD007843,CUST01149,2026-06-27,Defective Product,5082.58,Rejected
RET001331,ORD007847,CUST01150,2026-07-29,Quality Not Satisfactory,689.9,Approved
RET001332,ORD007859,CUST01152,2026-07-31,Quality Not Satisfactory,2266.34,Approved
RET001333,ORD007863,CUST01153,2026-08-09,Better Price Found,8172.12,Approved
RET001334,ORD007868,CUST01154,2026-05-04,Changed Mind,1109.97,Approved
RET001335,ORD007869,CUST01154,2026-04-26,Better Price Found,1548.05,Approved
RET001336,ORD007872,CUST01154,2026-05-08,Better Price Found,1868.62,Approved
RET001337,ORD007873,CUST01154,2026-04-29,Changed Mind,6524.73,Approved
RET001338,ORD007875,CUST01154,2026-08-27,Not As Described,1473.62,Pending
RET001339,ORD007877,CUST01154,2026-07-10,Not As Described,9378.49,Approved
RET001340,ORD007878,CUST01154,2026-07-13,Changed Mind,1836.13,Rejected
RET001341,ORD007879,CUST01154,2026-01-15,Not As Described,29660.83,Approved
RET001342,ORD007881,CUST01154,2026-07-10,Changed Mind,11674.15,Approved
RET001343,ORD007882,CUST01154,2026-02-11,Changed Mind,1335.58,Pending
RET001344,ORD007883,CUST01154,2026-08-23,Changed Mind,2460.95,Rejected
RET001345,ORD007884,CUST01155,2026-05-16,Size/Fit Issue,2707.04,Approved
RET001346,ORD007890,CUST01155,2026-05-07,Defective Product,1130.08,Approved
RET001347,ORD007893,CUST01156,2026-03-20,Quality Not Satisfactory,1867.34,Approved
RET001348,ORD007901,CUST01158,2026-06-30,Not As Described,1368.86,Approved
RET001349,ORD007902,CUST01158,2026-08-26,Defective Product,687.6,Approved
RET001350,ORD007903,CUST01158,2026-07-09,Defective Product,2319.05,Rejected
RET001351,ORD007912,CUST01158,2026-08-05,Changed Mind,3009.91,Approved
RET001352,ORD007919,CUST01160,2026-06-01,Changed Mind,1320.62,Approved
RET001353,ORD007920,CUST01160,2026-04-09,Not As Described,1248.88,Approved
RET001354,ORD007924,CUST01160,2026-03-04,Size/Fit Issue,25793.73,Approved
RET001355,ORD007931,CUST01161,2026-08-05,Quality Not Satisfactory,866.56,Approved
RET001356,ORD007932,CUST01161,2026-08-19,Size/Fit Issue,493.73,Approved
RET001357,ORD007945,CUST01163,2026-06-26,Changed Mind,1267.7,Approved
RET001358,ORD007963,CUST01165,2026-08-20,Size/Fit Issue,1796.61,Pending
RET001359,ORD007967,CUST01165,2026-07-03,Better Price Found,1636.8,Rejected
RET001360,ORD007969,CUST01165,2026-08-16,Changed Mind,17655.87,Pending
RET001361,ORD007972,CUST01166,2026-04-16,Not As Described,1744.46,Rejected
RET001362,ORD007973,CUST01166,2026-04-26,Changed Mind,2010.01,Approved
RET001363,ORD007974,CUST01166,2026-05-22,Changed Mind,2730.39,Approved
RET001364,ORD007978,CUST01166,2026-04-29,Changed Mind,736.8,Approved
RET001365,ORD007983,CUST01166,2026-02-27,Size/Fit Issue,1303.93,Approved
RET001366,ORD007985,CUST01166,2026-05-02,Changed Mind,10565.43,Pending
RET001367,ORD007993,CUST01168,2026-05-24,Changed Mind,2725.94,Rejected
RET001368,ORD008001,CUST01169,2026-08-13,Size/Fit Issue,1159.86,Pending
RET001369,ORD008032,CUST01175,2026-05-05,Changed Mind,6664.4,Approved
RET001370,ORD008037,CUST01176,2026-07-20,Quality Not Satisfactory,3406.65,Pending
RET001371,ORD008038,CUST01176,2026-04-24,Defective Product,336.41,Approved
RET001372,ORD008046,CUST01177,2026-08-24,Defective Product,13953.61,Approved
RET001373,ORD008048,CUST01177,2026-08-22,Size/Fit Issue,2950.66,Pending
RET001374,ORD008050,CUST01178,2026-05-14,Defective Product,1541.74,Pending
RET001375,ORD008058,CUST01179,2026-07-28,Size/Fit Issue,15668.9,Pending
RET001376,ORD008059,CUST01179,2026-08-19,Damaged in Transit,1544.03,Approved
RET001377,ORD008060,CUST01179,2026-07-27,Size/Fit Issue,1581.48,Approved
RET001378,ORD008066,CUST01179,2026-07-22,Size/Fit Issue,9455.35,Rejected
RET001379,ORD008071,CUST01180,2026-09-12,Defective Product,9326.05,Pending
RET001380,ORD008076,CUST01181,2026-08-06,Changed Mind,979.32,Pending
RET001381,ORD008077,CUST01181,2026-09-05,Quality Not Satisfactory,12000.0,Approved
RET001382,ORD008078,CUST01181,2026-07-30,Not As Described,20801.98,Pending
RET001383,ORD008087,CUST01182,2026-06-12,Not As Described,7490.6,Pending
RET001384,ORD008088,CUST01182,2026-06-15,Changed Mind,23392.38,Approved
RET001385,ORD008090,CUST01182,2026-06-28,Changed Mind,538.35,Approved
RET001386,ORD008091,CUST01182,2026-02-15,Better Price Found,1193.41,Approved
RET001387,ORD008094,CUST01182,2026-03-25,Quality Not Satisfactory,19613.29,Approved
RET001388,ORD008097,CUST01182,2026-02-05,Quality Not Satisfactory,34230.94,Approved
RET001389,ORD008116,CUST01186,2026-06-12,Better Price Found,736.86,Approved
RET001390,ORD008130,CUST01189,2026-05-24,Better Price Found,13873.0,Approved
RET001391,ORD008134,CUST01189,2026-07-16,Not As Described,1468.55,Approved
RET001392,ORD008136,CUST01189,2026-08-09,Defective Product,11186.63,Approved
RET001393,ORD008137,CUST01189,2026-08-26,Changed Mind,741.1,Approved
RET001394,ORD008138,CUST01189,2026-07-25,Quality Not Satisfactory,4494.3,Approved
RET001395,ORD008140,CUST01189,2026-06-24,Changed Mind,3066.2,Rejected
RET001396,ORD008143,CUST01189,2026-06-01,Better Price Found,36515.65,Approved
RET001397,ORD008146,CUST01190,2026-08-14,Changed Mind,3566.14,Approved
RET001398,ORD008148,CUST01190,2026-08-12,Changed Mind,10939.87,Approved
RET001399,ORD008149,CUST01190,2026-08-16,Defective Product,13867.23,Approved
RET001400,ORD008150,CUST01190,2026-09-02,Defective Product,3935.1,Approved
RET001401,ORD008152,CUST01190,2026-08-06,Quality Not Satisfactory,1270.98,Rejected
RET001402,ORD008163,CUST01192,2026-01-17,Defective Product,1996.22,Approved
RET001403,ORD008173,CUST01194,2026-09-11,Size/Fit Issue,1385.9,Approved
RET001404,ORD008177,CUST01194,2026-08-02,Size/Fit Issue,2875.01,Approved
RET001405,ORD008189,CUST01197,2026-07-28,Damaged in Transit,1105.77,Approved
RET001406,ORD008199,CUST01199,2026-03-07,Defective Product,10375.37,Approved
RET001407,ORD008206,CUST01200,2026-06-28,Size/Fit Issue,2845.7,Pending
RET001408,ORD008213,CUST01202,2026-06-29,Size/Fit Issue,1345.92,Pending
RET001409,ORD008227,CUST01205,2026-07-18,Size/Fit Issue,1458.24,Approved
RET001410,ORD008256,CUST01209,2026-07-13,Quality Not Satisfactory,1110.91,Approved
RET001411,ORD008262,CUST01210,2026-05-30,Defective Product,18373.92,Approved
RET001412,ORD008267,CUST01211,2026-04-08,Not As Described,2697.67,Pending
RET001413,ORD008278,CUST01213,2026-04-20,Better Price Found,5598.01,Approved
RET001414,ORD008281,CUST01214,2026-04-05,Wrong Item Received,817.93,Approved
RET001415,ORD008282,CUST01214,2026-08-08,Size/Fit Issue,326.25,Approved
RET001416,ORD008290,CUST01214,2026-06-07,Changed Mind,1564.31,Approved
RET001417,ORD008291,CUST01215,2026-07-27,Not As Described,25133.75,Approved
RET001418,ORD008297,CUST01215,2026-08-08,Changed Mind,1514.8,Pending
RET001419,ORD008298,CUST01215,2026-08-12,Not As Described,1356.31,Pending
RET001420,ORD008303,CUST01215,2026-08-09,Defective Product,14172.74,Approved
RET001421,ORD008304,CUST01215,2026-07-29,Changed Mind,1248.23,Pending
RET001422,ORD008305,CUST01215,2026-07-05,Changed Mind,3093.98,Approved
RET001423,ORD008358,CUST01224,2026-08-26,Better Price Found,850.62,Approved
RET001424,ORD008372,CUST01227,2026-04-10,Quality Not Satisfactory,250.71,Approved
RET001425,ORD008414,CUST01234,2026-09-15,Wrong Item Received,5157.79,Pending
RET001426,ORD008418,CUST01235,2026-08-29,Not As Described,10546.66,Rejected
RET001427,ORD008419,CUST01235,2026-09-03,Defective Product,719.88,Approved
RET001428,ORD008422,CUST01235,2026-08-31,Defective Product,32134.56,Approved
RET001429,ORD008423,CUST01235,2026-08-23,Wrong Item Received,3072.33,Rejected
RET001430,ORD008424,CUST01235,2026-08-19,Size/Fit Issue,547.3,Pending
RET001431,ORD008426,CUST01235,2026-08-25,Size/Fit Issue,2912.8,Approved
RET001432,ORD008427,CUST01235,2026-08-20,Not As Described,15703.98,Approved
RET001433,ORD008428,CUST01235,2026-08-11,Changed Mind,13316.87,Pending
RET001434,ORD008429,CUST01235,2026-08-14,Size/Fit Issue,456.62,Approved
RET001435,ORD008460,CUST01240,2026-08-16,Defective Product,1447.14,Pending
RET001436,ORD008467,CUST01241,2026-01-20,Changed Mind,1370.22,Approved
RET001437,ORD008478,CUST01243,2026-02-04,Damaged in Transit,19071.37,Rejected
RET001438,ORD008482,CUST01243,2026-04-11,Wrong Item Received,3700.68,Approved
RET001439,ORD008493,CUST01245,2026-09-03,Defective Product,2357.59,Rejected
RET001440,ORD008501,CUST01246,2026-03-08,Changed Mind,1842.46,Approved
RET001441,ORD008520,CUST01249,2026-07-05,Better Price Found,8650.83,Pending
RET001442,ORD008521,CUST01249,2026-07-26,Not As Described,19143.52,Pending
RET001443,ORD008522,CUST01249,2026-06-12,Changed Mind,25969.67,Approved
RET001444,ORD008523,CUST01249,2026-08-01,Changed Mind,1094.45,Approved
RET001445,ORD008525,CUST01249,2026-06-09,Better Price Found,4331.36,Pending
RET001446,ORD008529,CUST01250,2026-08-08,Changed Mind,733.97,Rejected
RET001447,ORD008533,CUST01250,2026-06-29,Size/Fit Issue,2843.24,Approved
RET001448,ORD008534,CUST01250,2026-06-19,Changed Mind,10305.62,Approved
RET001449,ORD008538,CUST01251,2026-08-23,Wrong Item Received,2953.78,Approved
RET001450,ORD008540,CUST01252,2026-08-24,Size/Fit Issue,1224.17,Pending
RET001451,ORD008549,CUST01253,2026-08-17,Changed Mind,55000.0,Approved
RET001452,ORD008566,CUST01256,2026-07-24,Quality Not Satisfactory,21548.77,Approved
RET001453,ORD008567,CUST01256,2026-08-19,Changed Mind,6845.86,Approved
RET001454,ORD008571,CUST01256,2026-08-03,Not As Described,19843.9,Pending
RET001455,ORD008579,CUST01257,2026-08-22,Better Price Found,590.71,Approved
RET001456,ORD008583,CUST01257,2026-06-29,Not As Described,4328.93,Rejected
RET001457,ORD008585,CUST01257,2026-06-19,Changed Mind,1908.55,Approved
RET001458,ORD008602,CUST01259,2026-05-13,Quality Not Satisfactory,3690.6,Approved
RET001459,ORD008606,CUST01259,2026-04-04,Not As Described,9048.54,Approved
RET001460,ORD008609,CUST01259,2026-03-22,Changed Mind,2459.59,Approved
RET001461,ORD008632,CUST01263,2026-06-06,Defective Product,11170.02,Approved
RET001462,ORD008660,CUST01269,2026-04-11,Better Price Found,1283.54,Approved
RET001463,ORD008661,CUST01269,2026-03-24,Size/Fit Issue,811.68,Rejected
RET001464,ORD008672,CUST01270,2026-03-21,Size/Fit Issue,3961.07,Approved
RET001465,ORD008679,CUST01271,2026-07-27,Not As Described,3640.35,Pending
RET001466,ORD008715,CUST01278,2026-08-17,Not As Described,3199.29,Approved
RET001467,ORD008717,CUST01278,2026-07-04,Changed Mind,1461.39,Approved
RET001468,ORD008721,CUST01279,2026-08-06,Wrong Item Received,2014.59,Approved
RET001469,ORD008743,CUST01282,2026-06-22,Defective Product,3828.87,Approved
RET001470,ORD008748,CUST01283,2026-08-14,Quality Not Satisfactory,18432.82,Pending
RET001471,ORD008750,CUST01283,2026-09-01,Changed Mind,7609.71,Approved
RET001472,ORD008753,CUST01283,2026-08-14,Changed Mind,1552.1,Pending
RET001473,ORD008756,CUST01283,2026-08-07,Changed Mind,3432.95,Pending
RET001474,ORD008757,CUST01283,2026-08-06,Not As Described,1882.21,Approved
RET001475,ORD008759,CUST01283,2026-08-23,Size/Fit Issue,3780.54,Rejected
RET001476,ORD008763,CUST01283,2026-08-14,Defective Product,3959.73,Pending
RET001477,ORD008765,CUST01283,2026-09-02,Changed Mind,2506.1,Rejected
RET001478,ORD008766,CUST01283,2026-09-03,Better Price Found,29151.65,Pending
RET001479,ORD008768,CUST01283,2026-08-24,Quality Not Satisfactory,2014.54,Approved
RET001480,ORD008774,CUST01284,2026-02-25,Damaged in Transit,1520.11,Approved
RET001481,ORD008789,CUST01287,2026-08-19,Size/Fit Issue,19017.2,Approved
RET001482,ORD008803,CUST01291,2026-07-28,Changed Mind,2740.72,Rejected
RET001483,ORD008807,CUST01291,2026-08-05,Quality Not Satisfactory,30869.1,Approved
RET001484,ORD008808,CUST01291,2026-08-23,Changed Mind,668.78,Approved
RET001485,ORD008810,CUST01291,2026-07-29,Quality Not Satisfactory,11551.18,Approved
RET001486,ORD008815,CUST01292,2026-07-24,Quality Not Satisfactory,9496.14,Approved
RET001487,ORD008817,CUST01293,2026-08-30,Changed Mind,16493.67,Approved
RET001488,ORD008818,CUST01293,2026-08-28,Damaged in Transit,4944.75,Approved
RET001489,ORD008822,CUST01293,2026-08-06,Changed Mind,2091.78,Approved
RET001490,ORD008823,CUST01293,2026-07-31,Changed Mind,2720.22,Approved
RET001491,ORD008825,CUST01293,2026-08-11,Not As Described,2758.63,Pending
RET001492,ORD008827,CUST01293,2026-07-27,Not As Described,17366.18,Approved
RET001493,ORD008829,CUST01293,2026-08-25,Changed Mind,11795.54,Rejected
RET001494,ORD008830,CUST01293,2026-08-24,Changed Mind,1070.18,Pending
RET001495,ORD008832,CUST01294,2026-07-29,Changed Mind,3556.41,Rejected
RET001496,ORD008835,CUST01294,2026-07-18,Not As Described,20434.88,Approved
RET001497,ORD008842,CUST01295,2026-06-03,Changed Mind,433.35,Pending
RET001498,ORD008844,CUST01295,2026-01-20,Size/Fit Issue,2007.43,Pending
RET001499,ORD008853,CUST01296,2026-04-14,Size/Fit Issue,1155.39,Approved
RET001500,ORD008854,CUST01296,2026-08-12,Damaged in Transit,127.27,Approved
RET001501,ORD008859,CUST01296,2026-03-21,Defective Product,3088.23,Rejected
RET001502,ORD008907,CUST01305,2026-05-09,Damaged in Transit,5974.58,Rejected
RET001503,ORD008916,CUST01307,2026-06-23,Quality Not Satisfactory,1749.09,Approved
RET001504,ORD008918,CUST01307,2026-07-02,Size/Fit Issue,1683.96,Rejected
RET001505,ORD008926,CUST01308,2026-03-21,Quality Not Satisfactory,5482.0,Pending
RET001506,ORD008930,CUST01308,2026-03-18,Damaged in Transit,5036.09,Approved
RET001507,ORD008931,CUST01308,2026-03-19,Defective Product,8899.96,Approved
RET001508,ORD008932,CUST01308,2026-03-15,Defective Product,39790.24,Approved
RET001509,ORD008933,CUST01308,2026-03-13,Better Price Found,3966.35,Pending
RET001510,ORD008934,CUST01308,2026-03-31,Changed Mind,13186.44,Pending
RET001511,ORD008938,CUST01308,2026-03-25,Better Price Found,5129.75,Approved
RET001512,ORD008940,CUST01308,2026-03-15,Better Price Found,10522.73,Pending
RET001513,ORD008949,CUST01308,2026-02-06,Changed Mind,787.69,Pending
RET001514,ORD008950,CUST01308,2026-08-04,Not As Described,1948.84,Pending
RET001515,ORD008959,CUST01310,2026-01-15,Size/Fit Issue,4643.72,Approved
RET001516,ORD008979,CUST01313,2026-06-17,Changed Mind,2251.17,Approved
RET001517,ORD008983,CUST01313,2026-05-04,Defective Product,1834.43,Approved
RET001518,ORD009027,CUST01323,2026-08-28,Defective Product,519.72,Approved
RET001519,ORD009039,CUST01326,2026-07-15,Changed Mind,1380.08,Approved
RET001520,ORD009043,CUST01326,2026-08-26,Changed Mind,1378.85,Rejected
RET001521,ORD009057,CUST01328,2026-06-04,Defective Product,1869.15,Approved
RET001522,ORD009061,CUST01328,2026-02-17,Defective Product,1851.49,Approved
RET001523,ORD009080,CUST01331,2026-07-03,Defective Product,1271.65,Approved
RET001524,ORD009100,CUST01334,2026-05-28,Size/Fit Issue,16977.85,Approved
RET001525,ORD009103,CUST01335,2026-07-15,Defective Product,2269.11,Approved
RET001526,ORD009144,CUST01341,2026-03-15,Damaged in Transit,4156.93,Approved
RET001527,ORD009147,CUST01342,2026-03-22,Changed Mind,997.49,Approved
RET001528,ORD009148,CUST01342,2026-09-10,Size/Fit Issue,1296.76,Approved
RET001529,ORD009156,CUST01343,2026-08-26,Defective Product,1366.75,Approved
RET001530,ORD009166,CUST01346,2026-07-27,Quality Not Satisfactory,15410.99,Approved
RET001531,ORD009168,CUST01346,2026-08-18,Quality Not Satisfactory,1167.25,Approved
RET001532,ORD009176,CUST01346,2026-05-11,Wrong Item Received,1099.29,Approved
RET001533,ORD009179,CUST01346,2026-07-16,Quality Not Satisfactory,997.26,Approved
RET001534,ORD009208,CUST01351,2026-09-05,Quality Not Satisfactory,1761.66,Rejected
RET001535,ORD009223,CUST01354,2026-07-31,Quality Not Satisfactory,1476.66,Pending
RET001536,ORD009228,CUST01354,2026-07-24,Changed Mind,546.38,Approved
RET001537,ORD009229,CUST01354,2026-07-30,Damaged in Transit,2092.31,Rejected
RET001538,ORD009232,CUST01354,2026-06-27,Better Price Found,774.13,Approved
RET001539,ORD009246,CUST01356,2026-08-20,Better Price Found,1536.98,Pending
RET001540,ORD009247,CUST01356,2026-05-26,Not As Described,556.96,Pending
RET001541,ORD009248,CUST01356,2026-03-28,Size/Fit Issue,1377.8,Approved
RET001542,ORD009249,CUST01356,2026-02-24,Defective Product,2371.09,Approved
RET001543,ORD009250,CUST01356,2026-02-19,Better Price Found,1930.49,Approved
RET001544,ORD009251,CUST01356,2026-05-03,Changed Mind,1781.29,Approved
RET001545,ORD009252,CUST01356,2026-07-11,Changed Mind,3661.48,Rejected
RET001546,ORD009253,CUST01356,2026-05-01,Not As Described,1695.27,Pending
RET001547,ORD009254,CUST01356,2026-07-08,Better Price Found,3091.18,Pending
RET001548,ORD009256,CUST01356,2026-02-07,Not As Described,1595.11,Approved
RET001549,ORD009257,CUST01356,2026-03-31,Better Price Found,4861.9,Approved
RET001550,ORD009259,CUST01357,2026-07-18,Size/Fit Issue,2636.39,Approved
RET001551,ORD009271,CUST01361,2026-08-14,Not As Described,1166.25,Rejected
RET001552,ORD009274,CUST01361,2026-07-24,Defective Product,3207.1,Approved
RET001553,ORD009278,CUST01362,2026-01-30,Defective Product,6779.21,Pending
RET001554,ORD009280,CUST01362,2026-07-12,Quality Not Satisfactory,2202.7,Approved
RET001555,ORD009286,CUST01363,2026-09-18,Wrong Item Received,2111.21,Approved
RET001556,ORD009299,CUST01366,2026-09-17,Better Price Found,786.23,Approved
RET001557,ORD009304,CUST01367,2026-03-07,Size/Fit Issue,1479.11,Pending
RET001558,ORD009320,CUST01369,2026-05-09,Defective Product,1524.17,Approved
RET001559,ORD009341,CUST01373,2026-05-24,Defective Product,29275.31,Approved
RET001560,ORD009350,CUST01375,2026-07-13,Wrong Item Received,486.5,Rejected
RET001561,ORD009362,CUST01377,2026-08-22,Better Price Found,2987.77,Rejected
RET001562,ORD009364,CUST01377,2026-08-14,Damaged in Transit,2696.26,Approved
RET001563,ORD009366,CUST01377,2026-08-06,Changed Mind,1787.13,Pending
RET001564,ORD009367,CUST01377,2026-08-05,Wrong Item Received,1162.67,Rejected
RET001565,ORD009371,CUST01378,2026-04-05,Changed Mind,2822.03,Approved
RET001566,ORD009380,CUST01379,2026-08-16,Wrong Item Received,1685.81,Pending
RET001567,ORD009381,CUST01379,2026-08-11,Not As Described,1867.99,Approved
RET001568,ORD009382,CUST01379,2026-08-11,Damaged in Transit,11296.15,Rejected
RET001569,ORD009383,CUST01379,2026-08-16,Changed Mind,2369.26,Approved
RET001570,ORD009387,CUST01379,2026-07-07,Changed Mind,16034.21,Approved
RET001571,ORD009389,CUST01379,2026-07-16,Changed Mind,3152.53,Approved
RET001572,ORD009390,CUST01379,2026-06-14,Changed Mind,1673.46,Rejected
RET001573,ORD009391,CUST01379,2026-07-04,Not As Described,32418.66,Pending
RET001574,ORD009393,CUST01379,2026-06-27,Changed Mind,8000.0,Pending
RET001575,ORD009397,CUST01380,2026-06-12,Not As Described,1306.74,Approved
RET001576,ORD009399,CUST01380,2026-06-08,Defective Product,19694.82,Approved
RET001577,ORD009400,CUST01380,2026-06-14,Not As Described,1487.47,Pending
RET001578,ORD009401,CUST01380,2026-06-20,Changed Mind,1977.37,Approved
RET001579,ORD009402,CUST01380,2026-06-26,Changed Mind,2185.01,Approved
RET001580,ORD009404,CUST01380,2026-06-26,Quality Not Satisfactory,12752.06,Rejected
RET001581,ORD009437,CUST01385,2026-07-12,Defective Product,1097.81,Pending
RET001582,ORD009441,CUST01385,2026-08-30,Wrong Item Received,1921.08,Approved
RET001583,ORD009442,CUST01385,2026-07-23,Changed Mind,979.95,Pending
RET001584,ORD009452,CUST01386,2026-06-17,Changed Mind,27840.87,Approved
RET001585,ORD009465,CUST01388,2026-08-13,Size/Fit Issue,168.84,Approved
RET001586,ORD009484,CUST01390,2026-06-23,Quality Not Satisfactory,1193.13,Rejected
RET001587,ORD009485,CUST01390,2026-03-05,Changed Mind,31293.7,Pending
RET001588,ORD009489,CUST01391,2026-07-31,Size/Fit Issue,852.36,Approved
RET001589,ORD009494,CUST01392,2026-01-12,Size/Fit Issue,1229.78,Approved
RET001590,ORD009509,CUST01395,2026-08-30,Quality Not Satisfactory,1087.6,Approved
RET001591,ORD009512,CUST01395,2026-04-11,Not As Described,2738.94,Approved
RET001592,ORD009514,CUST01396,2026-02-26,Size/Fit Issue,5604.21,Pending
RET001593,ORD009523,CUST01398,2026-04-22,Size/Fit Issue,1357.78,Approved
RET001594,ORD009541,CUST01402,2026-08-12,Quality Not Satisfactory,1428.63,Approved
RET001595,ORD009542,CUST01402,2026-08-14,Defective Product,1792.94,Rejected
RET001596,ORD009544,CUST01402,2026-08-12,Not As Described,21218.4,Approved
RET001597,ORD009546,CUST01402,2026-08-10,Changed Mind,787.14,Rejected
RET001598,ORD009549,CUST01402,2026-08-13,Not As Described,4182.65,Approved
RET001599,ORD009550,CUST01402,2026-08-05,Changed Mind,1311.31,Approved
RET001600,ORD009551,CUST01402,2026-08-01,Not As Described,5962.11,Approved
RET001601,ORD009552,CUST01402,2026-08-02,Changed Mind,1424.0,Rejected
RET001602,ORD009553,CUST01402,2026-08-06,Wrong Item Received,2897.11,Pending
RET001603,ORD009554,CUST01402,2026-07-26,Size/Fit Issue,692.75,Approved
RET001604,ORD009555,CUST01402,2026-07-22,Defective Product,2483.51,Rejected
RET001605,ORD009556,CUST01402,2026-08-12,Not As Described,1897.58,Rejected
RET001606,ORD009557,CUST01402,2026-06-21,Changed Mind,7565.14,Approved
RET001607,ORD009559,CUST01402,2026-05-10,Better Price Found,16111.4,Approved
RET001608,ORD009560,CUST01402,2026-07-09,Damaged in Transit,2557.32,Approved
RET001609,ORD009562,CUST01402,2026-05-12,Wrong Item Received,15885.39,Approved
RET001610,ORD009571,CUST01404,2026-01-20,Wrong Item Received,2761.44,Approved
RET001611,ORD009576,CUST01405,2026-07-14,Wrong Item Received,3519.09,Rejected
RET001612,ORD009578,CUST01405,2026-07-02,Quality Not Satisfactory,1400.45,Rejected
RET001613,ORD009581,CUST01406,2026-08-26,Changed Mind,887.83,Approved
RET001614,ORD009586,CUST01406,2026-08-31,Better Price Found,3100.34,Approved
RET001615,ORD009589,CUST01406,2026-08-17,Not As Described,20406.24,Pending
RET001616,ORD009592,CUST01407,2026-07-27,Not As Described,1458.42,Approved
RET001617,ORD009597,CUST01408,2026-08-11,Not As Described,1494.36,Rejected
RET001618,ORD009598,CUST01408,2026-07-16,Better Price Found,1027.64,Rejected
RET001619,ORD009601,CUST01408,2026-08-11,Not As Described,568.55,Approved
RET001620,ORD009605,CUST01408,2026-07-31,Not As Described,635.85,Pending
RET001621,ORD009610,CUST01409,2026-08-23,Wrong Item Received,10227.18,Pending
RET001622,ORD009612,CUST01409,2026-02-17,Quality Not Satisfactory,1441.38,Approved
RET001623,ORD009623,CUST01410,2026-06-20,Damaged in Transit,823.01,Approved
RET001624,ORD009626,CUST01410,2026-06-28,Changed Mind,1733.95,Rejected
RET001625,ORD009628,CUST01410,2026-06-28,Size/Fit Issue,3316.43,Approved
RET001626,ORD009629,CUST01410,2026-06-06,Defective Product,14843.38,Pending
RET001627,ORD009637,CUST01411,2026-04-28,Quality Not Satisfactory,2051.4,Approved
RET001628,ORD009641,CUST01412,2026-09-08,Size/Fit Issue,1689.19,Approved
RET001629,ORD009649,CUST01413,2026-07-29,Defective Product,2962.15,Pending
RET001630,ORD009660,CUST01415,2026-04-15,Not As Described,939.1,Approved
RET001631,ORD009668,CUST01416,2026-09-04,Damaged in Transit,1586.44,Approved
RET001632,ORD009677,CUST01418,2026-02-15,Defective Product,465.09,Approved
RET001633,ORD009694,CUST01421,2026-08-24,Defective Product,2468.8,Approved
RET001634,ORD009695,CUST01421,2026-05-14,Quality Not Satisfactory,1889.02,Approved
RET001635,ORD009719,CUST01425,2026-08-11,Changed Mind,207.56,Approved
RET001636,ORD009720,CUST01425,2026-08-22,Better Price Found,4379.02,Approved
RET001637,ORD009721,CUST01425,2026-08-26,Not As Described,1141.6,Approved
RET001638,ORD009723,CUST01425,2026-08-09,Changed Mind,19881.65,Approved
RET001639,ORD009727,CUST01425,2026-08-18,Better Price Found,748.53,Pending
RET001640,ORD009728,CUST01425,2026-08-09,Not As Described,1260.33,Pending
RET001641,ORD009729,CUST01425,2026-08-09,Defective Product,2423.2,Pending
RET001642,ORD009732,CUST01425,2026-09-03,Changed Mind,1261.85,Pending
RET001643,ORD009733,CUST01425,2026-08-24,Quality Not Satisfactory,771.57,Approved
RET001644,ORD009736,CUST01425,2026-09-04,Size/Fit Issue,17613.17,Pending
RET001645,ORD009737,CUST01425,2026-09-07,Size/Fit Issue,2407.08,Approved
RET001646,ORD009769,CUST01432,2026-03-07,Damaged in Transit,1229.01,Approved
RET001647,ORD009771,CUST01433,2026-06-10,Defective Product,5952.49,Approved
RET001648,ORD009782,CUST01435,2026-02-19,Defective Product,55000.0,Approved
RET001649,ORD009793,CUST01437,2026-07-07,Changed Mind,12763.78,Approved
RET001650,ORD009800,CUST01439,2026-07-21,Not As Described,1877.43,Approved
RET001651,ORD009812,CUST01441,2026-04-30,Changed Mind,28819.11,Approved
RET001652,ORD009814,CUST01441,2026-04-23,Not As Described,2531.92,Approved
RET001653,ORD009815,CUST01441,2026-04-15,Changed Mind,10089.83,Approved
RET001654,ORD009817,CUST01441,2026-04-26,Size/Fit Issue,5323.21,Approved
RET001655,ORD009831,CUST01443,2026-07-18,Defective Product,1897.47,Approved
RET001656,ORD009834,CUST01444,2026-08-27,Changed Mind,2664.71,Approved
RET001657,ORD009836,CUST01444,2026-08-07,Not As Described,3886.91,Rejected
RET001658,ORD009837,CUST01444,2026-08-31,Defective Product,2517.52,Approved
RET001659,ORD009838,CUST01444,2026-08-31,Better Price Found,2444.27,Approved
RET001660,ORD009840,CUST01444,2026-08-19,Not As Described,2081.65,Approved
RET001661,ORD009841,CUST01444,2026-08-27,Changed Mind,1105.26,Approved
RET001662,ORD009842,CUST01444,2026-06-21,Changed Mind,3899.12,Approved
RET001663,ORD009847,CUST01444,2026-08-04,Not As Described,1716.76,Approved
RET001664,ORD009849,CUST01444,2026-07-20,Not As Described,381.0,Approved
RET001665,ORD009850,CUST01444,2026-06-14,Changed Mind,1272.68,Rejected
RET001666,ORD009863,CUST01447,2026-08-08,Better Price Found,2900.69,Approved
RET001667,ORD009889,CUST01451,2026-04-17,Changed Mind,3406.82,Approved
RET001668,ORD009894,CUST01453,2026-02-21,Defective Product,308.0,Approved
RET001669,ORD009903,CUST01454,2026-07-26,Damaged in Transit,1284.6,Approved
RET001670,ORD009906,CUST01455,2026-06-15,Not As Described,1208.84,Approved
RET001671,ORD009907,CUST01455,2026-06-18,Not As Described,19293.57,Approved
RET001672,ORD009911,CUST01455,2026-08-05,Changed Mind,1839.28,Approved
RET001673,ORD009915,CUST01455,2026-08-25,Quality Not Satisfactory,18498.65,Approved
RET001674,ORD009934,CUST01458,2026-08-30,Size/Fit Issue,860.53,Rejected
RET001675,ORD009937,CUST01459,2026-07-17,Not As Described,22893.64,Approved
RET001676,ORD009939,CUST01459,2026-07-12,Quality Not Satisfactory,5398.83,Approved
RET001677,ORD009944,CUST01459,2026-07-28,Defective Product,23059.5,Rejected
RET001678,ORD009946,CUST01459,2026-07-16,Changed Mind,1586.9,Rejected
RET001679,ORD009948,CUST01459,2026-06-16,Quality Not Satisfactory,1981.98,Approved
RET001680,ORD009949,CUST01459,2026-06-15,Changed Mind,14736.45,Approved
RET001681,ORD009951,CUST01459,2026-08-21,Wrong Item Received,757.88,Approved
RET001682,ORD009959,CUST01460,2026-07-18,Not As Described,1964.52,Approved
RET001683,ORD009990,CUST01466,2026-07-31,Size/Fit Issue,19801.97,Approved
RET001684,ORD010000,CUST01468,2026-07-28,Wrong Item Received,4743.91,Rejected
RET001685,ORD010003,CUST01468,2026-08-04,Quality Not Satisfactory,1313.89,Rejected
RET001686,ORD010005,CUST01468,2026-05-12,Defective Product,8968.05,Pending
RET001687,ORD010006,CUST01468,2026-05-17,Changed Mind,1241.2,Approved
RET001688,ORD010008,CUST01468,2026-06-04,Size/Fit Issue,4508.77,Approved
RET001689,ORD010020,CUST01470,2026-06-16,Better Price Found,7177.9,Pending
RET001690,ORD010028,CUST01471,2026-08-16,Defective Product,1565.55,Approved
RET001691,ORD010029,CUST01472,2026-07-27,Size/Fit Issue,40293.32,Approved
RET001692,ORD010030,CUST01472,2026-07-17,Not As Described,549.86,Approved
RET001693,ORD010032,CUST01472,2026-09-03,Wrong Item Received,6630.65,Approved
RET001694,ORD010037,CUST01472,2026-07-17,Changed Mind,2293.48,Approved
RET001695,ORD010044,CUST01473,2026-07-19,Better Price Found,3678.65,Approved
RET001696,ORD010045,CUST01473,2026-09-04,Defective Product,26816.26,Approved
RET001697,ORD010060,CUST01476,2026-03-18,Damaged in Transit,1268.33,Approved
RET001698,ORD010074,CUST01479,2026-03-19,Quality Not Satisfactory,19304.09,Pending
RET001699,ORD010077,CUST01479,2026-03-31,Size/Fit Issue,546.01,Approved
RET001700,ORD010078,CUST01479,2026-04-27,Damaged in Transit,3745.19,Pending
RET001701,ORD010079,CUST01479,2026-05-23,Not As Described,16852.12,Approved
RET001702,ORD010082,CUST01480,2026-07-18,Quality Not Satisfactory,707.59,Approved
RET001703,ORD010084,CUST01480,2026-06-30,Not As Described,5703.98,Approved
RET001704,ORD010086,CUST01480,2026-07-26,Wrong Item Received,14763.25,Rejected
RET001705,ORD010089,CUST01480,2026-08-22,Not As Described,4344.58,Approved
RET001706,ORD010090,CUST01480,2026-08-27,Changed Mind,25996.72,Approved
RET001707,ORD010091,CUST01480,2026-07-06,Changed Mind,17089.55,Approved
RET001708,ORD010093,CUST01481,2026-08-29,Changed Mind,3256.22,Approved
RET001709,ORD010094,CUST01481,2026-06-01,Quality Not Satisfactory,2362.14,Approved
RET001710,ORD010097,CUST01481,2026-07-21,Not As Described,3866.65,Approved
RET001711,ORD010098,CUST01481,2026-07-29,Not As Described,8634.93,Pending
RET001712,ORD010101,CUST01481,2026-08-05,Better Price Found,3426.98,Approved
RET001713,ORD010103,CUST01481,2026-06-10,Not As Described,2801.47,Approved
RET001714,ORD010105,CUST01481,2026-07-13,Changed Mind,1877.81,Approved
RET001715,ORD010106,CUST01481,2026-06-08,Not As Described,751.49,Rejected
RET001716,ORD010107,CUST01481,2026-08-05,Changed Mind,2889.47,Pending
RET001717,ORD010109,CUST01481,2026-06-05,Changed Mind,3752.51,Approved
RET001718,ORD010111,CUST01481,2026-08-10,Size/Fit Issue,31777.58,Pending
RET001719,ORD010117,CUST01482,2026-04-29,Wrong Item Received,26955.69,Pending
RET001720,ORD010120,CUST01482,2026-08-17,Quality Not Satisfactory,2267.04,Approved
RET001721,ORD010122,CUST01482,2026-07-03,Quality Not Satisfactory,11587.47,Approved
RET001722,ORD010123,CUST01482,2026-07-21,Changed Mind,23581.44,Approved
RET001723,ORD010124,CUST01482,2026-02-17,Damaged in Transit,826.49,Pending
RET001724,ORD010125,CUST01482,2026-07-26,Changed Mind,8951.39,Pending
RET001725,ORD010126,CUST01482,2026-08-12,Not As Described,6545.05,Approved
RET001726,ORD010127,CUST01482,2026-04-08,Changed Mind,13563.69,Rejected
RET001727,ORD010129,CUST01482,2026-01-14,Changed Mind,1879.17,Pending
RET001728,ORD010131,CUST01482,2026-07-20,Changed Mind,707.45,Approved
RET001729,ORD010132,CUST01482,2026-04-25,Defective Product,2947.44,Approved
RET001730,ORD010134,CUST01482,2026-06-11,Changed Mind,4092.81,Approved
RET001731,ORD010135,CUST01482,2026-04-10,Not As Described,2746.07,Approved
RET001732,ORD010139,CUST01484,2026-07-09,Not As Described,9419.79,Rejected
RET001733,ORD010147,CUST01484,2026-08-18,Damaged in Transit,2177.01,Approved
RET001734,ORD010150,CUST01484,2026-06-20,Quality Not Satisfactory,4052.23,Pending
RET001735,ORD010151,CUST01484,2026-09-01,Wrong Item Received,1133.0,Approved
RET001736,ORD010154,CUST01484,2026-08-22,Wrong Item Received,3678.67,Pending
RET001737,ORD010155,CUST01484,2026-09-04,Quality Not Satisfactory,15397.98,Approved
RET001738,ORD010184,CUST01489,2026-03-16,Quality Not Satisfactory,4026.97,Rejected
RET001739,ORD010201,CUST01491,2026-03-16,Better Price Found,3515.27,Pending
RET001740,ORD010207,CUST01492,2026-05-19,Defective Product,724.82,Approved
RET001741,ORD010209,CUST01492,2026-03-15,Wrong Item Received,2145.87,Pending
RET001742,ORD010218,CUST01494,2026-06-05,Size/Fit Issue,2519.87,Approved
RET001743,ORD010220,CUST01494,2026-09-09,Size/Fit Issue,1233.11,Approved
RET001744,ORD010228,CUST01495,2026-06-06,Size/Fit Issue,932.77,Rejected
RET001745,ORD010240,CUST01497,2026-05-20,Damaged in Transit,3555.55,Approved
RET001746,ORD010244,CUST01498,2026-08-28,Damaged in Transit,2553.64,Rejected
RET001747,ORD010269,CUST01503,2026-05-05,Changed Mind,4156.57,Pending
RET001748,ORD010273,CUST01503,2026-04-23,Not As Described,1319.37,Rejected
RET001749,ORD010274,CUST01503,2026-04-28,Damaged in Transit,3565.17,Pending
RET001750,ORD010275,CUST01503,2026-05-07,Better Price Found,1266.18,Pending
RET001751,ORD010276,CUST01503,2026-04-28,Changed Mind,1087.08,Approved
RET001752,ORD010277,CUST01503,2026-05-18,Not As Described,541.27,Approved
RET001753,ORD010278,CUST01503,2026-03-31,Not As Described,12872.49,Rejected
RET001754,ORD010279,CUST01503,2026-06-20,Damaged in Transit,3587.43,Pending
RET001755,ORD010281,CUST01503,2026-07-04,Not As Described,13283.37,Approved
RET001756,ORD010288,CUST01505,2026-04-25,Defective Product,1165.35,Approved
RET001757,ORD010298,CUST01506,2026-07-27,Damaged in Transit,1698.66,Approved
RET001758,ORD010300,CUST01506,2026-07-11,Damaged in Transit,10791.52,Approved
RET001759,ORD010309,CUST01508,2026-05-30,Wrong Item Received,506.95,Approved
RET001760,ORD010321,CUST01509,2026-09-05,Quality Not Satisfactory,1664.64,Approved
RET001761,ORD010322,CUST01509,2026-07-31,Damaged in Transit,2237.76,Approved
RET001762,ORD010327,CUST01510,2026-08-01,Changed Mind,973.34,Pending
RET001763,ORD010330,CUST01511,2026-04-08,Defective Product,6184.33,Pending
RET001764,ORD010348,CUST01514,2026-05-27,Not As Described,645.99,Rejected
RET001765,ORD010353,CUST01514,2026-03-17,Changed Mind,3196.9,Approved
RET001766,ORD010363,CUST01516,2026-07-31,Size/Fit Issue,1161.86,Approved
RET001767,ORD010367,CUST01516,2026-04-06,Size/Fit Issue,1280.23,Pending
RET001768,ORD010370,CUST01517,2026-06-03,Changed Mind,1290.67,Approved
RET001769,ORD010375,CUST01518,2026-06-18,Wrong Item Received,869.4,Pending
RET001770,ORD010379,CUST01518,2026-05-11,Damaged in Transit,9701.92,Approved
RET001771,ORD010383,CUST01519,2026-07-30,Damaged in Transit,2634.13,Rejected
RET001772,ORD010386,CUST01519,2026-06-23,Size/Fit Issue,940.95,Approved
RET001773,ORD010396,CUST01521,2026-07-25,Defective Product,6002.56,Approved
RET001774,ORD010401,CUST01522,2026-05-02,Changed Mind,943.4,Rejected
RET001775,ORD010404,CUST01522,2026-03-12,Defective Product,825.48,Rejected
RET001776,ORD010410,CUST01524,2026-07-07,Better Price Found,2708.98,Rejected
RET001777,ORD010412,CUST01524,2026-07-05,Not As Described,5601.45,Approved
RET001778,ORD010413,CUST01524,2026-06-22,Not As Described,2763.82,Approved
RET001779,ORD010415,CUST01524,2026-06-22,Not As Described,2271.04,Approved
RET001780,ORD010416,CUST01524,2026-06-06,Changed Mind,15697.79,Approved
RET001781,ORD010417,CUST01524,2026-06-30,Damaged in Transit,407.75,Rejected
RET001782,ORD010418,CUST01524,2026-06-18,Defective Product,518.25,Approved
RET001783,ORD010419,CUST01524,2026-06-05,Changed Mind,6705.3,Approved
RET001784,ORD010421,CUST01524,2026-06-13,Wrong Item Received,4544.95,Approved
RET001785,ORD010422,CUST01524,2026-06-18,Changed Mind,852.97,Rejected
RET001786,ORD010423,CUST01524,2026-06-17,Not As Described,2830.53,Approved
RET001787,ORD010424,CUST01524,2026-08-17,Not As Described,1896.35,Approved
RET001788,ORD010425,CUST01524,2026-03-31,Not As Described,8000.0,Pending
RET001789,ORD010426,CUST01524,2026-08-13,Defective Product,1021.77,Rejected
RET001790,ORD010429,CUST01524,2026-06-21,Wrong Item Received,13579.21,Rejected
RET001791,ORD010430,CUST01524,2026-04-14,Changed Mind,34963.21,Approved
RET001792,ORD010438,CUST01526,2026-01-23,Quality Not Satisfactory,26759.63,Approved
RET001793,ORD010439,CUST01526,2026-09-05,Wrong Item Received,55000.0,Approved
RET001794,ORD010444,CUST01527,2026-04-03,Changed Mind,2039.67,Approved
RET001795,ORD010448,CUST01527,2026-04-10,Not As Described,14253.51,Pending
RET001796,ORD010451,CUST01527,2026-05-21,Defective Product,502.35,Approved
RET001797,ORD010452,CUST01527,2026-02-06,Changed Mind,11051.39,Rejected
RET001798,ORD010453,CUST01527,2026-08-19,Not As Described,2581.84,Approved
RET001799,ORD010460,CUST01528,2026-08-18,Changed Mind,451.87,Approved
RET001800,ORD010465,CUST01529,2026-07-06,Changed Mind,2205.59,Approved
RET001801,ORD010471,CUST01530,2026-08-16,Quality Not Satisfactory,2826.91,Approved
RET001802,ORD010477,CUST01531,2026-05-25,Better Price Found,810.39,Approved
RET001803,ORD010480,CUST01531,2026-02-06,Defective Product,3219.08,Approved
RET001804,ORD010497,CUST01536,2026-07-13,Damaged in Transit,915.22,Pending
RET001805,ORD010519,CUST01541,2026-05-10,Size/Fit Issue,9450.55,Approved
RET001806,ORD010529,CUST01543,2026-05-14,Changed Mind,3488.62,Pending
RET001807,ORD010560,CUST01550,2026-08-08,Quality Not Satisfactory,350.75,Approved
RET001808,ORD010566,CUST01551,2026-09-07,Defective Product,2376.8,Approved
RET001809,ORD010567,CUST01551,2026-07-21,Size/Fit Issue,18296.36,Rejected
RET001810,ORD010580,CUST01553,2026-07-18,Size/Fit Issue,3649.88,Pending
RET001811,ORD010587,CUST01554,2026-03-09,Not As Described,410.63,Approved
RET001812,ORD010589,CUST01555,2026-08-30,Changed Mind,9510.4,Approved
RET001813,ORD010590,CUST01555,2026-08-26,Damaged in Transit,979.24,Approved
RET001814,ORD010594,CUST01555,2026-08-17,Not As Described,22509.98,Pending
RET001815,ORD010595,CUST01555,2026-08-25,Changed Mind,10400.05,Approved
RET001816,ORD010596,CUST01555,2026-08-22,Changed Mind,9652.95,Approved
RET001817,ORD010597,CUST01555,2026-08-29,Changed Mind,7501.98,Approved
RET001818,ORD010599,CUST01555,2026-07-31,Quality Not Satisfactory,8301.87,Approved
RET001819,ORD010606,CUST01556,2026-06-13,Wrong Item Received,972.45,Approved
RET001820,ORD010633,CUST01560,2026-05-02,Damaged in Transit,6390.63,Rejected
RET001821,ORD010634,CUST01561,2026-04-26,Size/Fit Issue,163.39,Approved
RET001822,ORD010638,CUST01561,2026-04-03,Changed Mind,8000.0,Approved
RET001823,ORD010651,CUST01563,2026-04-21,Wrong Item Received,725.6,Approved
RET001824,ORD010668,CUST01566,2026-09-26,Not As Described,848.72,Approved
RET001825,ORD010680,CUST01568,2026-06-03,Quality Not Satisfactory,234.6,Approved
RET001826,ORD010684,CUST01569,2026-08-07,Changed Mind,18502.96,Approved
RET001827,ORD010686,CUST01569,2026-07-27,Changed Mind,9818.67,Approved
RET001828,ORD010687,CUST01569,2026-08-12,Not As Described,497.07,Pending
RET001829,ORD010688,CUST01569,2026-07-21,Not As Described,1646.09,Rejected
RET001830,ORD010690,CUST01569,2026-06-08,Damaged in Transit,8636.78,Approved
RET001831,ORD010706,CUST01572,2026-08-08,Size/Fit Issue,486.21,Approved
RET001832,ORD010722,CUST01574,2026-02-05,Defective Product,6000.0,Rejected
RET001833,ORD010740,CUST01577,2026-08-12,Changed Mind,875.8,Approved
RET001834,ORD010741,CUST01577,2026-08-28,Defective Product,1706.85,Rejected
RET001835,ORD010742,CUST01577,2026-08-20,Size/Fit Issue,3676.73,Approved
RET001836,ORD010743,CUST01577,2026-08-14,Better Price Found,1495.06,Approved
RET001837,ORD010744,CUST01577,2026-08-30,Changed Mind,3600.35,Pending
RET001838,ORD010746,CUST01577,2026-07-28,Changed Mind,14337.63,Pending
RET001839,ORD010747,CUST01577,2026-07-24,Quality Not Satisfactory,736.96,Approved
RET001840,ORD010750,CUST01577,2026-08-21,Changed Mind,2417.95,Approved
RET001841,ORD010770,CUST01580,2026-07-11,Not As Described,11021.07,Approved
RET001842,ORD010782,CUST01582,2026-07-20,Changed Mind,1694.6,Approved
RET001843,ORD010789,CUST01582,2026-07-13,Quality Not Satisfactory,861.93,Rejected
RET001844,ORD010790,CUST01582,2026-09-07,Changed Mind,838.79,Approved
RET001845,ORD010794,CUST01583,2026-08-23,Damaged in Transit,1315.87,Pending
RET001846,ORD010804,CUST01584,2026-07-03,Changed Mind,2991.29,Pending
RET001847,ORD010805,CUST01584,2026-07-12,Defective Product,8536.15,Approved
RET001848,ORD010809,CUST01584,2026-07-29,Wrong Item Received,1644.53,Approved
RET001849,ORD010810,CUST01584,2026-09-11,Not As Described,1823.95,Rejected
RET001850,ORD010811,CUST01584,2026-08-29,Not As Described,974.71,Approved
RET001851,ORD010821,CUST01586,2026-07-16,Changed Mind,2822.93,Rejected
RET001852,ORD010832,CUST01588,2026-07-24,Size/Fit Issue,1046.81,Pending
RET001853,ORD010835,CUST01588,2026-07-26,Quality Not Satisfactory,34884.7,Approved
RET001854,ORD010838,CUST01588,2026-08-27,Quality Not Satisfactory,32314.71,Approved
RET001855,ORD010839,CUST01588,2026-08-31,Changed Mind,821.04,Rejected
RET001856,ORD010841,CUST01588,2026-08-04,Defective Product,2008.62,Pending
RET001857,ORD010848,CUST01590,2026-06-19,Wrong Item Received,263.18,Rejected
RET001858,ORD010863,CUST01592,2026-02-03,Size/Fit Issue,4599.88,Rejected
RET001859,ORD010876,CUST01593,2026-09-05,Not As Described,1898.46,Rejected
RET001860,ORD010880,CUST01593,2026-08-13,Better Price Found,14113.86,Pending
RET001861,ORD010881,CUST01594,2026-06-11,Damaged in Transit,27811.27,Approved
RET001862,ORD010887,CUST01595,2026-06-10,Wrong Item Received,14659.43,Approved
RET001863,ORD010892,CUST01595,2026-08-12,Quality Not Satisfactory,4079.44,Approved
RET001864,ORD010895,CUST01595,2026-05-25,Not As Described,1592.69,Approved
RET001865,ORD010899,CUST01595,2026-08-06,Wrong Item Received,663.21,Approved
RET001866,ORD010901,CUST01595,2026-09-05,Changed Mind,4507.9,Approved
RET001867,ORD010905,CUST01596,2026-04-04,Wrong Item Received,1379.52,Pending
RET001868,ORD010910,CUST01596,2026-05-08,Changed Mind,4773.07,Approved
RET001869,ORD010914,CUST01596,2026-02-20,Damaged in Transit,13779.62,Approved
RET001870,ORD010934,CUST01600,2026-06-18,Damaged in Transit,616.64,Approved
RET001871,ORD010936,CUST01600,2026-01-19,Size/Fit Issue,856.58,Approved
RET001872,ORD010940,CUST01601,2026-03-29,Size/Fit Issue,25908.28,Approved
RET001873,ORD010941,CUST01601,2026-03-27,Changed Mind,17178.57,Rejected
RET001874,ORD010944,CUST01601,2026-03-26,Size/Fit Issue,29663.73,Rejected
RET001875,ORD010945,CUST01601,2026-04-08,Changed Mind,422.38,Approved
RET001876,ORD010946,CUST01601,2026-03-29,Changed Mind,6215.15,Approved
RET001877,ORD010954,CUST01601,2026-06-19,Not As Described,3166.6,Approved
RET001878,ORD010963,CUST01603,2026-08-25,Better Price Found,2218.62,Approved
RET001879,ORD010969,CUST01603,2026-08-10,Not As Described,1544.02,Pending
RET001880,ORD010977,CUST01605,2026-08-25,Changed Mind,32158.12,Pending
RET001881,ORD010982,CUST01605,2026-08-21,Changed Mind,2783.01,Approved
RET001882,ORD010985,CUST01605,2026-08-24,Changed Mind,4150.27,Approved
RET001883,ORD010987,CUST01605,2026-09-13,Quality Not Satisfactory,27783.43,Rejected
RET001884,ORD010990,CUST01605,2026-08-13,Wrong Item Received,1359.59,Rejected
RET001885,ORD010991,CUST01605,2026-08-24,Damaged in Transit,10368.79,Approved
RET001886,ORD010992,CUST01605,2026-08-24,Wrong Item Received,858.14,Approved
RET001887,ORD010993,CUST01605,2026-09-07,Changed Mind,24496.31,Approved
RET001888,ORD011003,CUST01607,2026-03-27,Damaged in Transit,739.47,Approved
RET001889,ORD011013,CUST01608,2026-07-28,Changed Mind,5658.94,Approved
RET001890,ORD011015,CUST01608,2026-06-12,Damaged in Transit,2815.16,Rejected
RET001891,ORD011068,CUST01619,2026-04-27,Defective Product,2933.45,Rejected
RET001892,ORD011073,CUST01620,2026-08-03,Not As Described,3154.6,Rejected
RET001893,ORD011081,CUST01621,2026-02-07,Damaged in Transit,3051.63,Rejected
RET001894,ORD011091,CUST01623,2026-08-12,Defective Product,2549.51,Approved
RET001895,ORD011092,CUST01624,2026-01-06,Wrong Item Received,976.84,Approved
RET001896,ORD011093,CUST01624,2026-05-04,Size/Fit Issue,1072.86,Approved
RET001897,ORD011095,CUST01624,2026-08-29,Wrong Item Received,1218.37,Approved
RET001898,ORD011116,CUST01628,2026-06-10,Wrong Item Received,9561.23,Approved
RET001899,ORD011142,CUST01631,2026-03-13,Size/Fit Issue,6665.81,Approved
RET001900,ORD011159,CUST01634,2026-08-06,Size/Fit Issue,468.54,Approved
RET001901,ORD011162,CUST01634,2026-08-23,Defective Product,35497.75,Pending
RET001902,ORD011169,CUST01635,2026-05-11,Size/Fit Issue,22628.51,Approved
RET001903,ORD011202,CUST01642,2026-03-26,Better Price Found,2987.05,Rejected
RET001904,ORD011209,CUST01642,2026-02-10,Not As Described,2038.53,Approved
RET001905,ORD011215,CUST01643,2026-08-16,Size/Fit Issue,1318.88,Rejected
RET001906,ORD011229,CUST01645,2026-08-17,Not As Described,1141.66,Approved
RET001907,ORD011245,CUST01648,2026-03-23,Damaged in Transit,1545.9,Rejected
RET001908,ORD011253,CUST01649,2026-07-15,Changed Mind,22568.62,Approved
RET001909,ORD011279,CUST01655,2026-06-22,Quality Not Satisfactory,1179.09,Approved
RET001910,ORD011286,CUST01656,2026-07-27,Not As Described,2104.64,Approved
RET001911,ORD011304,CUST01660,2026-07-16,Size/Fit Issue,11935.38,Approved
RET001912,ORD011305,CUST01660,2026-08-31,Quality Not Satisfactory,664.44,Pending
RET001913,ORD011307,CUST01660,2026-08-20,Changed Mind,2181.86,Rejected
RET001914,ORD011308,CUST01660,2026-08-06,Defective Product,14248.2,Approved
RET001915,ORD011309,CUST01660,2026-07-30,Not As Described,441.27,Pending
RET001916,ORD011310,CUST01660,2026-08-15,Changed Mind,16238.07,Approved
RET001917,ORD011312,CUST01660,2026-08-11,Better Price Found,2609.43,Pending
RET001918,ORD011316,CUST01660,2026-06-24,Not As Described,701.56,Rejected
RET001919,ORD011322,CUST01661,2026-08-09,Wrong Item Received,1428.33,Pending
RET001920,ORD011326,CUST01661,2026-09-02,Size/Fit Issue,532.06,Approved
RET001921,ORD011328,CUST01662,2026-04-30,Not As Described,20203.09,Approved
RET001922,ORD011331,CUST01662,2026-03-07,Defective Product,1018.54,Approved
RET001923,ORD011342,CUST01664,2026-06-25,Size/Fit Issue,834.44,Approved
RET001924,ORD011367,CUST01669,2026-05-19,Not As Described,12231.53,Approved
RET001925,ORD011369,CUST01669,2026-05-24,Changed Mind,7228.47,Pending
RET001926,ORD011371,CUST01669,2026-04-25,Changed Mind,1234.86,Approved
RET001927,ORD011372,CUST01669,2026-06-13,Not As Described,11430.21,Approved
RET001928,ORD011379,CUST01669,2026-03-12,Defective Product,1601.43,Approved
RET001929,ORD011381,CUST01669,2026-06-21,Not As Described,6585.41,Rejected
RET001930,ORD011397,CUST01672,2026-03-16,Size/Fit Issue,2466.03,Approved
RET001931,ORD011401,CUST01673,2026-05-14,Defective Product,1985.16,Approved
RET001932,ORD011402,CUST01673,2026-08-01,Defective Product,2687.97,Approved
RET001933,ORD011408,CUST01674,2026-04-11,Size/Fit Issue,12352.9,Approved
RET001934,ORD011409,CUST01674,2026-03-01,Changed Mind,3255.91,Approved
RET001935,ORD011410,CUST01674,2026-06-02,Better Price Found,11906.04,Pending
RET001936,ORD011414,CUST01674,2026-07-20,Changed Mind,4207.15,Rejected
RET001937,ORD011419,CUST01674,2026-04-04,Damaged in Transit,2277.78,Pending
RET001938,ORD011420,CUST01674,2026-08-24,Size/Fit Issue,696.09,Approved
RET001939,ORD011432,CUST01677,2026-02-08,Size/Fit Issue,1455.49,Approved
RET001940,ORD011453,CUST01681,2026-05-02,Wrong Item Received,1227.53,Approved
RET001941,ORD011463,CUST01683,2026-09-06,Size/Fit Issue,4391.61,Approved
RET001942,ORD011476,CUST01685,2026-04-05,Defective Product,2445.56,Pending
RET001943,ORD011495,CUST01689,2026-07-21,Size/Fit Issue,24124.14,Approved
RET001944,ORD011515,CUST01693,2026-04-20,Size/Fit Issue,2027.83,Approved
RET001945,ORD011520,CUST01695,2026-07-15,Changed Mind,2436.4,Approved
RET001946,ORD011523,CUST01695,2026-09-12,Wrong Item Received,21243.52,Pending
RET001947,ORD011524,CUST01695,2026-07-11,Not As Described,3230.96,Approved
RET001948,ORD011532,CUST01696,2026-08-29,Changed Mind,1102.32,Approved
RET001949,ORD011535,CUST01696,2026-07-26,Not As Described,953.47,Approved
RET001950,ORD011590,CUST01705,2026-07-13,Quality Not Satisfactory,219.07,Pending
RET001951,ORD011617,CUST01710,2026-08-12,Quality Not Satisfactory,6547.2,Approved
RET001952,ORD011620,CUST01710,2026-08-26,Quality Not Satisfactory,10494.35,Approved
RET001953,ORD011621,CUST01710,2026-08-22,Changed Mind,2063.12,Rejected
RET001954,ORD011623,CUST01710,2026-08-21,Defective Product,1961.45,Approved
RET001955,ORD011624,CUST01710,2026-06-25,Better Price Found,6000.0,Approved
RET001956,ORD011625,CUST01710,2026-08-08,Changed Mind,19213.7,Pending
RET001957,ORD011629,CUST01710,2026-07-20,Changed Mind,16045.58,Approved
RET001958,ORD011632,CUST01711,2026-07-23,Defective Product,3813.31,Approved
RET001959,ORD011659,CUST01716,2026-03-12,Changed Mind,1469.93,Approved
RET001960,ORD011665,CUST01717,2026-02-27,Defective Product,2661.67,Approved
RET001961,ORD011675,CUST01718,2026-07-21,Damaged in Transit,2685.16,Approved
RET001962,ORD011678,CUST01718,2026-07-21,Not As Described,7068.7,Pending
RET001963,ORD011680,CUST01718,2026-08-03,Changed Mind,1900.86,Pending
RET001964,ORD011685,CUST01718,2026-07-22,Changed Mind,10742.79,Approved
RET001965,ORD011689,CUST01718,2026-08-11,Defective Product,1190.91,Pending
RET001966,ORD011691,CUST01718,2026-08-04,Not As Described,1872.48,Approved
RET001967,ORD011692,CUST01718,2026-07-04,Quality Not Satisfactory,2845.78,Approved
RET001968,ORD011698,CUST01720,2026-07-31,Not As Described,1437.57,Approved
RET001969,ORD011700,CUST01720,2026-07-08,Changed Mind,35311.55,Approved
RET001970,ORD011705,CUST01720,2026-07-16,Quality Not Satisfactory,311.04,Approved
RET001971,ORD011706,CUST01720,2026-06-16,Better Price Found,1111.68,Approved
RET001972,ORD011708,CUST01720,2026-08-28,Better Price Found,20767.31,Pending
RET001973,ORD011719,CUST01721,2026-06-06,Damaged in Transit,2612.05,Approved
RET001974,ORD011722,CUST01722,2026-03-01,Quality Not Satisfactory,1687.84,Pending
RET001975,ORD011727,CUST01722,2026-08-06,Defective Product,3601.75,Approved
RET001976,ORD011728,CUST01722,2026-08-29,Size/Fit Issue,394.4,Approved
RET001977,ORD011747,CUST01727,2026-06-22,Defective Product,921.51,Rejected
RET001978,ORD011755,CUST01728,2026-06-15,Better Price Found,2084.99,Approved
RET001979,ORD011760,CUST01728,2026-05-30,Not As Described,21911.01,Approved
RET001980,ORD011763,CUST01728,2026-05-27,Changed Mind,1508.78,Approved
RET001981,ORD011771,CUST01730,2026-07-30,Not As Described,6678.62,Rejected
RET001982,ORD011772,CUST01730,2026-07-26,Better Price Found,2281.27,Pending
RET001983,ORD011773,CUST01730,2026-07-21,Changed Mind,7833.89,Rejected
RET001984,ORD011775,CUST01730,2026-07-22,Changed Mind,634.36,Pending
RET001985,ORD011776,CUST01730,2026-08-22,Not As Described,896.71,Pending
RET001986,ORD011777,CUST01730,2026-07-30,Damaged in Transit,1298.75,Rejected
RET001987,ORD011780,CUST01730,2026-08-15,Quality Not Satisfactory,2149.43,Rejected
RET001988,ORD011782,CUST01730,2026-07-14,Changed Mind,6850.32,Approved
RET001989,ORD011784,CUST01730,2026-07-29,Quality Not Satisfactory,809.59,Rejected
RET001990,ORD011790,CUST01732,2026-05-18,Size/Fit Issue,4123.05,Rejected
RET001991,ORD011795,CUST01732,2026-04-01,Size/Fit Issue,935.41,Rejected
RET001992,ORD011805,CUST01734,2026-08-11,Not As Described,581.47,Approved
RET001993,ORD011810,CUST01734,2026-04-06,Better Price Found,1068.02,Approved
RET001994,ORD011811,CUST01734,2026-04-01,Wrong Item Received,5018.89,Approved
RET001995,ORD011813,CUST01734,2026-06-11,Changed Mind,1283.01,Pending
RET001996,ORD011814,CUST01734,2026-05-02,Not As Described,12219.01,Rejected
RET001997,ORD011825,CUST01736,2026-04-19,Quality Not Satisfactory,3178.58,Approved
RET001998,ORD011830,CUST01737,2026-03-29,Changed Mind,17856.28,Approved
RET001999,ORD011832,CUST01738,2026-04-22,Better Price Found,16387.49,Rejected
RET002000,ORD011859,CUST01742,2026-02-01,Changed Mind,958.1,Rejected
RET002001,ORD011865,CUST01742,2026-04-14,Defective Product,25862.82,Approved
RET002002,ORD011912,CUST01751,2026-05-23,Changed Mind,7754.23,Approved
RET002003,ORD011918,CUST01751,2026-08-25,Changed Mind,2579.61,Approved
RET002004,ORD011919,CUST01751,2026-08-18,Damaged in Transit,1372.95,Pending
RET002005,ORD011924,CUST01751,2026-06-04,Defective Product,1447.3,Approved
RET002006,ORD011927,CUST01752,2026-07-20,Changed Mind,952.55,Approved
RET002007,ORD011928,CUST01752,2026-07-14,Quality Not Satisfactory,24458.71,Pending
RET002008,ORD011929,CUST01752,2026-07-16,Changed Mind,1002.36,Pending
RET002009,ORD011930,CUST01752,2026-07-24,Size/Fit Issue,10340.14,Approved
RET002010,ORD011931,CUST01752,2026-07-19,Changed Mind,2151.13,Approved
RET002011,ORD011937,CUST01752,2026-07-04,Not As Described,920.84,Approved
RET002012,ORD011938,CUST01752,2026-08-23,Changed Mind,10648.41,Approved
RET002013,ORD011939,CUST01753,2026-04-17,Damaged in Transit,3963.1,Rejected
RET002014,ORD011947,CUST01754,2026-07-14,Damaged in Transit,8253.18,Approved
RET002015,ORD011966,CUST01758,2026-03-04,Quality Not Satisfactory,3717.23,Approved
RET002016,ORD011982,CUST01762,2026-08-22,Changed Mind,1338.27,Approved
RET002017,ORD011984,CUST01762,2026-08-10,Wrong Item Received,24306.19,Approved
RET002018,ORD011988,CUST01762,2026-06-22,Changed Mind,9444.26,Rejected
RET002019,ORD011991,CUST01762,2026-07-06,Defective Product,798.37,Pending
RET002020,ORD011994,CUST01762,2026-07-17,Defective Product,3574.49,Pending
RET002021,ORD012007,CUST01765,2026-08-24,Changed Mind,2108.84,Rejected
RET002022,ORD012008,CUST01765,2026-08-27,Changed Mind,1920.14,Approved
RET002023,ORD012009,CUST01765,2026-08-19,Not As Described,2647.6,Approved
RET002024,ORD012011,CUST01765,2026-08-15,Not As Described,1495.94,Approved
RET002025,ORD012014,CUST01765,2026-08-28,Not As Described,1966.01,Pending
RET002026,ORD012015,CUST01765,2026-08-28,Wrong Item Received,1432.01,Approved
RET002027,ORD012017,CUST01765,2026-08-23,Better Price Found,4821.68,Approved
RET002028,ORD012020,CUST01765,2026-09-01,Not As Described,370.78,Approved
RET002029,ORD012021,CUST01765,2026-09-04,Quality Not Satisfactory,1971.68,Approved
RET002030,ORD012022,CUST01765,2026-08-20,Quality Not Satisfactory,1600.62,Approved
RET002031,ORD012023,CUST01765,2026-09-04,Size/Fit Issue,1386.25,Rejected
RET002032,ORD012026,CUST01766,2026-07-09,Defective Product,3161.87,Rejected
RET002033,ORD012028,CUST01766,2026-08-20,Size/Fit Issue,1292.74,Approved
RET002034,ORD012033,CUST01766,2026-06-17,Defective Product,16708.41,Approved
RET002035,ORD012036,CUST01766,2026-07-07,Damaged in Transit,19622.14,Rejected
RET002036,ORD012052,CUST01769,2026-05-09,Changed Mind,5477.12,Pending
RET002037,ORD012056,CUST01769,2026-06-06,Changed Mind,2086.06,Pending
RET002038,ORD012058,CUST01769,2026-08-01,Not As Described,1674.42,Approved
RET002039,ORD012059,CUST01769,2026-07-11,Damaged in Transit,9961.73,Approved
RET002040,ORD012060,CUST01769,2026-05-31,Not As Described,2167.84,Approved
RET002041,ORD012065,CUST01770,2026-09-02,Not As Described,3198.47,Approved
RET002042,ORD012073,CUST01771,2026-07-27,Better Price Found,2053.59,Rejected
RET002043,ORD012077,CUST01772,2026-04-22,Defective Product,1651.83,Approved
RET002044,ORD012080,CUST01772,2026-09-13,Defective Product,2868.9,Approved
RET002045,ORD012081,CUST01772,2026-06-21,Size/Fit Issue,6547.99,Pending
RET002046,ORD012092,CUST01773,2026-03-13,Wrong Item Received,1071.09,Pending
RET002047,ORD012105,CUST01776,2026-08-25,Changed Mind,1060.86,Approved
RET002048,ORD012106,CUST01776,2026-08-26,Damaged in Transit,10452.51,Approved
RET002049,ORD012115,CUST01776,2026-08-22,Not As Described,1021.32,Pending
RET002050,ORD012116,CUST01776,2026-08-14,Size/Fit Issue,3919.88,Approved
RET002051,ORD012117,CUST01776,2026-08-23,Defective Product,545.18,Approved
RET002052,ORD012124,CUST01778,2026-05-07,Not As Described,15157.61,Approved
RET002053,ORD012131,CUST01780,2026-02-12,Size/Fit Issue,4167.29,Pending
RET002054,ORD012147,CUST01783,2026-08-07,Changed Mind,1554.59,Approved
RET002055,ORD012152,CUST01783,2026-06-08,Wrong Item Received,2258.17,Approved
RET002056,ORD012159,CUST01784,2026-03-19,Size/Fit Issue,1155.85,Approved
RET002057,ORD012166,CUST01786,2026-03-01,Damaged in Transit,8000.0,Approved
RET002058,ORD012184,CUST01789,2026-07-23,Not As Described,4421.08,Approved
RET002059,ORD012196,CUST01791,2026-07-14,Changed Mind,2142.58,Approved
RET002060,ORD012197,CUST01791,2026-07-14,Changed Mind,1079.87,Rejected
RET002061,ORD012198,CUST01791,2026-07-12,Changed Mind,4256.65,Approved
RET002062,ORD012205,CUST01791,2026-08-08,Not As Described,391.52,Approved
RET002063,ORD012207,CUST01791,2026-07-31,Size/Fit Issue,3473.24,Pending
RET002064,ORD012221,CUST01794,2026-04-17,Damaged in Transit,3303.55,Approved
RET002065,ORD012224,CUST01794,2026-07-25,Defective Product,12565.07,Approved
RET002066,ORD012226,CUST01795,2026-02-28,Defective Product,28470.44,Approved
RET002067,ORD012236,CUST01796,2026-05-14,Not As Described,1537.75,Approved
RET002068,ORD012248,CUST01798,2026-05-27,Damaged in Transit,992.14,Approved
RET002069,ORD012264,CUST01801,2026-02-13,Not As Described,330.34,Approved
RET002070,ORD012274,CUST01803,2026-08-28,Size/Fit Issue,2089.24,Approved
RET002071,ORD012285,CUST01804,2026-09-13,Changed Mind,30723.87,Approved
RET002072,ORD012286,CUST01804,2026-09-07,Defective Product,4550.49,Approved
RET002073,ORD012300,CUST01807,2026-09-07,Defective Product,23535.19,Approved
RET002074,ORD012322,CUST01811,2026-07-23,Better Price Found,2410.15,Approved
RET002075,ORD012324,CUST01811,2026-08-15,Changed Mind,756.26,Approved
RET002076,ORD012326,CUST01811,2026-07-30,Changed Mind,45727.45,Rejected
RET002077,ORD012327,CUST01811,2026-07-25,Better Price Found,14233.87,Approved
RET002078,ORD012331,CUST01811,2026-04-27,Not As Described,3062.28,Approved
RET002079,ORD012332,CUST01811,2026-07-04,Size/Fit Issue,2396.5,Pending
RET002080,ORD012342,CUST01812,2026-06-08,Size/Fit Issue,1873.16,Rejected
RET002081,ORD012356,CUST01814,2026-07-26,Changed Mind,831.34,Approved
RET002082,ORD012357,CUST01814,2026-08-11,Not As Described,5017.8,Pending
RET002083,ORD012358,CUST01814,2026-08-15,Not As Described,23177.35,Pending
RET002084,ORD012363,CUST01814,2026-08-09,Not As Described,20926.77,Rejected
RET002085,ORD012366,CUST01815,2026-07-07,Damaged in Transit,3319.76,Approved
RET002086,ORD012372,CUST01817,2026-08-11,Damaged in Transit,2161.6,Approved
RET002087,ORD012377,CUST01817,2026-08-02,Quality Not Satisfactory,9257.28,Pending
RET002088,ORD012378,CUST01817,2026-07-31,Not As Described,1171.04,Approved
RET002089,ORD012385,CUST01818,2026-08-08,Not As Described,1176.71,Pending
RET002090,ORD012388,CUST01819,2026-04-18,Size/Fit Issue,1121.66,Approved
RET002091,ORD012391,CUST01819,2026-07-15,Quality Not Satisfactory,812.53,Rejected
RET002092,ORD012422,CUST01823,2026-02-21,Quality Not Satisfactory,3594.44,Approved
RET002093,ORD012432,CUST01825,2026-08-22,Size/Fit Issue,858.28,Approved
RET002094,ORD012434,CUST01825,2026-09-16,Damaged in Transit,2692.6,Pending
RET002095,ORD012437,CUST01825,2026-08-24,Defective Product,4944.02,Approved
RET002096,ORD012438,CUST01825,2026-05-04,Defective Product,2723.94,Approved
RET002097,ORD012452,CUST01828,2026-05-04,Defective Product,7220.38,Approved
RET002098,ORD012454,CUST01828,2026-08-15,Changed Mind,2330.96,Approved
RET002099,ORD012462,CUST01828,2026-05-14,Not As Described,3416.85,Approved
RET002100,ORD012463,CUST01828,2026-07-15,Quality Not Satisfactory,5732.27,Rejected
RET002101,ORD012483,CUST01831,2026-05-05,Changed Mind,1083.1,Approved
RET002102,ORD012492,CUST01833,2026-08-27,Wrong Item Received,5433.11,Approved
RET002103,ORD012497,CUST01833,2026-03-31,Not As Described,488.15,Approved
RET002104,ORD012498,CUST01833,2026-09-26,Defective Product,600.57,Pending
RET002105,ORD012504,CUST01834,2026-05-06,Quality Not Satisfactory,1234.78,Rejected
RET002106,ORD012555,CUST01843,2026-06-04,Damaged in Transit,9430.6,Approved
RET002107,ORD012560,CUST01844,2026-08-17,Not As Described,1550.85,Approved
RET002108,ORD012563,CUST01844,2026-08-29,Size/Fit Issue,2094.36,Pending
RET002109,ORD012570,CUST01844,2026-08-31,Changed Mind,15985.94,Approved
RET002110,ORD012576,CUST01845,2026-08-27,Damaged in Transit,1592.58,Rejected
RET002111,ORD012585,CUST01847,2026-08-17,Changed Mind,785.05,Approved
RET002112,ORD012586,CUST01847,2026-08-23,Not As Described,1370.41,Pending
RET002113,ORD012588,CUST01847,2026-08-13,Changed Mind,1439.39,Approved
RET002114,ORD012589,CUST01847,2026-08-20,Not As Described,3041.11,Approved
RET002115,ORD012599,CUST01848,2026-07-04,Not As Described,31447.71,Approved
RET002116,ORD012600,CUST01848,2026-07-05,Better Price Found,23172.12,Approved
RET002117,ORD012601,CUST01848,2026-06-22,Not As Described,3906.36,Approved
RET002118,ORD012603,CUST01848,2026-08-12,Changed Mind,4537.68,Approved
RET002119,ORD012605,CUST01848,2026-08-05,Changed Mind,3644.62,Approved
RET002120,ORD012612,CUST01849,2026-09-11,Size/Fit Issue,4516.68,Approved
RET002121,ORD012613,CUST01849,2026-06-10,Quality Not Satisfactory,962.97,Approved
RET002122,ORD012615,CUST01849,2026-05-31,Changed Mind,2465.03,Approved
RET002123,ORD012626,CUST01851,2026-08-30,Not As Described,1872.33,Approved
RET002124,ORD012628,CUST01851,2026-08-26,Changed Mind,16980.68,Pending
RET002125,ORD012631,CUST01851,2026-09-02,Not As Described,40641.41,Pending
RET002126,ORD012637,CUST01851,2026-09-04,Quality Not Satisfactory,2134.4,Approved
RET002127,ORD012644,CUST01852,2026-07-14,Defective Product,20421.54,Approved
RET002128,ORD012646,CUST01852,2026-08-26,Size/Fit Issue,1587.54,Approved
RET002129,ORD012657,CUST01854,2026-06-03,Not As Described,2285.71,Pending
RET002130,ORD012659,CUST01854,2026-07-16,Not As Described,4108.08,Approved
RET002131,ORD012661,CUST01854,2026-07-11,Changed Mind,1054.39,Approved
RET002132,ORD012663,CUST01854,2026-08-20,Damaged in Transit,25801.23,Approved
RET002133,ORD012676,CUST01857,2026-08-06,Not As Described,31330.28,Approved
RET002134,ORD012678,CUST01858,2026-06-13,Better Price Found,3136.52,Approved
RET002135,ORD012683,CUST01858,2026-08-29,Better Price Found,1096.65,Pending
RET002136,ORD012685,CUST01858,2026-08-13,Not As Described,1938.38,Pending
RET002137,ORD012688,CUST01858,2026-07-25,Defective Product,2638.84,Pending
RET002138,ORD012690,CUST01858,2026-06-08,Quality Not Satisfactory,1637.78,Pending
RET002139,ORD012691,CUST01858,2026-05-31,Damaged in Transit,3530.31,Pending
RET002140,ORD012703,CUST01861,2026-02-24,Defective Product,2505.89,Approved
RET002141,ORD012708,CUST01862,2026-02-17,Size/Fit Issue,3850.24,Approved
RET002142,ORD012748,CUST01869,2026-05-14,Better Price Found,749.21,Pending
RET002143,ORD012752,CUST01869,2026-06-07,Not As Described,1068.03,Approved
RET002144,ORD012757,CUST01869,2026-06-17,Changed Mind,2074.25,Approved
RET002145,ORD012758,CUST01869,2026-07-04,Changed Mind,2455.57,Approved
RET002146,ORD012759,CUST01869,2026-08-02,Better Price Found,1070.65,Pending
RET002147,ORD012761,CUST01869,2026-08-16,Changed Mind,2877.07,Approved
RET002148,ORD012795,CUST01876,2026-04-30,Not As Described,13335.91,Approved
RET002149,ORD012800,CUST01876,2026-08-17,Wrong Item Received,1001.17,Approved
RET002150,ORD012804,CUST01877,2026-07-18,Quality Not Satisfactory,1558.1,Rejected
RET002151,ORD012809,CUST01878,2026-07-16,Wrong Item Received,21811.97,Approved
RET002152,ORD012810,CUST01878,2026-04-20,Quality Not Satisfactory,537.72,Pending
RET002153,ORD012814,CUST01878,2026-08-29,Size/Fit Issue,802.78,Pending
RET002154,ORD012821,CUST01879,2026-06-05,Wrong Item Received,1906.22,Approved
RET002155,ORD012825,CUST01880,2026-07-10,Wrong Item Received,2601.96,Approved
RET002156,ORD012832,CUST01881,2026-08-12,Quality Not Satisfactory,18003.87,Approved
RET002157,ORD012833,CUST01881,2026-08-25,Not As Described,2007.19,Pending
RET002158,ORD012834,CUST01881,2026-09-04,Not As Described,724.6,Pending
RET002159,ORD012835,CUST01881,2026-08-10,Changed Mind,25011.47,Approved
RET002160,ORD012836,CUST01881,2026-08-21,Not As Described,2729.46,Approved
RET002161,ORD012839,CUST01881,2026-08-11,Size/Fit Issue,806.68,Approved
RET002162,ORD012840,CUST01881,2026-08-17,Defective Product,1391.61,Approved
RET002163,ORD012841,CUST01881,2026-08-17,Not As Described,6132.86,Approved
RET002164,ORD012843,CUST01881,2026-09-06,Defective Product,740.54,Pending
RET002165,ORD012865,CUST01884,2026-08-02,Changed Mind,1884.52,Pending
RET002166,ORD012868,CUST01884,2026-08-26,Changed Mind,44150.03,Approved
RET002167,ORD012870,CUST01884,2026-06-16,Not As Described,3198.03,Rejected
RET002168,ORD012871,CUST01884,2026-07-14,Not As Described,20220.33,Pending
RET002169,ORD012872,CUST01884,2026-08-21,Defective Product,5093.6,Rejected
RET002170,ORD012874,CUST01884,2026-05-25,Quality Not Satisfactory,1560.56,Approved
RET002171,ORD012875,CUST01885,2026-07-28,Quality Not Satisfactory,4161.78,Approved
RET002172,ORD012878,CUST01885,2026-08-17,Damaged in Transit,23103.74,Approved
RET002173,ORD012882,CUST01885,2026-09-01,Not As Described,1654.79,Approved
RET002174,ORD012884,CUST01885,2026-07-22,Quality Not Satisfactory,2477.74,Pending
RET002175,ORD012887,CUST01886,2026-07-17,Size/Fit Issue,41064.93,Pending
RET002176,ORD012891,CUST01887,2026-04-22,Changed Mind,38688.05,Rejected
RET002177,ORD012895,CUST01887,2026-04-04,Better Price Found,39145.28,Approved
RET002178,ORD012899,CUST01888,2026-08-16,Not As Described,947.89,Approved
RET002179,ORD012901,CUST01888,2026-08-06,Quality Not Satisfactory,1045.93,Rejected
RET002180,ORD012903,CUST01888,2026-08-19,Not As Described,3538.52,Approved
RET002181,ORD012904,CUST01888,2026-08-15,Not As Described,2336.86,Approved
RET002182,ORD012905,CUST01888,2026-08-09,Changed Mind,20208.7,Approved
RET002183,ORD012906,CUST01888,2026-08-19,Changed Mind,482.41,Approved
RET002184,ORD012907,CUST01888,2026-08-29,Better Price Found,12632.51,Pending
RET002185,ORD012910,CUST01888,2026-07-22,Changed Mind,8908.58,Rejected
RET002186,ORD012911,CUST01888,2026-06-27,Changed Mind,338.11,Approved
RET002187,ORD012913,CUST01888,2026-06-15,Quality Not Satisfactory,1578.93,Approved
RET002188,ORD012928,CUST01891,2026-03-26,Quality Not Satisfactory,1263.57,Approved
RET002189,ORD012938,CUST01893,2026-08-04,Size/Fit Issue,10296.2,Approved
RET002190,ORD012949,CUST01894,2026-09-26,Changed Mind,13966.46,Approved
RET002191,ORD012962,CUST01896,2026-02-10,Size/Fit Issue,2599.96,Approved
RET002192,ORD012980,CUST01900,2026-08-05,Quality Not Satisfactory,1562.57,Approved
RET002193,ORD012986,CUST01901,2026-09-10,Size/Fit Issue,1735.65,Approved
RET002194,ORD012989,CUST01901,2026-08-21,Quality Not Satisfactory,16357.79,Rejected
RET002195,ORD012990,CUST01901,2026-08-17,Damaged in Transit,1758.23,Pending
RET002196,ORD012995,CUST01902,2026-04-12,Defective Product,1783.73,Approved
RET002197,ORD013002,CUST01903,2026-08-03,Quality Not Satisfactory,12887.94,Approved
RET002198,ORD013005,CUST01904,2026-02-06,Wrong Item Received,3332.1,Approved
RET002199,ORD013006,CUST01904,2026-01-14,Damaged in Transit,974.6,Rejected
RET002200,ORD013010,CUST01904,2026-01-19,Not As Described,1209.2,Approved
RET002201,ORD013011,CUST01904,2026-01-25,Defective Product,4997.8,Approved
RET002202,ORD013015,CUST01904,2026-01-16,Changed Mind,1490.2,Approved
RET002203,ORD013021,CUST01904,2026-01-12,Changed Mind,1277.05,Rejected
RET002204,ORD013022,CUST01905,2026-07-12,Better Price Found,777.14,Approved
RET002205,ORD013026,CUST01906,2026-08-04,Not As Described,1307.86,Rejected
RET002206,ORD013027,CUST01906,2026-08-08,Not As Described,2522.49,Rejected
RET002207,ORD013029,CUST01906,2026-08-09,Defective Product,2391.06,Pending
RET002208,ORD013030,CUST01906,2026-08-14,Quality Not Satisfactory,5181.33,Approved
RET002209,ORD013032,CUST01906,2026-08-05,Quality Not Satisfactory,2818.65,Rejected
RET002210,ORD013034,CUST01906,2026-08-24,Size/Fit Issue,32038.68,Pending
RET002211,ORD013039,CUST01906,2026-07-23,Defective Product,5049.53,Pending
RET002212,ORD013040,CUST01906,2026-07-23,Not As Described,12000.0,Approved
RET002213,ORD013047,CUST01908,2026-06-18,Defective Product,835.58,Approved
RET002214,ORD013052,CUST01909,2026-02-18,Changed Mind,40458.09,Approved
RET002215,ORD013053,CUST01909,2026-02-07,Quality Not Satisfactory,20878.46,Approved
RET002216,ORD013054,CUST01909,2026-02-12,Not As Described,638.63,Approved
RET002217,ORD013057,CUST01909,2026-02-09,Changed Mind,3678.6,Approved
RET002218,ORD013059,CUST01909,2026-02-14,Size/Fit Issue,11284.06,Approved
RET002219,ORD013064,CUST01909,2026-02-05,Changed Mind,2619.03,Pending
RET002220,ORD013065,CUST01909,2026-02-18,Not As Described,2213.56,Pending
RET002221,ORD013067,CUST01909,2026-03-04,Not As Described,2652.04,Rejected
RET002222,ORD013068,CUST01910,2026-07-23,Wrong Item Received,817.87,Approved
RET002223,ORD013069,CUST01910,2026-08-23,Size/Fit Issue,1876.93,Approved
RET002224,ORD013071,CUST01910,2026-06-04,Wrong Item Received,20934.21,Approved
RET002225,ORD013073,CUST01910,2026-06-30,Defective Product,3034.51,Rejected
RET002226,ORD013075,CUST01910,2026-08-13,Defective Product,28130.67,Approved
RET002227,ORD013077,CUST01910,2026-06-09,Not As Described,35344.26,Pending
RET002228,ORD013078,CUST01910,2026-06-27,Changed Mind,371.76,Rejected
RET002229,ORD013079,CUST01910,2026-09-01,Quality Not Satisfactory,380.95,Pending
RET002230,ORD013083,CUST01910,2026-07-29,Not As Described,957.19,Approved
RET002231,ORD013084,CUST01910,2026-09-01,Better Price Found,607.27,Approved
RET002232,ORD013086,CUST01910,2026-08-04,Not As Described,2406.78,Rejected
RET002233,ORD013089,CUST01910,2026-06-15,Size/Fit Issue,1028.85,Pending
RET002234,ORD013090,CUST01910,2026-07-15,Damaged in Transit,7093.18,Rejected
RET002235,ORD013091,CUST01910,2026-08-19,Defective Product,4250.77,Approved
RET002236,ORD013096,CUST01911,2026-04-08,Defective Product,2769.82,Approved
RET002237,ORD013147,CUST01921,2026-05-13,Damaged in Transit,1068.46,Approved
RET002238,ORD013155,CUST01922,2026-04-17,Quality Not Satisfactory,1358.32,Pending
RET002239,ORD013165,CUST01924,2026-08-03,Defective Product,2222.62,Approved
RET002240,ORD013170,CUST01924,2026-06-29,Size/Fit Issue,2016.1,Approved
RET002241,ORD013186,CUST01928,2026-04-28,Quality Not Satisfactory,2470.93,Approved
RET002242,ORD013199,CUST01929,2026-09-05,Defective Product,1132.65,Approved
RET002243,ORD013205,CUST01929,2026-09-04,Changed Mind,17663.75,Approved
RET002244,ORD013210,CUST01930,2026-05-26,Changed Mind,3822.1,Approved
RET002245,ORD013212,CUST01930,2026-06-21,Not As Described,2897.37,Approved
RET002246,ORD013213,CUST01930,2026-08-19,Damaged in Transit,18761.43,Approved
RET002247,ORD013216,CUST01930,2026-08-02,Changed Mind,419.55,Approved
RET002248,ORD013219,CUST01930,2026-07-04,Changed Mind,167.51,Approved
RET002249,ORD013220,CUST01930,2026-08-11,Defective Product,2681.36,Approved
RET002250,ORD013222,CUST01930,2026-07-02,Defective Product,2334.12,Pending
RET002251,ORD013224,CUST01930,2026-08-04,Not As Described,4054.23,Approved
RET002252,ORD013225,CUST01930,2026-06-16,Better Price Found,3065.58,Pending
RET002253,ORD013244,CUST01934,2026-08-23,Changed Mind,10066.22,Pending
RET002254,ORD013246,CUST01934,2026-07-10,Not As Described,468.15,Approved
RET002255,ORD013250,CUST01934,2026-07-02,Changed Mind,2249.09,Approved
RET002256,ORD013251,CUST01934,2026-08-13,Not As Described,2325.39,Rejected
RET002257,ORD013253,CUST01934,2026-08-11,Wrong Item Received,1564.77,Pending
RET002258,ORD013255,CUST01934,2026-08-11,Changed Mind,7568.52,Approved
RET002259,ORD013270,CUST01937,2026-03-03,Size/Fit Issue,1163.84,Approved
RET002260,ORD013296,CUST01941,2026-08-03,Defective Product,3118.22,Approved
RET002261,ORD013363,CUST01952,2026-06-22,Quality Not Satisfactory,1751.84,Approved
RET002262,ORD013374,CUST01954,2026-08-14,Quality Not Satisfactory,6257.14,Approved
RET002263,ORD013378,CUST01955,2026-08-22,Not As Described,600.0,Approved
RET002264,ORD013381,CUST01955,2026-08-21,Changed Mind,2460.47,Approved
RET002265,ORD013382,CUST01955,2026-08-12,Changed Mind,2486.79,Rejected
RET002266,ORD013385,CUST01955,2026-09-08,Defective Product,3962.73,Rejected
RET002267,ORD013402,CUST01958,2026-03-23,Damaged in Transit,8128.92,Pending
RET002268,ORD013408,CUST01959,2026-08-02,Not As Described,1711.27,Approved
RET002269,ORD013411,CUST01959,2026-07-06,Better Price Found,438.96,Approved
RET002270,ORD013417,CUST01960,2026-08-21,Damaged in Transit,2471.14,Approved
RET002271,ORD013418,CUST01960,2026-08-16,Size/Fit Issue,1757.58,Pending
RET002272,ORD013420,CUST01960,2026-09-07,Changed Mind,1017.48,Pending
RET002273,ORD013421,CUST01960,2026-08-16,Changed Mind,15081.36,Pending
RET002274,ORD013422,CUST01960,2026-08-30,Better Price Found,4979.96,Approved
RET002275,ORD013423,CUST01960,2026-08-24,Not As Described,2001.98,Approved
RET002276,ORD013434,CUST01961,2026-08-05,Quality Not Satisfactory,30398.15,Approved
RET002277,ORD013442,CUST01962,2026-04-14,Defective Product,1323.47,Rejected
RET002278,ORD013452,CUST01964,2026-08-11,Better Price Found,21485.14,Pending
RET002279,ORD013455,CUST01964,2026-08-20,Changed Mind,33875.06,Approved
RET002280,ORD013457,CUST01964,2026-08-02,Changed Mind,2352.77,Approved
RET002281,ORD013460,CUST01964,2026-08-24,Not As Described,29942.43,Approved
RET002282,ORD013472,CUST01966,2026-08-02,Changed Mind,5318.38,Approved
RET002283,ORD013475,CUST01966,2026-07-04,Not As Described,17624.53,Approved
RET002284,ORD013485,CUST01968,2026-04-29,Damaged in Transit,1181.22,Approved
RET002285,ORD013503,CUST01971,2026-01-06,Not As Described,3944.24,Approved
RET002286,ORD013508,CUST01972,2026-01-07,Changed Mind,2682.46,Rejected
RET002287,ORD013509,CUST01972,2026-02-10,Not As Described,2460.03,Approved
RET002288,ORD013510,CUST01972,2026-01-04,Changed Mind,5733.08,Approved
RET002289,ORD013512,CUST01972,2026-04-23,Changed Mind,1521.2,Approved
RET002290,ORD013513,CUST01972,2026-07-21,Not As Described,511.22,Rejected
RET002291,ORD013514,CUST01972,2026-01-20,Changed Mind,2305.99,Approved
RET002292,ORD013518,CUST01972,2026-08-17,Size/Fit Issue,762.89,Pending
RET002293,ORD013521,CUST01972,2026-06-28,Changed Mind,25193.81,Approved
RET002294,ORD013523,CUST01972,2026-06-30,Not As Described,1663.09,Approved
RET002295,ORD013526,CUST01972,2026-04-26,Not As Described,1826.91,Pending
RET002296,ORD013527,CUST01972,2026-07-16,Not As Described,2391.64,Pending
RET002297,ORD013528,CUST01972,2026-08-04,Changed Mind,1297.92,Rejected
RET002298,ORD013535,CUST01974,2026-05-21,Defective Product,1107.73,Approved
RET002299,ORD013537,CUST01974,2026-08-30,Changed Mind,1446.45,Approved
RET002300,ORD013540,CUST01974,2026-08-05,Changed Mind,1980.07,Approved
RET002301,ORD013559,CUST01979,2026-06-01,Changed Mind,1571.51,Rejected
RET002302,ORD013561,CUST01979,2026-05-28,Size/Fit Issue,21586.49,Approved
RET002303,ORD013562,CUST01979,2026-05-30,Wrong Item Received,3003.96,Approved
RET002304,ORD013563,CUST01979,2026-05-29,Changed Mind,981.98,Pending
RET002305,ORD013564,CUST01979,2026-05-30,Not As Described,658.42,Pending
RET002306,ORD013567,CUST01979,2026-06-03,Changed Mind,3129.82,Rejected
RET002307,ORD013568,CUST01979,2026-05-25,Not As Described,2767.37,Rejected
RET002308,ORD013569,CUST01979,2026-05-30,Size/Fit Issue,1125.08,Rejected
RET002309,ORD013570,CUST01979,2026-05-30,Not As Described,1827.11,Approved
RET002310,ORD013574,CUST01979,2026-05-19,Damaged in Transit,17225.84,Approved
RET002311,ORD013577,CUST01979,2026-02-17,Changed Mind,1503.67,Approved
RET002312,ORD013578,CUST01979,2026-07-25,Size/Fit Issue,4713.62,Approved
RET002313,ORD013579,CUST01979,2026-05-08,Changed Mind,16564.4,Approved
RET002314,ORD013580,CUST01979,2026-08-28,Changed Mind,6574.61,Approved
RET002315,ORD013581,CUST01979,2026-07-21,Wrong Item Received,3912.76,Rejected
RET002316,ORD013586,CUST01980,2026-08-20,Changed Mind,965.2,Pending
RET002317,ORD013587,CUST01980,2026-08-21,Not As Described,1309.63,Rejected
RET002318,ORD013589,CUST01980,2026-08-24,Quality Not Satisfactory,18572.25,Pending
RET002319,ORD013594,CUST01980,2026-08-24,Damaged in Transit,16114.66,Approved
RET002320,ORD013612,CUST01982,2026-09-27,Not As Described,1374.84,Pending
RET002321,ORD013620,CUST01984,2026-08-25,Changed Mind,2654.17,Pending
RET002322,ORD013624,CUST01984,2026-08-18,Wrong Item Received,1077.45,Approved
RET002323,ORD013626,CUST01984,2026-08-10,Better Price Found,1937.29,Approved
RET002324,ORD013627,CUST01984,2026-08-11,Not As Described,55000.0,Rejected
RET002325,ORD013667,CUST01990,2026-06-16,Size/Fit Issue,781.53,Approved
RET002326,ORD013681,CUST01992,2026-02-21,Size/Fit Issue,14558.83,Pending
RET002327,ORD013689,CUST01993,2026-07-05,Size/Fit Issue,3462.13,Rejected
RET002328,ORD013707,CUST01997,2026-09-01,Size/Fit Issue,1779.0,Approved
RET002329,ORD013715,CUST01998,2026-03-28,Defective Product,2667.37,Approved
RET002330,ORD013716,CUST01998,2026-03-31,Size/Fit Issue,1230.09,Rejected
RET002331,ORD013732,CUST02001,2026-08-30,Changed Mind,2341.28,Rejected
RET002332,ORD013734,CUST02001,2026-04-17,Not As Described,1698.07,Pending
RET002333,ORD013735,CUST02001,2026-02-27,Changed Mind,1013.76,Approved
RET002334,ORD013737,CUST02001,2026-06-14,Defective Product,1277.83,Pending
RET002335,ORD013741,CUST02001,2026-08-05,Not As Described,19509.48,Pending
RET002336,ORD013744,CUST02001,2026-06-06,Better Price Found,2645.22,Approved
RET002337,ORD013747,CUST02001,2026-02-25,Not As Described,1244.15,Rejected
RET002338,ORD013748,CUST02001,2026-08-28,Changed Mind,10484.63,Pending
RET002339,ORD013758,CUST02004,2026-06-02,Damaged in Transit,1140.22,Approved
RET002340,ORD013762,CUST02004,2026-06-15,Size/Fit Issue,1584.38,Approved
RET002341,ORD013764,CUST02005,2026-04-25,Size/Fit Issue,4231.29,Pending
RET002342,ORD013791,CUST02010,2026-07-13,Wrong Item Received,1986.0,Approved
RET002343,ORD013802,CUST02011,2026-02-06,Damaged in Transit,1986.86,Rejected
RET002344,ORD013819,CUST02015,2026-08-09,Better Price Found,3631.54,Approved
RET002345,ORD013820,CUST02015,2026-08-22,Better Price Found,55000.0,Approved
RET002346,ORD013822,CUST02015,2026-08-01,Quality Not Satisfactory,3338.5,Approved
RET002347,ORD013826,CUST02015,2026-02-18,Not As Described,9636.74,Pending
RET002348,ORD013828,CUST02015,2026-04-13,Not As Described,10826.6,Pending
RET002349,ORD013829,CUST02015,2026-04-30,Changed Mind,473.48,Rejected
RET002350,ORD013831,CUST02016,2026-08-13,Wrong Item Received,1907.74,Approved
RET002351,ORD013850,CUST02019,2026-04-02,Not As Described,11332.12,Approved
RET002352,ORD013853,CUST02019,2026-04-23,Changed Mind,3313.08,Pending
RET002353,ORD013854,CUST02019,2026-04-27,Changed Mind,1816.35,Approved
RET002354,ORD013855,CUST02019,2026-04-16,Not As Described,2142.01,Approved
RET002355,ORD013856,CUST02019,2026-04-13,Changed Mind,8890.03,Rejected
RET002356,ORD013857,CUST02019,2026-04-05,Changed Mind,3084.1,Approved
RET002357,ORD013858,CUST02019,2026-04-29,Quality Not Satisfactory,4586.04,Pending
RET002358,ORD013860,CUST02019,2026-06-03,Changed Mind,3278.89,Pending
RET002359,ORD013861,CUST02019,2026-07-24,Not As Described,722.11,Pending
RET002360,ORD013866,CUST02019,2026-05-03,Quality Not Satisfactory,6148.93,Pending
RET002361,ORD013867,CUST02019,2026-06-26,Quality Not Satisfactory,17619.48,Approved
RET002362,ORD013868,CUST02019,2026-04-08,Damaged in Transit,17125.59,Rejected
RET002363,ORD013869,CUST02019,2026-03-13,Damaged in Transit,2722.41,Rejected
RET002364,ORD013870,CUST02019,2026-02-11,Changed Mind,2066.46,Approved
RET002365,ORD013883,CUST02021,2026-06-24,Damaged in Transit,10232.02,Approved
RET002366,ORD013884,CUST02021,2026-06-11,Better Price Found,2405.3,Approved
RET002367,ORD013885,CUST02021,2026-06-28,Changed Mind,19958.23,Approved
RET002368,ORD013889,CUST02021,2026-06-14,Not As Described,15689.48,Approved
RET002369,ORD013891,CUST02021,2026-08-22,Changed Mind,1507.36,Pending
RET002370,ORD013892,CUST02021,2026-08-06,Not As Described,1632.13,Pending
RET002371,ORD013893,CUST02021,2026-06-14,Not As Described,29154.65,Pending
RET002372,ORD013898,CUST02021,2026-08-14,Changed Mind,560.78,Pending
RET002373,ORD013902,CUST02022,2026-07-30,Not As Described,34037.38,Pending
RET002374,ORD013904,CUST02022,2026-07-25,Size/Fit Issue,2470.13,Approved
RET002375,ORD013928,CUST02024,2026-08-29,Size/Fit Issue,1801.14,Pending
RET002376,ORD013930,CUST02025,2026-05-20,Damaged in Transit,410.12,Approved
RET002377,ORD013950,CUST02029,2026-06-30,Not As Described,1332.29,Approved
RET002378,ORD013952,CUST02029,2026-08-04,Better Price Found,1679.06,Approved
RET002379,ORD013953,CUST02029,2026-08-09,Changed Mind,47617.32,Approved
RET002380,ORD013955,CUST02029,2026-08-23,Changed Mind,14341.38,Approved
RET002381,ORD013956,CUST02029,2026-08-07,Not As Described,9671.52,Pending
RET002382,ORD013958,CUST02029,2026-06-21,Better Price Found,1746.24,Approved
RET002383,ORD013961,CUST02029,2026-08-18,Changed Mind,44147.38,Approved
RET002384,ORD013962,CUST02029,2026-06-26,Wrong Item Received,9975.47,Approved
RET002385,ORD013963,CUST02029,2026-06-05,Changed Mind,3445.27,Rejected
RET002386,ORD013965,CUST02029,2026-07-10,Wrong Item Received,2490.15,Approved
RET002387,ORD013966,CUST02029,2026-06-16,Better Price Found,37200.18,Approved
RET002388,ORD013969,CUST02029,2026-08-23,Not As Described,4285.18,Approved
RET002389,ORD013970,CUST02029,2026-08-25,Changed Mind,816.02,Approved
RET002390,ORD013971,CUST02029,2026-06-16,Changed Mind,13314.11,Approved
RET002391,ORD013973,CUST02029,2026-07-22,Changed Mind,858.66,Rejected
RET002392,ORD014001,CUST02033,2026-08-21,Damaged in Transit,2024.46,Approved
RET002393,ORD014003,CUST02033,2026-08-05,Not As Described,602.62,Rejected
RET002394,ORD014004,CUST02033,2026-08-03,Not As Described,1407.53,Rejected
RET002395,ORD014005,CUST02033,2026-08-17,Changed Mind,2840.57,Approved
RET002396,ORD014006,CUST02033,2026-07-19,Changed Mind,3203.43,Rejected
RET002397,ORD014011,CUST02033,2026-06-24,Changed Mind,10627.34,Rejected
RET002398,ORD014012,CUST02033,2026-04-27,Not As Described,16539.9,Approved
RET002399,ORD014013,CUST02033,2026-07-22,Quality Not Satisfactory,2161.37,Rejected
RET002400,ORD014032,CUST02037,2026-07-17,Changed Mind,2127.47,Pending
RET002401,ORD014033,CUST02037,2026-07-13,Better Price Found,5615.12,Approved
RET002402,ORD014034,CUST02037,2026-07-21,Quality Not Satisfactory,2705.77,Pending
RET002403,ORD014037,CUST02037,2026-07-12,Changed Mind,10332.14,Rejected
RET002404,ORD014038,CUST02037,2026-07-21,Not As Described,25076.26,Approved
RET002405,ORD014041,CUST02037,2026-08-06,Not As Described,2459.92,Approved
RET002406,ORD014049,CUST02038,2026-09-08,Wrong Item Received,3950.06,Pending
RET002407,ORD014052,CUST02038,2026-08-21,Changed Mind,1430.71,Approved
RET002408,ORD014054,CUST02038,2026-08-28,Changed Mind,2822.15,Approved
RET002409,ORD014065,CUST02041,2026-07-22,Changed Mind,1247.4,Rejected
RET002410,ORD014068,CUST02041,2026-07-30,Wrong Item Received,5865.23,Pending
RET002411,ORD014069,CUST02041,2026-07-04,Changed Mind,2515.06,Approved
RET002412,ORD014070,CUST02041,2026-07-05,Not As Described,3452.73,Approved
RET002413,ORD014073,CUST02041,2026-07-26,Not As Described,1774.16,Approved
RET002414,ORD014088,CUST02043,2026-05-30,Damaged in Transit,1804.71,Approved
RET002415,ORD014091,CUST02043,2026-09-09,Defective Product,1659.64,Approved
RET002416,ORD014098,CUST02044,2026-04-02,Not As Described,579.68,Approved
RET002417,ORD014111,CUST02046,2026-08-23,Changed Mind,2096.5,Approved
RET002418,ORD014112,CUST02046,2026-08-01,Not As Described,1235.09,Approved
RET002419,ORD014113,CUST02046,2026-08-15,Not As Described,5642.99,Approved
RET002420,ORD014114,CUST02046,2026-08-31,Defective Product,944.36,Rejected
RET002421,ORD014115,CUST02046,2026-08-12,Changed Mind,4247.48,Approved
RET002422,ORD014116,CUST02046,2026-08-03,Quality Not Satisfactory,32472.41,Pending
RET002423,ORD014118,CUST02046,2026-06-30,Changed Mind,32258.68,Approved
RET002424,ORD014119,CUST02046,2026-08-06,Changed Mind,1071.53,Approved
RET002425,ORD014120,CUST02046,2026-09-02,Changed Mind,1340.49,Approved
RET002426,ORD014121,CUST02046,2026-08-24,Defective Product,2105.8,Rejected
RET002427,ORD014123,CUST02046,2026-08-08,Wrong Item Received,3443.65,Approved
RET002428,ORD014127,CUST02046,2026-09-05,Defective Product,18761.45,Approved
RET002429,ORD014136,CUST02047,2026-07-15,Size/Fit Issue,1146.4,Approved
RET002430,ORD014141,CUST02048,2026-02-04,Changed Mind,1258.67,Approved
RET002431,ORD014165,CUST02051,2026-07-08,Defective Product,2292.76,Rejected
RET002432,ORD014173,CUST02053,2026-02-27,Changed Mind,26097.14,Approved
RET002433,ORD014195,CUST02056,2026-05-29,Damaged in Transit,1147.57,Pending
RET002434,ORD014198,CUST02057,2026-08-24,Wrong Item Received,1308.88,Pending
RET002435,ORD014199,CUST02057,2026-07-27,Wrong Item Received,2255.47,Pending
RET002436,ORD014202,CUST02057,2026-08-20,Not As Described,2082.01,Approved
RET002437,ORD014203,CUST02057,2026-08-23,Size/Fit Issue,789.99,Pending
RET002438,ORD014204,CUST02057,2026-08-12,Damaged in Transit,1095.85,Approved
RET002439,ORD014205,CUST02057,2026-07-24,Size/Fit Issue,743.63,Approved
RET002440,ORD014206,CUST02057,2026-08-27,Not As Described,12760.54,Approved
RET002441,ORD014207,CUST02057,2026-08-23,Not As Described,14453.62,Rejected
RET002442,ORD014209,CUST02057,2026-07-19,Changed Mind,16985.25,Pending
RET002443,ORD014210,CUST02057,2026-08-21,Not As Described,2324.82,Approved
RET002444,ORD014218,CUST02058,2026-04-10,Changed Mind,7891.7,Rejected
RET002445,ORD014219,CUST02058,2026-04-16,Not As Described,2232.18,Rejected
RET002446,ORD014225,CUST02058,2026-05-30,Better Price Found,2782.09,Approved
RET002447,ORD014226,CUST02058,2026-08-17,Not As Described,32405.5,Rejected
RET002448,ORD014227,CUST02058,2026-02-03,Changed Mind,24452.24,Approved
RET002449,ORD014229,CUST02058,2026-01-19,Not As Described,1048.46,Rejected
RET002450,ORD014237,CUST02060,2026-07-14,Size/Fit Issue,7972.58,Pending
RET002451,ORD014255,CUST02063,2026-06-27,Not As Described,3790.53,Approved
RET002452,ORD014256,CUST02063,2026-07-06,Not As Described,2425.47,Approved
RET002453,ORD014257,CUST02063,2026-06-22,Not As Described,866.35,Approved
RET002454,ORD014261,CUST02063,2026-06-08,Size/Fit Issue,1168.93,Pending
RET002455,ORD014267,CUST02064,2026-08-22,Quality Not Satisfactory,3359.88,Approved
RET002456,ORD014300,CUST02070,2026-08-31,Defective Product,2466.67,Approved
RET002457,ORD014303,CUST02071,2026-01-12,Quality Not Satisfactory,6464.0,Rejected
RET002458,ORD014304,CUST02071,2026-01-14,Better Price Found,1691.38,Approved
RET002459,ORD014306,CUST02071,2026-02-01,Better Price Found,597.05,Approved
RET002460,ORD014312,CUST02071,2026-08-18,Better Price Found,2749.66,Approved
RET002461,ORD014313,CUST02071,2026-07-13,Size/Fit Issue,1310.03,Approved
RET002462,ORD014318,CUST02071,2026-06-17,Changed Mind,4137.87,Approved
RET002463,ORD014319,CUST02072,2026-06-07,Defective Product,1516.1,Approved
RET002464,ORD014324,CUST02072,2026-09-15,Size/Fit Issue,716.91,Approved
RET002465,ORD014326,CUST02072,2026-08-07,Changed Mind,788.35,Approved
RET002466,ORD014356,CUST02077,2026-08-17,Not As Described,22831.25,Rejected
RET002467,ORD014359,CUST02077,2026-09-02,Better Price Found,582.46,Approved
RET002468,ORD014361,CUST02077,2026-06-12,Changed Mind,11121.38,Approved
RET002469,ORD014362,CUST02077,2026-06-02,Not As Described,7677.06,Approved
RET002470,ORD014370,CUST02079,2026-07-31,Better Price Found,2295.36,Rejected
RET002471,ORD014371,CUST02079,2026-07-04,Defective Product,1651.09,Approved
RET002472,ORD014374,CUST02079,2026-07-22,Changed Mind,1389.61,Rejected
RET002473,ORD014375,CUST02079,2026-08-30,Better Price Found,714.47,Approved
RET002474,ORD014376,CUST02079,2026-06-12,Changed Mind,3308.83,Pending
RET002475,ORD014378,CUST02079,2026-08-01,Not As Described,1407.66,Rejected
RET002476,ORD014379,CUST02079,2026-08-31,Changed Mind,19428.34,Rejected
RET002477,ORD014380,CUST02079,2026-07-31,Wrong Item Received,3773.06,Rejected
RET002478,ORD014420,CUST02086,2026-09-10,Defective Product,514.08,Approved
RET002479,ORD014429,CUST02088,2026-07-09,Damaged in Transit,7000.67,Pending
RET002480,ORD014444,CUST02092,2026-07-03,Defective Product,1354.27,Approved
RET002481,ORD014467,CUST02095,2026-03-01,Changed Mind,216.62,Pending
RET002482,ORD014473,CUST02096,2026-05-17,Size/Fit Issue,1264.04,Rejected
RET002483,ORD014504,CUST02102,2026-08-02,Not As Described,1528.65,Rejected
RET002484,ORD014506,CUST02102,2026-08-07,Size/Fit Issue,1152.39,Rejected
RET002485,ORD014507,CUST02102,2026-08-02,Changed Mind,2499.82,Approved
RET002486,ORD014509,CUST02102,2026-07-31,Changed Mind,3944.12,Approved
RET002487,ORD014510,CUST02102,2026-08-03,Changed Mind,2037.82,Approved
RET002488,ORD014511,CUST02102,2026-07-29,Damaged in Transit,3368.67,Approved
RET002489,ORD014512,CUST02102,2026-08-13,Not As Described,7391.53,Approved
RET002490,ORD014516,CUST02102,2026-07-30,Size/Fit Issue,16349.18,Approved
RET002491,ORD014518,CUST02102,2026-08-14,Quality Not Satisfactory,4474.58,Approved
RET002492,ORD014519,CUST02102,2026-07-16,Changed Mind,424.82,Approved
RET002493,ORD014521,CUST02102,2026-07-14,Not As Described,1500.47,Approved
RET002494,ORD014523,CUST02102,2026-07-13,Wrong Item Received,2366.88,Approved
RET002495,ORD014526,CUST02102,2026-08-12,Not As Described,5429.62,Rejected
RET002496,ORD014532,CUST02103,2026-03-18,Defective Product,2434.58,Approved
RET002497,ORD014539,CUST02105,2026-02-25,Defective Product,3473.33,Rejected
RET002498,ORD014544,CUST02106,2026-07-11,Size/Fit Issue,460.26,Approved
RET002499,ORD014552,CUST02107,2026-01-31,Changed Mind,423.98,Approved
RET002500,ORD014553,CUST02107,2026-05-09,Damaged in Transit,2183.57,Approved
RET002501,ORD014560,CUST02108,2026-08-11,Not As Described,1266.21,Approved
RET002502,ORD014562,CUST02108,2026-08-13,Quality Not Satisfactory,484.78,Approved
RET002503,ORD014564,CUST02108,2026-09-12,Not As Described,3216.78,Rejected
RET002504,ORD014567,CUST02108,2026-08-08,Size/Fit Issue,3092.56,Rejected
RET002505,ORD014568,CUST02108,2026-08-07,Better Price Found,3087.6,Approved
RET002506,ORD014569,CUST02108,2026-08-13,Changed Mind,753.34,Approved
RET002507,ORD014570,CUST02108,2026-08-26,Better Price Found,1072.29,Rejected
RET002508,ORD014582,CUST02111,2026-05-26,Wrong Item Received,12159.93,Pending
RET002509,ORD014583,CUST02111,2026-05-27,Not As Described,903.33,Approved
RET002510,ORD014584,CUST02111,2026-06-04,Better Price Found,3221.78,Approved
RET002511,ORD014586,CUST02111,2026-05-25,Defective Product,1065.89,Rejected
RET002512,ORD014587,CUST02111,2026-06-06,Not As Described,3686.87,Approved
RET002513,ORD014588,CUST02111,2026-06-01,Quality Not Satisfactory,750.92,Approved
RET002514,ORD014589,CUST02111,2026-05-30,Better Price Found,4443.97,Pending
RET002515,ORD014593,CUST02111,2026-08-30,Damaged in Transit,1188.21,Rejected
RET002516,ORD014594,CUST02111,2026-08-08,Changed Mind,775.51,Pending
RET002517,ORD014596,CUST02111,2026-06-09,Changed Mind,942.22,Approved
RET002518,ORD014597,CUST02111,2026-08-08,Changed Mind,1442.22,Approved
RET002519,ORD014598,CUST02111,2026-07-06,Not As Described,15247.48,Pending
RET002520,ORD014599,CUST02112,2026-09-07,Defective Product,2066.63,Approved
RET002521,ORD014612,CUST02115,2026-07-18,Changed Mind,2788.16,Approved
RET002522,ORD014615,CUST02115,2026-07-19,Not As Described,2224.74,Pending
RET002523,ORD014618,CUST02115,2026-08-15,Not As Described,3252.88,Approved
RET002524,ORD014620,CUST02115,2026-06-15,Changed Mind,2277.83,Rejected
RET002525,ORD014621,CUST02115,2026-07-16,Size/Fit Issue,4173.54,Pending
RET002526,ORD014622,CUST02115,2026-08-09,Damaged in Transit,1598.21,Approved
RET002527,ORD014623,CUST02115,2026-08-11,Size/Fit Issue,2526.95,Rejected
RET002528,ORD014624,CUST02115,2026-06-16,Changed Mind,1592.84,Approved
RET002529,ORD014625,CUST02115,2026-07-11,Quality Not Satisfactory,2508.56,Approved
RET002530,ORD014626,CUST02115,2026-06-25,Size/Fit Issue,24397.23,Approved
RET002531,ORD014636,CUST02118,2026-07-02,Quality Not Satisfactory,15286.53,Approved
RET002532,ORD014640,CUST02118,2026-06-07,Changed Mind,10166.35,Approved
RET002533,ORD014641,CUST02118,2026-07-29,Defective Product,22933.52,Approved
RET002534,ORD014645,CUST02118,2026-07-10,Wrong Item Received,1638.88,Approved
RET002535,ORD014663,CUST02122,2026-02-05,Defective Product,780.4,Approved
RET002536,ORD014664,CUST02122,2026-02-06,Not As Described,12612.16,Approved
RET002537,ORD014667,CUST02122,2026-06-07,Damaged in Transit,5515.03,Approved
RET002538,ORD014668,CUST02122,2026-03-10,Changed Mind,24665.53,Approved
RET002539,ORD014671,CUST02122,2026-06-17,Not As Described,1120.69,Approved
RET002540,ORD014677,CUST02124,2026-07-12,Not As Described,939.69,Approved
RET002541,ORD014678,CUST02124,2026-07-24,Changed Mind,4040.65,Pending
RET002542,ORD014679,CUST02124,2026-07-07,Not As Described,1021.35,Approved
RET002543,ORD014681,CUST02124,2026-07-06,Changed Mind,2908.33,Approved
RET002544,ORD014682,CUST02124,2026-07-08,Better Price Found,7001.68,Pending
RET002545,ORD014683,CUST02124,2026-07-12,Not As Described,553.05,Rejected
RET002546,ORD014684,CUST02124,2026-07-06,Changed Mind,19667.11,Approved
RET002547,ORD014685,CUST02124,2026-08-06,Changed Mind,3927.97,Pending
RET002548,ORD014688,CUST02124,2026-07-24,Not As Described,1315.95,Approved
RET002549,ORD014694,CUST02125,2026-02-04,Defective Product,1697.85,Rejected
RET002550,ORD014699,CUST02126,2026-02-13,Size/Fit Issue,2656.71,Approved
RET002551,ORD014703,CUST02127,2026-07-30,Wrong Item Received,1132.24,Pending
RET002552,ORD014711,CUST02128,2026-08-09,Better Price Found,1044.72,Rejected
RET002553,ORD014713,CUST02128,2026-05-22,Size/Fit Issue,1698.12,Rejected
RET002554,ORD014723,CUST02130,2026-09-04,Defective Product,4467.15,Approved
RET002555,ORD014728,CUST02130,2026-03-25,Damaged in Transit,894.28,Pending
RET002556,ORD014735,CUST02132,2026-02-16,Changed Mind,23462.53,Rejected
RET002557,ORD014736,CUST02132,2026-04-08,Defective Product,1219.55,Pending
RET002558,ORD014739,CUST02132,2026-03-15,Changed Mind,2273.63,Approved
RET002559,ORD014742,CUST02132,2026-02-12,Better Price Found,3823.17,Approved
RET002560,ORD014743,CUST02132,2026-01-22,Quality Not Satisfactory,1711.92,Pending
RET002561,ORD014744,CUST02132,2026-04-02,Not As Described,26541.24,Approved
RET002562,ORD014745,CUST02132,2026-02-16,Changed Mind,1241.36,Pending
RET002563,ORD014747,CUST02132,2026-04-04,Better Price Found,1194.66,Rejected
RET002564,ORD014750,CUST02133,2026-07-10,Not As Described,24916.34,Approved
RET002565,ORD014751,CUST02133,2026-08-02,Better Price Found,656.61,Approved
RET002566,ORD014753,CUST02133,2026-07-13,Changed Mind,10857.22,Approved
RET002567,ORD014755,CUST02133,2026-07-27,Defective Product,1272.8,Pending
RET002568,ORD014756,CUST02133,2026-07-31,Not As Described,511.84,Approved
RET002569,ORD014761,CUST02133,2026-09-02,Defective Product,2782.81,Approved
RET002570,ORD014762,CUST02133,2026-08-02,Size/Fit Issue,999.75,Approved
RET002571,ORD014763,CUST02133,2026-07-27,Better Price Found,7273.87,Rejected
RET002572,ORD014771,CUST02134,2026-05-26,Defective Product,1630.93,Pending
RET002573,ORD014775,CUST02135,2026-07-17,Defective Product,536.27,Approved
RET002574,ORD014781,CUST02136,2026-07-23,Wrong Item Received,2201.33,Approved
RET002575,ORD014787,CUST02137,2026-05-19,Defective Product,3612.57,Approved
RET002576,ORD014788,CUST02137,2026-05-26,Not As Described,1147.42,Approved
RET002577,ORD014791,CUST02137,2026-05-14,Changed Mind,702.24,Pending
RET002578,ORD014793,CUST02137,2026-08-04,Changed Mind,996.82,Rejected
RET002579,ORD014798,CUST02137,2026-06-15,Not As Described,26069.01,Approved
RET002580,ORD014803,CUST02138,2026-08-09,Defective Product,822.92,Approved
RET002581,ORD014804,CUST02138,2026-03-20,Damaged in Transit,1229.16,Approved
RET002582,ORD014806,CUST02138,2026-07-09,Defective Product,567.41,Approved
RET002583,ORD014813,CUST02140,2026-08-27,Defective Product,1384.81,Rejected
RET002584,ORD014833,CUST02144,2026-03-09,Defective Product,1133.8,Pending
RET002585,ORD014842,CUST02146,2026-01-25,Damaged in Transit,670.38,Approved
RET002586,ORD014844,CUST02146,2026-01-28,Changed Mind,317.96,Approved
RET002587,ORD014851,CUST02147,2026-01-12,Wrong Item Received,410.15,Approved
RET002588,ORD014852,CUST02147,2026-04-08,Not As Described,29402.04,Rejected
RET002589,ORD014861,CUST02149,2026-08-11,Wrong Item Received,910.3,Approved
RET002590,ORD014862,CUST02149,2026-08-08,Changed Mind,5856.09,Approved
RET002591,ORD014867,CUST02149,2026-07-23,Changed Mind,685.04,Approved
RET002592,ORD014872,CUST02150,2026-06-17,Damaged in Transit,1121.36,Approved
RET002593,ORD014877,CUST02151,2026-03-13,Not As Described,1761.34,Approved
RET002594,ORD014892,CUST02153,2026-09-14,Damaged in Transit,2273.73,Approved
RET002595,ORD014896,CUST02154,2026-05-31,Better Price Found,450.85,Rejected
RET002596,ORD014909,CUST02156,2026-03-26,Not As Described,20168.51,Approved
RET002597,ORD014910,CUST02156,2026-06-28,Quality Not Satisfactory,2050.03,Approved
RET002598,ORD014926,CUST02158,2026-04-03,Quality Not Satisfactory,564.39,Approved
RET002599,ORD014948,CUST02162,2026-08-07,Changed Mind,1273.66,Approved
RET002600,ORD014949,CUST02162,2026-06-14,Defective Product,901.49,Pending
RET002601,ORD014952,CUST02162,2026-07-15,Changed Mind,3387.59,Approved
RET002602,ORD014953,CUST02162,2026-06-10,Defective Product,3118.22,Pending
RET002603,ORD014954,CUST02162,2026-06-06,Changed Mind,430.26,Approved
RET002604,ORD014955,CUST02162,2026-07-26,Better Price Found,20787.16,Rejected
RET002605,ORD014957,CUST02162,2026-07-01,Changed Mind,1887.99,Rejected
RET002606,ORD014973,CUST02166,2026-08-05,Defective Product,1375.2,Approved
RET002607,ORD014974,CUST02166,2026-07-16,Defective Product,2219.12,Pending
RET002608,ORD014976,CUST02166,2026-03-27,Changed Mind,818.28,Approved
RET002609,ORD014990,CUST02168,2026-03-17,Size/Fit Issue,6511.88,Approved
RET002610,ORD014992,CUST02168,2026-04-30,Quality Not Satisfactory,2420.7,Approved
RET002611,ORD014997,CUST02168,2026-07-10,Changed Mind,3896.86,Approved
RET002612,ORD015000,CUST02169,2026-06-23,Changed Mind,1124.1,Pending
RET002613,ORD015001,CUST02169,2026-06-26,Changed Mind,3239.75,Approved
RET002614,ORD015002,CUST02169,2026-06-14,Quality Not Satisfactory,1146.92,Approved
RET002615,ORD015003,CUST02169,2026-06-08,Changed Mind,2661.54,Pending
RET002616,ORD015005,CUST02169,2026-06-04,Quality Not Satisfactory,18339.46,Approved
RET002617,ORD015007,CUST02169,2026-03-13,Quality Not Satisfactory,737.8,Approved
RET002618,ORD015009,CUST02169,2026-04-02,Changed Mind,1884.05,Approved
RET002619,ORD015011,CUST02169,2026-04-22,Changed Mind,9077.34,Rejected
RET002620,ORD015015,CUST02169,2026-06-26,Changed Mind,14645.85,Approved
RET002621,ORD015025,CUST02171,2026-05-20,Size/Fit Issue,1587.83,Approved
RET002622,ORD015028,CUST02171,2026-08-25,Not As Described,13488.03,Rejected
RET002623,ORD015029,CUST02171,2026-06-05,Changed Mind,1094.67,Approved
RET002624,ORD015031,CUST02171,2026-08-10,Better Price Found,2830.38,Pending
RET002625,ORD015034,CUST02171,2026-07-12,Not As Described,17604.48,Pending
RET002626,ORD015035,CUST02171,2026-09-03,Changed Mind,15719.91,Approved
RET002627,ORD015042,CUST02172,2026-05-16,Changed Mind,2687.58,Pending
RET002628,ORD015043,CUST02172,2026-01-15,Defective Product,1185.79,Approved
RET002629,ORD015044,CUST02172,2026-05-09,Size/Fit Issue,841.4,Approved
RET002630,ORD015056,CUST02174,2026-05-02,Damaged in Transit,810.54,Approved
RET002631,ORD015058,CUST02175,2026-08-16,Not As Described,1153.31,Approved
RET002632,ORD015059,CUST02175,2026-05-26,Better Price Found,1945.69,Approved
RET002633,ORD015061,CUST02175,2026-08-10,Size/Fit Issue,7909.45,Pending
RET002634,ORD015062,CUST02175,2026-09-09,Better Price Found,5738.05,Approved
RET002635,ORD015065,CUST02175,2026-07-10,Changed Mind,2358.84,Approved
RET002636,ORD015070,CUST02175,2026-06-20,Changed Mind,2046.37,Pending
RET002637,ORD015071,CUST02175,2026-08-15,Size/Fit Issue,3802.6,Pending
RET002638,ORD015072,CUST02175,2026-07-06,Changed Mind,693.55,Approved
RET002639,ORD015096,CUST02180,2026-08-15,Damaged in Transit,3417.22,Approved
RET002640,ORD015102,CUST02181,2026-08-03,Better Price Found,2107.78,Pending
RET002641,ORD015108,CUST02181,2026-07-20,Better Price Found,1870.39,Approved
RET002642,ORD015109,CUST02181,2026-07-15,Changed Mind,23318.15,Rejected
RET002643,ORD015129,CUST02186,2026-05-20,Not As Described,2631.25,Pending
RET002644,ORD015130,CUST02186,2026-07-19,Not As Described,8888.54,Approved
RET002645,ORD015132,CUST02186,2026-07-01,Not As Described,5405.64,Pending
RET002646,ORD015137,CUST02186,2026-02-23,Quality Not Satisfactory,1767.35,Approved
RET002647,ORD015141,CUST02187,2026-08-27,Defective Product,8046.6,Rejected
RET002648,ORD015153,CUST02189,2026-03-09,Changed Mind,6660.87,Approved
RET002649,ORD015179,CUST02193,2026-02-23,Changed Mind,18668.06,Approved
RET002650,ORD015180,CUST02194,2026-07-28,Damaged in Transit,2128.18,Rejected
RET002651,ORD015182,CUST02194,2026-08-09,Quality Not Satisfactory,4193.9,Approved
RET002652,ORD015184,CUST02194,2026-07-17,Quality Not Satisfactory,1522.86,Approved
RET002653,ORD015185,CUST02194,2026-08-03,Better Price Found,4482.05,Pending
RET002654,ORD015188,CUST02194,2026-07-25,Defective Product,1069.32,Approved
RET002655,ORD015189,CUST02194,2026-06-18,Changed Mind,2248.48,Pending
RET002656,ORD015192,CUST02194,2026-08-22,Changed Mind,2734.58,Pending
RET002657,ORD015205,CUST02197,2026-09-09,Better Price Found,809.72,Approved
RET002658,ORD015219,CUST02200,2026-05-22,Size/Fit Issue,4184.18,Approved
RET002659,ORD015221,CUST02200,2026-07-14,Size/Fit Issue,1059.77,Approved
RET002660,ORD015224,CUST02201,2026-09-13,Defective Product,17796.36,Approved
RET002661,ORD015226,CUST02201,2026-09-17,Damaged in Transit,755.05,Approved
RET002662,ORD015241,CUST02203,2026-01-23,Not As Described,3603.71,Approved
RET002663,ORD015252,CUST02205,2026-05-24,Changed Mind,3322.87,Approved
RET002664,ORD015255,CUST02206,2026-06-11,Not As Described,17831.84,Pending
RET002665,ORD015256,CUST02206,2026-08-02,Better Price Found,19431.61,Approved
RET002666,ORD015259,CUST02206,2026-08-05,Defective Product,1876.26,Approved
RET002667,ORD015260,CUST02206,2026-07-26,Better Price Found,4928.58,Pending
RET002668,ORD015261,CUST02206,2026-07-27,Changed Mind,1036.83,Approved
RET002669,ORD015262,CUST02206,2026-09-05,Changed Mind,14236.6,Approved
RET002670,ORD015263,CUST02206,2026-08-06,Better Price Found,1064.64,Approved
RET002671,ORD015265,CUST02206,2026-07-07,Not As Described,17038.93,Approved
RET002672,ORD015266,CUST02206,2026-09-02,Size/Fit Issue,748.82,Pending
RET002673,ORD015267,CUST02206,2026-08-01,Not As Described,3881.09,Approved
RET002674,ORD015288,CUST02209,2026-03-13,Wrong Item Received,2429.22,Rejected
RET002675,ORD015302,CUST02212,2026-05-08,Quality Not Satisfactory,5220.28,Approved
RET002676,ORD015331,CUST02216,2026-06-13,Not As Described,1360.19,Approved
RET002677,ORD015336,CUST02216,2026-06-20,Defective Product,1137.14,Approved
RET002678,ORD015339,CUST02216,2026-05-28,Damaged in Transit,1663.98,Approved
RET002679,ORD015342,CUST02216,2026-05-07,Damaged in Transit,15156.03,Approved
RET002680,ORD015343,CUST02216,2026-08-19,Damaged in Transit,17272.57,Pending
RET002681,ORD015344,CUST02217,2026-08-17,Changed Mind,2724.27,Rejected
RET002682,ORD015345,CUST02217,2026-08-26,Wrong Item Received,2525.45,Approved
RET002683,ORD015346,CUST02217,2026-08-01,Size/Fit Issue,14824.9,Approved
RET002684,ORD015348,CUST02217,2026-08-18,Not As Described,2161.49,Rejected
RET002685,ORD015353,CUST02217,2026-08-06,Size/Fit Issue,7446.05,Pending
RET002686,ORD015356,CUST02217,2026-08-14,Quality Not Satisfactory,561.51,Rejected
RET002687,ORD015358,CUST02218,2026-07-28,Not As Described,26191.43,Approved
RET002688,ORD015361,CUST02218,2026-07-26,Changed Mind,6011.11,Pending
RET002689,ORD015427,CUST02230,2026-03-05,Changed Mind,421.4,Rejected
RET002690,ORD015433,CUST02231,2026-04-09,Size/Fit Issue,4602.8,Pending
RET002691,ORD015462,CUST02237,2026-07-13,Changed Mind,1379.4,Pending
RET002692,ORD015463,CUST02237,2026-07-22,Changed Mind,2899.55,Approved
RET002693,ORD015468,CUST02237,2026-07-14,Changed Mind,6172.95,Approved
RET002694,ORD015470,CUST02237,2026-07-18,Changed Mind,15388.83,Approved
RET002695,ORD015471,CUST02237,2026-07-30,Not As Described,582.13,Pending
RET002696,ORD015472,CUST02237,2026-06-13,Changed Mind,11549.66,Rejected
RET002697,ORD015473,CUST02237,2026-08-27,Better Price Found,13029.43,Approved
RET002698,ORD015475,CUST02237,2026-07-30,Size/Fit Issue,2337.95,Approved
RET002699,ORD015477,CUST02237,2026-09-11,Changed Mind,16751.58,Approved
RET002700,ORD015480,CUST02237,2026-08-16,Wrong Item Received,1879.65,Pending
RET002701,ORD015482,CUST02238,2026-08-01,Changed Mind,20083.67,Approved
RET002702,ORD015489,CUST02239,2026-05-06,Defective Product,3208.17,Approved
RET002703,ORD015492,CUST02239,2026-04-03,Size/Fit Issue,1974.38,Rejected
RET002704,ORD015498,CUST02241,2026-05-19,Defective Product,1775.81,Rejected
RET002705,ORD015503,CUST02242,2026-05-01,Defective Product,3172.11,Approved
RET002706,ORD015510,CUST02243,2026-05-20,Wrong Item Received,3061.9,Approved
RET002707,ORD015516,CUST02245,2026-02-25,Not As Described,1501.71,Rejected
RET002708,ORD015532,CUST02248,2026-07-02,Changed Mind,609.25,Approved
RET002709,ORD015533,CUST02248,2026-07-13,Better Price Found,1175.15,Approved
RET002710,ORD015534,CUST02248,2026-07-07,Not As Described,6724.31,Pending
RET002711,ORD015535,CUST02248,2026-07-21,Wrong Item Received,9285.16,Approved
RET002712,ORD015539,CUST02248,2026-07-14,Quality Not Satisfactory,1045.07,Approved
RET002713,ORD015541,CUST02248,2026-07-15,Not As Described,1364.98,Approved
RET002714,ORD015542,CUST02248,2026-07-10,Quality Not Satisfactory,16045.74,Rejected
RET002715,ORD015543,CUST02248,2026-07-09,Not As Described,2610.63,Rejected
RET002716,ORD015547,CUST02248,2026-07-31,Quality Not Satisfactory,1337.13,Approved
RET002717,ORD015552,CUST02248,2026-08-13,Changed Mind,6613.45,Approved
RET002718,ORD015554,CUST02248,2026-08-06,Not As Described,1126.46,Approved
RET002719,ORD015559,CUST02250,2026-07-30,Quality Not Satisfactory,208.59,Approved
RET002720,ORD015570,CUST02252,2026-07-12,Size/Fit Issue,11953.22,Approved
RET002721,ORD015573,CUST02252,2026-05-31,Size/Fit Issue,2163.19,Approved
RET002722,ORD015603,CUST02257,2026-03-03,Changed Mind,6441.75,Approved
RET002723,ORD015609,CUST02257,2026-02-26,Changed Mind,908.9,Pending
RET002724,ORD015614,CUST02257,2026-07-11,Better Price Found,37931.12,Approved
RET002725,ORD015615,CUST02257,2026-01-20,Size/Fit Issue,737.09,Pending
RET002726,ORD015631,CUST02260,2026-07-20,Changed Mind,1223.65,Approved
RET002727,ORD015632,CUST02260,2026-06-20,Changed Mind,1586.09,Approved
RET002728,ORD015639,CUST02260,2026-08-30,Size/Fit Issue,1095.55,Approved
RET002729,ORD015640,CUST02260,2026-06-17,Better Price Found,1995.93,Rejected
RET002730,ORD015642,CUST02260,2026-07-21,Damaged in Transit,3264.63,Pending
RET002731,ORD015655,CUST02263,2026-08-12,Quality Not Satisfactory,2868.76,Approved
RET002732,ORD015657,CUST02263,2026-05-05,Defective Product,9943.84,Pending
RET002733,ORD015658,CUST02263,2026-08-25,Not As Described,5933.57,Approved
RET002734,ORD015660,CUST02263,2026-05-25,Size/Fit Issue,1696.74,Pending
RET002735,ORD015661,CUST02263,2026-05-29,Better Price Found,9517.1,Pending
RET002736,ORD015666,CUST02264,2026-08-14,Not As Described,4051.62,Rejected
RET002737,ORD015674,CUST02265,2026-07-28,Not As Described,1631.91,Approved
RET002738,ORD015675,CUST02265,2026-06-08,Defective Product,740.39,Approved
RET002739,ORD015676,CUST02265,2026-07-19,Not As Described,17119.42,Approved
RET002740,ORD015697,CUST02267,2026-08-08,Defective Product,5372.01,Approved
RET002741,ORD015699,CUST02267,2026-07-01,Changed Mind,1688.07,Approved
RET002742,ORD015702,CUST02267,2026-07-29,Not As Described,21045.6,Approved
RET002743,ORD015710,CUST02269,2026-09-02,Wrong Item Received,1270.08,Approved
RET002744,ORD015711,CUST02269,2026-08-05,Changed Mind,11815.1,Approved
RET002745,ORD015713,CUST02269,2026-07-09,Not As Described,3636.14,Approved
RET002746,ORD015714,CUST02269,2026-08-05,Changed Mind,2000.6,Rejected
RET002747,ORD015719,CUST02269,2026-08-07,Size/Fit Issue,13217.56,Approved
RET002748,ORD015720,CUST02269,2026-05-21,Better Price Found,8345.09,Pending
RET002749,ORD015721,CUST02269,2026-07-04,Quality Not Satisfactory,1376.35,Approved
RET002750,ORD015723,CUST02269,2026-06-27,Not As Described,4058.0,Rejected
RET002751,ORD015724,CUST02269,2026-07-11,Changed Mind,2612.27,Approved
RET002752,ORD015731,CUST02271,2026-06-22,Damaged in Transit,2722.71,Approved
RET002753,ORD015747,CUST02274,2026-07-14,Not As Described,4498.86,Approved
RET002754,ORD015750,CUST02274,2026-07-09,Damaged in Transit,1034.05,Rejected
RET002755,ORD015754,CUST02274,2026-08-13,Damaged in Transit,10351.68,Pending
RET002756,ORD015755,CUST02274,2026-09-02,Defective Product,4615.71,Approved
RET002757,ORD015773,CUST02277,2026-07-14,Size/Fit Issue,1225.55,Pending
RET002758,ORD015775,CUST02277,2026-05-15,Changed Mind,3093.35,Approved
RET002759,ORD015801,CUST02280,2026-04-05,Changed Mind,2060.26,Approved
RET002760,ORD015804,CUST02281,2026-08-04,Size/Fit Issue,1077.94,Pending
RET002761,ORD015807,CUST02281,2026-02-03,Defective Product,884.79,Approved
RET002762,ORD015811,CUST02282,2026-07-14,Not As Described,15719.34,Approved
RET002763,ORD015815,CUST02282,2026-08-06,Not As Described,874.45,Approved
RET002764,ORD015816,CUST02282,2026-07-11,Changed Mind,1594.25,Approved
RET002765,ORD015817,CUST02282,2026-07-18,Not As Described,1234.5,Pending
RET002766,ORD015818,CUST02282,2026-04-14,Not As Described,3441.39,Approved
RET002767,ORD015821,CUST02282,2026-03-20,Size/Fit Issue,1720.93,Pending
RET002768,ORD015822,CUST02282,2026-09-02,Changed Mind,1333.57,Approved
RET002769,ORD015824,CUST02282,2026-02-07,Changed Mind,1017.34,Approved
RET002770,ORD015826,CUST02283,2026-05-01,Defective Product,2528.95,Rejected
RET002771,ORD015829,CUST02283,2026-04-21,Size/Fit Issue,2344.69,Rejected
RET002772,ORD015833,CUST02284,2026-05-08,Wrong Item Received,33978.45,Rejected
RET002773,ORD015871,CUST02292,2026-04-16,Defective Product,8050.53,Rejected
RET002774,ORD015877,CUST02293,2026-07-30,Damaged in Transit,1575.62,Pending
RET002775,ORD015881,CUST02294,2026-05-31,Damaged in Transit,3310.68,Approved
RET002776,ORD015889,CUST02296,2026-08-21,Not As Described,5369.95,Rejected
RET002777,ORD015890,CUST02296,2026-09-09,Better Price Found,1428.9,Approved
RET002778,ORD015893,CUST02296,2026-08-13,Changed Mind,3209.55,Pending
RET002779,ORD015896,CUST02296,2026-08-24,Quality Not Satisfactory,738.21,Approved
RET002780,ORD015898,CUST02296,2026-09-05,Not As Described,1637.97,Approved
RET002781,ORD015899,CUST02296,2026-08-22,Defective Product,13576.17,Approved
RET002782,ORD015900,CUST02296,2026-09-03,Changed Mind,2431.82,Approved
RET002783,ORD015921,CUST02300,2026-04-21,Changed Mind,16780.8,Rejected
RET002784,ORD015926,CUST02300,2026-04-30,Not As Described,4089.3,Rejected
RET002785,ORD015929,CUST02300,2026-05-23,Size/Fit Issue,19841.85,Approved
RET002786,ORD015931,CUST02300,2026-04-21,Quality Not Satisfactory,1156.63,Rejected
RET002787,ORD015932,CUST02300,2026-08-14,Not As Described,31460.74,Approved
RET002788,ORD015934,CUST02300,2026-07-27,Better Price Found,19229.01,Approved
RET002789,ORD015937,CUST02301,2026-08-10,Not As Described,1265.99,Pending
RET002790,ORD015941,CUST02301,2026-07-06,Quality Not Satisfactory,26663.82,Approved
RET002791,ORD015942,CUST02301,2026-07-03,Not As Described,2874.41,Approved
RET002792,ORD015944,CUST02301,2026-07-02,Not As Described,1100.41,Pending
RET002793,ORD015955,CUST02303,2026-05-30,Changed Mind,1076.79,Pending
RET002794,ORD015956,CUST02303,2026-05-15,Not As Described,19325.23,Pending
RET002795,ORD015958,CUST02303,2026-05-15,Size/Fit Issue,1524.28,Approved
RET002796,ORD015960,CUST02303,2026-05-26,Changed Mind,2492.04,Approved
RET002797,ORD015962,CUST02303,2026-01-11,Not As Described,19291.19,Rejected
RET002798,ORD015966,CUST02303,2026-04-30,Changed Mind,2548.35,Pending
RET002799,ORD015969,CUST02304,2026-08-04,Changed Mind,2788.11,Rejected
RET002800,ORD015973,CUST02304,2026-06-29,Wrong Item Received,17555.83,Approved
RET002801,ORD015974,CUST02304,2026-07-12,Not As Described,1326.44,Approved
RET002802,ORD015975,CUST02304,2026-08-30,Wrong Item Received,1075.4,Approved
RET002803,ORD015978,CUST02305,2026-08-21,Size/Fit Issue,27627.48,Approved
RET002804,ORD015979,CUST02305,2026-09-02,Damaged in Transit,693.07,Rejected
RET002805,ORD015981,CUST02305,2026-08-14,Changed Mind,1210.9,Approved
RET002806,ORD015982,CUST02305,2026-09-02,Changed Mind,1379.4,Approved
RET002807,ORD015991,CUST02307,2026-07-29,Damaged in Transit,2444.45,Rejected
RET002808,ORD015996,CUST02308,2026-06-09,Changed Mind,3444.48,Rejected
RET002809,ORD016002,CUST02308,2026-05-24,Size/Fit Issue,1816.52,Approved
RET002810,ORD016015,CUST02310,2026-08-03,Not As Described,3185.65,Pending
RET002811,ORD016018,CUST02310,2026-07-22,Better Price Found,1394.08,Pending
RET002812,ORD016019,CUST02310,2026-08-02,Changed Mind,1282.31,Rejected
RET002813,ORD016020,CUST02310,2026-08-01,Quality Not Satisfactory,4016.15,Approved
RET002814,ORD016023,CUST02310,2026-08-23,Changed Mind,1052.05,Rejected
RET002815,ORD016028,CUST02311,2026-07-12,Quality Not Satisfactory,5877.01,Pending
RET002816,ORD016032,CUST02311,2026-08-07,Defective Product,2177.11,Approved
RET002817,ORD016033,CUST02311,2026-08-06,Wrong Item Received,1658.64,Pending
RET002818,ORD016035,CUST02311,2026-07-10,Not As Described,9245.35,Pending
RET002819,ORD016046,CUST02314,2026-06-09,Quality Not Satisfactory,25497.82,Approved
RET002820,ORD016047,CUST02314,2026-09-07,Not As Described,287.25,Pending
RET002821,ORD016048,CUST02314,2026-06-12,Changed Mind,1949.37,Approved
RET002822,ORD016049,CUST02314,2026-04-24,Defective Product,3977.0,Rejected
RET002823,ORD016051,CUST02314,2026-04-03,Quality Not Satisfactory,14293.18,Rejected
RET002824,ORD016052,CUST02314,2026-05-15,Not As Described,5190.59,Rejected
RET002825,ORD016055,CUST02314,2026-08-20,Better Price Found,1476.73,Approved
RET002826,ORD016059,CUST02314,2026-07-22,Quality Not Satisfactory,2799.5,Rejected
RET002827,ORD016060,CUST02314,2026-07-07,Not As Described,2440.29,Approved
RET002828,ORD016061,CUST02314,2026-02-21,Changed Mind,7127.8,Rejected
RET002829,ORD016065,CUST02314,2026-03-11,Not As Described,2313.73,Pending
RET002830,ORD016067,CUST02314,2026-07-09,Not As Described,1884.01,Rejected
RET002831,ORD016068,CUST02314,2026-01-29,Changed Mind,7948.37,Pending
RET002832,ORD016093,CUST02320,2026-01-17,Defective Product,4162.75,Approved
RET002833,ORD016100,CUST02321,2026-05-14,Quality Not Satisfactory,21286.63,Approved
RET002834,ORD016109,CUST02322,2026-07-23,Better Price Found,1279.01,Pending
RET002835,ORD016111,CUST02323,2026-09-15,Defective Product,2035.9,Approved
RET002836,ORD016127,CUST02327,2026-08-22,Wrong Item Received,254.58,Approved
RET002837,ORD016131,CUST02328,2026-09-08,Wrong Item Received,1989.4,Approved
RET002838,ORD016135,CUST02329,2026-06-18,Changed Mind,1386.31,Pending
RET002839,ORD016140,CUST02329,2026-07-21,Damaged in Transit,1753.91,Approved
RET002840,ORD016143,CUST02329,2026-08-15,Defective Product,2039.94,Rejected
RET002841,ORD016150,CUST02331,2026-07-07,Changed Mind,23276.07,Rejected
RET002842,ORD016153,CUST02331,2026-07-15,Not As Described,20390.25,Approved
RET002843,ORD016154,CUST02331,2026-07-15,Changed Mind,2996.93,Rejected
RET002844,ORD016155,CUST02331,2026-07-10,Better Price Found,2375.88,Approved
RET002845,ORD016159,CUST02331,2026-07-27,Defective Product,1838.19,Approved
RET002846,ORD016163,CUST02331,2026-06-18,Quality Not Satisfactory,1889.25,Pending
RET002847,ORD016164,CUST02331,2026-08-13,Quality Not Satisfactory,631.13,Pending
RET002848,ORD016165,CUST02331,2026-08-12,Wrong Item Received,22998.68,Approved
RET002849,ORD016186,CUST02335,2026-02-04,Damaged in Transit,417.62,Rejected
RET002850,ORD016205,CUST02338,2026-06-04,Not As Described,1060.18,Pending
RET002851,ORD016207,CUST02338,2026-05-20,Quality Not Satisfactory,29675.67,Approved
RET002852,ORD016209,CUST02338,2026-05-31,Changed Mind,14378.06,Approved
RET002853,ORD016211,CUST02338,2026-06-03,Changed Mind,2084.67,Approved
RET002854,ORD016214,CUST02338,2026-04-26,Size/Fit Issue,918.81,Approved
RET002855,ORD016219,CUST02339,2026-06-29,Not As Described,2325.92,Approved
RET002856,ORD016229,CUST02340,2026-08-14,Changed Mind,17904.36,Approved
RET002857,ORD016241,CUST02343,2026-03-21,Size/Fit Issue,2613.31,Approved
RET002858,ORD016243,CUST02343,2026-02-26,Changed Mind,3438.02,Rejected
RET002859,ORD016255,CUST02345,2026-06-28,Wrong Item Received,732.7,Pending
RET002860,ORD016256,CUST02345,2026-06-01,Damaged in Transit,11762.2,Approved
RET002861,ORD016266,CUST02347,2026-05-05,Changed Mind,1393.03,Approved
RET002862,ORD016267,CUST02348,2026-02-24,Damaged in Transit,28471.43,Pending
RET002863,ORD016279,CUST02350,2026-08-16,Better Price Found,29527.25,Pending
RET002864,ORD016281,CUST02350,2026-08-20,Not As Described,538.02,Pending
RET002865,ORD016291,CUST02352,2026-08-16,Better Price Found,1614.5,Approved
RET002866,ORD016292,CUST02352,2026-08-19,Changed Mind,3021.18,Approved
RET002867,ORD016296,CUST02352,2026-08-27,Not As Described,1808.64,Rejected
RET002868,ORD016297,CUST02352,2026-08-06,Changed Mind,14855.32,Approved
RET002869,ORD016298,CUST02352,2026-08-11,Not As Described,2969.53,Pending
RET002870,ORD016310,CUST02355,2026-06-18,Quality Not Satisfactory,2446.32,Rejected
RET002871,ORD016311,CUST02355,2026-08-16,Not As Described,10386.42,Rejected
RET002872,ORD016312,CUST02355,2026-05-20,Size/Fit Issue,1801.91,Pending
RET002873,ORD016315,CUST02355,2026-07-24,Not As Described,1833.98,Approved
RET002874,ORD016318,CUST02355,2026-04-20,Defective Product,2586.58,Approved
RET002875,ORD016328,CUST02357,2026-05-17,Changed Mind,21742.53,Approved
RET002876,ORD016329,CUST02357,2026-04-12,Better Price Found,1285.89,Approved
RET002877,ORD016333,CUST02357,2026-01-17,Not As Described,1001.27,Approved
RET002878,ORD016336,CUST02357,2026-04-20,Wrong Item Received,2662.82,Approved
RET002879,ORD016346,CUST02358,2026-06-24,Not As Described,10663.99,Approved
RET002880,ORD016348,CUST02358,2026-06-25,Not As Described,31745.95,Rejected
RET002881,ORD016351,CUST02358,2026-07-04,Size/Fit Issue,2585.79,Rejected
RET002882,ORD016354,CUST02358,2026-09-03,Not As Described,20703.47,Rejected
RET002883,ORD016355,CUST02358,2026-06-03,Not As Described,17274.59,Approved
RET002884,ORD016356,CUST02358,2026-08-10,Not As Described,965.97,Approved
RET002885,ORD016359,CUST02358,2026-06-07,Not As Described,3057.75,Approved
RET002886,ORD016364,CUST02358,2026-07-17,Quality Not Satisfactory,13662.36,Pending
RET002887,ORD016366,CUST02358,2026-07-17,Better Price Found,2822.47,Approved
RET002888,ORD016396,CUST02364,2026-08-09,Wrong Item Received,11022.55,Approved
RET002889,ORD016400,CUST02365,2026-06-10,Size/Fit Issue,1084.9,Approved
RET002890,ORD016421,CUST02369,2026-02-20,Not As Described,1008.52,Pending
RET002891,ORD016423,CUST02369,2026-07-21,Defective Product,1250.73,Approved
RET002892,ORD016430,CUST02371,2026-05-18,Changed Mind,4847.64,Rejected
RET002893,ORD016441,CUST02373,2026-09-11,Not As Described,1340.55,Rejected
RET002894,ORD016446,CUST02373,2026-08-25,Wrong Item Received,2210.14,Approved
RET002895,ORD016448,CUST02373,2026-08-29,Changed Mind,3998.17,Approved
RET002896,ORD016454,CUST02374,2026-06-15,Changed Mind,5051.63,Approved
RET002897,ORD016505,CUST02383,2026-07-18,Changed Mind,9967.83,Approved
RET002898,ORD016540,CUST02390,2026-06-15,Better Price Found,3515.1,Approved
RET002899,ORD016553,CUST02392,2026-05-18,Not As Described,1061.29,Approved
RET002900,ORD016566,CUST02395,2026-05-07,Not As Described,1123.29,Approved
RET002901,ORD016568,CUST02395,2026-05-04,Quality Not Satisfactory,21299.01,Approved
RET002902,ORD016569,CUST02395,2026-09-05,Quality Not Satisfactory,2367.4,Rejected
RET002903,ORD016573,CUST02395,2026-05-12,Not As Described,1477.46,Pending
RET002904,ORD016576,CUST02395,2026-06-29,Changed Mind,4198.88,Approved
RET002905,ORD016597,CUST02398,2026-08-17,Wrong Item Received,2317.24,Approved
RET002906,ORD016615,CUST02401,2026-07-03,Size/Fit Issue,1670.46,Approved
RET002907,ORD016617,CUST02401,2026-06-23,Better Price Found,1481.07,Approved
RET002908,ORD016618,CUST02401,2026-07-06,Size/Fit Issue,6433.26,Approved
RET002909,ORD016619,CUST02401,2026-06-24,Not As Described,20739.26,Pending
RET002910,ORD016621,CUST02401,2026-07-05,Better Price Found,2462.11,Rejected
RET002911,ORD016623,CUST02401,2026-08-16,Quality Not Satisfactory,18811.08,Rejected
RET002912,ORD016624,CUST02401,2026-03-15,Size/Fit Issue,26647.38,Pending
RET002913,ORD016627,CUST02401,2026-03-06,Quality Not Satisfactory,4805.69,Pending
RET002914,ORD016628,CUST02401,2026-04-27,Changed Mind,2428.41,Approved
RET002915,ORD016632,CUST02401,2026-06-04,Damaged in Transit,1094.83,Pending
RET002916,ORD016633,CUST02401,2026-04-14,Quality Not Satisfactory,49030.07,Approved
RET002917,ORD016634,CUST02401,2026-01-18,Changed Mind,1189.95,Approved
RET002918,ORD016650,CUST02404,2026-05-20,Quality Not Satisfactory,1312.37,Approved
RET002919,ORD016655,CUST02405,2026-06-05,Size/Fit Issue,3923.85,Approved
RET002920,ORD016663,CUST02406,2026-06-30,Size/Fit Issue,2650.18,Pending
RET002921,ORD016667,CUST02407,2026-03-07,Damaged in Transit,770.62,Rejected
RET002922,ORD016694,CUST02411,2026-07-02,Changed Mind,1748.67,Rejected
RET002923,ORD016696,CUST02411,2026-07-05,Defective Product,5197.83,Rejected
RET002924,ORD016699,CUST02411,2026-07-26,Defective Product,12866.39,Approved
RET002925,ORD016701,CUST02411,2026-06-12,Not As Described,32163.21,Pending
RET002926,ORD016703,CUST02411,2026-06-04,Quality Not Satisfactory,2274.13,Rejected
RET002927,ORD016708,CUST02412,2026-01-17,Size/Fit Issue,2110.72,Approved
RET002928,ORD016719,CUST02415,2026-02-09,Better Price Found,5065.15,Approved
RET002929,ORD016723,CUST02415,2026-07-04,Defective Product,14331.61,Approved
RET002930,ORD016733,CUST02418,2026-08-14,Wrong Item Received,16236.67,Pending
RET002931,ORD016739,CUST02418,2026-09-01,Changed Mind,2038.04,Rejected
RET002932,ORD016740,CUST02418,2026-08-17,Changed Mind,17437.89,Rejected
RET002933,ORD016746,CUST02418,2026-09-13,Changed Mind,826.88,Rejected
RET002934,ORD016748,CUST02418,2026-08-24,Changed Mind,14087.93,Rejected
RET002935,ORD016769,CUST02423,2026-07-14,Damaged in Transit,3829.41,Approved
RET002936,ORD016776,CUST02424,2026-05-29,Changed Mind,1437.7,Pending
RET002937,ORD016778,CUST02424,2026-06-29,Changed Mind,2063.77,Approved
RET002938,ORD016779,CUST02424,2026-05-30,Changed Mind,20737.07,Approved
RET002939,ORD016792,CUST02425,2026-09-24,Size/Fit Issue,5026.54,Approved
RET002940,ORD016796,CUST02426,2026-02-15,Size/Fit Issue,4042.68,Approved
RET002941,ORD016819,CUST02429,2026-07-03,Changed Mind,2416.79,Pending
RET002942,ORD016820,CUST02429,2026-06-28,Not As Described,9434.55,Approved
RET002943,ORD016822,CUST02429,2026-07-19,Changed Mind,2418.35,Approved
RET002944,ORD016840,CUST02431,2026-04-30,Damaged in Transit,3105.55,Approved
RET002945,ORD016841,CUST02431,2026-04-27,Defective Product,3786.67,Approved
RET002946,ORD016844,CUST02431,2026-04-08,Size/Fit Issue,13965.18,Approved
RET002947,ORD016857,CUST02434,2026-05-02,Defective Product,548.54,Approved
RET002948,ORD016864,CUST02435,2026-09-17,Damaged in Transit,1558.34,Approved
RET002949,ORD016869,CUST02436,2026-02-14,Damaged in Transit,1989.22,Rejected
RET002950,ORD016870,CUST02436,2026-07-23,Defective Product,2173.21,Approved
RET002951,ORD016873,CUST02437,2026-05-20,Wrong Item Received,773.5,Pending
RET002952,ORD016889,CUST02440,2026-05-20,Damaged in Transit,2142.78,Pending
RET002953,ORD016929,CUST02446,2026-08-14,Changed Mind,1622.38,Pending
RET002954,ORD016933,CUST02446,2026-08-04,Changed Mind,3585.87,Approved
RET002955,ORD016936,CUST02446,2026-08-11,Changed Mind,24168.79,Approved
RET002956,ORD016941,CUST02446,2026-08-05,Not As Described,1503.08,Approved
RET002957,ORD016943,CUST02447,2026-05-24,Not As Described,520.79,Approved
RET002958,ORD016980,CUST02453,2026-02-18,Size/Fit Issue,24478.31,Approved
RET002959,ORD016998,CUST02456,2026-04-06,Quality Not Satisfactory,1482.71,Approved
RET002960,ORD017023,CUST02461,2026-07-09,Better Price Found,655.48,Pending
RET002961,ORD017024,CUST02461,2026-06-25,Changed Mind,1192.61,Approved
RET002962,ORD017025,CUST02461,2026-06-30,Not As Described,32456.6,Approved
RET002963,ORD017026,CUST02461,2026-06-26,Quality Not Satisfactory,681.81,Approved
RET002964,ORD017028,CUST02461,2026-07-04,Changed Mind,444.41,Pending
RET002965,ORD017034,CUST02461,2026-06-29,Not As Described,2590.23,Approved
RET002966,ORD017035,CUST02461,2026-07-12,Not As Described,1637.33,Pending
RET002967,ORD017036,CUST02461,2026-08-12,Not As Described,3133.76,Rejected
RET002968,ORD017038,CUST02461,2026-07-03,Size/Fit Issue,4150.64,Approved
RET002969,ORD017044,CUST02462,2026-06-15,Damaged in Transit,1240.37,Pending
RET002970,ORD017045,CUST02462,2026-08-09,Changed Mind,3304.87,Pending
RET002971,ORD017051,CUST02463,2026-08-21,Changed Mind,1719.04,Approved
RET002972,ORD017056,CUST02463,2026-08-22,Changed Mind,1639.61,Rejected
RET002973,ORD017094,CUST02470,2026-05-06,Wrong Item Received,2518.61,Approved
RET002974,ORD017097,CUST02471,2026-08-06,Changed Mind,1955.67,Rejected
RET002975,ORD017099,CUST02471,2026-08-15,Better Price Found,1180.43,Approved
RET002976,ORD017106,CUST02472,2026-05-28,Wrong Item Received,804.4,Approved
RET002977,ORD017113,CUST02473,2026-08-12,Not As Described,18412.07,Rejected
RET002978,ORD017116,CUST02473,2026-08-20,Better Price Found,15450.11,Pending
RET002979,ORD017117,CUST02473,2026-08-17,Not As Described,1088.57,Approved
RET002980,ORD017119,CUST02474,2026-08-04,Size/Fit Issue,6891.39,Rejected
RET002981,ORD017128,CUST02475,2026-07-05,Changed Mind,2513.67,Approved
RET002982,ORD017130,CUST02475,2026-08-30,Wrong Item Received,683.06,Approved
RET002983,ORD017131,CUST02475,2026-08-06,Better Price Found,11513.84,Approved
RET002984,ORD017139,CUST02477,2026-09-18,Damaged in Transit,3607.72,Approved
RET002985,ORD017157,CUST02480,2026-07-30,Better Price Found,3448.88,Approved
RET002986,ORD017169,CUST02482,2026-08-11,Wrong Item Received,329.65,Approved
RET002987,ORD017176,CUST02483,2026-04-07,Quality Not Satisfactory,55000.0,Approved
RET002988,ORD017177,CUST02483,2026-02-03,Not As Described,2557.19,Approved
RET002989,ORD017198,CUST02486,2026-06-12,Not As Described,833.35,Pending
RET002990,ORD017217,CUST02489,2026-03-02,Damaged in Transit,22558.67,Pending
RET002991,ORD017231,CUST02492,2026-02-11,Changed Mind,3280.46,Approved
RET002992,ORD017241,CUST02494,2026-08-22,Changed Mind,650.98,Rejected
RET002993,ORD017242,CUST02494,2026-08-29,Not As Described,1866.58,Rejected
RET002994,ORD017243,CUST02494,2026-08-19,Changed Mind,1580.05,Approved
RET002995,ORD017245,CUST02494,2026-08-17,Not As Described,12849.95,Approved
RET002996,ORD017249,CUST02494,2026-08-11,Not As Described,2788.58,Rejected
RET002997,ORD017251,CUST02494,2026-08-30,Changed Mind,293.1,Approved
RET002998,ORD017253,CUST02494,2026-08-29,Wrong Item Received,11674.08,Approved
RET002999,ORD017256,CUST02494,2026-08-17,Better Price Found,3195.45,Rejected
RET003000,ORD017263,CUST02495,2026-07-28,Defective Product,766.33,Approved
RET003001,ORD017269,CUST02497,2026-04-07,Defective Product,696.26,Pending
RET003002,ORD017273,CUST02497,2026-07-20,Damaged in Transit,3579.77,Approved
RET003003,ORD017280,CUST02499,2026-08-08,Not As Described,3454.22,Rejected
RET003004,ORD017285,CUST02499,2026-08-12,Not As Described,12651.31,Approved
RET003005,ORD017286,CUST02499,2026-08-15,Not As Described,4312.01,Approved
RET003006,ORD017288,CUST02499,2026-08-04,Better Price Found,6024.17,Pending
RET003007,ORD017290,CUST02499,2026-08-18,Not As Described,1558.13,Approved
RET003008,ORD017291,CUST02499,2026-07-25,Changed Mind,1085.26,Approved
RET003009,ORD017292,CUST02499,2026-08-07,Size/Fit Issue,475.17,Approved
RET003010,ORD017295,CUST02499,2026-09-04,Not As Described,1367.62,Approved
RET003011,ORD017296,CUST02499,2026-07-18,Wrong Item Received,2795.47,Pending
RET003012,ORD017318,CUST02504,2026-03-30,Defective Product,13560.86,Pending
RET003013,ORD017338,CUST02507,2026-08-05,Defective Product,1788.83,Approved
RET003014,ORD017378,CUST02514,2026-07-26,Damaged in Transit,9582.32,Approved
RET003015,ORD017387,CUST02515,2026-02-27,Defective Product,1394.95,Pending
RET003016,ORD017394,CUST02517,2026-06-01,Not As Described,1382.36,Approved
RET003017,ORD017398,CUST02517,2026-08-02,Quality Not Satisfactory,2714.81,Rejected
RET003018,ORD017408,CUST02519,2026-05-17,Not As Described,1518.06,Approved
RET003019,ORD017415,CUST02519,2026-09-09,Better Price Found,30394.87,Rejected
RET003020,ORD017416,CUST02519,2026-08-19,Better Price Found,26047.74,Rejected
RET003021,ORD017417,CUST02519,2026-07-15,Defective Product,895.26,Pending
RET003022,ORD017424,CUST02520,2026-09-02,Size/Fit Issue,1063.53,Approved
RET003023,ORD017434,CUST02522,2026-08-06,Damaged in Transit,2304.58,Pending
RET003024,ORD017437,CUST02522,2026-08-14,Size/Fit Issue,638.4,Approved
RET003025,ORD017451,CUST02523,2026-04-06,Not As Described,644.86,Approved
RET003026,ORD017468,CUST02526,2026-03-03,Size/Fit Issue,509.19,Rejected
RET003027,ORD017471,CUST02526,2026-08-18,Damaged in Transit,381.71,Approved
RET003028,ORD017483,CUST02528,2026-08-26,Not As Described,26565.82,Approved
RET003029,ORD017486,CUST02529,2026-05-09,Wrong Item Received,482.85,Rejected
RET003030,ORD017496,CUST02530,2026-05-29,Not As Described,17962.08,Approved
RET003031,ORD017497,CUST02530,2026-05-06,Size/Fit Issue,314.53,Pending
RET003032,ORD017501,CUST02530,2026-08-21,Changed Mind,1966.96,Pending
RET003033,ORD017507,CUST02531,2026-02-13,Quality Not Satisfactory,3398.22,Approved
RET003034,ORD017517,CUST02533,2026-04-22,Quality Not Satisfactory,2306.73,Approved
RET003035,ORD017534,CUST02536,2026-04-27,Size/Fit Issue,1033.51,Rejected
RET003036,ORD017547,CUST02538,2026-06-21,Defective Product,1955.5,Approved
RET003037,ORD017549,CUST02538,2026-05-08,Size/Fit Issue,4320.85,Rejected
RET003038,ORD017559,CUST02540,2026-07-31,Damaged in Transit,20130.38,Pending
RET003039,ORD017561,CUST02540,2026-08-08,Changed Mind,12376.26,Rejected
RET003040,ORD017562,CUST02540,2026-09-04,Changed Mind,1604.41,Pending
RET003041,ORD017564,CUST02541,2026-09-01,Defective Product,869.6,Approved
RET003042,ORD017565,CUST02541,2026-05-31,Changed Mind,1578.59,Rejected
RET003043,ORD017567,CUST02541,2026-07-22,Damaged in Transit,14575.37,Approved
RET003044,ORD017570,CUST02541,2026-08-31,Not As Described,10092.62,Pending
RET003045,ORD017571,CUST02541,2026-07-31,Size/Fit Issue,16351.71,Approved
RET003046,ORD017573,CUST02541,2026-07-26,Not As Described,1578.13,Approved
RET003047,ORD017577,CUST02541,2026-06-17,Not As Described,422.93,Approved
RET003048,ORD017581,CUST02542,2026-05-28,Not As Described,12756.12,Approved
RET003049,ORD017588,CUST02542,2026-01-08,Changed Mind,22844.07,Pending
RET003050,ORD017604,CUST02546,2026-09-16,Quality Not Satisfactory,1391.08,Approved
RET003051,ORD017615,CUST02549,2026-06-19,Changed Mind,2832.6,Approved
RET003052,ORD017619,CUST02549,2026-06-16,Better Price Found,1324.1,Approved
RET003053,ORD017620,CUST02549,2026-06-25,Not As Described,2076.25,Pending
RET003054,ORD017624,CUST02549,2026-08-15,Changed Mind,10547.47,Pending
RET003055,ORD017625,CUST02549,2026-05-29,Not As Described,2475.91,Approved
RET003056,ORD017628,CUST02550,2026-03-09,Changed Mind,441.24,Approved
RET003057,ORD017630,CUST02550,2026-03-23,Defective Product,4460.4,Approved
RET003058,ORD017632,CUST02550,2026-02-10,Changed Mind,1738.24,Approved
RET003059,ORD017633,CUST02550,2026-02-23,Not As Described,1786.61,Pending
RET003060,ORD017635,CUST02550,2026-02-15,Quality Not Satisfactory,27540.36,Approved
RET003061,ORD017638,CUST02550,2026-07-02,Better Price Found,2992.46,Approved
RET003062,ORD017651,CUST02553,2026-06-05,Changed Mind,392.5,Approved
RET003063,ORD017663,CUST02554,2026-07-08,Changed Mind,1225.32,Approved
RET003064,ORD017666,CUST02555,2026-04-17,Quality Not Satisfactory,2466.43,Approved
RET003065,ORD017672,CUST02556,2026-06-01,Not As Described,1796.79,Approved
RET003066,ORD017674,CUST02556,2026-06-02,Quality Not Satisfactory,10184.92,Approved
RET003067,ORD017680,CUST02556,2026-06-03,Quality Not Satisfactory,28343.47,Approved
RET003068,ORD017682,CUST02556,2026-05-15,Changed Mind,4020.52,Rejected
RET003069,ORD017684,CUST02556,2026-05-17,Better Price Found,778.95,Approved
RET003070,ORD017685,CUST02556,2026-08-05,Not As Described,2432.5,Approved
RET003071,ORD017687,CUST02556,2026-07-22,Wrong Item Received,2712.32,Pending
RET003072,ORD017699,CUST02558,2026-06-24,Quality Not Satisfactory,15931.01,Approved
RET003073,ORD017700,CUST02558,2026-07-23,Not As Described,8532.59,Rejected
RET003074,ORD017713,CUST02560,2026-07-25,Better Price Found,4007.95,Rejected
RET003075,ORD017720,CUST02561,2026-07-23,Not As Described,7022.73,Approved
RET003076,ORD017722,CUST02561,2026-05-31,Size/Fit Issue,1699.99,Approved
RET003077,ORD017727,CUST02562,2026-08-17,Changed Mind,5017.97,Approved
RET003078,ORD017728,CUST02562,2026-08-26,Quality Not Satisfactory,1896.22,Approved
RET003079,ORD017730,CUST02562,2026-08-04,Changed Mind,2961.85,Approved
RET003080,ORD017731,CUST02562,2026-08-15,Better Price Found,18316.39,Pending
RET003081,ORD017733,CUST02562,2026-08-27,Size/Fit Issue,1463.48,Rejected
RET003082,ORD017734,CUST02562,2026-08-06,Changed Mind,1304.26,Approved
RET003083,ORD017759,CUST02566,2026-06-25,Not As Described,2785.88,Approved
RET003084,ORD017760,CUST02566,2026-09-07,Size/Fit Issue,52549.16,Approved
RET003085,ORD017766,CUST02566,2026-08-19,Changed Mind,617.82,Rejected
RET003086,ORD017779,CUST02568,2026-04-11,Quality Not Satisfactory,42491.46,Approved
RET003087,ORD017791,CUST02570,2026-08-17,Size/Fit Issue,11732.03,Approved
RET003088,ORD017796,CUST02571,2026-08-28,Changed Mind,6461.66,Rejected
RET003089,ORD017805,CUST02572,2026-09-02,Changed Mind,721.92,Approved
RET003090,ORD017806,CUST02572,2026-08-31,Not As Described,5640.02,Approved
RET003091,ORD017809,CUST02572,2026-08-28,Not As Described,1271.58,Pending
RET003092,ORD017810,CUST02572,2026-09-04,Quality Not Satisfactory,665.38,Approved
RET003093,ORD017811,CUST02572,2026-09-04,Better Price Found,33696.6,Pending
RET003094,ORD017812,CUST02572,2026-08-25,Defective Product,2378.9,Approved
RET003095,ORD017813,CUST02572,2026-08-18,Size/Fit Issue,11806.3,Pending
RET003096,ORD017815,CUST02572,2026-09-02,Size/Fit Issue,912.52,Pending
RET003097,ORD017816,CUST02572,2026-08-22,Changed Mind,898.03,Approved
RET003098,ORD017817,CUST02572,2026-09-06,Not As Described,2638.42,Approved
RET003099,ORD017818,CUST02572,2026-08-15,Quality Not Satisfactory,1226.01,Pending
RET003100,ORD017820,CUST02572,2026-08-27,Wrong Item Received,3721.98,Pending
RET003101,ORD017823,CUST02572,2026-08-21,Better Price Found,2339.23,Approved
RET003102,ORD017825,CUST02572,2026-08-30,Changed Mind,17152.73,Approved
RET003103,ORD017836,CUST02575,2026-06-04,Size/Fit Issue,1265.78,Approved
RET003104,ORD017859,CUST02579,2026-06-03,Changed Mind,1546.74,Approved
RET003105,ORD017860,CUST02580,2026-02-24,Not As Described,1315.68,Approved
RET003106,ORD017881,CUST02583,2026-08-28,Changed Mind,1924.86,Rejected
RET003107,ORD017883,CUST02583,2026-08-04,Better Price Found,2682.48,Rejected
RET003108,ORD017885,CUST02583,2026-08-01,Changed Mind,1237.5,Approved
RET003109,ORD017887,CUST02583,2026-09-13,Quality Not Satisfactory,1818.35,Approved
RET003110,ORD017888,CUST02583,2026-07-02,Defective Product,1866.4,Pending
RET003111,ORD017892,CUST02583,2026-06-30,Defective Product,1338.72,Rejected
RET003112,ORD017899,CUST02584,2026-05-13,Size/Fit Issue,1383.97,Approved
RET003113,ORD017904,CUST02585,2026-08-02,Damaged in Transit,1087.37,Rejected
RET003114,ORD017911,CUST02587,2026-05-10,Changed Mind,2501.74,Approved
RET003115,ORD017930,CUST02589,2026-04-10,Wrong Item Received,3289.37,Approved
RET003116,ORD017938,CUST02590,2026-06-13,Changed Mind,3550.27,Approved
RET003117,ORD017951,CUST02593,2026-07-24,Not As Described,400.0,Approved
RET003118,ORD017952,CUST02593,2026-07-29,Not As Described,2021.55,Pending
RET003119,ORD017955,CUST02593,2026-08-04,Better Price Found,14381.27,Approved
RET003120,ORD017957,CUST02593,2026-08-07,Changed Mind,1275.5,Approved
RET003121,ORD017958,CUST02593,2026-08-10,Better Price Found,15312.79,Approved
RET003122,ORD017961,CUST02594,2026-05-30,Changed Mind,4331.48,Pending
RET003123,ORD017975,CUST02595,2026-08-31,Not As Described,1373.67,Approved
RET003124,ORD017996,CUST02600,2026-04-27,Wrong Item Received,1302.1,Approved
RET003125,ORD018020,CUST02604,2026-04-15,Changed Mind,411.0,Approved
RET003126,ORD018054,CUST02610,2026-08-22,Damaged in Transit,1073.7,Approved
RET003127,ORD018056,CUST02610,2026-08-19,Wrong Item Received,13099.35,Approved
RET003128,ORD018059,CUST02610,2026-08-19,Not As Described,1544.58,Pending
RET003129,ORD018060,CUST02610,2026-08-01,Not As Described,5260.91,Approved
RET003130,ORD018062,CUST02610,2026-08-11,Changed Mind,8130.61,Rejected
RET003131,ORD018064,CUST02611,2026-08-28,Changed Mind,736.99,Pending
RET003132,ORD018066,CUST02611,2026-05-20,Defective Product,14433.38,Approved
RET003133,ORD018079,CUST02614,2026-06-17,Damaged in Transit,399.05,Pending
RET003134,ORD018081,CUST02614,2026-07-03,Size/Fit Issue,3623.13,Pending
RET003135,ORD018098,CUST02617,2026-08-11,Size/Fit Issue,9145.55,Pending
RET003136,ORD018104,CUST02617,2026-06-28,Better Price Found,537.92,Pending
RET003137,ORD018106,CUST02617,2026-08-27,Wrong Item Received,3131.18,Rejected
RET003138,ORD018107,CUST02617,2026-09-03,Changed Mind,27344.26,Approved
RET003139,ORD018109,CUST02617,2026-07-25,Quality Not Satisfactory,1866.57,Approved
RET003140,ORD018112,CUST02618,2026-08-14,Size/Fit Issue,1837.37,Approved
RET003141,ORD018118,CUST02618,2026-08-25,Wrong Item Received,1560.49,Approved
RET003142,ORD018122,CUST02620,2026-05-07,Quality Not Satisfactory,2335.22,Pending
RET003143,ORD018131,CUST02622,2026-04-22,Defective Product,1733.97,Approved
RET003144,ORD018134,CUST02623,2026-09-04,Wrong Item Received,2470.23,Approved
RET003145,ORD018135,CUST02623,2026-07-29,Damaged in Transit,3533.16,Approved
RET003146,ORD018157,CUST02627,2026-07-08,Not As Described,480.27,Approved
RET003147,ORD018163,CUST02627,2026-05-31,Changed Mind,22195.95,Approved
RET003148,ORD018175,CUST02628,2026-06-01,Size/Fit Issue,745.95,Approved
RET003149,ORD018179,CUST02630,2026-09-04,Size/Fit Issue,650.23,Approved
RET003150,ORD018198,CUST02633,2026-05-31,Damaged in Transit,20134.35,Approved
RET003151,ORD018203,CUST02634,2026-07-04,Defective Product,826.0,Pending
RET003152,ORD018213,CUST02636,2026-07-16,Size/Fit Issue,1281.55,Rejected
RET003153,ORD018214,CUST02636,2026-06-07,Wrong Item Received,711.94,Approved
RET003154,ORD018244,CUST02640,2026-03-19,Defective Product,745.38,Rejected
RET003155,ORD018252,CUST02642,2026-08-11,Changed Mind,6116.08,Approved
RET003156,ORD018272,CUST02644,2026-09-11,Quality Not Satisfactory,2349.96,Approved
RET003157,ORD018273,CUST02644,2026-08-10,Changed Mind,3337.21,Approved
RET003158,ORD018274,CUST02644,2026-08-13,Size/Fit Issue,32727.54,Approved
RET003159,ORD018276,CUST02644,2026-08-16,Not As Described,16846.54,Approved
RET003160,ORD018279,CUST02644,2026-08-28,Quality Not Satisfactory,3023.39,Approved
RET003161,ORD018280,CUST02644,2026-08-08,Changed Mind,2556.84,Rejected
RET003162,ORD018281,CUST02644,2026-08-15,Not As Described,4897.28,Pending
RET003163,ORD018284,CUST02644,2026-08-09,Changed Mind,1952.83,Pending
RET003164,ORD018287,CUST02644,2026-08-27,Better Price Found,8395.67,Approved
RET003165,ORD018305,CUST02647,2026-03-24,Defective Product,1157.91,Approved
RET003166,ORD018313,CUST02648,2026-06-26,Not As Described,5928.5,Approved
RET003167,ORD018314,CUST02648,2026-06-28,Changed Mind,6607.7,Approved
RET003168,ORD018315,CUST02648,2026-06-21,Better Price Found,1052.0,Approved
RET003169,ORD018316,CUST02648,2026-06-14,Not As Described,288.83,Approved
RET003170,ORD018321,CUST02648,2026-05-18,Size/Fit Issue,39940.68,Approved
RET003171,ORD018322,CUST02648,2026-08-06,Wrong Item Received,32737.32,Approved
RET003172,ORD018323,CUST02648,2026-07-07,Not As Described,671.6,Approved
RET003173,ORD018330,CUST02649,2026-01-27,Changed Mind,3159.57,Approved
RET003174,ORD018339,CUST02651,2026-08-26,Damaged in Transit,3519.81,Approved
RET003175,ORD018340,CUST02651,2026-08-22,Quality Not Satisfactory,619.88,Approved
RET003176,ORD018342,CUST02651,2026-08-20,Better Price Found,6551.1,Approved
RET003177,ORD018344,CUST02651,2026-08-08,Wrong Item Received,2762.98,Rejected
RET003178,ORD018345,CUST02651,2026-07-21,Defective Product,2023.09,Pending
RET003179,ORD018346,CUST02651,2026-08-06,Defective Product,2790.5,Approved
RET003180,ORD018348,CUST02651,2026-07-03,Wrong Item Received,1270.45,Approved
RET003181,ORD018361,CUST02653,2026-08-09,Changed Mind,1767.11,Approved
RET003182,ORD018371,CUST02656,2026-04-11,Not As Described,2691.93,Approved
RET003183,ORD018376,CUST02656,2026-04-27,Not As Described,2308.94,Approved
RET003184,ORD018382,CUST02657,2026-04-25,Size/Fit Issue,9502.19,Pending
RET003185,ORD018390,CUST02658,2026-08-19,Changed Mind,1686.34,Approved
RET003186,ORD018391,CUST02658,2026-08-14,Quality Not Satisfactory,9302.84,Approved
RET003187,ORD018398,CUST02658,2026-07-14,Not As Described,35741.82,Rejected
RET003188,ORD018400,CUST02658,2026-07-16,Defective Product,18798.29,Rejected
RET003189,ORD018401,CUST02658,2026-07-22,Quality Not Satisfactory,2949.56,Approved
RET003190,ORD018406,CUST02659,2026-08-09,Damaged in Transit,2927.36,Approved
RET003191,ORD018419,CUST02661,2026-09-08,Defective Product,7120.09,Approved
RET003192,ORD018434,CUST02663,2026-03-07,Damaged in Transit,4530.46,Approved
RET003193,ORD018490,CUST02674,2026-05-07,Changed Mind,1840.01,Approved
RET003194,ORD018493,CUST02674,2026-07-06,Changed Mind,22899.0,Pending
RET003195,ORD018495,CUST02674,2026-08-03,Changed Mind,1461.56,Approved
RET003196,ORD018496,CUST02674,2026-09-02,Quality Not Satisfactory,647.87,Pending
RET003197,ORD018498,CUST02675,2026-02-10,Quality Not Satisfactory,37157.89,Pending
RET003198,ORD018500,CUST02675,2026-06-20,Size/Fit Issue,1488.96,Rejected
RET003199,ORD018513,CUST02677,2026-03-22,Defective Product,9544.66,Pending
RET003200,ORD018517,CUST02678,2026-04-15,Size/Fit Issue,4200.33,Rejected
RET003201,ORD018521,CUST02679,2026-04-04,Quality Not Satisfactory,2505.73,Approved
RET003202,ORD018529,CUST02680,2026-06-18,Damaged in Transit,2693.52,Approved
RET003203,ORD018533,CUST02681,2026-05-23,Wrong Item Received,12269.09,Approved
RET003204,ORD018535,CUST02681,2026-05-30,Changed Mind,665.36,Approved
RET003205,ORD018538,CUST02681,2026-02-20,Quality Not Satisfactory,4057.04,Approved
RET003206,ORD018539,CUST02681,2026-06-03,Changed Mind,1946.74,Approved
RET003207,ORD018567,CUST02686,2026-08-22,Defective Product,7341.21,Approved
RET003208,ORD018570,CUST02686,2026-07-17,Size/Fit Issue,9337.4,Approved
RET003209,ORD018572,CUST02687,2026-07-19,Better Price Found,7730.11,Pending
RET003210,ORD018574,CUST02687,2026-07-29,Better Price Found,1433.7,Approved
RET003211,ORD018575,CUST02687,2026-06-16,Wrong Item Received,3914.35,Approved
RET003212,ORD018579,CUST02687,2026-08-05,Changed Mind,1307.31,Approved
RET003213,ORD018581,CUST02688,2026-06-17,Size/Fit Issue,27006.97,Approved
RET003214,ORD018588,CUST02689,2026-06-19,Not As Described,2565.82,Approved
RET003215,ORD018596,CUST02691,2026-08-18,Size/Fit Issue,3268.32,Pending
RET003216,ORD018597,CUST02691,2026-06-03,Better Price Found,2052.13,Approved
RET003217,ORD018598,CUST02691,2026-05-28,Not As Described,945.96,Approved
RET003218,ORD018601,CUST02691,2026-07-25,Changed Mind,3016.94,Approved
RET003219,ORD018608,CUST02691,2026-07-20,Not As Described,1243.73,Pending
RET003220,ORD018609,CUST02691,2026-06-25,Changed Mind,542.04,Approved
RET003221,ORD018611,CUST02691,2026-07-14,Better Price Found,6028.55,Approved
RET003222,ORD018612,CUST02691,2026-08-08,Better Price Found,20263.77,Approved
RET003223,ORD018615,CUST02691,2026-04-12,Changed Mind,1222.5,Pending
RET003224,ORD018625,CUST02693,2026-08-25,Defective Product,1765.54,Approved
RET003225,ORD018628,CUST02694,2026-03-19,Defective Product,1449.85,Pending
RET003226,ORD018629,CUST02694,2026-05-14,Not As Described,2286.41,Approved
RET003227,ORD018635,CUST02695,2026-08-25,Changed Mind,2938.11,Approved
RET003228,ORD018637,CUST02695,2026-09-11,Changed Mind,1217.0,Pending
RET003229,ORD018639,CUST02695,2026-08-16,Not As Described,40852.11,Pending
RET003230,ORD018645,CUST02697,2026-06-12,Damaged in Transit,2414.68,Approved
RET003231,ORD018652,CUST02698,2026-08-13,Not As Described,727.55,Approved
RET003232,ORD018663,CUST02698,2026-06-08,Not As Described,3999.4,Approved
RET003233,ORD018666,CUST02698,2026-07-20,Not As Described,2794.96,Approved
RET003234,ORD018673,CUST02699,2026-05-20,Size/Fit Issue,663.15,Approved
RET003235,ORD018689,CUST02702,2026-02-21,Wrong Item Received,4482.12,Approved
RET003236,ORD018695,CUST02703,2026-07-19,Quality Not Satisfactory,8000.0,Approved
RET003237,ORD018698,CUST02703,2026-07-04,Not As Described,1397.94,Pending
RET003238,ORD018700,CUST02703,2026-08-24,Wrong Item Received,1466.75,Approved
RET003239,ORD018701,CUST02703,2026-07-20,Not As Described,8194.84,Approved
RET003240,ORD018702,CUST02703,2026-08-20,Better Price Found,29018.24,Rejected
RET003241,ORD018707,CUST02703,2026-07-30,Not As Described,2151.39,Approved
RET003242,ORD018709,CUST02703,2026-08-21,Better Price Found,6000.0,Pending
RET003243,ORD018710,CUST02703,2026-08-27,Better Price Found,4000.0,Approved
RET003244,ORD018711,CUST02703,2026-08-16,Changed Mind,2680.26,Approved
RET003245,ORD018712,CUST02703,2026-09-02,Not As Described,2343.81,Approved
RET003246,ORD018713,CUST02703,2026-08-28,Size/Fit Issue,20431.23,Pending
RET003247,ORD018714,CUST02703,2026-08-19,Damaged in Transit,42533.91,Rejected
RET003248,ORD018715,CUST02703,2026-07-27,Damaged in Transit,596.03,Rejected
RET003249,ORD018718,CUST02704,2026-06-26,Damaged in Transit,847.63,Approved
RET003250,ORD018719,CUST02704,2026-07-15,Changed Mind,3068.53,Rejected
RET003251,ORD018720,CUST02704,2026-08-31,Damaged in Transit,2184.56,Rejected
RET003252,ORD018724,CUST02704,2026-07-31,Defective Product,802.83,Approved
RET003253,ORD018726,CUST02704,2026-07-14,Better Price Found,847.5,Approved
RET003254,ORD018727,CUST02704,2026-09-08,Not As Described,9230.23,Approved
RET003255,ORD018729,CUST02704,2026-08-13,Quality Not Satisfactory,2079.44,Approved
RET003256,ORD018730,CUST02704,2026-06-30,Quality Not Satisfactory,2062.39,Approved
RET003257,ORD018731,CUST02704,2026-07-20,Changed Mind,22402.43,Pending
RET003258,ORD018734,CUST02704,2026-06-22,Not As Described,2470.97,Rejected
RET003259,ORD018735,CUST02704,2026-08-29,Not As Described,1517.95,Approved
RET003260,ORD018736,CUST02704,2026-08-07,Changed Mind,3572.15,Approved
RET003261,ORD018752,CUST02708,2026-05-19,Changed Mind,11962.7,Approved
RET003262,ORD018829,CUST02722,2026-08-27,Wrong Item Received,1545.99,Approved
RET003263,ORD018830,CUST02722,2026-08-08,Damaged in Transit,753.16,Approved
RET003264,ORD018835,CUST02723,2026-04-28,Size/Fit Issue,4252.41,Approved
RET003265,ORD018857,CUST02727,2026-07-14,Not As Described,459.89,Approved
RET003266,ORD018863,CUST02729,2026-07-06,Damaged in Transit,579.61,Approved
RET003267,ORD018889,CUST02733,2026-06-13,Not As Described,667.73,Rejected
RET003268,ORD018890,CUST02733,2026-02-20,Damaged in Transit,2502.97,Rejected
RET003269,ORD018893,CUST02734,2026-08-19,Defective Product,7600.96,Pending
RET003270,ORD018896,CUST02734,2026-05-12,Not As Described,2121.33,Approved
RET003271,ORD018909,CUST02736,2026-07-06,Quality Not Satisfactory,1870.88,Approved
RET003272,ORD018913,CUST02736,2026-07-13,Changed Mind,7892.63,Pending
RET003273,ORD018914,CUST02736,2026-07-17,Quality Not Satisfactory,3825.08,Rejected
RET003274,ORD018915,CUST02736,2026-07-08,Better Price Found,4539.36,Pending
RET003275,ORD018916,CUST02736,2026-07-15,Not As Described,1493.68,Approved
RET003276,ORD018917,CUST02736,2026-07-02,Changed Mind,4413.71,Pending
RET003277,ORD018920,CUST02736,2026-08-24,Better Price Found,545.45,Rejected
RET003278,ORD018921,CUST02736,2026-08-13,Size/Fit Issue,1120.68,Rejected
RET003279,ORD018922,CUST02736,2026-08-13,Quality Not Satisfactory,2121.33,Approved
RET003280,ORD018926,CUST02736,2026-07-23,Not As Described,1266.76,Rejected
RET003281,ORD018928,CUST02736,2026-07-24,Changed Mind,1399.83,Rejected
RET003282,ORD018929,CUST02736,2026-07-27,Changed Mind,6893.64,Approved
RET003283,ORD018934,CUST02738,2026-08-27,Size/Fit Issue,2221.59,Rejected
RET003284,ORD018938,CUST02738,2026-08-05,Better Price Found,1826.3,Approved
RET003285,ORD018942,CUST02738,2026-08-07,Damaged in Transit,1030.85,Pending
RET003286,ORD018944,CUST02738,2026-07-04,Not As Described,2698.09,Rejected
RET003287,ORD018945,CUST02738,2026-07-25,Defective Product,408.55,Rejected
RET003288,ORD018948,CUST02739,2026-08-25,Defective Product,2201.38,Approved
RET003289,ORD018949,CUST02740,2026-08-02,Better Price Found,1877.6,Approved
RET003290,ORD018950,CUST02740,2026-09-03,Better Price Found,475.25,Approved
RET003291,ORD018951,CUST02740,2026-06-26,Better Price Found,5008.69,Approved
RET003292,ORD018952,CUST02740,2026-05-14,Changed Mind,2675.36,Approved
RET003293,ORD018954,CUST02740,2026-07-02,Changed Mind,1203.1,Approved
RET003294,ORD018957,CUST02740,2026-08-23,Changed Mind,50456.19,Rejected
RET003295,ORD018958,CUST02740,2026-08-29,Damaged in Transit,3719.7,Rejected
RET003296,ORD018961,CUST02740,2026-08-21,Damaged in Transit,1391.6,Pending
RET003297,ORD018962,CUST02740,2026-07-14,Defective Product,621.47,Approved
RET003298,ORD018965,CUST02740,2026-05-12,Quality Not Satisfactory,3265.2,Approved
RET003299,ORD018977,CUST02744,2026-07-10,Changed Mind,25754.24,Approved
RET003300,ORD018980,CUST02744,2026-07-05,Changed Mind,1311.74,Pending
RET003301,ORD018986,CUST02744,2026-07-06,Defective Product,962.67,Pending
RET003302,ORD018988,CUST02744,2026-07-05,Defective Product,11076.37,Pending
RET003303,ORD018992,CUST02746,2026-04-28,Not As Described,4653.45,Approved
RET003304,ORD019010,CUST02749,2026-07-20,Size/Fit Issue,2682.65,Pending
RET003305,ORD019014,CUST02749,2026-06-25,Not As Described,766.22,Approved
RET003306,ORD019015,CUST02749,2026-05-13,Not As Described,1548.66,Approved
RET003307,ORD019017,CUST02749,2026-05-02,Wrong Item Received,24143.6,Approved
RET003308,ORD019042,CUST02754,2026-08-02,Size/Fit Issue,339.71,Approved
RET003309,ORD019045,CUST02754,2026-08-09,Not As Described,2083.36,Approved
RET003310,ORD019048,CUST02754,2026-06-26,Changed Mind,842.28,Pending
RET003311,ORD019051,CUST02754,2026-09-04,Not As Described,1769.82,Approved
RET003312,ORD019052,CUST02754,2026-07-07,Quality Not Satisfactory,728.82,Approved
RET003313,ORD019055,CUST02754,2026-07-21,Defective Product,39269.75,Approved
RET003314,ORD019056,CUST02754,2026-09-04,Not As Described,1322.03,Rejected
RET003315,ORD019057,CUST02754,2026-08-08,Quality Not Satisfactory,5272.43,Pending
RET003316,ORD019063,CUST02756,2026-08-05,Not As Described,1225.5,Rejected
RET003317,ORD019065,CUST02756,2026-08-10,Damaged in Transit,10022.61,Approved
RET003318,ORD019071,CUST02756,2026-07-28,Wrong Item Received,1701.35,Approved
RET003319,ORD019072,CUST02756,2026-08-01,Quality Not Satisfactory,1073.93,Pending
RET003320,ORD019073,CUST02756,2026-08-12,Changed Mind,17139.08,Approved
RET003321,ORD019074,CUST02756,2026-08-25,Not As Described,2776.5,Approved
RET003322,ORD019076,CUST02756,2026-08-16,Changed Mind,1297.16,Rejected
RET003323,ORD019078,CUST02756,2026-08-23,Quality Not Satisfactory,6721.44,Approved
RET003324,ORD019093,CUST02759,2026-07-06,Size/Fit Issue,20563.99,Approved
RET003325,ORD019096,CUST02760,2026-03-14,Size/Fit Issue,996.85,Approved
RET003326,ORD019100,CUST02760,2026-04-23,Damaged in Transit,19531.06,Approved
RET003327,ORD019119,CUST02763,2026-07-28,Quality Not Satisfactory,3660.77,Approved
RET003328,ORD019122,CUST02764,2026-08-04,Not As Described,5019.28,Approved
RET003329,ORD019123,CUST02764,2026-08-15,Not As Described,1660.59,Approved
RET003330,ORD019127,CUST02764,2026-07-24,Quality Not Satisfactory,945.64,Approved
RET003331,ORD019129,CUST02764,2026-06-16,Changed Mind,607.1,Approved
RET003332,ORD019133,CUST02764,2026-07-14,Changed Mind,265.93,Approved
RET003333,ORD019151,CUST02766,2026-01-29,Damaged in Transit,3472.6,Approved
RET003334,ORD019153,CUST02767,2026-05-21,Size/Fit Issue,448.11,Pending
RET003335,ORD019161,CUST02768,2026-07-28,Not As Described,1470.25,Approved
RET003336,ORD019165,CUST02768,2026-08-28,Not As Described,765.32,Approved
RET003337,ORD019167,CUST02768,2026-08-13,Changed Mind,3714.06,Rejected
RET003338,ORD019170,CUST02768,2026-08-11,Not As Described,715.4,Pending
RET003339,ORD019171,CUST02768,2026-08-29,Defective Product,2023.42,Approved
RET003340,ORD019183,CUST02770,2026-04-07,Better Price Found,1530.57,Approved
RET003341,ORD019215,CUST02776,2026-05-18,Damaged in Transit,243.07,Approved
RET003342,ORD019219,CUST02776,2026-08-26,Quality Not Satisfactory,145.22,Pending
RET003343,ORD019224,CUST02777,2026-06-18,Damaged in Transit,33037.98,Rejected
RET003344,ORD019232,CUST02778,2026-07-22,Not As Described,2441.88,Approved
RET003345,ORD019236,CUST02778,2026-08-29,Changed Mind,3745.08,Rejected
RET003346,ORD019239,CUST02778,2026-06-02,Not As Described,1682.48,Approved
RET003347,ORD019245,CUST02779,2026-08-08,Wrong Item Received,2358.86,Approved
RET003348,ORD019248,CUST02779,2026-08-04,Size/Fit Issue,1720.19,Approved
RET003349,ORD019252,CUST02779,2026-07-23,Not As Described,2197.42,Approved
RET003350,ORD019273,CUST02783,2026-05-24,Better Price Found,2061.71,Approved
RET003351,ORD019276,CUST02783,2026-06-28,Better Price Found,7774.09,Pending
RET003352,ORD019278,CUST02783,2026-07-25,Size/Fit Issue,6559.47,Approved
RET003353,ORD019279,CUST02783,2026-05-28,Not As Described,1682.02,Approved
RET003354,ORD019280,CUST02783,2026-05-23,Not As Described,740.66,Approved
RET003355,ORD019281,CUST02783,2026-05-28,Not As Described,1024.1,Approved
RET003356,ORD019282,CUST02783,2026-08-02,Size/Fit Issue,5056.58,Approved
RET003357,ORD019284,CUST02783,2026-09-01,Changed Mind,2343.07,Approved
RET003358,ORD019285,CUST02783,2026-06-03,Wrong Item Received,19191.98,Pending
RET003359,ORD019287,CUST02784,2026-07-15,Defective Product,3563.86,Pending
RET003360,ORD019303,CUST02785,2026-03-04,Damaged in Transit,584.19,Approved
RET003361,ORD019314,CUST02786,2026-01-23,Quality Not Satisfactory,1754.53,Approved
RET003362,ORD019325,CUST02788,2026-08-29,Wrong Item Received,1690.73,Pending
RET003363,ORD019327,CUST02789,2026-05-20,Damaged in Transit,36946.2,Approved
RET003364,ORD019338,CUST02791,2026-06-30,Damaged in Transit,2542.39,Approved
RET003365,ORD019344,CUST02792,2026-07-05,Size/Fit Issue,9203.86,Approved
RET003366,ORD019347,CUST02792,2026-07-28,Changed Mind,2485.73,Approved
RET003367,ORD019350,CUST02792,2026-06-29,Changed Mind,9312.29,Approved
RET003368,ORD019353,CUST02792,2026-08-20,Quality Not Satisfactory,11812.3,Approved
RET003369,ORD019366,CUST02795,2026-08-01,Changed Mind,17447.27,Pending
RET003370,ORD019369,CUST02795,2026-08-18,Not As Described,9365.02,Approved
RET003371,ORD019370,CUST02795,2026-08-03,Changed Mind,902.32,Pending
RET003372,ORD019372,CUST02795,2026-07-23,Not As Described,4958.2,Pending
RET003373,ORD019382,CUST02796,2026-07-22,Damaged in Transit,3756.82,Rejected
RET003374,ORD019390,CUST02797,2026-04-16,Quality Not Satisfactory,1055.0,Rejected
RET003375,ORD019398,CUST02798,2026-08-10,Defective Product,1146.41,Approved
RET003376,ORD019402,CUST02799,2026-04-19,Defective Product,1617.97,Approved
RET003377,ORD019409,CUST02801,2026-04-08,Wrong Item Received,7476.43,Approved
RET003378,ORD019417,CUST02802,2026-05-23,Size/Fit Issue,14637.14,Approved
RET003379,ORD019438,CUST02805,2026-09-01,Not As Described,5693.83,Approved
RET003380,ORD019440,CUST02805,2026-08-31,Quality Not Satisfactory,28944.57,Rejected
RET003381,ORD019448,CUST02807,2026-07-08,Wrong Item Received,1258.59,Approved
RET003382,ORD019453,CUST02809,2026-08-08,Quality Not Satisfactory,3351.82,Pending
RET003383,ORD019457,CUST02809,2026-07-25,Changed Mind,334.65,Rejected
RET003384,ORD019458,CUST02809,2026-08-12,Not As Described,1962.12,Approved
RET003385,ORD019459,CUST02809,2026-08-13,Size/Fit Issue,18159.78,Approved
RET003386,ORD019461,CUST02809,2026-08-11,Changed Mind,4173.31,Approved
RET003387,ORD019462,CUST02809,2026-07-28,Size/Fit Issue,1099.23,Rejected
RET003388,ORD019464,CUST02809,2026-08-03,Better Price Found,2655.52,Rejected
RET003389,ORD019467,CUST02809,2026-08-25,Changed Mind,1426.18,Rejected
RET003390,ORD019468,CUST02809,2026-08-07,Size/Fit Issue,5550.8,Pending
RET003391,ORD019469,CUST02809,2026-08-13,Changed Mind,799.56,Approved
RET003392,ORD019470,CUST02809,2026-08-03,Wrong Item Received,2919.48,Pending
RET003393,ORD019480,CUST02812,2026-01-25,Wrong Item Received,1405.9,Approved
RET003394,ORD019484,CUST02813,2026-07-20,Not As Described,3320.05,Pending
RET003395,ORD019485,CUST02813,2026-08-01,Changed Mind,6000.0,Rejected
RET003396,ORD019487,CUST02813,2026-07-25,Quality Not Satisfactory,2785.12,Rejected
RET003397,ORD019489,CUST02813,2026-07-24,Changed Mind,3281.68,Approved
RET003398,ORD019491,CUST02813,2026-06-22,Not As Described,577.36,Rejected
RET003399,ORD019493,CUST02813,2026-08-03,Better Price Found,650.65,Approved
RET003400,ORD019495,CUST02813,2026-07-25,Changed Mind,5018.77,Rejected
RET003401,ORD019500,CUST02814,2026-05-06,Size/Fit Issue,2978.03,Approved
RET003402,ORD019502,CUST02814,2026-09-12,Not As Described,1247.96,Approved
RET003403,ORD019503,CUST02814,2026-07-22,Not As Described,2805.65,Approved
RET003404,ORD019524,CUST02818,2026-09-05,Quality Not Satisfactory,361.01,Approved
RET003405,ORD019525,CUST02818,2026-04-16,Damaged in Transit,5412.23,Approved
RET003406,ORD019533,CUST02819,2026-05-17,Defective Product,1375.36,Rejected
RET003407,ORD019537,CUST02820,2026-04-21,Changed Mind,3122.68,Approved
RET003408,ORD019544,CUST02821,2026-09-05,Size/Fit Issue,2650.54,Rejected
RET003409,ORD019555,CUST02823,2026-07-26,Defective Product,1103.64,Approved
RET003410,ORD019561,CUST02823,2026-08-30,Damaged in Transit,1551.04,Pending
RET003411,ORD019566,CUST02824,2026-08-09,Defective Product,2090.18,Approved
RET003412,ORD019569,CUST02824,2026-04-20,Quality Not Satisfactory,1313.24,Approved
RET003413,ORD019576,CUST02825,2026-02-02,Changed Mind,3973.55,Approved
RET003414,ORD019578,CUST02826,2026-05-28,Size/Fit Issue,1642.9,Pending
RET003415,ORD019615,CUST02832,2026-02-06,Quality Not Satisfactory,2379.99,Approved
RET003416,ORD019627,CUST02833,2026-07-26,Size/Fit Issue,9706.17,Approved
RET003417,ORD019662,CUST02840,2026-06-03,Changed Mind,1151.37,Pending
RET003418,ORD019678,CUST02842,2026-08-14,Changed Mind,5466.12,Approved
RET003419,ORD019680,CUST02842,2026-08-03,Not As Described,871.85,Approved
RET003420,ORD019681,CUST02842,2026-08-02,Not As Described,1923.95,Pending
RET003421,ORD019683,CUST02842,2026-08-05,Changed Mind,654.64,Pending
RET003422,ORD019684,CUST02842,2026-08-05,Size/Fit Issue,1305.14,Rejected
RET003423,ORD019687,CUST02842,2026-08-15,Wrong Item Received,1349.37,Pending
RET003424,ORD019691,CUST02842,2026-08-18,Defective Product,649.88,Approved
RET003425,ORD019696,CUST02842,2026-08-10,Not As Described,8853.85,Approved
RET003426,ORD019699,CUST02842,2026-08-21,Quality Not Satisfactory,19202.82,Pending
RET003427,ORD019703,CUST02843,2026-07-22,Defective Product,1424.91,Approved
RET003428,ORD019711,CUST02845,2026-08-04,Changed Mind,1867.64,Approved
RET003429,ORD019712,CUST02845,2026-08-24,Changed Mind,1937.58,Pending
RET003430,ORD019713,CUST02845,2026-08-19,Better Price Found,2641.67,Pending
RET003431,ORD019718,CUST02845,2026-08-18,Quality Not Satisfactory,1674.19,Approved
RET003432,ORD019722,CUST02846,2026-08-26,Quality Not Satisfactory,1199.52,Approved
RET003433,ORD019723,CUST02846,2026-06-30,Defective Product,1500.0,Pending
RET003434,ORD019753,CUST02850,2026-08-03,Size/Fit Issue,2659.53,Rejected
RET003435,ORD019756,CUST02850,2026-07-07,Not As Described,2628.08,Approved
RET003436,ORD019757,CUST02850,2026-05-09,Not As Described,892.1,Approved
RET003437,ORD019758,CUST02850,2026-09-07,Defective Product,12149.7,Approved
RET003438,ORD019766,CUST02851,2026-03-02,Defective Product,173.12,Approved
RET003439,ORD019776,CUST02853,2026-06-24,Size/Fit Issue,13485.79,Approved
RET003440,ORD019803,CUST02859,2026-04-06,Not As Described,557.14,Rejected
RET003441,ORD019822,CUST02862,2026-03-07,Changed Mind,3670.75,Approved
RET003442,ORD019823,CUST02862,2026-04-04,Defective Product,1399.87,Approved
RET003443,ORD019825,CUST02862,2026-03-04,Quality Not Satisfactory,7036.06,Approved
RET003444,ORD019827,CUST02862,2026-03-24,Changed Mind,1091.71,Approved
RET003445,ORD019828,CUST02862,2026-03-16,Not As Described,3788.58,Approved
RET003446,ORD019830,CUST02862,2026-03-08,Not As Described,5928.82,Rejected
RET003447,ORD019831,CUST02862,2026-06-19,Not As Described,3425.17,Pending
RET003448,ORD019833,CUST02862,2026-02-11,Changed Mind,3132.05,Approved
RET003449,ORD019834,CUST02862,2026-08-08,Defective Product,948.38,Approved
RET003450,ORD019836,CUST02862,2026-05-05,Quality Not Satisfactory,3893.24,Pending
RET003451,ORD019838,CUST02862,2026-03-14,Not As Described,1150.23,Approved
RET003452,ORD019840,CUST02863,2026-08-24,Damaged in Transit,15852.98,Approved
RET003453,ORD019842,CUST02863,2026-07-28,Size/Fit Issue,2214.03,Approved
RET003454,ORD019850,CUST02865,2026-08-22,Changed Mind,3696.08,Approved
RET003455,ORD019851,CUST02865,2026-06-12,Not As Described,276.05,Approved
RET003456,ORD019853,CUST02865,2026-06-18,Not As Described,27973.14,Pending
RET003457,ORD019857,CUST02865,2026-06-11,Quality Not Satisfactory,1009.01,Pending
RET003458,ORD019858,CUST02865,2026-08-20,Changed Mind,23207.66,Rejected
RET003459,ORD019859,CUST02865,2026-08-19,Quality Not Satisfactory,10611.78,Approved
RET003460,ORD019860,CUST02865,2026-05-23,Changed Mind,15496.51,Pending
RET003461,ORD019863,CUST02865,2026-05-30,Not As Described,1491.81,Approved
RET003462,ORD019866,CUST02865,2026-05-24,Better Price Found,10567.79,Pending
RET003463,ORD019869,CUST02865,2026-08-16,Wrong Item Received,13813.05,Approved
RET003464,ORD019872,CUST02865,2026-09-06,Better Price Found,1427.49,Approved
RET003465,ORD019873,CUST02865,2026-07-25,Defective Product,742.92,Approved
RET003466,ORD019888,CUST02868,2026-06-13,Quality Not Satisfactory,1688.8,Approved
RET003467,ORD019890,CUST02868,2026-06-23,Wrong Item Received,8650.99,Approved
RET003468,ORD019891,CUST02868,2026-08-20,Defective Product,1554.7,Approved
RET003469,ORD019901,CUST02869,2026-06-25,Better Price Found,1698.62,Approved
RET003470,ORD019911,CUST02871,2026-04-17,Size/Fit Issue,16185.29,Approved
RET003471,ORD019929,CUST02875,2026-05-24,Defective Product,1404.27,Approved
RET003472,ORD019937,CUST02876,2026-03-27,Defective Product,419.3,Rejected
RET003473,ORD019943,CUST02877,2026-05-20,Size/Fit Issue,3864.53,Rejected
RET003474,ORD019957,CUST02879,2026-07-18,Changed Mind,1598.84,Approved
RET003475,ORD019968,CUST02882,2026-07-25,Defective Product,851.17,Rejected
RET003476,ORD019973,CUST02882,2026-09-08,Size/Fit Issue,904.98,Rejected
RET003477,ORD019984,CUST02885,2026-08-23,Damaged in Transit,2526.33,Approved
RET003478,ORD019991,CUST02886,2026-03-14,Damaged in Transit,1655.13,Approved
RET003479,ORD019993,CUST02886,2026-03-09,Changed Mind,1903.1,Approved
RET003480,ORD019997,CUST02887,2026-06-14,Changed Mind,1566.9,Approved
RET003481,ORD020002,CUST02888,2026-08-01,Damaged in Transit,906.06,Approved
RET003482,ORD020017,CUST02890,2026-08-05,Size/Fit Issue,6446.16,Approved
RET003483,ORD020020,CUST02890,2026-08-04,Not As Described,2036.15,Rejected
RET003484,ORD020021,CUST02890,2026-08-18,Changed Mind,2588.57,Pending
RET003485,ORD020023,CUST02890,2026-08-05,Not As Described,3014.75,Rejected
RET003486,ORD020024,CUST02890,2026-08-13,Better Price Found,2072.54,Pending
RET003487,ORD020030,CUST02890,2026-07-30,Defective Product,2088.98,Approved
RET003488,ORD020034,CUST02891,2026-04-14,Not As Described,4165.05,Approved
RET003489,ORD020038,CUST02891,2026-04-27,Changed Mind,621.37,Approved
RET003490,ORD020040,CUST02891,2026-08-09,Not As Described,635.96,Approved
RET003491,ORD020041,CUST02891,2026-01-19,Size/Fit Issue,1488.99,Approved
RET003492,ORD020042,CUST02891,2026-02-19,Quality Not Satisfactory,7401.2,Rejected
RET003493,ORD020051,CUST02893,2026-06-07,Damaged in Transit,1093.88,Approved
RET003494,ORD020096,CUST02901,2026-08-18,Better Price Found,962.14,Approved
RET003495,ORD020097,CUST02901,2026-08-09,Size/Fit Issue,1930.1,Pending
RET003496,ORD020101,CUST02901,2026-08-26,Wrong Item Received,13320.92,Approved
RET003497,ORD020102,CUST02901,2026-08-17,Size/Fit Issue,770.37,Rejected
RET003498,ORD020105,CUST02901,2026-09-04,Changed Mind,18499.2,Approved
RET003499,ORD020123,CUST02904,2026-08-18,Damaged in Transit,12000.0,Approved
RET003500,ORD020124,CUST02904,2026-09-21,Damaged in Transit,2968.51,Pending
RET003501,ORD020131,CUST02905,2026-05-04,Damaged in Transit,4856.44,Approved
RET003502,ORD020149,CUST02909,2026-04-12,Wrong Item Received,5469.88,Approved
RET003503,ORD020162,CUST02912,2026-01-08,Size/Fit Issue,2184.99,Approved
RET003504,ORD020166,CUST02913,2026-09-08,Size/Fit Issue,2900.66,Approved
RET003505,ORD020170,CUST02914,2026-08-26,Not As Described,1234.3,Approved
RET003506,ORD020191,CUST02917,2026-08-07,Wrong Item Received,1447.87,Approved
RET003507,ORD020192,CUST02917,2026-03-23,Wrong Item Received,3137.5,Rejected
RET003508,ORD020193,CUST02917,2026-06-05,Changed Mind,6162.02,Rejected
RET003509,ORD020194,CUST02917,2026-08-15,Changed Mind,2192.84,Pending
RET003510,ORD020197,CUST02918,2026-07-24,Defective Product,10179.78,Approved
RET003511,ORD020199,CUST02918,2026-07-25,Not As Described,4899.24,Approved
RET003512,ORD020200,CUST02918,2026-07-13,Better Price Found,2999.86,Pending
RET003513,ORD020201,CUST02918,2026-07-18,Wrong Item Received,568.29,Rejected
RET003514,ORD020204,CUST02918,2026-07-26,Better Price Found,1852.12,Approved
RET003515,ORD020206,CUST02918,2026-07-23,Not As Described,917.53,Pending
RET003516,ORD020208,CUST02918,2026-07-18,Changed Mind,2560.68,Approved
RET003517,ORD020210,CUST02918,2026-08-07,Defective Product,1086.02,Approved
RET003518,ORD020211,CUST02918,2026-08-23,Not As Described,19770.46,Approved
RET003519,ORD020214,CUST02918,2026-06-29,Not As Described,2779.73,Approved
RET003520,ORD020216,CUST02918,2026-07-09,Quality Not Satisfactory,1789.01,Pending
RET003521,ORD020217,CUST02918,2026-07-20,Quality Not Satisfactory,1598.26,Approved
RET003522,ORD020222,CUST02919,2026-05-15,Not As Described,3627.54,Rejected
RET003523,ORD020225,CUST02919,2026-04-16,Changed Mind,1653.24,Rejected
RET003524,ORD020226,CUST02919,2026-04-17,Changed Mind,1842.89,Approved
RET003525,ORD020227,CUST02919,2026-08-23,Changed Mind,3978.78,Rejected
RET003526,ORD020251,CUST02923,2026-08-31,Defective Product,1784.52,Approved
RET003527,ORD020263,CUST02926,2026-06-22,Changed Mind,165.53,Approved
RET003528,ORD020297,CUST02931,2026-08-25,Changed Mind,279.45,Approved
RET003529,ORD020302,CUST02931,2026-08-24,Changed Mind,11506.18,Approved
RET003530,ORD020303,CUST02931,2026-08-28,Not As Described,1031.72,Approved
RET003531,ORD020309,CUST02932,2026-05-13,Damaged in Transit,970.33,Approved
RET003532,ORD020318,CUST02934,2026-05-31,Quality Not Satisfactory,1852.59,Approved
RET003533,ORD020319,CUST02934,2026-06-14,Not As Described,6815.7,Approved
RET003534,ORD020320,CUST02934,2026-05-26,Damaged in Transit,814.3,Rejected
RET003535,ORD020321,CUST02934,2026-04-15,Not As Described,628.4,Rejected
RET003536,ORD020330,CUST02936,2026-07-12,Wrong Item Received,9560.41,Approved
RET003537,ORD020332,CUST02936,2026-07-23,Defective Product,17061.57,Rejected
RET003538,ORD020333,CUST02936,2026-07-25,Changed Mind,1067.61,Approved
RET003539,ORD020335,CUST02936,2026-07-16,Size/Fit Issue,1152.57,Approved
RET003540,ORD020339,CUST02936,2026-07-24,Not As Described,717.94,Rejected
RET003541,ORD020341,CUST02936,2026-07-13,Damaged in Transit,850.32,Approved
RET003542,ORD020347,CUST02936,2026-06-24,Changed Mind,1148.01,Approved
RET003543,ORD020350,CUST02936,2026-08-12,Wrong Item Received,3089.45,Rejected
RET003544,ORD020351,CUST02936,2026-08-02,Not As Described,17197.95,Approved
RET003545,ORD020353,CUST02937,2026-02-13,Quality Not Satisfactory,2989.93,Approved
RET003546,ORD020358,CUST02938,2026-03-27,Defective Product,3130.24,Approved
RET003547,ORD020363,CUST02939,2026-02-06,Better Price Found,1930.84,Approved
RET003548,ORD020411,CUST02947,2026-05-23,Damaged in Transit,857.78,Approved
RET003549,ORD020435,CUST02951,2026-08-16,Size/Fit Issue,3925.47,Pending
RET003550,ORD020442,CUST02952,2026-05-10,Wrong Item Received,483.03,Approved
RET003551,ORD020446,CUST02952,2026-08-18,Defective Product,686.26,Rejected
RET003552,ORD020506,CUST02962,2026-09-03,Wrong Item Received,2159.24,Approved
RET003553,ORD020512,CUST02962,2026-05-22,Changed Mind,27522.89,Approved
RET003554,ORD020524,CUST02964,2026-08-12,Damaged in Transit,2463.27,Rejected
RET003555,ORD020526,CUST02965,2026-08-09,Wrong Item Received,2707.58,Approved
RET003556,ORD020549,CUST02968,2026-07-05,Quality Not Satisfactory,4464.57,Approved
RET003557,ORD020551,CUST02968,2026-04-17,Quality Not Satisfactory,1173.08,Pending
RET003558,ORD020562,CUST02970,2026-02-05,Better Price Found,1780.07,Pending
RET003559,ORD020563,CUST02970,2026-02-15,Changed Mind,11733.36,Approved
RET003560,ORD020565,CUST02970,2026-01-26,Changed Mind,7912.55,Rejected
RET003561,ORD020568,CUST02970,2026-04-26,Better Price Found,28124.44,Approved
RET003562,ORD020570,CUST02970,2026-03-17,Not As Described,16858.47,Approved
RET003563,ORD020571,CUST02970,2026-04-09,Not As Described,2438.51,Rejected
RET003564,ORD020574,CUST02970,2026-01-28,Defective Product,2156.13,Pending
RET003565,ORD020577,CUST02970,2026-03-16,Not As Described,2125.41,Pending
RET003566,ORD020583,CUST02971,2026-08-19,Damaged in Transit,1974.65,Approved
RET003567,ORD020588,CUST02972,2026-09-04,Wrong Item Received,4347.1,Rejected
RET003568,ORD020591,CUST02973,2026-08-20,Damaged in Transit,1571.9,Approved
RET003569,ORD020601,CUST02975,2026-06-23,Size/Fit Issue,2874.78,Approved
RET003570,ORD020611,CUST02976,2026-04-16,Damaged in Transit,25339.29,Approved
RET003571,ORD020621,CUST02978,2026-04-18,Damaged in Transit,1805.62,Rejected
RET003572,ORD020632,CUST02980,2026-05-13,Defective Product,2784.25,Approved
RET003573,ORD020637,CUST02981,2026-06-16,Quality Not Satisfactory,1376.69,Approved
RET003574,ORD020648,CUST02982,2026-02-01,Defective Product,821.31,Rejected
RET003575,ORD020652,CUST02983,2026-01-31,Defective Product,1092.28,Approved
RET003576,ORD020666,CUST02985,2026-07-18,Not As Described,1311.28,Pending
RET003577,ORD020669,CUST02986,2026-07-14,Quality Not Satisfactory,42636.2,Pending
RET003578,ORD020672,CUST02986,2026-07-19,Changed Mind,2071.61,Pending
RET003579,ORD020673,CUST02986,2026-07-30,Better Price Found,2722.33,Pending
RET003580,ORD020677,CUST02986,2026-07-09,Damaged in Transit,24830.24,Approved
RET003581,ORD020682,CUST02987,2026-08-04,Changed Mind,4784.46,Approved
RET003582,ORD020687,CUST02988,2026-03-04,Size/Fit Issue,1192.57,Rejected
RET003583,ORD020702,CUST02990,2026-06-20,Size/Fit Issue,1274.97,Approved
RET003584,ORD020757,CUST02999,2026-07-16,Changed Mind,4795.58,Approved
RET003585,ORD020760,CUST02999,2026-08-06,Not As Described,3573.12,Approved
RET003586,ORD020762,CUST02999,2026-08-11,Changed Mind,1206.19,Approved
RET003587,ORD020765,CUST02999,2026-09-09,Wrong Item Received,1608.39,Pending
RET003588,ORD020766,CUST02999,2026-08-31,Quality Not Satisfactory,1547.01,Approved
RET003589,ORD020768,CUST02999,2026-08-04,Damaged in Transit,2061.31,Approved
RET003590,ORD020769,CUST02999,2026-08-10,Damaged in Transit,906.49,Pending
RET003591,ORD020770,CUST02999,2026-08-21,Changed Mind,2681.04,Approved
RET003592,ORD020771,CUST02999,2026-07-21,Better Price Found,9709.33,Approved
RET003593,ORD020784,CUST03001,2026-06-06,Defective Product,3571.45,Approved
RET003594,ORD020788,CUST03001,2026-05-27,Quality Not Satisfactory,13686.22,Approved
RET003595,ORD020789,CUST03001,2026-06-02,Damaged in Transit,3219.16,Rejected
RET003596,ORD020791,CUST03001,2026-05-23,Changed Mind,988.81,Approved
RET003597,ORD020792,CUST03001,2026-05-25,Not As Described,1506.76,Approved
RET003598,ORD020794,CUST03001,2026-06-12,Defective Product,16079.81,Pending
RET003599,ORD020798,CUST03001,2026-03-13,Changed Mind,2890.99,Pending
RET003600,ORD020799,CUST03001,2026-06-26,Changed Mind,3452.09,Pending
RET003601,ORD020808,CUST03003,2026-08-14,Changed Mind,461.77,Approved
RET003602,ORD020809,CUST03003,2026-07-31,Quality Not Satisfactory,4070.11,Pending
RET003603,ORD020810,CUST03003,2026-07-22,Size/Fit Issue,1744.37,Rejected
RET003604,ORD020814,CUST03003,2026-08-16,Changed Mind,43701.0,Rejected
RET003605,ORD020815,CUST03003,2026-08-29,Changed Mind,346.7,Approved
RET003606,ORD020817,CUST03003,2026-09-05,Defective Product,885.42,Approved
RET003607,ORD020818,CUST03004,2026-02-17,Changed Mind,2840.56,Pending
RET003608,ORD020823,CUST03004,2026-06-14,Not As Described,2134.09,Approved
RET003609,ORD020824,CUST03004,2026-06-16,Not As Described,18386.99,Approved
RET003610,ORD020825,CUST03004,2026-07-28,Not As Described,2013.01,Approved
RET003611,ORD020840,CUST03006,2026-08-16,Changed Mind,4154.33,Approved
RET003612,ORD020847,CUST03006,2026-06-12,Changed Mind,1437.98,Pending
RET003613,ORD020860,CUST03009,2026-04-17,Changed Mind,5544.11,Approved
RET003614,ORD020868,CUST03010,2026-02-18,Changed Mind,17499.9,Approved
RET003615,ORD020894,CUST03014,2026-07-17,Wrong Item Received,8700.64,Approved
RET003616,ORD020900,CUST03015,2026-07-29,Changed Mind,2663.69,Approved
RET003617,ORD020921,CUST03017,2026-06-15,Quality Not Satisfactory,3507.52,Rejected
RET003618,ORD020922,CUST03018,2026-04-25,Wrong Item Received,593.89,Approved
RET003619,ORD020929,CUST03020,2026-03-16,Not As Described,1425.5,Approved
RET003620,ORD020943,CUST03021,2026-06-08,Defective Product,41633.04,Approved
RET003621,ORD020953,CUST03023,2026-08-29,Changed Mind,601.6,Approved
RET003622,ORD020954,CUST03023,2026-07-23,Size/Fit Issue,1698.06,Approved
RET003623,ORD020955,CUST03023,2026-08-10,Better Price Found,1894.84,Rejected
RET003624,ORD020958,CUST03023,2026-07-17,Better Price Found,4518.74,Approved
RET003625,ORD020959,CUST03023,2026-09-02,Better Price Found,1342.91,Approved
RET003626,ORD020960,CUST03023,2026-08-07,Quality Not Satisfactory,2231.98,Approved
RET003627,ORD020962,CUST03023,2026-07-08,Quality Not Satisfactory,2757.75,Approved
RET003628,ORD020971,CUST03025,2026-04-07,Quality Not Satisfactory,3252.35,Pending
RET003629,ORD020974,CUST03025,2026-06-28,Defective Product,12663.05,Pending
RET003630,ORD020985,CUST03027,2026-08-23,Defective Product,1128.08,Approved
RET003631,ORD020987,CUST03027,2026-06-06,Better Price Found,675.28,Pending
RET003632,ORD020990,CUST03028,2026-09-03,Size/Fit Issue,11505.4,Approved
RET003633,ORD020993,CUST03028,2026-08-12,Wrong Item Received,3403.32,Approved
RET003634,ORD020996,CUST03028,2026-08-31,Changed Mind,2021.73,Approved
RET003635,ORD021000,CUST03028,2026-08-25,Better Price Found,4740.58,Approved
RET003636,ORD021005,CUST03028,2026-08-27,Quality Not Satisfactory,1591.49,Approved
RET003637,ORD021012,CUST03030,2026-07-10,Not As Described,20324.75,Approved
RET003638,ORD021014,CUST03030,2026-06-25,Changed Mind,1352.12,Approved
RET003639,ORD021015,CUST03030,2026-06-01,Not As Described,3264.76,Rejected
RET003640,ORD021016,CUST03030,2026-08-23,Quality Not Satisfactory,1933.49,Approved
RET003641,ORD021032,CUST03032,2026-01-17,Wrong Item Received,26091.39,Approved
RET003642,ORD021042,CUST03033,2026-07-20,Defective Product,7988.84,Approved
RET003643,ORD021047,CUST03034,2026-01-13,Better Price Found,856.97,Rejected
RET003644,ORD021053,CUST03035,2026-01-24,Changed Mind,5839.81,Approved
RET003645,ORD021055,CUST03036,2026-07-06,Changed Mind,531.93,Approved
RET003646,ORD021056,CUST03036,2026-07-17,Quality Not Satisfactory,2634.52,Approved
RET003647,ORD021057,CUST03036,2026-06-24,Changed Mind,3097.65,Pending
RET003648,ORD021058,CUST03036,2026-06-17,Defective Product,3052.57,Approved
RET003649,ORD021059,CUST03036,2026-06-23,Quality Not Satisfactory,1677.38,Pending
RET003650,ORD021101,CUST03042,2026-08-29,Defective Product,1719.7,Approved
RET003651,ORD021110,CUST03044,2026-04-05,Defective Product,870.81,Approved
RET003652,ORD021117,CUST03045,2026-08-11,Changed Mind,3979.8,Approved
RET003653,ORD021120,CUST03045,2026-08-05,Damaged in Transit,503.61,Approved
RET003654,ORD021121,CUST03045,2026-08-17,Not As Described,2158.49,Approved
RET003655,ORD021122,CUST03045,2026-08-17,Changed Mind,2024.69,Approved
RET003656,ORD021123,CUST03045,2026-08-09,Not As Described,1059.71,Pending
RET003657,ORD021125,CUST03045,2026-08-08,Quality Not Satisfactory,1903.0,Approved
RET003658,ORD021127,CUST03045,2026-08-12,Defective Product,1228.56,Approved
RET003659,ORD021129,CUST03045,2026-08-27,Changed Mind,343.79,Approved
RET003660,ORD021131,CUST03045,2026-08-22,Defective Product,841.74,Rejected
RET003661,ORD021132,CUST03045,2026-07-29,Size/Fit Issue,3849.32,Pending
RET003662,ORD021133,CUST03045,2026-09-04,Changed Mind,1176.32,Approved
RET003663,ORD021135,CUST03045,2026-08-05,Changed Mind,943.44,Rejected
RET003664,ORD021137,CUST03045,2026-08-13,Changed Mind,772.45,Approved
RET003665,ORD021138,CUST03045,2026-09-08,Not As Described,1677.18,Rejected
RET003666,ORD021139,CUST03045,2026-08-20,Not As Described,38203.77,Pending
RET003667,ORD021148,CUST03048,2026-07-09,Changed Mind,1609.51,Rejected
RET003668,ORD021149,CUST03048,2026-07-27,Changed Mind,21202.67,Approved
RET003669,ORD021150,CUST03048,2026-07-08,Better Price Found,2996.28,Approved
RET003670,ORD021152,CUST03048,2026-07-20,Not As Described,2032.21,Approved
RET003671,ORD021156,CUST03048,2026-07-10,Changed Mind,11089.17,Approved
RET003672,ORD021157,CUST03048,2026-09-05,Better Price Found,3224.62,Approved
RET003673,ORD021168,CUST03049,2026-09-28,Defective Product,719.21,Rejected
RET003674,ORD021169,CUST03049,2026-06-09,Changed Mind,1886.81,Approved
RET003675,ORD021173,CUST03050,2026-08-22,Better Price Found,2625.43,Approved
RET003676,ORD021178,CUST03051,2026-05-02,Changed Mind,1074.58,Rejected
RET003677,ORD021180,CUST03051,2026-05-13,Changed Mind,28901.32,Rejected
RET003678,ORD021183,CUST03051,2026-06-12,Defective Product,18099.37,Pending
RET003679,ORD021200,CUST03054,2026-07-18,Wrong Item Received,841.32,Approved
RET003680,ORD021201,CUST03054,2026-06-21,Not As Described,923.88,Approved
RET003681,ORD021204,CUST03054,2026-07-11,Changed Mind,30118.89,Approved
RET003682,ORD021206,CUST03054,2026-07-03,Not As Described,1164.53,Approved
RET003683,ORD021214,CUST03054,2026-07-31,Size/Fit Issue,16071.43,Pending
RET003684,ORD021216,CUST03054,2026-07-05,Changed Mind,1269.75,Approved
RET003685,ORD021218,CUST03054,2026-07-19,Not As Described,4875.43,Pending
RET003686,ORD021238,CUST03058,2026-05-29,Changed Mind,1345.54,Approved
RET003687,ORD021249,CUST03060,2026-06-29,Damaged in Transit,1316.97,Approved
RET003688,ORD021252,CUST03060,2026-07-09,Not As Described,1346.14,Approved
RET003689,ORD021254,CUST03060,2026-06-10,Changed Mind,1201.25,Approved
RET003690,ORD021260,CUST03061,2026-06-11,Better Price Found,4014.71,Approved
RET003691,ORD021262,CUST03061,2026-08-27,Changed Mind,1126.09,Approved
RET003692,ORD021263,CUST03061,2026-06-08,Defective Product,5770.09,Pending
RET003693,ORD021300,CUST03068,2026-03-29,Quality Not Satisfactory,26381.49,Approved
RET003694,ORD021301,CUST03068,2026-04-07,Not As Described,2362.04,Rejected
RET003695,ORD021302,CUST03068,2026-03-31,Changed Mind,6880.28,Approved
RET003696,ORD021303,CUST03068,2026-04-16,Damaged in Transit,4247.01,Approved
RET003697,ORD021305,CUST03068,2026-04-04,Changed Mind,15346.12,Pending
RET003698,ORD021311,CUST03068,2026-05-08,Size/Fit Issue,851.71,Approved
RET003699,ORD021370,CUST03077,2026-08-31,Quality Not Satisfactory,1175.93,Approved
RET003700,ORD021380,CUST03078,2026-08-26,Defective Product,261.03,Rejected
RET003701,ORD021385,CUST03079,2026-06-23,Not As Described,782.75,Rejected
RET003702,ORD021388,CUST03079,2026-06-09,Changed Mind,2230.59,Approved
RET003703,ORD021390,CUST03079,2026-06-11,Defective Product,2930.38,Approved
RET003704,ORD021392,CUST03079,2026-05-22,Changed Mind,1465.6,Pending
RET003705,ORD021396,CUST03079,2026-07-06,Size/Fit Issue,2028.54,Approved
RET003706,ORD021397,CUST03079,2026-05-23,Quality Not Satisfactory,12174.73,Rejected
RET003707,ORD021399,CUST03079,2026-06-18,Not As Described,21270.27,Rejected
RET003708,ORD021400,CUST03079,2026-07-10,Better Price Found,1879.6,Pending
RET003709,ORD021401,CUST03079,2026-06-28,Not As Described,4105.53,Pending
RET003710,ORD021404,CUST03079,2026-06-22,Not As Described,9622.36,Approved
RET003711,ORD021407,CUST03079,2026-06-03,Not As Described,1513.98,Rejected
RET003712,ORD021422,CUST03081,2026-03-05,Changed Mind,38317.65,Approved
RET003713,ORD021423,CUST03082,2026-06-26,Changed Mind,2182.65,Approved
RET003714,ORD021426,CUST03082,2026-06-24,Damaged in Transit,1050.47,Rejected
RET003715,ORD021428,CUST03082,2026-07-31,Changed Mind,13343.06,Approved
RET003716,ORD021432,CUST03083,2026-07-22,Changed Mind,1482.21,Approved
RET003717,ORD021435,CUST03083,2026-07-30,Size/Fit Issue,1833.0,Approved
RET003718,ORD021436,CUST03083,2026-08-31,Quality Not Satisfactory,7471.08,Pending
RET003719,ORD021437,CUST03083,2026-08-20,Size/Fit Issue,3277.45,Pending
RET003720,ORD021438,CUST03083,2026-07-21,Not As Described,11327.15,Rejected
RET003721,ORD021440,CUST03083,2026-08-14,Not As Described,706.89,Approved
RET003722,ORD021441,CUST03083,2026-08-13,Changed Mind,5237.03,Rejected
RET003723,ORD021442,CUST03083,2026-07-02,Changed Mind,5882.83,Approved
RET003724,ORD021456,CUST03086,2026-06-08,Wrong Item Received,2394.86,Approved
RET003725,ORD021468,CUST03089,2026-06-10,Changed Mind,34803.15,Rejected
RET003726,ORD021469,CUST03089,2026-06-26,Changed Mind,18719.65,Approved
RET003727,ORD021470,CUST03089,2026-08-08,Not As Described,1284.16,Approved
RET003728,ORD021473,CUST03089,2026-05-26,Wrong Item Received,29221.78,Pending
RET003729,ORD021478,CUST03090,2026-07-13,Size/Fit Issue,2213.77,Approved
RET003730,ORD021486,CUST03091,2026-08-13,Damaged in Transit,1129.25,Pending
RET003731,ORD021487,CUST03091,2026-02-27,Defective Product,2660.75,Rejected
RET003732,ORD021490,CUST03092,2026-07-31,Not As Described,10227.24,Pending
RET003733,ORD021502,CUST03094,2026-05-19,Defective Product,3849.63,Pending
RET003734,ORD021507,CUST03095,2026-04-07,Size/Fit Issue,1022.13,Approved
RET003735,ORD021518,CUST03097,2026-08-14,Not As Described,1239.63,Approved
RET003736,ORD021542,CUST03101,2026-05-22,Not As Described,3506.77,Approved
RET003737,ORD021543,CUST03101,2026-01-25,Size/Fit Issue,10984.69,Approved
RET003738,ORD021561,CUST03104,2026-06-30,Not As Described,31892.14,Approved
RET003739,ORD021562,CUST03104,2026-07-09,Changed Mind,18298.32,Rejected
RET003740,ORD021565,CUST03104,2026-08-06,Not As Described,3260.89,Pending
RET003741,ORD021569,CUST03104,2026-07-11,Quality Not Satisfactory,7060.57,Rejected
RET003742,ORD021575,CUST03105,2026-07-13,Changed Mind,2083.46,Pending
RET003743,ORD021591,CUST03107,2026-04-18,Damaged in Transit,1866.34,Pending
RET003744,ORD021597,CUST03108,2026-08-27,Changed Mind,19184.64,Rejected
RET003745,ORD021599,CUST03108,2026-03-17,Wrong Item Received,2295.34,Approved
RET003746,ORD021600,CUST03109,2026-07-02,Not As Described,119.66,Approved
RET003747,ORD021602,CUST03109,2026-06-29,Changed Mind,2506.75,Approved
RET003748,ORD021603,CUST03109,2026-07-05,Wrong Item Received,1580.08,Approved
RET003749,ORD021604,CUST03109,2026-07-08,Changed Mind,797.98,Rejected
RET003750,ORD021605,CUST03109,2026-06-19,Changed Mind,11746.97,Approved
RET003751,ORD021607,CUST03109,2026-07-14,Size/Fit Issue,1067.83,Pending
RET003752,ORD021608,CUST03109,2026-06-23,Changed Mind,2461.96,Rejected
RET003753,ORD021612,CUST03109,2026-07-09,Better Price Found,13878.31,Rejected
RET003754,ORD021613,CUST03109,2026-08-14,Changed Mind,1078.85,Approved
RET003755,ORD021614,CUST03110,2026-03-18,Not As Described,2466.39,Rejected
RET003756,ORD021624,CUST03112,2026-08-04,Defective Product,1718.13,Pending
RET003757,ORD021642,CUST03115,2026-05-18,Changed Mind,437.03,Approved
RET003758,ORD021648,CUST03116,2026-08-03,Changed Mind,1365.73,Approved
RET003759,ORD021652,CUST03116,2026-08-21,Changed Mind,925.34,Approved
RET003760,ORD021655,CUST03116,2026-06-20,Changed Mind,2088.97,Approved
RET003761,ORD021677,CUST03120,2026-03-17,Defective Product,605.06,Approved
RET003762,ORD021682,CUST03120,2026-09-10,Quality Not Satisfactory,1559.17,Approved
RET003763,ORD021683,CUST03121,2026-08-19,Not As Described,3727.49,Rejected
RET003764,ORD021686,CUST03121,2026-08-06,Changed Mind,25006.98,Approved
RET003765,ORD021688,CUST03121,2026-07-16,Size/Fit Issue,11774.88,Approved
RET003766,ORD021689,CUST03121,2026-08-31,Changed Mind,9581.91,Rejected
RET003767,ORD021690,CUST03121,2026-08-01,Not As Described,372.82,Rejected
RET003768,ORD021694,CUST03121,2026-07-28,Changed Mind,965.42,Approved
RET003769,ORD021696,CUST03121,2026-07-28,Not As Described,1758.58,Approved
RET003770,ORD021700,CUST03122,2026-04-29,Wrong Item Received,668.74,Approved
RET003771,ORD021716,CUST03126,2026-09-05,Damaged in Transit,2370.09,Approved
RET003772,ORD021731,CUST03128,2026-05-10,Not As Described,10834.78,Rejected
RET003773,ORD021733,CUST03128,2026-06-17,Wrong Item Received,2151.22,Pending
RET003774,ORD021737,CUST03129,2026-08-07,Not As Described,13461.74,Approved
RET003775,ORD021740,CUST03130,2026-05-13,Size/Fit Issue,7413.04,Pending
RET003776,ORD021741,CUST03130,2026-05-18,Not As Described,13528.2,Rejected
RET003777,ORD021743,CUST03130,2026-05-27,Better Price Found,21527.93,Rejected
RET003778,ORD021747,CUST03130,2026-08-15,Size/Fit Issue,11500.02,Approved
RET003779,ORD021752,CUST03130,2026-07-22,Not As Described,2177.53,Approved
RET003780,ORD021756,CUST03131,2026-06-29,Quality Not Satisfactory,831.95,Approved
RET003781,ORD021760,CUST03131,2026-07-14,Better Price Found,15168.51,Approved
RET003782,ORD021769,CUST03132,2026-07-30,Changed Mind,3461.19,Approved
RET003783,ORD021785,CUST03135,2026-08-07,Changed Mind,1578.65,Approved
RET003784,ORD021786,CUST03135,2026-08-05,Changed Mind,3076.74,Rejected
RET003785,ORD021789,CUST03135,2026-08-12,Changed Mind,18535.84,Approved
RET003786,ORD021794,CUST03135,2026-08-16,Better Price Found,1960.84,Approved
RET003787,ORD021797,CUST03135,2026-08-09,Changed Mind,11608.22,Rejected
RET003788,ORD021801,CUST03135,2026-09-03,Size/Fit Issue,1640.0,Rejected
RET003789,ORD021803,CUST03135,2026-08-22,Better Price Found,23214.24,Rejected
RET003790,ORD021805,CUST03135,2026-08-09,Not As Described,2122.45,Approved
RET003791,ORD021808,CUST03135,2026-08-31,Not As Described,4040.27,Pending
RET003792,ORD021809,CUST03136,2026-06-04,Damaged in Transit,23227.29,Rejected
RET003793,ORD021810,CUST03136,2026-05-26,Changed Mind,16398.67,Approved
RET003794,ORD021811,CUST03136,2026-05-30,Not As Described,15888.12,Approved
RET003795,ORD021812,CUST03136,2026-08-18,Better Price Found,2576.49,Approved
RET003796,ORD021813,CUST03136,2026-05-18,Changed Mind,1016.06,Approved
RET003797,ORD021815,CUST03136,2026-06-04,Not As Described,2984.47,Approved
RET003798,ORD021817,CUST03136,2026-07-24,Damaged in Transit,3316.08,Approved
RET003799,ORD021819,CUST03136,2026-06-27,Changed Mind,9280.67,Pending
RET003800,ORD021831,CUST03138,2026-06-07,Size/Fit Issue,3536.19,Approved
RET003801,ORD021834,CUST03139,2026-07-21,Not As Described,18845.82,Approved
RET003802,ORD021836,CUST03139,2026-07-05,Quality Not Satisfactory,1838.49,Rejected
RET003803,ORD021842,CUST03139,2026-07-11,Not As Described,1832.36,Pending
RET003804,ORD021845,CUST03139,2026-07-03,Defective Product,1612.52,Approved
RET003805,ORD021846,CUST03139,2026-06-27,Changed Mind,9368.76,Approved
RET003806,ORD021849,CUST03139,2026-06-15,Not As Described,4944.96,Rejected
RET003807,ORD021850,CUST03139,2026-07-30,Not As Described,2365.81,Pending
RET003808,ORD021852,CUST03139,2026-05-23,Changed Mind,1987.52,Approved
RET003809,ORD021853,CUST03139,2026-07-14,Defective Product,3265.74,Rejected
RET003810,ORD021855,CUST03139,2026-06-29,Defective Product,14833.92,Approved
RET003811,ORD021856,CUST03139,2026-06-19,Quality Not Satisfactory,4840.16,Approved
RET003812,ORD021857,CUST03139,2026-07-26,Defective Product,7471.39,Approved
RET003813,ORD021876,CUST03142,2026-05-29,Defective Product,2003.12,Approved
RET003814,ORD021878,CUST03143,2026-08-25,Defective Product,770.55,Pending
RET003815,ORD021883,CUST03143,2026-09-03,Not As Described,2209.96,Pending
RET003816,ORD021886,CUST03143,2026-09-01,Changed Mind,10881.49,Approved
RET003817,ORD021889,CUST03143,2026-08-25,Changed Mind,809.76,Approved
RET003818,ORD021919,CUST03147,2026-08-01,Defective Product,1477.66,Approved
RET003819,ORD021936,CUST03150,2026-08-24,Size/Fit Issue,3897.21,Rejected
RET003820,ORD021942,CUST03150,2026-05-28,Size/Fit Issue,4765.63,Approved
RET003821,ORD021984,CUST03158,2026-06-26,Not As Described,24152.69,Rejected
RET003822,ORD021989,CUST03158,2026-04-24,Damaged in Transit,675.03,Approved
RET003823,ORD021996,CUST03160,2026-04-22,Changed Mind,568.04,Approved
RET003824,ORD022001,CUST03161,2026-06-09,Size/Fit Issue,3210.06,Approved
RET003825,ORD022002,CUST03161,2026-05-25,Not As Described,3666.3,Approved
RET003826,ORD022005,CUST03162,2026-02-13,Better Price Found,340.37,Approved
RET003827,ORD022006,CUST03162,2026-05-07,Not As Described,1112.62,Approved
RET003828,ORD022010,CUST03162,2026-09-08,Wrong Item Received,21893.45,Approved
RET003829,ORD022014,CUST03162,2026-01-25,Not As Described,1378.34,Rejected
RET003830,ORD022016,CUST03162,2026-07-17,Defective Product,1304.77,Approved
RET003831,ORD022030,CUST03165,2026-04-06,Wrong Item Received,12628.14,Approved
RET003832,ORD022041,CUST03167,2026-07-30,Defective Product,1009.21,Approved
RET003833,ORD022063,CUST03171,2026-04-15,Quality Not Satisfactory,754.28,Rejected
RET003834,ORD022085,CUST03176,2026-03-14,Changed Mind,3581.94,Rejected
RET003835,ORD022089,CUST03176,2026-05-11,Size/Fit Issue,2842.82,Pending
RET003836,ORD022105,CUST03178,2026-04-09,Size/Fit Issue,1484.35,Approved
RET003837,ORD022112,CUST03179,2026-07-10,Damaged in Transit,1819.25,Approved
RET003838,ORD022120,CUST03180,2026-07-17,Size/Fit Issue,2268.02,Approved
RET003839,ORD022126,CUST03181,2026-02-17,Better Price Found,4190.61,Approved
RET003840,ORD022128,CUST03182,2026-06-18,Wrong Item Received,2434.3,Approved
RET003841,ORD022133,CUST03183,2026-06-09,Size/Fit Issue,1382.47,Approved
RET003842,ORD022140,CUST03183,2026-06-03,Changed Mind,5347.21,Approved
RET003843,ORD022156,CUST03185,2026-07-25,Damaged in Transit,6591.3,Approved
RET003844,ORD022163,CUST03187,2026-06-24,Better Price Found,10793.57,Approved
RET003845,ORD022170,CUST03187,2026-07-27,Not As Described,2907.88,Approved
RET003846,ORD022172,CUST03187,2026-02-01,Size/Fit Issue,5643.35,Approved
RET003847,ORD022173,CUST03188,2026-07-16,Size/Fit Issue,2334.35,Approved
RET003848,ORD022177,CUST03188,2026-09-10,Quality Not Satisfactory,1253.89,Approved
RET003849,ORD022202,CUST03192,2026-04-11,Size/Fit Issue,305.05,Approved
RET003850,ORD022207,CUST03193,2026-07-10,Defective Product,1742.89,Approved
RET003851,ORD022219,CUST03195,2026-02-11,Size/Fit Issue,1641.83,Pending
RET003852,ORD022222,CUST03196,2026-06-29,Not As Described,38031.34,Approved
RET003853,ORD022228,CUST03197,2026-09-01,Not As Described,24114.23,Approved
RET003854,ORD022238,CUST03197,2026-08-22,Wrong Item Received,11326.14,Pending
RET003855,ORD022242,CUST03197,2026-08-17,Changed Mind,2543.68,Approved
RET003856,ORD022252,CUST03199,2026-02-08,Changed Mind,639.82,Approved
RET003857,ORD022262,CUST03200,2026-05-31,Not As Described,46983.17,Approved
RET003858,ORD022264,CUST03201,2026-06-28,Changed Mind,1267.17,Approved
RET003859,ORD022265,CUST03201,2026-06-27,Changed Mind,2750.03,Approved
RET003860,ORD022266,CUST03201,2026-06-20,Changed Mind,908.16,Approved
RET003861,ORD022267,CUST03201,2026-06-19,Not As Described,1407.84,Pending
RET003862,ORD022271,CUST03201,2026-06-15,Changed Mind,746.07,Rejected
RET003863,ORD022272,CUST03201,2026-08-20,Better Price Found,3296.9,Pending
RET003864,ORD022273,CUST03201,2026-08-24,Not As Described,11605.57,Approved
RET003865,ORD022275,CUST03201,2026-07-24,Damaged in Transit,6284.95,Approved
RET003866,ORD022279,CUST03202,2026-08-21,Changed Mind,2121.88,Approved
RET003867,ORD022280,CUST03202,2026-08-31,Not As Described,3182.51,Rejected
RET003868,ORD022301,CUST03205,2026-06-11,Changed Mind,3560.58,Approved
RET003869,ORD022344,CUST03212,2026-08-22,Defective Product,511.82,Rejected
RET003870,ORD022348,CUST03212,2026-08-11,Not As Described,3652.13,Approved
RET003871,ORD022349,CUST03212,2026-08-21,Not As Described,1534.87,Approved
RET003872,ORD022350,CUST03212,2026-08-16,Better Price Found,17691.47,Pending
RET003873,ORD022351,CUST03212,2026-08-02,Size/Fit Issue,4734.11,Approved
RET003874,ORD022353,CUST03212,2026-08-18,Wrong Item Received,1240.45,Rejected
RET003875,ORD022354,CUST03212,2026-08-18,Better Price Found,1324.29,Rejected
RET003876,ORD022356,CUST03212,2026-08-08,Changed Mind,1263.87,Approved
RET003877,ORD022357,CUST03212,2026-08-16,Wrong Item Received,1427.09,Rejected
RET003878,ORD022358,CUST03212,2026-08-19,Better Price Found,2639.76,Pending
RET003879,ORD022359,CUST03212,2026-06-17,Changed Mind,1581.51,Approved
RET003880,ORD022360,CUST03212,2026-08-05,Wrong Item Received,1215.43,Approved
RET003881,ORD022361,CUST03212,2026-08-14,Defective Product,1375.22,Rejected
RET003882,ORD022363,CUST03212,2026-08-09,Changed Mind,1861.24,Approved
RET003883,ORD022365,CUST03213,2026-04-29,Size/Fit Issue,1119.38,Approved
RET003884,ORD022367,CUST03213,2026-01-24,Size/Fit Issue,1275.96,Approved
RET003885,ORD022374,CUST03215,2026-08-10,Changed Mind,927.38,Approved
RET003886,ORD022375,CUST03215,2026-08-17,Changed Mind,3458.04,Pending
RET003887,ORD022377,CUST03215,2026-08-14,Not As Described,1179.26,Rejected
RET003888,ORD022380,CUST03215,2026-08-12,Wrong Item Received,17526.2,Approved
RET003889,ORD022389,CUST03215,2026-08-30,Not As Described,1719.47,Rejected
RET003890,ORD022397,CUST03217,2026-04-28,Size/Fit Issue,2920.54,Approved
RET003891,ORD022403,CUST03218,2026-03-23,Size/Fit Issue,1928.04,Approved
RET003892,ORD022408,CUST03219,2026-05-24,Quality Not Satisfactory,2207.59,Pending
RET003893,ORD022416,CUST03220,2026-07-16,Defective Product,3541.28,Approved
RET003894,ORD022418,CUST03220,2026-03-26,Size/Fit Issue,15404.4,Approved
RET003895,ORD022433,CUST03223,2026-07-15,Not As Described,18012.61,Approved
RET003896,ORD022434,CUST03223,2026-07-02,Changed Mind,987.11,Pending
RET003897,ORD022435,CUST03223,2026-06-20,Better Price Found,1049.15,Approved
RET003898,ORD022438,CUST03223,2026-08-06,Better Price Found,198.73,Approved
RET003899,ORD022440,CUST03223,2026-06-01,Changed Mind,4480.47,Pending
RET003900,ORD022442,CUST03223,2026-08-22,Not As Described,779.37,Approved
RET003901,ORD022445,CUST03224,2026-08-19,Not As Described,731.27,Pending
RET003902,ORD022447,CUST03224,2026-08-09,Defective Product,10009.52,Approved
RET003903,ORD022451,CUST03224,2026-08-15,Changed Mind,27352.76,Approved
RET003904,ORD022467,CUST03227,2026-05-27,Not As Described,1461.72,Approved
RET003905,ORD022468,CUST03227,2026-05-29,Better Price Found,11673.6,Approved
RET003906,ORD022470,CUST03227,2026-07-24,Wrong Item Received,21562.37,Approved
RET003907,ORD022477,CUST03227,2026-04-21,Not As Described,4357.05,Approved
RET003908,ORD022484,CUST03229,2026-04-17,Damaged in Transit,25345.64,Approved
RET003909,ORD022511,CUST03234,2026-05-18,Changed Mind,3056.76,Approved
RET003910,ORD022521,CUST03236,2026-07-19,Not As Described,999.87,Approved
RET003911,ORD022522,CUST03236,2026-06-15,Wrong Item Received,1833.28,Pending
RET003912,ORD022523,CUST03236,2026-08-18,Better Price Found,1318.78,Approved
RET003913,ORD022527,CUST03237,2026-07-17,Quality Not Satisfactory,187.47,Approved
RET003914,ORD022528,CUST03237,2026-05-23,Damaged in Transit,1268.2,Approved
RET003915,ORD022531,CUST03237,2026-08-06,Quality Not Satisfactory,2177.65,Rejected
RET003916,ORD022547,CUST03239,2026-07-02,Size/Fit Issue,953.36,Pending
RET003917,ORD022550,CUST03239,2026-09-01,Changed Mind,15576.99,Approved
RET003918,ORD022551,CUST03239,2026-09-03,Defective Product,1124.6,Rejected
RET003919,ORD022554,CUST03239,2026-07-28,Changed Mind,14170.7,Rejected
RET003920,ORD022561,CUST03240,2026-07-08,Defective Product,11197.25,Approved
RET003921,ORD022571,CUST03242,2026-01-19,Wrong Item Received,767.67,Rejected
RET003922,ORD022574,CUST03242,2026-04-11,Damaged in Transit,821.66,Approved
RET003923,ORD022577,CUST03243,2026-07-28,Not As Described,3706.05,Rejected
RET003924,ORD022578,CUST03243,2026-07-26,Damaged in Transit,6519.91,Pending
RET003925,ORD022579,CUST03243,2026-08-02,Quality Not Satisfactory,3661.01,Rejected
RET003926,ORD022580,CUST03243,2026-06-22,Size/Fit Issue,2664.25,Approved
RET003927,ORD022584,CUST03243,2026-08-28,Damaged in Transit,3622.7,Approved
RET003928,ORD022593,CUST03245,2026-05-13,Size/Fit Issue,2394.17,Rejected
RET003929,ORD022610,CUST03248,2026-05-19,Defective Product,1210.46,Approved
RET003930,ORD022615,CUST03249,2026-07-27,Wrong Item Received,2707.91,Approved
RET003931,ORD022657,CUST03257,2026-08-07,Damaged in Transit,772.81,Approved
RET003932,ORD022670,CUST03259,2026-08-25,Not As Described,557.34,Approved
RET003933,ORD022674,CUST03259,2026-08-31,Not As Described,2516.12,Pending
RET003934,ORD022675,CUST03259,2026-07-08,Better Price Found,21797.87,Rejected
RET003935,ORD022676,CUST03259,2026-08-10,Damaged in Transit,1427.21,Pending
RET003936,ORD022678,CUST03259,2026-08-11,Size/Fit Issue,10752.69,Approved
RET003937,ORD022682,CUST03260,2026-07-17,Defective Product,1574.37,Approved
RET003938,ORD022694,CUST03261,2026-05-15,Not As Described,1708.47,Approved
RET003939,ORD022698,CUST03262,2026-01-29,Defective Product,765.45,Approved
RET003940,ORD022704,CUST03263,2026-04-21,Size/Fit Issue,1741.52,Rejected
RET003941,ORD022711,CUST03264,2026-08-14,Damaged in Transit,2014.11,Approved
RET003942,ORD022717,CUST03265,2026-07-30,Damaged in Transit,3412.39,Rejected
RET003943,ORD022720,CUST03265,2026-06-17,Defective Product,179.5,Approved
RET003944,ORD022721,CUST03265,2026-01-31,Size/Fit Issue,1801.56,Approved
RET003945,ORD022725,CUST03266,2026-07-11,Not As Described,1116.86,Approved
RET003946,ORD022726,CUST03266,2026-06-24,Not As Described,986.31,Approved
RET003947,ORD022730,CUST03266,2026-07-24,Not As Described,5807.58,Approved
RET003948,ORD022732,CUST03266,2026-09-08,Size/Fit Issue,1626.01,Pending
RET003949,ORD022738,CUST03267,2026-08-13,Defective Product,4767.34,Approved
RET003950,ORD022741,CUST03268,2026-06-28,Quality Not Satisfactory,4320.97,Rejected
RET003951,ORD022742,CUST03268,2026-07-04,Changed Mind,22279.51,Approved
RET003952,ORD022744,CUST03268,2026-05-22,Quality Not Satisfactory,427.1,Pending
RET003953,ORD022745,CUST03268,2026-06-12,Changed Mind,2490.78,Approved
RET003954,ORD022746,CUST03268,2026-08-30,Quality Not Satisfactory,5132.74,Pending
RET003955,ORD022747,CUST03268,2026-07-30,Better Price Found,21450.31,Pending
RET003956,ORD022749,CUST03268,2026-08-19,Not As Described,24324.53,Pending
RET003957,ORD022751,CUST03268,2026-08-23,Size/Fit Issue,3382.42,Rejected
RET003958,ORD022752,CUST03268,2026-05-26,Defective Product,6604.71,Rejected
RET003959,ORD022755,CUST03268,2026-08-18,Changed Mind,1481.34,Approved
RET003960,ORD022765,CUST03270,2026-08-28,Quality Not Satisfactory,18196.73,Approved
RET003961,ORD022767,CUST03270,2026-08-22,Not As Described,1386.48,Pending
RET003962,ORD022768,CUST03270,2026-09-04,Changed Mind,975.82,Rejected
RET003963,ORD022782,CUST03272,2026-08-17,Damaged in Transit,308.87,Approved
RET003964,ORD022798,CUST03275,2026-08-10,Quality Not Satisfactory,2672.49,Pending
RET003965,ORD022802,CUST03275,2026-08-18,Size/Fit Issue,834.54,Approved
RET003966,ORD022807,CUST03275,2026-09-05,Not As Described,11162.28,Approved
RET003967,ORD022827,CUST03278,2026-08-11,Defective Product,427.87,Approved
RET003968,ORD022833,CUST03278,2026-07-26,Not As Described,1495.48,Approved
RET003969,ORD022860,CUST03282,2026-07-18,Wrong Item Received,893.74,Approved
RET003970,ORD022862,CUST03282,2026-03-13,Damaged in Transit,1430.48,Approved
RET003971,ORD022882,CUST03285,2026-04-04,Quality Not Satisfactory,1806.42,Approved
RET003972,ORD022885,CUST03285,2026-04-25,Better Price Found,1115.82,Approved
RET003973,ORD022886,CUST03285,2026-07-15,Not As Described,1034.85,Approved
RET003974,ORD022889,CUST03285,2026-04-21,Quality Not Satisfactory,1660.49,Approved
RET003975,ORD022891,CUST03285,2026-08-05,Better Price Found,1516.06,Rejected
RET003976,ORD022892,CUST03285,2026-07-29,Defective Product,112.5,Approved
RET003977,ORD022905,CUST03288,2026-05-03,Changed Mind,1208.58,Rejected
RET003978,ORD022921,CUST03291,2026-05-19,Changed Mind,1478.85,Approved
RET003979,ORD022922,CUST03291,2026-04-12,Better Price Found,12497.53,Pending
RET003980,ORD022923,CUST03291,2026-06-03,Damaged in Transit,3317.79,Rejected
RET003981,ORD022926,CUST03291,2026-04-05,Size/Fit Issue,2728.31,Approved
RET003982,ORD022928,CUST03291,2026-04-04,Size/Fit Issue,2789.84,Pending
RET003983,ORD022929,CUST03291,2026-04-16,Not As Described,1589.66,Approved
RET003984,ORD022937,CUST03292,2026-05-10,Size/Fit Issue,23498.06,Rejected
RET003985,ORD022953,CUST03295,2026-04-16,Wrong Item Received,625.62,Approved
RET003986,ORD022972,CUST03298,2026-04-13,Wrong Item Received,3358.41,Pending
RET003987,ORD022984,CUST03300,2026-04-24,Not As Described,1698.67,Approved
RET003988,ORD022991,CUST03301,2026-02-16,Defective Product,28063.6,Approved
RET003989,ORD023000,CUST03303,2026-07-13,Size/Fit Issue,399.05,Approved
RET003990,ORD023001,CUST03303,2026-06-09,Size/Fit Issue,1151.67,Approved
RET003991,ORD023003,CUST03303,2026-08-19,Not As Described,1201.12,Approved
RET003992,ORD023007,CUST03303,2026-07-24,Defective Product,2010.44,Approved
RET003993,ORD023020,CUST03305,2026-06-06,Damaged in Transit,3346.83,Approved
RET003994,ORD023025,CUST03307,2026-08-18,Better Price Found,6071.78,Approved
RET003995,ORD023033,CUST03308,2026-06-14,Size/Fit Issue,1702.59,Approved
RET003996,ORD023037,CUST03309,2026-06-24,Changed Mind,32838.05,Pending
RET003997,ORD023039,CUST03309,2026-07-21,Not As Described,4211.92,Approved
RET003998,ORD023041,CUST03309,2026-07-01,Not As Described,28269.92,Rejected
RET003999,ORD023044,CUST03309,2026-06-24,Better Price Found,358.32,Pending
RET004000,ORD023046,CUST03309,2026-07-26,Changed Mind,1680.82,Pending
RET004001,ORD023048,CUST03309,2026-05-08,Defective Product,392.76,Approved
RET004002,ORD023064,CUST03313,2026-02-23,Quality Not Satisfactory,5573.39,Rejected
RET004003,ORD023068,CUST03313,2026-03-05,Size/Fit Issue,434.12,Rejected
RET004004,ORD023070,CUST03313,2026-02-25,Defective Product,3910.1,Rejected
RET004005,ORD023073,CUST03314,2026-06-19,Changed Mind,7974.04,Approved
RET004006,ORD023075,CUST03314,2026-07-12,Not As Described,8795.57,Approved
RET004007,ORD023077,CUST03314,2026-06-25,Not As Described,8782.31,Pending
RET004008,ORD023079,CUST03314,2026-06-21,Changed Mind,2732.59,Approved
RET004009,ORD023084,CUST03314,2026-07-17,Defective Product,42988.59,Approved
RET004010,ORD023085,CUST03314,2026-08-05,Quality Not Satisfactory,2750.84,Rejected
RET004011,ORD023086,CUST03314,2026-08-31,Not As Described,1261.9,Rejected
RET004012,ORD023100,CUST03316,2026-06-25,Defective Product,3277.12,Approved
RET004013,ORD023106,CUST03317,2026-06-21,Not As Described,1396.01,Approved
RET004014,ORD023121,CUST03319,2026-06-12,Changed Mind,3961.96,Pending
RET004015,ORD023129,CUST03319,2026-05-14,Quality Not Satisfactory,3284.18,Approved
RET004016,ORD023130,CUST03319,2026-07-24,Not As Described,2566.29,Approved
RET004017,ORD023152,CUST03322,2026-02-08,Wrong Item Received,1054.9,Approved
RET004018,ORD023166,CUST03324,2026-07-18,Size/Fit Issue,4460.3,Approved
RET004019,ORD023171,CUST03325,2026-07-06,Defective Product,27666.26,Rejected
RET004020,ORD023191,CUST03329,2026-08-29,Not As Described,1709.08,Pending
RET004021,ORD023197,CUST03329,2026-08-09,Changed Mind,2921.8,Approved
RET004022,ORD023213,CUST03331,2026-05-21,Better Price Found,713.15,Approved
RET004023,ORD023214,CUST03332,2026-02-14,Defective Product,305.84,Approved
RET004024,ORD023215,CUST03332,2026-06-15,Not As Described,18542.27,Approved
RET004025,ORD023221,CUST03332,2026-09-06,Wrong Item Received,4506.8,Approved
RET004026,ORD023231,CUST03334,2026-06-01,Not As Described,2707.28,Approved
RET004027,ORD023237,CUST03335,2026-08-14,Defective Product,772.39,Approved
RET004028,ORD023238,CUST03335,2026-08-15,Changed Mind,9686.01,Rejected
RET004029,ORD023239,CUST03335,2026-08-13,Changed Mind,930.15,Pending
RET004030,ORD023240,CUST03335,2026-08-13,Defective Product,10854.18,Rejected
RET004031,ORD023241,CUST03335,2026-08-16,Quality Not Satisfactory,407.58,Approved
RET004032,ORD023245,CUST03335,2026-08-28,Changed Mind,7431.7,Pending
RET004033,ORD023247,CUST03335,2026-08-05,Quality Not Satisfactory,1425.59,Approved
RET004034,ORD023248,CUST03335,2026-08-13,Size/Fit Issue,2072.22,Pending
RET004035,ORD023267,CUST03339,2026-04-03,Defective Product,2916.3,Approved
RET004036,ORD023273,CUST03340,2026-07-27,Changed Mind,21289.97,Approved
RET004037,ORD023277,CUST03340,2026-07-30,Changed Mind,4055.68,Approved
RET004038,ORD023278,CUST03340,2026-07-16,Quality Not Satisfactory,2115.21,Approved
RET004039,ORD023280,CUST03340,2026-07-24,Changed Mind,29585.69,Approved
RET004040,ORD023281,CUST03340,2026-07-09,Not As Described,11933.75,Approved
RET004041,ORD023282,CUST03340,2026-08-06,Size/Fit Issue,2474.28,Rejected
RET004042,ORD023300,CUST03343,2026-07-10,Wrong Item Received,2112.41,Approved
RET004043,ORD023313,CUST03345,2026-06-25,Changed Mind,681.04,Rejected
RET004044,ORD023314,CUST03345,2026-08-25,Not As Described,16786.39,Approved
RET004045,ORD023317,CUST03345,2026-06-26,Changed Mind,1439.31,Rejected
RET004046,ORD023320,CUST03345,2026-05-25,Not As Described,886.98,Approved
RET004047,ORD023342,CUST03349,2026-06-12,Size/Fit Issue,1783.15,Approved
RET004048,ORD023343,CUST03350,2026-07-23,Wrong Item Received,27760.08,Approved
RET004049,ORD023346,CUST03350,2026-08-11,Size/Fit Issue,3998.42,Pending
RET004050,ORD023347,CUST03350,2026-08-01,Not As Described,853.63,Approved
RET004051,ORD023348,CUST03350,2026-08-08,Changed Mind,747.13,Rejected
RET004052,ORD023350,CUST03350,2026-08-06,Quality Not Satisfactory,1166.72,Approved
RET004053,ORD023355,CUST03351,2026-07-10,Size/Fit Issue,874.17,Approved
RET004054,ORD023372,CUST03354,2026-07-06,Quality Not Satisfactory,2414.91,Approved
RET004055,ORD023374,CUST03355,2026-08-17,Not As Described,6550.27,Approved
RET004056,ORD023376,CUST03355,2026-08-31,Changed Mind,1386.12,Approved
RET004057,ORD023383,CUST03355,2026-09-03,Not As Described,1299.69,Pending
RET004058,ORD023386,CUST03356,2026-08-03,Quality Not Satisfactory,7441.27,Approved
RET004059,ORD023389,CUST03356,2026-08-17,Better Price Found,1411.64,Pending
RET004060,ORD023391,CUST03356,2026-08-06,Changed Mind,1695.45,Pending
RET004061,ORD023395,CUST03356,2026-07-12,Size/Fit Issue,577.33,Approved
RET004062,ORD023397,CUST03356,2026-08-11,Defective Product,9232.24,Rejected
RET004063,ORD023399,CUST03356,2026-08-18,Defective Product,3506.93,Pending
RET004064,ORD023401,CUST03356,2026-07-24,Damaged in Transit,2315.71,Approved
RET004065,ORD023402,CUST03356,2026-08-03,Changed Mind,518.01,Pending
RET004066,ORD023405,CUST03356,2026-08-30,Changed Mind,13060.2,Approved
RET004067,ORD023406,CUST03356,2026-04-16,Quality Not Satisfactory,998.21,Approved
RET004068,ORD023425,CUST03360,2026-06-08,Wrong Item Received,12514.4,Pending
RET004069,ORD023441,CUST03363,2026-06-01,Damaged in Transit,1728.68,Pending
RET004070,ORD023442,CUST03363,2026-06-02,Changed Mind,2399.08,Rejected
RET004071,ORD023445,CUST03363,2026-05-31,Size/Fit Issue,1111.27,Approved
RET004072,ORD023447,CUST03363,2026-05-16,Quality Not Satisfactory,23572.48,Approved
RET004073,ORD023449,CUST03363,2026-05-14,Quality Not Satisfactory,1628.21,Approved
RET004074,ORD023470,CUST03366,2026-09-05,Changed Mind,581.95,Approved
RET004075,ORD023491,CUST03370,2026-08-05,Size/Fit Issue,1638.5,Rejected
RET004076,ORD023492,CUST03370,2026-08-11,Not As Described,4000.0,Approved
RET004077,ORD023499,CUST03370,2026-07-31,Not As Described,693.41,Approved
RET004078,ORD023504,CUST03370,2026-08-21,Changed Mind,16051.03,Approved
RET004079,ORD023505,CUST03371,2026-07-20,Size/Fit Issue,2496.3,Approved
RET004080,ORD023508,CUST03371,2026-02-23,Size/Fit Issue,1738.76,Approved
RET004081,ORD023509,CUST03371,2026-07-08,Defective Product,16192.46,Approved
RET004082,ORD023512,CUST03372,2026-09-03,Size/Fit Issue,709.83,Approved
RET004083,ORD023520,CUST03373,2026-03-08,Wrong Item Received,23979.07,Rejected
RET004084,ORD023524,CUST03373,2026-02-25,Not As Described,5328.93,Approved
RET004085,ORD023525,CUST03373,2026-03-11,Not As Described,14846.84,Pending
RET004086,ORD023527,CUST03373,2026-03-07,Not As Described,1351.24,Approved
RET004087,ORD023528,CUST03373,2026-01-26,Quality Not Satisfactory,1171.77,Pending
RET004088,ORD023536,CUST03374,2026-02-12,Wrong Item Received,2140.16,Approved
RET004089,ORD023554,CUST03378,2026-07-20,Changed Mind,2023.76,Approved
RET004090,ORD023558,CUST03378,2026-06-22,Better Price Found,608.02,Approved
RET004091,ORD023561,CUST03378,2026-08-11,Wrong Item Received,1211.45,Approved
RET004092,ORD023562,CUST03378,2026-07-10,Better Price Found,2000.09,Approved
RET004093,ORD023565,CUST03378,2026-06-19,Quality Not Satisfactory,13401.11,Pending
RET004094,ORD023571,CUST03378,2026-08-21,Not As Described,1428.77,Approved
RET004095,ORD023575,CUST03378,2026-07-06,Changed Mind,2331.0,Pending
RET004096,ORD023576,CUST03379,2026-08-26,Size/Fit Issue,1132.66,Approved
RET004097,ORD023581,CUST03380,2026-06-22,Damaged in Transit,2686.44,Approved
RET004098,ORD023582,CUST03380,2026-06-27,Changed Mind,1413.45,Approved
RET004099,ORD023583,CUST03380,2026-06-21,Defective Product,2051.83,Approved
RET004100,ORD023584,CUST03380,2026-07-01,Better Price Found,5096.06,Rejected
RET004101,ORD023587,CUST03380,2026-06-26,Not As Described,1020.51,Rejected
RET004102,ORD023588,CUST03380,2026-07-02,Changed Mind,1123.74,Approved
RET004103,ORD023590,CUST03380,2026-06-26,Changed Mind,13747.14,Approved
RET004104,ORD023591,CUST03380,2026-02-20,Defective Product,23130.87,Pending
RET004105,ORD023592,CUST03380,2026-02-23,Better Price Found,18624.57,Approved
RET004106,ORD023593,CUST03380,2026-04-23,Not As Described,1547.66,Approved
RET004107,ORD023596,CUST03380,2026-01-25,Better Price Found,2114.62,Approved
RET004108,ORD023598,CUST03381,2026-09-30,Size/Fit Issue,866.47,Approved
RET004109,ORD023603,CUST03382,2026-05-30,Changed Mind,2363.28,Rejected
RET004110,ORD023605,CUST03382,2026-05-22,Quality Not Satisfactory,4486.13,Approved
RET004111,ORD023606,CUST03382,2026-05-23,Defective Product,14916.12,Pending
RET004112,ORD023610,CUST03382,2026-04-24,Size/Fit Issue,1713.41,Approved
RET004113,ORD023613,CUST03382,2026-07-08,Better Price Found,841.95,Approved
RET004114,ORD023618,CUST03382,2026-07-13,Wrong Item Received,3476.6,Approved
RET004115,ORD023629,CUST03385,2026-06-25,Size/Fit Issue,4554.4,Approved
RET004116,ORD023634,CUST03385,2026-08-09,Not As Described,15047.09,Pending
RET004117,ORD023640,CUST03386,2026-09-04,Defective Product,1026.14,Approved
RET004118,ORD023642,CUST03387,2026-05-09,Quality Not Satisfactory,755.97,Approved
RET004119,ORD023652,CUST03389,2026-05-16,Size/Fit Issue,2779.62,Approved
RET004120,ORD023657,CUST03390,2026-05-10,Wrong Item Received,2505.29,Approved
RET004121,ORD023659,CUST03391,2026-04-02,Wrong Item Received,768.9,Approved
RET004122,ORD023664,CUST03391,2026-05-31,Size/Fit Issue,799.23,Approved
RET004123,ORD023667,CUST03391,2026-06-26,Quality Not Satisfactory,2017.79,Approved
RET004124,ORD023671,CUST03392,2026-09-10,Changed Mind,3813.94,Approved
RET004125,ORD023676,CUST03393,2026-06-22,Quality Not Satisfactory,1136.1,Approved
RET004126,ORD023677,CUST03393,2026-06-23,Quality Not Satisfactory,992.09,Approved
RET004127,ORD023685,CUST03394,2026-07-30,Defective Product,7961.25,Approved
RET004128,ORD023696,CUST03396,2026-05-21,Better Price Found,2932.63,Approved
RET004129,ORD023701,CUST03397,2026-09-05,Changed Mind,2098.96,Approved
RET004130,ORD023710,CUST03399,2026-01-09,Defective Product,12631.23,Pending
RET004131,ORD023723,CUST03401,2026-07-11,Changed Mind,885.99,Approved
RET004132,ORD023725,CUST03402,2026-04-22,Changed Mind,555.22,Approved
RET004133,ORD023738,CUST03404,2026-08-18,Defective Product,927.71,Approved
RET004134,ORD023740,CUST03404,2026-08-14,Defective Product,2591.15,Approved
RET004135,ORD023743,CUST03405,2026-07-03,Defective Product,761.8,Approved
RET004136,ORD023756,CUST03407,2026-07-21,Defective Product,17953.53,Approved
RET004137,ORD023786,CUST03412,2026-07-31,Not As Described,742.67,Approved
RET004138,ORD023836,CUST03420,2026-01-20,Damaged in Transit,887.53,Rejected
RET004139,ORD023841,CUST03421,2026-09-06,Better Price Found,5918.01,Approved
RET004140,ORD023843,CUST03421,2026-09-05,Changed Mind,14501.31,Approved
RET004141,ORD023844,CUST03421,2026-09-02,Not As Described,2209.87,Approved
RET004142,ORD023845,CUST03421,2026-09-07,Changed Mind,2325.1,Approved
RET004143,ORD023847,CUST03421,2026-08-23,Damaged in Transit,13619.48,Approved
RET004144,ORD023849,CUST03421,2026-08-17,Changed Mind,5064.25,Approved
RET004145,ORD023878,CUST03427,2026-03-18,Size/Fit Issue,886.74,Approved
RET004146,ORD023889,CUST03429,2026-04-12,Defective Product,6229.58,Rejected
RET004147,ORD023903,CUST03431,2026-05-29,Size/Fit Issue,849.05,Approved
RET004148,ORD023907,CUST03432,2026-06-24,Wrong Item Received,917.5,Approved
RET004149,ORD023909,CUST03432,2026-06-29,Wrong Item Received,6237.59,Pending
RET004150,ORD023923,CUST03433,2026-08-27,Wrong Item Received,711.3,Pending
RET004151,ORD023924,CUST03433,2026-08-11,Quality Not Satisfactory,1672.87,Approved
RET004152,ORD023933,CUST03435,2026-06-13,Damaged in Transit,1704.24,Approved
RET004153,ORD023940,CUST03437,2026-09-06,Size/Fit Issue,1395.09,Approved
RET004154,ORD023943,CUST03437,2026-06-20,Size/Fit Issue,715.04,Approved
RET004155,ORD023966,CUST03442,2026-07-26,Size/Fit Issue,952.2,Approved
RET004156,ORD023968,CUST03442,2026-08-13,Changed Mind,924.45,Approved
RET004157,ORD024006,CUST03448,2026-07-19,Not As Described,7825.62,Approved
RET004158,ORD024008,CUST03448,2026-07-21,Not As Described,1334.35,Approved
RET004159,ORD024010,CUST03448,2026-07-21,Defective Product,875.4,Pending
RET004160,ORD024011,CUST03448,2026-07-17,Wrong Item Received,1319.87,Approved
RET004161,ORD024012,CUST03448,2026-07-15,Changed Mind,1094.62,Rejected
RET004162,ORD024015,CUST03448,2026-06-17,Not As Described,2417.76,Rejected
RET004163,ORD024032,CUST03451,2026-08-16,Not As Described,3025.45,Approved
RET004164,ORD024033,CUST03451,2026-08-10,Changed Mind,11942.27,Pending
RET004165,ORD024038,CUST03451,2026-08-17,Damaged in Transit,38812.87,Approved
RET004166,ORD024039,CUST03451,2026-08-10,Wrong Item Received,957.63,Pending
RET004167,ORD024042,CUST03451,2026-08-23,Changed Mind,964.3,Approved
RET004168,ORD024057,CUST03454,2026-04-12,Better Price Found,95.83,Approved
RET004169,ORD024088,CUST03460,2026-04-29,Defective Product,3410.53,Approved
RET004170,ORD024120,CUST03465,2026-07-04,Wrong Item Received,618.42,Approved
RET004171,ORD024123,CUST03466,2026-05-06,Damaged in Transit,7679.9,Pending
RET004172,ORD024135,CUST03467,2026-08-07,Size/Fit Issue,1779.97,Approved
RET004173,ORD024137,CUST03468,2026-04-30,Size/Fit Issue,3391.39,Approved
RET004174,ORD024139,CUST03468,2026-08-24,Quality Not Satisfactory,1656.01,Rejected
RET004175,ORD024141,CUST03468,2026-08-25,Changed Mind,1127.53,Approved
RET004176,ORD024143,CUST03468,2026-08-13,Wrong Item Received,31638.45,Approved
RET004177,ORD024154,CUST03469,2026-06-22,Changed Mind,7459.62,Pending
RET004178,ORD024155,CUST03469,2026-08-18,Better Price Found,27416.34,Approved
RET004179,ORD024156,CUST03469,2026-01-22,Better Price Found,4143.87,Approved
RET004180,ORD024157,CUST03469,2026-06-09,Size/Fit Issue,1143.92,Approved
RET004181,ORD024158,CUST03469,2026-01-18,Wrong Item Received,1053.57,Approved
RET004182,ORD024160,CUST03469,2026-04-07,Quality Not Satisfactory,11274.07,Approved
RET004183,ORD024162,CUST03469,2026-03-23,Damaged in Transit,4679.69,Rejected
RET004184,ORD024163,CUST03469,2026-03-27,Changed Mind,2129.21,Approved
RET004185,ORD024164,CUST03469,2026-05-11,Damaged in Transit,22204.77,Rejected
RET004186,ORD024173,CUST03471,2026-08-13,Not As Described,2134.39,Approved
RET004187,ORD024174,CUST03471,2026-06-05,Changed Mind,20012.1,Pending
RET004188,ORD024177,CUST03471,2026-09-02,Changed Mind,1133.46,Approved
RET004189,ORD024178,CUST03471,2026-08-31,Defective Product,2813.69,Approved
RET004190,ORD024179,CUST03471,2026-06-03,Changed Mind,3374.47,Pending
RET004191,ORD024182,CUST03472,2026-08-01,Better Price Found,971.15,Approved
RET004192,ORD024189,CUST03472,2026-08-19,Changed Mind,2338.68,Approved
RET004193,ORD024190,CUST03472,2026-06-15,Changed Mind,1323.32,Rejected
RET004194,ORD024192,CUST03472,2026-08-11,Wrong Item Received,22194.93,Rejected
RET004195,ORD024194,CUST03472,2026-08-15,Not As Described,7913.99,Approved
RET004196,ORD024195,CUST03472,2026-08-10,Changed Mind,593.92,Rejected
RET004197,ORD024201,CUST03473,2026-07-06,Not As Described,5991.14,Rejected
RET004198,ORD024211,CUST03475,2026-02-21,Defective Product,1543.45,Approved
RET004199,ORD024215,CUST03475,2026-06-24,Changed Mind,427.61,Approved
RET004200,ORD024216,CUST03475,2026-08-24,Better Price Found,8725.12,Approved
RET004201,ORD024219,CUST03475,2026-04-16,Wrong Item Received,1671.41,Approved
RET004202,ORD024220,CUST03475,2026-03-23,Changed Mind,990.79,Approved
RET004203,ORD024238,CUST03479,2026-08-01,Changed Mind,8101.29,Approved
RET004204,ORD024256,CUST03481,2026-08-01,Size/Fit Issue,2129.42,Pending
RET004205,ORD024258,CUST03481,2026-03-04,Quality Not Satisfactory,2247.93,Approved
RET004206,ORD024259,CUST03481,2026-05-01,Size/Fit Issue,454.76,Approved
RET004207,ORD024261,CUST03481,2026-02-14,Damaged in Transit,1775.41,Pending
RET004208,ORD024264,CUST03481,2026-07-25,Changed Mind,1393.24,Rejected
RET004209,ORD024267,CUST03481,2026-01-13,Better Price Found,2042.46,Approved
RET004210,ORD024294,CUST03487,2026-06-05,Defective Product,2224.12,Rejected
RET004211,ORD024317,CUST03491,2026-06-02,Quality Not Satisfactory,1055.84,Approved
RET004212,ORD024318,CUST03491,2026-06-13,Quality Not Satisfactory,2561.16,Approved
RET004213,ORD024322,CUST03491,2026-06-03,Not As Described,3265.7,Rejected
RET004214,ORD024325,CUST03491,2026-07-30,Better Price Found,1183.88,Approved
RET004215,ORD024328,CUST03491,2026-05-27,Changed Mind,11747.95,Approved
RET004216,ORD024345,CUST03494,2026-09-04,Damaged in Transit,26749.17,Approved
RET004217,ORD024350,CUST03495,2026-08-02,Changed Mind,2002.65,Approved
RET004218,ORD024352,CUST03495,2026-08-04,Changed Mind,11209.42,Pending
RET004219,ORD024353,CUST03495,2026-08-04,Quality Not Satisfactory,2940.04,Approved
RET004220,ORD024356,CUST03495,2026-08-25,Quality Not Satisfactory,2998.05,Pending
RET004221,ORD024357,CUST03495,2026-08-11,Changed Mind,2577.61,Rejected
RET004222,ORD024359,CUST03495,2026-08-07,Wrong Item Received,2117.26,Pending
RET004223,ORD024362,CUST03495,2026-08-02,Not As Described,35231.32,Rejected
RET004224,ORD024363,CUST03495,2026-08-17,Not As Described,1223.02,Pending
RET004225,ORD024364,CUST03495,2026-08-31,Damaged in Transit,8534.55,Approved
RET004226,ORD024380,CUST03498,2026-07-26,Quality Not Satisfactory,1059.07,Rejected
RET004227,ORD024381,CUST03498,2026-07-20,Not As Described,1666.49,Approved
RET004228,ORD024385,CUST03498,2026-07-07,Damaged in Transit,14149.19,Approved
RET004229,ORD024387,CUST03498,2026-07-13,Changed Mind,6349.6,Approved
RET004230,ORD024390,CUST03498,2026-06-24,Quality Not Satisfactory,16359.98,Approved
RET004231,ORD024400,CUST03501,2026-06-30,Changed Mind,1851.33,Pending
RET004232,ORD024401,CUST03501,2026-07-15,Changed Mind,21422.48,Pending
RET004233,ORD024402,CUST03501,2026-08-13,Not As Described,23942.61,Rejected
RET004234,ORD024403,CUST03501,2026-05-24,Quality Not Satisfactory,16039.53,Rejected
RET004235,ORD024404,CUST03501,2026-06-14,Changed Mind,2012.92,Approved
RET004236,ORD024405,CUST03501,2026-08-12,Wrong Item Received,2773.48,Approved
RET004237,ORD024408,CUST03501,2026-06-10,Better Price Found,3487.59,Approved
RET004238,ORD024412,CUST03501,2026-07-25,Changed Mind,3821.53,Pending
RET004239,ORD024416,CUST03502,2026-07-11,Quality Not Satisfactory,1981.77,Approved
RET004240,ORD024421,CUST03502,2026-07-24,Quality Not Satisfactory,5136.52,Approved
RET004241,ORD024429,CUST03504,2026-07-07,Damaged in Transit,1753.71,Approved
RET004242,ORD024430,CUST03504,2026-08-03,Wrong Item Received,1325.04,Approved
RET004243,ORD024442,CUST03506,2026-08-31,Better Price Found,1158.88,Pending
RET004244,ORD024443,CUST03506,2026-08-24,Changed Mind,495.91,Rejected
RET004245,ORD024444,CUST03506,2026-08-16,Changed Mind,19988.4,Approved
RET004246,ORD024445,CUST03506,2026-08-17,Better Price Found,2337.21,Approved
RET004247,ORD024448,CUST03506,2026-08-20,Not As Described,20206.63,Approved
RET004248,ORD024450,CUST03506,2026-08-22,Wrong Item Received,3152.39,Approved
RET004249,ORD024451,CUST03506,2026-09-14,Better Price Found,10278.94,Approved
RET004250,ORD024454,CUST03506,2026-08-31,Size/Fit Issue,2754.96,Pending
RET004251,ORD024457,CUST03506,2026-09-03,Changed Mind,2741.83,Rejected
RET004252,ORD024460,CUST03506,2026-08-31,Better Price Found,4830.61,Approved
RET004253,ORD024466,CUST03508,2026-05-17,Damaged in Transit,20461.96,Rejected
RET004254,ORD024483,CUST03512,2026-08-07,Defective Product,2550.71,Rejected
RET004255,ORD024492,CUST03513,2026-05-26,Damaged in Transit,2037.02,Approved
RET004256,ORD024501,CUST03515,2026-03-03,Quality Not Satisfactory,15635.19,Approved
RET004257,ORD024520,CUST03518,2026-08-14,Changed Mind,24782.77,Approved
RET004258,ORD024522,CUST03518,2026-08-13,Damaged in Transit,2064.1,Pending
RET004259,ORD024523,CUST03518,2026-09-05,Changed Mind,2414.07,Pending
RET004260,ORD024524,CUST03518,2026-08-14,Not As Described,2082.77,Rejected
RET004261,ORD024561,CUST03524,2026-07-04,Quality Not Satisfactory,1404.86,Rejected
RET004262,ORD024570,CUST03526,2026-08-12,Better Price Found,6000.0,Approved
RET004263,ORD024573,CUST03526,2026-07-07,Changed Mind,3812.09,Approved
RET004264,ORD024575,CUST03526,2026-08-07,Damaged in Transit,3180.88,Pending
RET004265,ORD024576,CUST03527,2026-08-06,Changed Mind,11143.22,Pending
RET004266,ORD024579,CUST03527,2026-08-11,Changed Mind,1884.71,Approved
RET004267,ORD024583,CUST03527,2026-08-31,Wrong Item Received,1050.47,Approved
RET004268,ORD024593,CUST03529,2026-07-21,Damaged in Transit,2115.56,Approved
RET004269,ORD024623,CUST03534,2026-02-07,Damaged in Transit,6980.29,Pending
RET004270,ORD024649,CUST03539,2026-08-15,Changed Mind,2621.57,Rejected
RET004271,ORD024650,CUST03539,2026-08-08,Wrong Item Received,24699.29,Approved
RET004272,ORD024657,CUST03539,2026-08-20,Changed Mind,14728.52,Approved
RET004273,ORD024658,CUST03539,2026-07-28,Changed Mind,1882.59,Approved
RET004274,ORD024669,CUST03541,2026-07-02,Not As Described,1209.94,Approved
RET004275,ORD024672,CUST03541,2026-09-02,Size/Fit Issue,1754.98,Pending
RET004276,ORD024680,CUST03542,2026-06-03,Size/Fit Issue,1959.3,Rejected
RET004277,ORD024689,CUST03545,2026-05-24,Size/Fit Issue,2791.95,Approved
RET004278,ORD024696,CUST03546,2026-05-02,Size/Fit Issue,2899.84,Approved
RET004279,ORD024701,CUST03547,2026-07-25,Size/Fit Issue,5735.84,Approved
RET004280,ORD024707,CUST03548,2026-07-03,Quality Not Satisfactory,3090.26,Rejected
RET004281,ORD024710,CUST03548,2026-06-24,Quality Not Satisfactory,16899.35,Rejected
RET004282,ORD024712,CUST03548,2026-08-03,Not As Described,18764.93,Approved
RET004283,ORD024716,CUST03548,2026-07-17,Wrong Item Received,20461.07,Approved
RET004284,ORD024723,CUST03548,2026-07-05,Not As Described,1473.77,Approved
RET004285,ORD024738,CUST03552,2026-07-05,Wrong Item Received,4588.44,Approved
RET004286,ORD024740,CUST03552,2026-07-10,Wrong Item Received,2455.34,Pending
RET004287,ORD024742,CUST03552,2026-07-17,Quality Not Satisfactory,28184.21,Approved
RET004288,ORD024765,CUST03556,2026-06-07,Damaged in Transit,2596.82,Approved
RET004289,ORD024783,CUST03559,2026-07-25,Size/Fit Issue,1868.15,Approved
RET004290,ORD024793,CUST03562,2026-05-29,Size/Fit Issue,36142.53,Approved
RET004291,ORD024794,CUST03562,2026-07-30,Size/Fit Issue,1922.72,Approved
RET004292,ORD024796,CUST03563,2026-07-21,Quality Not Satisfactory,482.95,Approved
RET004293,ORD024824,CUST03567,2026-09-14,Size/Fit Issue,2172.43,Rejected
RET004294,ORD024825,CUST03568,2026-09-03,Size/Fit Issue,13139.5,Approved
RET004295,ORD024836,CUST03570,2026-07-08,Defective Product,50321.32,Approved
RET004296,ORD024839,CUST03571,2026-07-17,Changed Mind,3002.44,Rejected
RET004297,ORD024845,CUST03571,2026-07-22,Size/Fit Issue,19466.53,Pending
RET004298,ORD024847,CUST03571,2026-07-10,Not As Described,2443.24,Approved
RET004299,ORD024850,CUST03571,2026-07-15,Quality Not Satisfactory,11693.28,Approved
RET004300,ORD024854,CUST03571,2026-08-22,Changed Mind,1233.17,Rejected
RET004301,ORD024861,CUST03572,2026-08-12,Better Price Found,631.36,Approved
RET004302,ORD024881,CUST03575,2026-08-24,Size/Fit Issue,1231.37,Approved
RET004303,ORD024894,CUST03577,2026-07-29,Size/Fit Issue,19931.72,Approved
RET004304,ORD024895,CUST03578,2026-05-29,Wrong Item Received,2777.64,Approved
RET004305,ORD024896,CUST03578,2026-07-06,Defective Product,791.85,Pending
RET004306,ORD024904,CUST03578,2026-07-30,Defective Product,705.08,Approved
RET004307,ORD024908,CUST03579,2026-08-05,Changed Mind,285.2,Pending
RET004308,ORD024909,CUST03579,2026-08-31,Better Price Found,23020.19,Pending
RET004309,ORD024911,CUST03579,2026-09-04,Size/Fit Issue,12010.88,Rejected
RET004310,ORD024912,CUST03579,2026-08-30,Quality Not Satisfactory,2501.63,Approved
RET004311,ORD024913,CUST03579,2026-08-04,Not As Described,2261.28,Approved
RET004312,ORD024914,CUST03579,2026-08-17,Changed Mind,12728.67,Rejected
RET004313,ORD024917,CUST03579,2026-08-20,Changed Mind,750.32,Rejected
RET004314,ORD024918,CUST03579,2026-07-27,Changed Mind,5289.05,Approved
RET004315,ORD024921,CUST03580,2026-09-02,Size/Fit Issue,508.86,Approved
RET004316,ORD024955,CUST03586,2026-09-03,Damaged in Transit,1178.11,Approved
RET004317,ORD024958,CUST03586,2026-03-29,Size/Fit Issue,611.32,Approved
RET004318,ORD024961,CUST03586,2026-04-07,Better Price Found,19711.39,Approved
RET004319,ORD024971,CUST03588,2026-04-05,Damaged in Transit,672.02,Rejected
RET004320,ORD025001,CUST03594,2026-05-05,Defective Product,18893.66,Approved
RET004321,ORD025003,CUST03594,2026-08-01,Defective Product,717.73,Approved
RET004322,ORD025013,CUST03596,2026-09-10,Defective Product,1252.96,Approved
RET004323,ORD025027,CUST03598,2026-04-03,Size/Fit Issue,147.46,Approved
RET004324,ORD025054,CUST03603,2026-07-21,Better Price Found,11682.56,Pending
RET004325,ORD025061,CUST03603,2026-05-13,Changed Mind,11292.08,Pending
RET004326,ORD025062,CUST03603,2026-07-01,Changed Mind,2994.37,Approved
RET004327,ORD025063,CUST03603,2026-07-06,Defective Product,9399.23,Rejected
RET004328,ORD025066,CUST03603,2026-07-31,Quality Not Satisfactory,16911.13,Approved
RET004329,ORD025073,CUST03604,2026-08-04,Quality Not Satisfactory,1149.9,Pending
RET004330,ORD025074,CUST03604,2026-08-03,Not As Described,1205.5,Rejected
RET004331,ORD025075,CUST03604,2026-07-27,Quality Not Satisfactory,2388.63,Approved
RET004332,ORD025076,CUST03604,2026-06-30,Changed Mind,2302.06,Approved
RET004333,ORD025085,CUST03606,2026-06-15,Size/Fit Issue,285.4,Approved
RET004334,ORD025089,CUST03607,2026-07-21,Changed Mind,14125.28,Approved
RET004335,ORD025090,CUST03607,2026-07-21,Changed Mind,1953.86,Approved
RET004336,ORD025092,CUST03607,2026-07-16,Size/Fit Issue,1375.22,Approved
RET004337,ORD025094,CUST03607,2026-04-21,Damaged in Transit,792.46,Approved
RET004338,ORD025096,CUST03607,2026-08-28,Changed Mind,2081.29,Rejected
RET004339,ORD025097,CUST03607,2026-06-07,Changed Mind,2888.73,Approved
RET004340,ORD025100,CUST03607,2026-08-29,Not As Described,18144.1,Pending
RET004341,ORD025104,CUST03608,2026-08-30,Size/Fit Issue,409.92,Approved
RET004342,ORD025109,CUST03608,2026-08-25,Quality Not Satisfactory,707.7,Rejected
RET004343,ORD025145,CUST03615,2026-07-22,Quality Not Satisfactory,2290.53,Approved
RET004344,ORD025150,CUST03615,2026-02-01,Not As Described,1259.45,Approved
RET004345,ORD025152,CUST03616,2026-05-02,Changed Mind,2601.72,Approved
RET004346,ORD025157,CUST03616,2026-09-11,Size/Fit Issue,3129.1,Approved
RET004347,ORD025167,CUST03617,2026-05-17,Damaged in Transit,763.48,Approved
RET004348,ORD025176,CUST03619,2026-03-23,Defective Product,397.98,Approved
RET004349,ORD025181,CUST03620,2026-05-13,Damaged in Transit,665.39,Rejected
RET004350,ORD025184,CUST03621,2026-03-08,Defective Product,3855.71,Approved
RET004351,ORD025185,CUST03621,2026-02-06,Size/Fit Issue,6658.09,Approved
RET004352,ORD025191,CUST03621,2026-05-31,Damaged in Transit,902.05,Rejected
RET004353,ORD025194,CUST03622,2026-08-04,Damaged in Transit,14569.77,Approved
RET004354,ORD025195,CUST03623,2026-04-24,Size/Fit Issue,23063.02,Pending
RET004355,ORD025198,CUST03623,2026-07-11,Changed Mind,4218.54,Approved
RET004356,ORD025199,CUST03623,2026-02-07,Not As Described,18892.24,Approved
RET004357,ORD025210,CUST03625,2026-08-07,Changed Mind,3937.65,Rejected
RET004358,ORD025211,CUST03625,2026-08-01,Changed Mind,1976.62,Approved
RET004359,ORD025212,CUST03625,2026-08-07,Not As Described,289.13,Rejected
RET004360,ORD025213,CUST03625,2026-08-18,Not As Described,7135.0,Approved
RET004361,ORD025222,CUST03625,2026-05-13,Quality Not Satisfactory,26856.6,Approved
RET004362,ORD025225,CUST03626,2026-01-28,Damaged in Transit,15473.24,Approved
RET004363,ORD025249,CUST03630,2026-02-19,Not As Described,1565.29,Approved
RET004364,ORD025250,CUST03630,2026-02-12,Better Price Found,11154.24,Approved
RET004365,ORD025256,CUST03630,2026-02-27,Quality Not Satisfactory,3404.81,Approved
RET004366,ORD025258,CUST03630,2026-04-04,Better Price Found,1892.65,Approved
RET004367,ORD025260,CUST03630,2026-08-01,Changed Mind,2310.64,Approved
RET004368,ORD025272,CUST03631,2026-01-18,Defective Product,11276.27,Pending
RET004369,ORD025277,CUST03632,2026-02-10,Defective Product,3349.94,Approved
RET004370,ORD025282,CUST03633,2026-07-16,Changed Mind,820.42,Pending
RET004371,ORD025284,CUST03633,2026-07-17,Quality Not Satisfactory,3030.95,Approved
RET004372,ORD025287,CUST03633,2026-07-05,Changed Mind,18734.94,Rejected
RET004373,ORD025288,CUST03633,2026-06-01,Damaged in Transit,39529.74,Rejected
RET004374,ORD025290,CUST03633,2026-03-29,Changed Mind,3765.96,Approved
RET004375,ORD025292,CUST03633,2026-05-23,Changed Mind,6957.03,Rejected
RET004376,ORD025293,CUST03633,2026-04-29,Changed Mind,4839.72,Approved
RET004377,ORD025295,CUST03633,2026-02-21,Changed Mind,1792.65,Pending
RET004378,ORD025296,CUST03633,2026-05-03,Not As Described,27496.51,Pending
RET004379,ORD025297,CUST03633,2026-08-19,Better Price Found,11365.48,Approved
RET004380,ORD025298,CUST03633,2026-04-27,Changed Mind,1512.29,Pending
RET004381,ORD025299,CUST03633,2026-07-19,Size/Fit Issue,13156.38,Rejected
RET004382,ORD025331,CUST03639,2026-07-18,Better Price Found,15501.26,Approved
RET004383,ORD025348,CUST03641,2026-06-06,Not As Described,16604.24,Pending
RET004384,ORD025362,CUST03643,2026-07-02,Quality Not Satisfactory,14249.74,Approved
RET004385,ORD025400,CUST03649,2026-05-09,Wrong Item Received,860.69,Rejected
RET004386,ORD025407,CUST03650,2026-08-30,Better Price Found,690.25,Approved
RET004387,ORD025412,CUST03650,2026-09-14,Changed Mind,9312.02,Approved
RET004388,ORD025414,CUST03650,2026-08-15,Changed Mind,535.9,Rejected
RET004389,ORD025421,CUST03651,2026-08-30,Damaged in Transit,1498.26,Approved
RET004390,ORD025424,CUST03651,2026-03-05,Defective Product,4951.25,Rejected
RET004391,ORD025425,CUST03652,2026-07-28,Size/Fit Issue,2120.67,Rejected
RET004392,ORD025431,CUST03652,2026-05-26,Changed Mind,605.53,Pending
RET004393,ORD025434,CUST03652,2026-07-10,Better Price Found,1581.11,Approved
RET004394,ORD025438,CUST03652,2026-06-12,Changed Mind,6671.07,Approved
RET004395,ORD025440,CUST03652,2026-07-09,Size/Fit Issue,2811.69,Rejected
RET004396,ORD025441,CUST03652,2026-07-09,Changed Mind,2155.96,Approved
RET004397,ORD025442,CUST03652,2026-04-22,Defective Product,3238.87,Rejected
RET004398,ORD025449,CUST03653,2026-02-28,Quality Not Satisfactory,3638.37,Pending
RET004399,ORD025457,CUST03655,2026-08-22,Changed Mind,1952.29,Approved
RET004400,ORD025459,CUST03655,2026-08-30,Changed Mind,1956.69,Pending
RET004401,ORD025460,CUST03655,2026-08-14,Changed Mind,807.89,Approved
RET004402,ORD025461,CUST03655,2026-08-06,Changed Mind,33864.14,Rejected
RET004403,ORD025462,CUST03655,2026-05-29,Better Price Found,35112.78,Pending
RET004404,ORD025467,CUST03655,2026-07-12,Not As Described,727.56,Approved
RET004405,ORD025469,CUST03656,2026-04-10,Size/Fit Issue,3572.51,Approved
RET004406,ORD025473,CUST03656,2026-01-23,Size/Fit Issue,2959.59,Pending
RET004407,ORD025474,CUST03657,2026-06-23,Defective Product,3014.32,Approved
RET004408,ORD025476,CUST03657,2026-08-02,Wrong Item Received,5204.48,Approved
RET004409,ORD025521,CUST03664,2026-04-05,Wrong Item Received,2073.07,Approved
RET004410,ORD025534,CUST03668,2026-09-04,Better Price Found,22407.38,Approved
RET004411,ORD025539,CUST03668,2026-08-13,Size/Fit Issue,3244.14,Approved
RET004412,ORD025558,CUST03671,2026-06-04,Changed Mind,6591.06,Approved
RET004413,ORD025618,CUST03681,2026-08-07,Wrong Item Received,4691.09,Approved
RET004414,ORD025625,CUST03682,2026-05-13,Damaged in Transit,8246.37,Approved
RET004415,ORD025626,CUST03683,2026-08-12,Not As Described,1042.68,Approved
RET004416,ORD025644,CUST03686,2026-08-28,Quality Not Satisfactory,3773.96,Rejected
RET004417,ORD025645,CUST03686,2026-05-02,Quality Not Satisfactory,12973.6,Rejected
RET004418,ORD025646,CUST03687,2026-04-25,Changed Mind,14719.21,Approved
RET004419,ORD025648,CUST03687,2026-06-17,Not As Described,4625.42,Pending
RET004420,ORD025649,CUST03687,2026-05-31,Wrong Item Received,2456.03,Approved
RET004421,ORD025650,CUST03687,2026-02-28,Better Price Found,2595.41,Pending
RET004422,ORD025653,CUST03687,2026-03-05,Not As Described,971.13,Rejected
RET004423,ORD025655,CUST03687,2026-07-02,Not As Described,2413.37,Pending
RET004424,ORD025656,CUST03687,2026-03-25,Quality Not Satisfactory,2701.65,Rejected
RET004425,ORD025657,CUST03687,2026-07-18,Changed Mind,909.92,Pending
RET004426,ORD025658,CUST03687,2026-09-03,Size/Fit Issue,13919.4,Rejected
RET004427,ORD025669,CUST03689,2026-01-16,Damaged in Transit,380.95,Approved
RET004428,ORD025680,CUST03690,2026-07-18,Not As Described,2998.65,Pending
RET004429,ORD025693,CUST03693,2026-09-09,Damaged in Transit,895.74,Approved
RET004430,ORD025694,CUST03693,2026-08-30,Damaged in Transit,559.42,Approved
RET004431,ORD025702,CUST03694,2026-07-18,Not As Described,20553.89,Approved
RET004432,ORD025704,CUST03694,2026-06-13,Changed Mind,1057.67,Approved
RET004433,ORD025712,CUST03695,2026-06-26,Not As Described,1582.05,Pending
RET004434,ORD025715,CUST03695,2026-08-22,Not As Described,4665.7,Rejected
RET004435,ORD025718,CUST03695,2026-08-03,Better Price Found,2147.6,Approved
RET004436,ORD025726,CUST03698,2026-04-19,Quality Not Satisfactory,1707.15,Pending
RET004437,ORD025727,CUST03698,2026-03-07,Quality Not Satisfactory,1037.22,Approved
RET004438,ORD025748,CUST03701,2026-08-07,Defective Product,17167.82,Approved
RET004439,ORD025760,CUST03703,2026-06-30,Defective Product,2140.05,Approved
RET004440,ORD025766,CUST03704,2026-06-18,Size/Fit Issue,4385.61,Approved
RET004441,ORD025769,CUST03704,2026-09-07,Quality Not Satisfactory,3394.15,Approved
RET004442,ORD025777,CUST03705,2026-03-30,Defective Product,2990.46,Approved
RET004443,ORD025783,CUST03706,2026-08-06,Quality Not Satisfactory,19838.1,Approved
RET004444,ORD025784,CUST03706,2026-08-08,Changed Mind,2004.75,Rejected
RET004445,ORD025787,CUST03706,2026-08-27,Changed Mind,370.18,Pending
RET004446,ORD025809,CUST03710,2026-02-17,Not As Described,3973.39,Approved
RET004447,ORD025810,CUST03710,2026-08-24,Size/Fit Issue,2084.03,Approved
RET004448,ORD025824,CUST03713,2026-03-25,Size/Fit Issue,1543.67,Rejected
RET004449,ORD025839,CUST03716,2026-04-10,Wrong Item Received,2269.12,Approved
RET004450,ORD025846,CUST03717,2026-06-22,Not As Described,11538.14,Approved
RET004451,ORD025849,CUST03717,2026-06-03,Size/Fit Issue,554.02,Pending
RET004452,ORD025855,CUST03718,2026-07-05,Changed Mind,25962.97,Approved
RET004453,ORD025883,CUST03724,2026-07-06,Changed Mind,2205.19,Pending
RET004454,ORD025889,CUST03724,2026-06-28,Wrong Item Received,1790.75,Rejected
RET004455,ORD025929,CUST03730,2026-03-02,Changed Mind,2488.98,Approved
RET004456,ORD025937,CUST03731,2026-07-08,Defective Product,400.0,Approved
RET004457,ORD025941,CUST03731,2026-06-18,Better Price Found,3724.49,Approved
RET004458,ORD025952,CUST03733,2026-03-12,Damaged in Transit,3484.13,Approved
RET004459,ORD025958,CUST03735,2026-03-17,Defective Product,3236.27,Approved
RET004460,ORD025963,CUST03736,2026-03-08,Not As Described,2215.95,Approved
RET004461,ORD025966,CUST03736,2026-03-21,Defective Product,2793.0,Approved
RET004462,ORD025967,CUST03736,2026-03-11,Better Price Found,1792.56,Approved
RET004463,ORD025969,CUST03736,2026-06-08,Changed Mind,9109.67,Approved
RET004464,ORD025985,CUST03739,2026-06-03,Damaged in Transit,2028.24,Approved
RET004465,ORD025986,CUST03739,2026-06-14,Size/Fit Issue,1831.23,Approved
RET004466,ORD025995,CUST03741,2026-07-23,Changed Mind,5768.98,Approved
RET004467,ORD025998,CUST03742,2026-08-12,Changed Mind,2917.92,Approved
RET004468,ORD026001,CUST03742,2026-08-06,Wrong Item Received,1384.68,Rejected
RET004469,ORD026003,CUST03742,2026-02-27,Quality Not Satisfactory,1269.51,Approved
RET004470,ORD026020,CUST03745,2026-08-26,Better Price Found,12530.9,Approved
RET004471,ORD026029,CUST03747,2026-09-11,Size/Fit Issue,2524.21,Approved
RET004472,ORD026033,CUST03747,2026-08-30,Defective Product,14232.01,Pending
RET004473,ORD026034,CUST03747,2026-06-05,Not As Described,2583.82,Approved
RET004474,ORD026035,CUST03747,2026-06-04,Not As Described,1248.07,Approved
RET004475,ORD026049,CUST03749,2026-02-27,Defective Product,5405.03,Pending
RET004476,ORD026058,CUST03751,2026-02-25,Changed Mind,26094.13,Pending
RET004477,ORD026061,CUST03751,2026-03-06,Size/Fit Issue,2485.81,Approved
RET004478,ORD026062,CUST03751,2026-02-16,Wrong Item Received,1357.07,Approved
RET004479,ORD026065,CUST03751,2026-02-22,Quality Not Satisfactory,725.35,Rejected
RET004480,ORD026066,CUST03751,2026-02-28,Better Price Found,1576.61,Pending
RET004481,ORD026071,CUST03751,2026-07-25,Better Price Found,18989.36,Approved
RET004482,ORD026073,CUST03752,2026-08-03,Wrong Item Received,1977.21,Pending
RET004483,ORD026074,CUST03752,2026-06-08,Damaged in Transit,1224.02,Rejected
RET004484,ORD026077,CUST03752,2026-08-06,Not As Described,4101.94,Approved
RET004485,ORD026081,CUST03752,2026-07-23,Damaged in Transit,13456.97,Rejected
RET004486,ORD026086,CUST03752,2026-06-13,Defective Product,2441.96,Approved
RET004487,ORD026098,CUST03755,2026-05-07,Defective Product,1375.4,Approved
RET004488,ORD026102,CUST03756,2026-06-26,Quality Not Satisfactory,869.27,Approved
RET004489,ORD026107,CUST03756,2026-04-12,Wrong Item Received,937.62,Approved
RET004490,ORD026122,CUST03759,2026-05-12,Not As Described,2384.02,Approved
RET004491,ORD026142,CUST03763,2026-04-14,Defective Product,23836.66,Approved
RET004492,ORD026152,CUST03765,2026-08-08,Defective Product,2960.49,Approved
RET004493,ORD026162,CUST03765,2026-09-05,Changed Mind,884.81,Approved
RET004494,ORD026177,CUST03768,2026-08-08,Defective Product,3334.62,Approved
RET004495,ORD026178,CUST03768,2026-08-07,Not As Described,994.48,Approved
RET004496,ORD026180,CUST03768,2026-09-06,Changed Mind,1538.09,Pending
RET004497,ORD026184,CUST03768,2026-07-11,Wrong Item Received,38916.2,Pending
RET004498,ORD026185,CUST03768,2026-08-18,Better Price Found,3701.68,Rejected
RET004499,ORD026187,CUST03769,2026-07-28,Better Price Found,27587.18,Rejected
RET004500,ORD026189,CUST03769,2026-08-01,Not As Described,3958.1,Approved
RET004501,ORD026192,CUST03769,2026-07-25,Not As Described,4651.9,Approved
RET004502,ORD026198,CUST03771,2026-04-20,Better Price Found,4178.77,Rejected
RET004503,ORD026200,CUST03771,2026-04-05,Damaged in Transit,7611.52,Pending
RET004504,ORD026203,CUST03771,2026-04-17,Defective Product,867.32,Pending
RET004505,ORD026205,CUST03771,2026-04-11,Not As Described,1178.65,Approved
RET004506,ORD026207,CUST03771,2026-04-05,Defective Product,476.41,Pending
RET004507,ORD026213,CUST03772,2026-07-25,Better Price Found,1217.25,Approved
RET004508,ORD026214,CUST03772,2026-07-27,Quality Not Satisfactory,5616.16,Pending
RET004509,ORD026215,CUST03772,2026-07-27,Not As Described,2403.52,Approved
RET004510,ORD026220,CUST03772,2026-07-25,Defective Product,1193.4,Approved
RET004511,ORD026222,CUST03772,2026-08-28,Not As Described,1173.37,Pending
RET004512,ORD026226,CUST03772,2026-07-17,Quality Not Satisfactory,2447.05,Rejected
RET004513,ORD026228,CUST03772,2026-08-14,Better Price Found,2185.09,Pending
RET004514,ORD026232,CUST03772,2026-08-22,Not As Described,1708.76,Rejected
RET004515,ORD026233,CUST03772,2026-08-23,Defective Product,1705.26,Approved
RET004516,ORD026238,CUST03773,2026-09-19,Changed Mind,4181.87,Approved
RET004517,ORD026250,CUST03775,2026-08-10,Better Price Found,2191.52,Approved
RET004518,ORD026251,CUST03775,2026-05-22,Not As Described,514.75,Approved
RET004519,ORD026254,CUST03775,2026-03-14,Changed Mind,27905.16,Approved
RET004520,ORD026255,CUST03775,2026-08-23,Defective Product,4612.44,Approved
RET004521,ORD026256,CUST03775,2026-05-04,Changed Mind,1015.66,Rejected
RET004522,ORD026257,CUST03775,2026-06-17,Wrong Item Received,7169.0,Approved
RET004523,ORD026260,CUST03775,2026-05-27,Changed Mind,3709.27,Approved
RET004524,ORD026261,CUST03775,2026-05-07,Not As Described,28445.04,Rejected
RET004525,ORD026264,CUST03775,2026-05-17,Not As Described,19879.19,Rejected
RET004526,ORD026265,CUST03775,2026-05-12,Changed Mind,2167.72,Rejected
RET004527,ORD026284,CUST03777,2026-07-18,Not As Described,4541.0,Approved
RET004528,ORD026285,CUST03777,2026-09-11,Changed Mind,1100.41,Approved
RET004529,ORD026286,CUST03777,2026-08-19,Changed Mind,10200.35,Approved
RET004530,ORD026293,CUST03779,2026-08-07,Wrong Item Received,1069.98,Approved
RET004531,ORD026294,CUST03779,2026-07-02,Damaged in Transit,1865.77,Approved
RET004532,ORD026296,CUST03779,2026-08-01,Damaged in Transit,2984.32,Approved
RET004533,ORD026322,CUST03785,2026-07-28,Not As Described,23885.75,Approved
RET004534,ORD026325,CUST03785,2026-08-17,Changed Mind,1061.01,Approved
RET004535,ORD026326,CUST03785,2026-08-04,Not As Described,30155.7,Approved
RET004536,ORD026329,CUST03785,2026-07-28,Better Price Found,3361.72,Approved
RET004537,ORD026331,CUST03785,2026-07-11,Not As Described,7784.32,Approved
RET004538,ORD026332,CUST03785,2026-08-12,Defective Product,229.02,Pending
RET004539,ORD026333,CUST03785,2026-08-29,Quality Not Satisfactory,15312.7,Approved
RET004540,ORD026334,CUST03785,2026-08-01,Defective Product,16858.88,Pending
RET004541,ORD026338,CUST03786,2026-08-06,Not As Described,1300.99,Rejected
RET004542,ORD026341,CUST03786,2026-08-08,Changed Mind,1801.92,Approved
RET004543,ORD026343,CUST03786,2026-07-26,Not As Described,1329.07,Approved
RET004544,ORD026344,CUST03786,2026-07-31,Quality Not Satisfactory,1382.27,Approved
RET004545,ORD026345,CUST03786,2026-07-27,Changed Mind,16022.31,Pending
RET004546,ORD026346,CUST03786,2026-06-07,Not As Described,2043.56,Approved
RET004547,ORD026348,CUST03786,2026-06-23,Damaged in Transit,604.42,Rejected
RET004548,ORD026359,CUST03788,2026-07-18,Not As Described,12648.66,Approved
RET004549,ORD026360,CUST03788,2026-07-14,Not As Described,3622.63,Pending
RET004550,ORD026366,CUST03788,2026-07-13,Not As Described,3589.79,Approved
RET004551,ORD026367,CUST03788,2026-06-30,Quality Not Satisfactory,12344.71,Rejected
RET004552,ORD026369,CUST03788,2026-06-17,Not As Described,9478.43,Approved
RET004553,ORD026381,CUST03791,2026-05-13,Wrong Item Received,24541.36,Approved
RET004554,ORD026384,CUST03792,2026-01-30,Defective Product,34504.25,Rejected
RET004555,ORD026392,CUST03793,2026-08-18,Size/Fit Issue,556.98,Approved
RET004556,ORD026409,CUST03797,2026-07-11,Changed Mind,4844.81,Rejected
RET004557,ORD026412,CUST03797,2026-07-07,Changed Mind,1414.51,Approved
RET004558,ORD026413,CUST03797,2026-07-05,Better Price Found,1563.5,Approved
RET004559,ORD026415,CUST03797,2026-07-21,Changed Mind,6000.0,Rejected
RET004560,ORD026420,CUST03797,2026-04-06,Changed Mind,2127.55,Approved
RET004561,ORD026436,CUST03799,2026-08-19,Quality Not Satisfactory,24200.47,Approved
RET004562,ORD026439,CUST03799,2026-07-10,Changed Mind,2209.6,Approved
RET004563,ORD026441,CUST03799,2026-02-17,Better Price Found,2122.08,Rejected
RET004564,ORD026446,CUST03800,2026-08-01,Quality Not Satisfactory,1207.82,Rejected
RET004565,ORD026449,CUST03800,2026-08-08,Wrong Item Received,471.44,Approved
RET004566,ORD026454,CUST03801,2026-05-28,Not As Described,2281.2,Approved
RET004567,ORD026460,CUST03802,2026-06-13,Defective Product,3419.87,Approved
RET004568,ORD026468,CUST03804,2026-08-10,Changed Mind,2186.5,Rejected
RET004569,ORD026473,CUST03804,2026-07-04,Defective Product,3059.52,Approved
RET004570,ORD026476,CUST03804,2026-07-23,Size/Fit Issue,3580.68,Rejected
RET004571,ORD026488,CUST03807,2026-07-27,Quality Not Satisfactory,1851.94,Pending
RET004572,ORD026489,CUST03807,2026-08-25,Changed Mind,7947.73,Pending
RET004573,ORD026490,CUST03807,2026-09-09,Better Price Found,3021.26,Rejected
RET004574,ORD026492,CUST03807,2026-03-17,Not As Described,2079.18,Approved
RET004575,ORD026494,CUST03807,2026-04-30,Defective Product,2850.66,Approved
RET004576,ORD026497,CUST03807,2026-07-23,Changed Mind,822.46,Approved
RET004577,ORD026498,CUST03807,2026-07-23,Quality Not Satisfactory,3763.28,Approved
RET004578,ORD026505,CUST03807,2026-05-27,Quality Not Satisfactory,3657.31,Approved
RET004579,ORD026527,CUST03811,2026-05-09,Wrong Item Received,3928.54,Approved
RET004580,ORD026528,CUST03811,2026-07-09,Quality Not Satisfactory,1039.63,Approved
RET004581,ORD026550,CUST03815,2026-05-17,Changed Mind,1726.62,Approved
RET004582,ORD026558,CUST03816,2026-06-10,Wrong Item Received,19218.8,Approved
RET004583,ORD026569,CUST03818,2026-04-06,Size/Fit Issue,2319.14,Approved
RET004584,ORD026572,CUST03818,2026-08-13,Not As Described,1447.05,Approved
RET004585,ORD026575,CUST03818,2026-08-09,Not As Described,15606.61,Pending
RET004586,ORD026577,CUST03818,2026-04-30,Not As Described,12836.57,Pending
RET004587,ORD026579,CUST03819,2026-07-20,Better Price Found,2672.8,Approved
RET004588,ORD026586,CUST03819,2026-06-19,Not As Described,31219.98,Approved
RET004589,ORD026590,CUST03819,2026-07-08,Quality Not Satisfactory,2951.81,Approved
RET004590,ORD026614,CUST03824,2026-04-06,Damaged in Transit,1362.46,Approved
RET004591,ORD026626,CUST03826,2026-04-06,Wrong Item Received,25000.18,Pending
RET004592,ORD026630,CUST03826,2026-02-24,Changed Mind,1613.83,Approved
RET004593,ORD026634,CUST03826,2026-01-22,Size/Fit Issue,2626.54,Approved
RET004594,ORD026644,CUST03828,2026-06-02,Size/Fit Issue,1711.41,Approved
RET004595,ORD026647,CUST03828,2026-04-03,Defective Product,2804.3,Approved
RET004596,ORD026656,CUST03830,2026-04-24,Not As Described,851.14,Approved
RET004597,ORD026657,CUST03830,2026-05-02,Not As Described,1367.96,Approved
RET004598,ORD026663,CUST03830,2026-09-05,Wrong Item Received,2284.55,Pending
RET004599,ORD026669,CUST03830,2026-07-25,Quality Not Satisfactory,5121.23,Approved
RET004600,ORD026671,CUST03830,2026-03-22,Wrong Item Received,5590.47,Approved
RET004601,ORD026673,CUST03831,2026-08-05,Damaged in Transit,2518.25,Approved
RET004602,ORD026685,CUST03832,2026-08-16,Defective Product,4824.88,Rejected
RET004603,ORD026687,CUST03832,2026-07-09,Changed Mind,826.75,Pending
RET004604,ORD026688,CUST03832,2026-07-20,Wrong Item Received,52129.22,Approved
RET004605,ORD026697,CUST03833,2026-02-27,Size/Fit Issue,617.9,Pending
RET004606,ORD026702,CUST03835,2026-08-01,Defective Product,2998.92,Approved
RET004607,ORD026704,CUST03835,2026-08-13,Changed Mind,2650.29,Approved
RET004608,ORD026722,CUST03837,2026-04-04,Not As Described,937.52,Approved
RET004609,ORD026759,CUST03844,2026-07-30,Defective Product,1314.38,Approved
RET004610,ORD026767,CUST03846,2026-02-03,Not As Described,4346.33,Rejected
RET004611,ORD026768,CUST03846,2026-05-08,Not As Described,884.87,Approved
RET004612,ORD026770,CUST03846,2026-02-14,Wrong Item Received,6515.35,Approved
RET004613,ORD026773,CUST03846,2026-03-23,Not As Described,373.59,Approved
RET004614,ORD026775,CUST03846,2026-02-21,Changed Mind,1153.47,Approved
RET004615,ORD026776,CUST03846,2026-06-02,Changed Mind,1057.47,Pending
RET004616,ORD026789,CUST03849,2026-07-02,Changed Mind,1701.51,Pending
RET004617,ORD026793,CUST03849,2026-06-25,Not As Described,4987.1,Rejected
RET004618,ORD026794,CUST03849,2026-07-11,Changed Mind,1211.06,Rejected
RET004619,ORD026799,CUST03849,2026-08-01,Defective Product,441.65,Approved
RET004620,ORD026800,CUST03849,2026-08-25,Changed Mind,627.87,Approved
RET004621,ORD026810,CUST03850,2026-01-19,Damaged in Transit,670.23,Approved
RET004622,ORD026814,CUST03851,2026-02-01,Size/Fit Issue,4116.99,Pending
RET004623,ORD026816,CUST03851,2026-07-16,Defective Product,15911.28,Approved
RET004624,ORD026824,CUST03852,2026-09-11,Damaged in Transit,29541.1,Pending
RET004625,ORD026830,CUST03853,2026-08-02,Damaged in Transit,4088.88,Rejected
RET004626,ORD026835,CUST03854,2026-03-03,Not As Described,3793.18,Approved
RET004627,ORD026853,CUST03858,2026-05-12,Changed Mind,3257.41,Approved
RET004628,ORD026854,CUST03858,2026-05-08,Size/Fit Issue,2385.85,Pending
RET004629,ORD026870,CUST03860,2026-06-04,Changed Mind,1623.03,Approved
RET004630,ORD026872,CUST03861,2026-05-24,Size/Fit Issue,5709.09,Approved
RET004631,ORD026873,CUST03861,2026-05-25,Quality Not Satisfactory,707.37,Approved
RET004632,ORD026888,CUST03864,2026-02-15,Size/Fit Issue,3160.21,Approved
RET004633,ORD026894,CUST03865,2026-07-10,Damaged in Transit,7841.07,Approved
RET004634,ORD026899,CUST03867,2026-09-09,Better Price Found,3474.19,Approved
RET004635,ORD026900,CUST03867,2026-08-26,Not As Described,20561.85,Pending
RET004636,ORD026901,CUST03867,2026-08-27,Changed Mind,10886.91,Approved
RET004637,ORD026904,CUST03867,2026-08-31,Not As Described,1973.9,Rejected
RET004638,ORD026905,CUST03867,2026-08-24,Better Price Found,1700.48,Approved
RET004639,ORD026908,CUST03867,2026-09-01,Not As Described,26733.08,Pending
RET004640,ORD026909,CUST03867,2026-09-01,Not As Described,18231.95,Approved
RET004641,ORD026910,CUST03867,2026-09-12,Not As Described,10836.56,Approved
RET004642,ORD026919,CUST03868,2026-06-25,Damaged in Transit,8230.35,Approved
RET004643,ORD026928,CUST03870,2026-01-28,Changed Mind,26476.09,Approved
RET004644,ORD026965,CUST03876,2026-09-11,Wrong Item Received,20758.67,Approved
RET004645,ORD026982,CUST03879,2026-08-25,Defective Product,2361.9,Rejected
RET004646,ORD026986,CUST03880,2026-09-06,Changed Mind,1803.68,Approved
RET004647,ORD026987,CUST03880,2026-04-30,Defective Product,694.02,Approved
RET004648,ORD027015,CUST03885,2026-08-24,Size/Fit Issue,10170.72,Approved
RET004649,ORD027022,CUST03887,2026-07-27,Changed Mind,3173.47,Approved
RET004650,ORD027030,CUST03888,2026-08-09,Damaged in Transit,1007.07,Approved
RET004651,ORD027048,CUST03891,2026-06-19,Damaged in Transit,3375.51,Approved
RET004652,ORD027058,CUST03892,2026-04-06,Wrong Item Received,13649.3,Approved
RET004653,ORD027085,CUST03896,2026-07-11,Size/Fit Issue,2649.46,Approved
RET004654,ORD027093,CUST03897,2026-09-17,Defective Product,1260.32,Approved
RET004655,ORD027107,CUST03900,2026-08-14,Not As Described,1649.17,Approved
RET004656,ORD027111,CUST03900,2026-08-13,Defective Product,517.03,Approved
RET004657,ORD027114,CUST03900,2026-08-30,Changed Mind,37328.57,Approved
RET004658,ORD027115,CUST03900,2026-09-02,Better Price Found,5261.07,Approved
RET004659,ORD027116,CUST03900,2026-08-31,Defective Product,990.6,Approved
RET004660,ORD027117,CUST03900,2026-07-05,Changed Mind,783.5,Pending
RET004661,ORD027118,CUST03900,2026-09-06,Quality Not Satisfactory,6000.0,Rejected
RET004662,ORD027119,CUST03901,2026-08-17,Size/Fit Issue,1242.61,Approved
RET004663,ORD027122,CUST03901,2026-08-25,Wrong Item Received,2373.85,Rejected
RET004664,ORD027123,CUST03901,2026-08-19,Not As Described,1008.19,Approved
RET004665,ORD027124,CUST03901,2026-08-27,Defective Product,625.96,Rejected
RET004666,ORD027126,CUST03901,2026-08-25,Not As Described,15539.43,Approved
RET004667,ORD027129,CUST03901,2026-09-09,Changed Mind,2990.81,Pending
RET004668,ORD027140,CUST03904,2026-05-11,Defective Product,1506.0,Approved
RET004669,ORD027144,CUST03904,2026-05-05,Wrong Item Received,2426.67,Approved
RET004670,ORD027146,CUST03904,2026-02-17,Damaged in Transit,1581.89,Approved
RET004671,ORD027164,CUST03907,2026-06-13,Defective Product,22649.43,Approved
RET004672,ORD027166,CUST03907,2026-06-06,Changed Mind,953.95,Approved
RET004673,ORD027167,CUST03907,2026-06-14,Changed Mind,2103.32,Pending
RET004674,ORD027168,CUST03907,2026-06-06,Quality Not Satisfactory,1289.58,Approved
RET004675,ORD027169,CUST03907,2026-06-08,Not As Described,8558.58,Approved
RET004676,ORD027170,CUST03907,2026-08-06,Changed Mind,17934.94,Pending
RET004677,ORD027171,CUST03907,2026-06-24,Damaged in Transit,448.2,Approved
RET004678,ORD027173,CUST03907,2026-06-10,Wrong Item Received,2683.19,Approved
RET004679,ORD027174,CUST03907,2026-05-28,Changed Mind,2170.78,Approved
RET004680,ORD027175,CUST03907,2026-08-14,Wrong Item Received,1970.93,Rejected
RET004681,ORD027176,CUST03907,2026-06-12,Defective Product,1043.99,Approved
RET004682,ORD027179,CUST03907,2026-08-18,Defective Product,13470.89,Approved
RET004683,ORD027190,CUST03909,2026-06-28,Size/Fit Issue,10921.44,Pending
RET004684,ORD027193,CUST03909,2026-07-18,Size/Fit Issue,2779.62,Rejected
RET004685,ORD027196,CUST03910,2026-01-31,Defective Product,8000.0,Approved
RET004686,ORD027219,CUST03913,2026-09-09,Changed Mind,695.76,Approved
RET004687,ORD027222,CUST03913,2026-08-25,Size/Fit Issue,1249.46,Approved
RET004688,ORD027223,CUST03913,2026-08-31,Wrong Item Received,4341.9,Pending
RET004689,ORD027224,CUST03913,2026-09-11,Defective Product,2887.98,Rejected
RET004690,ORD027225,CUST03913,2026-08-27,Better Price Found,11477.62,Rejected
RET004691,ORD027227,CUST03913,2026-09-09,Damaged in Transit,13475.47,Approved
RET004692,ORD027228,CUST03913,2026-08-26,Changed Mind,8984.94,Approved
RET004693,ORD027230,CUST03913,2026-08-27,Not As Described,204.36,Pending
RET004694,ORD027232,CUST03913,2026-08-30,Better Price Found,2407.87,Approved
RET004695,ORD027233,CUST03913,2026-08-22,Not As Described,19182.2,Rejected
RET004696,ORD027234,CUST03913,2026-08-25,Size/Fit Issue,19075.42,Approved
RET004697,ORD027236,CUST03913,2026-08-29,Changed Mind,18190.85,Approved
RET004698,ORD027238,CUST03913,2026-09-10,Not As Described,827.06,Rejected
RET004699,ORD027243,CUST03915,2026-06-06,Damaged in Transit,7753.62,Approved
RET004700,ORD027244,CUST03915,2026-06-20,Changed Mind,1273.1,Approved
RET004701,ORD027245,CUST03915,2026-06-11,Changed Mind,14438.98,Approved
RET004702,ORD027247,CUST03915,2026-06-09,Changed Mind,5647.31,Rejected
RET004703,ORD027250,CUST03915,2026-06-23,Better Price Found,17871.56,Approved
RET004704,ORD027253,CUST03915,2026-06-12,Not As Described,1638.78,Approved
RET004705,ORD027258,CUST03915,2026-06-04,Changed Mind,2549.69,Approved
RET004706,ORD027260,CUST03915,2026-06-06,Not As Described,1086.98,Pending
RET004707,ORD027261,CUST03915,2026-04-18,Size/Fit Issue,1976.78,Approved
RET004708,ORD027262,CUST03915,2026-04-05,Not As Described,2447.89,Approved
RET004709,ORD027264,CUST03915,2026-08-14,Quality Not Satisfactory,1760.3,Approved
RET004710,ORD027266,CUST03915,2026-07-03,Size/Fit Issue,2410.46,Pending
RET004711,ORD027288,CUST03919,2026-04-07,Better Price Found,4918.16,Approved
RET004712,ORD027303,CUST03922,2026-08-06,Size/Fit Issue,21059.06,Pending
RET004713,ORD027304,CUST03922,2026-06-26,Better Price Found,13080.64,Rejected
RET004714,ORD027305,CUST03922,2026-07-19,Changed Mind,20883.93,Approved
RET004715,ORD027309,CUST03922,2026-07-01,Not As Described,1025.25,Approved
RET004716,ORD027310,CUST03922,2026-09-01,Wrong Item Received,37137.36,Approved
RET004717,ORD027312,CUST03922,2026-08-06,Changed Mind,11910.08,Rejected
RET004718,ORD027314,CUST03922,2026-07-08,Damaged in Transit,2675.26,Approved
RET004719,ORD027315,CUST03922,2026-08-12,Not As Described,8919.81,Pending
RET004720,ORD027332,CUST03925,2026-08-21,Wrong Item Received,18291.44,Approved
RET004721,ORD027351,CUST03929,2026-08-31,Damaged in Transit,13890.67,Approved
RET004722,ORD027353,CUST03929,2026-02-07,Not As Described,4211.9,Approved
RET004723,ORD027358,CUST03929,2026-08-09,Quality Not Satisfactory,11336.18,Rejected
RET004724,ORD027359,CUST03929,2026-08-03,Size/Fit Issue,885.66,Pending
RET004725,ORD027364,CUST03929,2026-02-22,Damaged in Transit,2406.64,Rejected
RET004726,ORD027366,CUST03929,2026-02-26,Changed Mind,3550.12,Approved
RET004727,ORD027382,CUST03930,2026-02-02,Better Price Found,2182.92,Approved
RET004728,ORD027402,CUST03935,2026-03-07,Defective Product,743.05,Approved
RET004729,ORD027404,CUST03936,2026-06-28,Changed Mind,1506.38,Approved
RET004730,ORD027406,CUST03936,2026-07-12,Changed Mind,923.26,Approved
RET004731,ORD027408,CUST03936,2026-07-23,Quality Not Satisfactory,1446.07,Pending
RET004732,ORD027415,CUST03936,2026-06-21,Changed Mind,11716.54,Pending
RET004733,ORD027417,CUST03936,2026-05-28,Quality Not Satisfactory,990.48,Approved
RET004734,ORD027428,CUST03938,2026-03-10,Wrong Item Received,1960.91,Approved
RET004735,ORD027429,CUST03938,2026-06-19,Changed Mind,1681.76,Approved
RET004736,ORD027439,CUST03940,2026-06-13,Wrong Item Received,1930.78,Approved
RET004737,ORD027452,CUST03943,2026-03-12,Damaged in Transit,19185.42,Approved
RET004738,ORD027454,CUST03943,2026-03-14,Changed Mind,3867.71,Rejected
RET004739,ORD027455,CUST03943,2026-03-05,Not As Described,17282.06,Pending
RET004740,ORD027459,CUST03943,2026-03-20,Defective Product,3367.42,Rejected
RET004741,ORD027460,CUST03943,2026-03-11,Size/Fit Issue,3088.02,Approved
RET004742,ORD027461,CUST03943,2026-03-16,Not As Described,3754.6,Approved
RET004743,ORD027462,CUST03943,2026-03-04,Not As Described,2331.6,Approved
RET004744,ORD027463,CUST03943,2026-03-17,Changed Mind,3626.6,Rejected
RET004745,ORD027464,CUST03943,2026-03-23,Wrong Item Received,796.16,Pending
RET004746,ORD027467,CUST03943,2026-05-01,Changed Mind,23898.12,Approved
RET004747,ORD027468,CUST03943,2026-07-25,Quality Not Satisfactory,803.64,Rejected
RET004748,ORD027470,CUST03943,2026-03-01,Size/Fit Issue,2716.4,Rejected
RET004749,ORD027471,CUST03943,2026-04-22,Quality Not Satisfactory,1394.45,Approved
RET004750,ORD027476,CUST03944,2026-02-24,Damaged in Transit,18594.39,Approved
RET004751,ORD027487,CUST03946,2026-06-27,Wrong Item Received,2315.56,Approved
RET004752,ORD027498,CUST03948,2026-05-19,Damaged in Transit,17726.05,Approved
RET004753,ORD027506,CUST03950,2026-08-01,Changed Mind,21170.68,Approved
RET004754,ORD027512,CUST03951,2026-08-03,Changed Mind,5067.99,Approved
RET004755,ORD027517,CUST03951,2026-09-12,Not As Described,15708.53,Pending
RET004756,ORD027519,CUST03951,2026-04-12,Not As Described,969.44,Approved
RET004757,ORD027525,CUST03951,2026-07-22,Changed Mind,30661.89,Approved
RET004758,ORD027528,CUST03952,2026-05-08,Damaged in Transit,1060.62,Approved
RET004759,ORD027541,CUST03954,2026-09-05,Defective Product,1667.93,Pending
RET004760,ORD027550,CUST03956,2026-06-30,Size/Fit Issue,894.65,Rejected
RET004761,ORD027552,CUST03956,2026-06-23,Not As Described,9616.24,Approved
RET004762,ORD027554,CUST03956,2026-07-01,Not As Described,395.21,Approved
RET004763,ORD027555,CUST03956,2026-06-25,Not As Described,1781.97,Pending
RET004764,ORD027557,CUST03956,2026-07-10,Better Price Found,932.52,Pending
RET004765,ORD027558,CUST03956,2026-07-16,Changed Mind,913.98,Pending
RET004766,ORD027559,CUST03956,2026-07-05,Not As Described,704.92,Pending
RET004767,ORD027562,CUST03956,2026-07-01,Changed Mind,21802.36,Approved
RET004768,ORD027564,CUST03956,2026-07-22,Changed Mind,1045.12,Approved
RET004769,ORD027565,CUST03956,2026-09-13,Not As Described,4672.69,Approved
RET004770,ORD027567,CUST03956,2026-06-17,Not As Described,2625.42,Approved
RET004771,ORD027569,CUST03956,2026-07-24,Not As Described,1916.04,Approved
RET004772,ORD027573,CUST03957,2026-03-09,Not As Described,25598.78,Pending
RET004773,ORD027575,CUST03957,2026-03-14,Not As Described,1382.92,Rejected
RET004774,ORD027582,CUST03957,2026-06-01,Defective Product,2242.02,Approved
RET004775,ORD027583,CUST03957,2026-05-10,Changed Mind,663.67,Approved
RET004776,ORD027604,CUST03960,2026-09-01,Changed Mind,3147.04,Pending
RET004777,ORD027609,CUST03961,2026-06-22,Changed Mind,2135.1,Rejected
RET004778,ORD027618,CUST03961,2026-05-19,Defective Product,302.49,Approved
RET004779,ORD027619,CUST03961,2026-09-08,Quality Not Satisfactory,5086.18,Rejected
RET004780,ORD027622,CUST03961,2026-08-07,Changed Mind,13780.69,Pending
RET004781,ORD027628,CUST03963,2026-07-12,Changed Mind,737.57,Rejected
RET004782,ORD027630,CUST03963,2026-07-15,Not As Described,18135.91,Approved
RET004783,ORD027631,CUST03963,2026-07-12,Changed Mind,2373.1,Approved
RET004784,ORD027632,CUST03963,2026-07-10,Better Price Found,15261.69,Approved
RET004785,ORD027636,CUST03963,2026-07-13,Not As Described,6128.6,Approved
RET004786,ORD027637,CUST03963,2026-07-11,Not As Described,1302.16,Pending
RET004787,ORD027639,CUST03963,2026-08-08,Not As Described,2847.28,Pending
RET004788,ORD027641,CUST03963,2026-08-06,Wrong Item Received,2304.51,Approved
RET004789,ORD027642,CUST03963,2026-07-15,Changed Mind,13542.28,Rejected
RET004790,ORD027644,CUST03963,2026-07-06,Changed Mind,9560.0,Approved
RET004791,ORD027647,CUST03963,2026-09-04,Changed Mind,5469.3,Approved
RET004792,ORD027648,CUST03963,2026-08-10,Not As Described,2592.26,Approved
RET004793,ORD027656,CUST03964,2026-09-04,Damaged in Transit,838.85,Rejected
RET004794,ORD027672,CUST03967,2026-02-17,Quality Not Satisfactory,2737.87,Rejected
RET004795,ORD027674,CUST03967,2026-02-25,Changed Mind,1602.2,Approved
RET004796,ORD027681,CUST03967,2026-02-19,Quality Not Satisfactory,623.58,Approved
RET004797,ORD027683,CUST03967,2026-08-05,Defective Product,638.68,Rejected
RET004798,ORD027685,CUST03967,2026-05-22,Size/Fit Issue,3583.12,Approved
RET004799,ORD027686,CUST03967,2026-08-06,Better Price Found,10885.65,Approved
RET004800,ORD027687,CUST03967,2026-06-21,Better Price Found,1762.79,Approved
RET004801,ORD027688,CUST03967,2026-05-28,Better Price Found,2805.6,Approved
RET004802,ORD027692,CUST03968,2026-06-27,Quality Not Satisfactory,290.26,Approved
RET004803,ORD027709,CUST03970,2026-04-06,Defective Product,3995.12,Approved
RET004804,ORD027734,CUST03974,2026-07-18,Size/Fit Issue,1217.42,Approved
RET004805,ORD027736,CUST03975,2026-07-27,Size/Fit Issue,260.9,Approved
RET004806,ORD027742,CUST03975,2026-08-04,Quality Not Satisfactory,350.26,Approved
RET004807,ORD027763,CUST03979,2026-08-29,Wrong Item Received,583.16,Approved
RET004808,ORD027766,CUST03979,2026-03-25,Damaged in Transit,2958.28,Pending
RET004809,ORD027771,CUST03979,2026-06-10,Size/Fit Issue,2590.26,Approved
RET004810,ORD027785,CUST03982,2026-09-01,Better Price Found,1706.79,Pending
RET004811,ORD027787,CUST03982,2026-07-23,Quality Not Satisfactory,21126.73,Rejected
RET004812,ORD027788,CUST03982,2026-05-18,Quality Not Satisfactory,14002.57,Approved
RET004813,ORD027796,CUST03982,2026-07-31,Not As Described,14537.64,Approved
RET004814,ORD027797,CUST03982,2026-06-17,Defective Product,2380.27,Approved
RET004815,ORD027802,CUST03983,2026-05-13,Changed Mind,1672.09,Pending
RET004816,ORD027807,CUST03984,2026-06-18,Size/Fit Issue,1362.32,Approved
RET004817,ORD027812,CUST03984,2026-05-19,Wrong Item Received,614.2,Approved
RET004818,ORD027820,CUST03986,2026-08-29,Defective Product,10072.13,Approved
RET004819,ORD027845,CUST03991,2026-07-26,Changed Mind,2260.42,Rejected
RET004820,ORD027849,CUST03992,2026-01-21,Defective Product,5409.93,Approved
RET004821,ORD027856,CUST03993,2026-06-06,Better Price Found,1361.1,Approved
RET004822,ORD027860,CUST03993,2026-05-31,Changed Mind,2066.7,Approved
RET004823,ORD027863,CUST03993,2026-05-23,Not As Described,1451.89,Rejected
RET004824,ORD027864,CUST03993,2026-08-18,Changed Mind,27039.48,Pending
RET004825,ORD027867,CUST03993,2026-04-26,Wrong Item Received,1163.3,Approved
RET004826,ORD027872,CUST03994,2026-02-25,Better Price Found,1989.92,Approved
RET004827,ORD027895,CUST03999,2026-08-16,Quality Not Satisfactory,55000.0,Rejected
RET004828,ORD027898,CUST03999,2026-08-23,Changed Mind,3244.36,Approved
RET004829,ORD027902,CUST03999,2026-08-26,Better Price Found,669.8,Rejected
RET004830,ORD027904,CUST03999,2026-08-26,Defective Product,3369.45,Approved
RET004831,ORD027907,CUST03999,2026-08-25,Changed Mind,20048.53,Approved
RET004832,ORD027908,CUST03999,2026-08-26,Quality Not Satisfactory,1247.85,Pending
RET004833,ORD027915,CUST04000,2026-01-27,Changed Mind,995.14,Approved
RET004834,ORD027928,CUST04002,2026-07-22,Size/Fit Issue,2184.9,Approved
RET004835,ORD027953,CUST04007,2026-07-01,Defective Product,2943.89,Approved
RET004836,ORD027970,CUST04010,2026-07-25,Changed Mind,1214.5,Pending
RET004837,ORD027971,CUST04011,2026-07-14,Changed Mind,3601.98,Approved
RET004838,ORD027979,CUST04012,2026-06-18,Size/Fit Issue,687.61,Approved
RET004839,ORD027982,CUST04013,2026-08-27,Not As Described,1446.41,Pending
RET004840,ORD027983,CUST04013,2026-09-10,Not As Described,149.86,Approved
RET004841,ORD027988,CUST04013,2026-08-21,Size/Fit Issue,649.83,Approved
RET004842,ORD028013,CUST04018,2026-08-23,Size/Fit Issue,2442.64,Approved
RET004843,ORD028026,CUST04020,2026-08-12,Changed Mind,6399.1,Approved
RET004844,ORD028029,CUST04020,2026-08-06,Quality Not Satisfactory,4933.22,Approved
RET004845,ORD028030,CUST04020,2026-08-18,Changed Mind,2525.31,Rejected
RET004846,ORD028031,CUST04020,2026-08-09,Not As Described,4374.19,Approved
RET004847,ORD028034,CUST04020,2026-07-22,Not As Described,8479.36,Approved
RET004848,ORD028035,CUST04020,2026-08-18,Wrong Item Received,2762.27,Approved
RET004849,ORD028037,CUST04020,2026-08-14,Damaged in Transit,33440.89,Approved
RET004850,ORD028038,CUST04020,2026-07-21,Not As Described,2151.27,Pending
RET004851,ORD028040,CUST04021,2026-03-30,Damaged in Transit,4051.04,Approved
RET004852,ORD028042,CUST04021,2026-08-04,Better Price Found,2030.68,Approved
RET004853,ORD028047,CUST04022,2026-08-17,Defective Product,3160.65,Approved
RET004854,ORD028059,CUST04025,2026-03-24,Defective Product,2272.95,Approved
RET004855,ORD028073,CUST04027,2026-07-20,Damaged in Transit,11585.41,Approved
RET004856,ORD028074,CUST04027,2026-07-20,Not As Described,7025.12,Approved
RET004857,ORD028077,CUST04027,2026-07-14,Better Price Found,1220.9,Approved
RET004858,ORD028079,CUST04027,2026-08-12,Changed Mind,14003.61,Approved
RET004859,ORD028080,CUST04027,2026-07-25,Better Price Found,1096.19,Rejected
RET004860,ORD028083,CUST04028,2026-07-03,Changed Mind,9303.74,Pending
RET004861,ORD028087,CUST04028,2026-08-29,Wrong Item Received,3322.0,Approved
RET004862,ORD028117,CUST04033,2026-06-12,Wrong Item Received,2362.93,Approved
RET004863,ORD028118,CUST04033,2026-05-28,Changed Mind,20195.0,Rejected
RET004864,ORD028120,CUST04033,2026-06-10,Damaged in Transit,2333.08,Pending
RET004865,ORD028125,CUST04033,2026-05-07,Better Price Found,2608.71,Approved
RET004866,ORD028128,CUST04033,2026-05-25,Not As Described,4600.0,Rejected
RET004867,ORD028136,CUST04034,2026-07-07,Damaged in Transit,829.06,Approved
RET004868,ORD028142,CUST04035,2026-06-28,Damaged in Transit,339.8,Pending
RET004869,ORD028150,CUST04036,2026-04-09,Not As Described,1087.47,Approved
RET004870,ORD028155,CUST04037,2026-05-23,Quality Not Satisfactory,660.71,Approved
RET004871,ORD028157,CUST04038,2026-01-27,Size/Fit Issue,1509.72,Approved
RET004872,ORD028214,CUST04048,2026-08-13,Defective Product,13232.53,Rejected
RET004873,ORD028227,CUST04050,2026-06-14,Defective Product,1203.32,Rejected
RET004874,ORD028228,CUST04050,2026-08-24,Changed Mind,12619.24,Approved
RET004875,ORD028234,CUST04050,2026-08-03,Quality Not Satisfactory,5504.37,Approved
RET004876,ORD028236,CUST04050,2026-06-18,Wrong Item Received,796.75,Approved
RET004877,ORD028237,CUST04050,2026-07-25,Changed Mind,1219.02,Approved
RET004878,ORD028259,CUST04054,2026-05-20,Defective Product,1146.78,Approved
RET004879,ORD028264,CUST04056,2026-05-01,Size/Fit Issue,1898.47,Approved
RET004880,ORD028290,CUST04061,2026-01-20,Changed Mind,33800.79,Pending
RET004881,ORD028308,CUST04064,2026-02-03,Not As Described,946.17,Approved
RET004882,ORD028312,CUST04065,2026-06-17,Size/Fit Issue,23945.71,Rejected
RET004883,ORD028313,CUST04065,2026-04-18,Changed Mind,5270.98,Pending
RET004884,ORD028318,CUST04066,2026-07-29,Changed Mind,18434.07,Rejected
RET004885,ORD028323,CUST04066,2026-07-13,Not As Described,1438.27,Pending
RET004886,ORD028326,CUST04066,2026-08-22,Not As Described,3081.92,Approved
RET004887,ORD028327,CUST04067,2026-05-23,Wrong Item Received,2955.58,Approved
RET004888,ORD028329,CUST04067,2026-05-20,Not As Described,11043.97,Rejected
RET004889,ORD028330,CUST04067,2026-06-05,Defective Product,1265.38,Approved
RET004890,ORD028333,CUST04067,2026-06-04,Quality Not Satisfactory,208.94,Pending
RET004891,ORD028335,CUST04067,2026-05-03,Size/Fit Issue,44083.08,Pending
RET004892,ORD028336,CUST04067,2026-04-08,Changed Mind,18530.09,Approved
RET004893,ORD028338,CUST04067,2026-07-03,Better Price Found,3003.67,Approved
RET004894,ORD028341,CUST04067,2026-03-27,Better Price Found,11595.25,Approved
RET004895,ORD028355,CUST04069,2026-03-05,Size/Fit Issue,1699.59,Approved
RET004896,ORD028356,CUST04070,2026-01-13,Better Price Found,2410.8,Pending
RET004897,ORD028357,CUST04070,2026-05-16,Better Price Found,13711.18,Approved
RET004898,ORD028390,CUST04075,2026-07-29,Quality Not Satisfactory,2957.32,Rejected
RET004899,ORD028391,CUST04075,2026-07-30,Better Price Found,2107.05,Approved
RET004900,ORD028393,CUST04075,2026-07-11,Quality Not Satisfactory,2964.71,Approved
RET004901,ORD028396,CUST04075,2026-08-06,Changed Mind,3894.05,Pending
RET004902,ORD028398,CUST04075,2026-08-31,Better Price Found,1818.86,Approved
RET004903,ORD028400,CUST04075,2026-07-18,Changed Mind,1173.95,Approved
RET004904,ORD028405,CUST04077,2026-02-08,Changed Mind,1096.44,Rejected
RET004905,ORD028406,CUST04077,2026-02-23,Quality Not Satisfactory,3045.26,Approved
RET004906,ORD028407,CUST04077,2026-02-21,Wrong Item Received,715.04,Pending
RET004907,ORD028410,CUST04077,2026-03-03,Better Price Found,4040.0,Approved
RET004908,ORD028412,CUST04077,2026-02-07,Defective Product,3394.69,Approved
RET004909,ORD028414,CUST04077,2026-08-08,Changed Mind,12592.14,Rejected
RET004910,ORD028416,CUST04077,2026-07-29,Changed Mind,941.02,Approved
RET004911,ORD028418,CUST04078,2026-06-26,Not As Described,2310.17,Pending
RET004912,ORD028424,CUST04078,2026-08-06,Damaged in Transit,1892.28,Pending
RET004913,ORD028425,CUST04078,2026-08-21,Changed Mind,2049.92,Pending
RET004914,ORD028428,CUST04078,2026-07-10,Changed Mind,1625.79,Approved
RET004915,ORD028430,CUST04078,2026-06-09,Wrong Item Received,20020.6,Approved
RET004916,ORD028431,CUST04078,2026-06-12,Better Price Found,3379.31,Approved
RET004917,ORD028433,CUST04078,2026-05-21,Not As Described,4092.25,Pending
RET004918,ORD028456,CUST04081,2026-06-07,Wrong Item Received,10805.92,Pending
RET004919,ORD028457,CUST04081,2026-04-12,Better Price Found,4363.52,Rejected
RET004920,ORD028461,CUST04081,2026-05-01,Not As Described,2484.63,Rejected
RET004921,ORD028463,CUST04081,2026-05-03,Not As Described,10627.09,Approved
RET004922,ORD028466,CUST04081,2026-04-29,Quality Not Satisfactory,431.97,Approved
RET004923,ORD028468,CUST04082,2026-08-06,Not As Described,17923.67,Approved
RET004924,ORD028470,CUST04082,2026-05-20,Not As Described,1763.82,Approved
RET004925,ORD028474,CUST04082,2026-06-04,Better Price Found,1751.63,Approved
RET004926,ORD028479,CUST04082,2026-06-30,Changed Mind,3646.16,Pending
RET004927,ORD028494,CUST04085,2026-07-27,Wrong Item Received,1023.26,Approved
RET004928,ORD028518,CUST04089,2026-06-27,Defective Product,1422.78,Approved
RET004929,ORD028520,CUST04089,2026-08-07,Defective Product,797.65,Approved
RET004930,ORD028528,CUST04091,2026-03-24,Defective Product,1722.16,Pending
RET004931,ORD028549,CUST04094,2026-07-14,Quality Not Satisfactory,5434.14,Approved
RET004932,ORD028559,CUST04095,2026-06-20,Not As Described,11047.91,Pending
RET004933,ORD028578,CUST04098,2026-08-02,Wrong Item Received,2148.5,Approved
RET004934,ORD028579,CUST04098,2026-08-23,Better Price Found,21623.59,Pending
RET004935,ORD028581,CUST04098,2026-08-26,Size/Fit Issue,3434.98,Rejected
RET004936,ORD028585,CUST04098,2026-07-21,Not As Described,15928.54,Pending
RET004937,ORD028587,CUST04098,2026-09-04,Defective Product,3999.74,Pending
RET004938,ORD028588,CUST04098,2026-08-05,Quality Not Satisfactory,13540.42,Pending
RET004939,ORD028590,CUST04098,2026-08-07,Damaged in Transit,1845.65,Pending
RET004940,ORD028591,CUST04099,2026-08-02,Defective Product,2724.02,Approved
RET004941,ORD028597,CUST04099,2026-08-24,Size/Fit Issue,3913.62,Approved
RET004942,ORD028598,CUST04100,2026-07-17,Not As Described,11152.71,Pending
RET004943,ORD028599,CUST04100,2026-07-09,Defective Product,28511.55,Rejected
RET004944,ORD028601,CUST04100,2026-07-12,Changed Mind,19242.89,Approved
RET004945,ORD028605,CUST04100,2026-05-06,Size/Fit Issue,2094.26,Approved
RET004946,ORD028608,CUST04100,2026-02-08,Quality Not Satisfactory,2284.19,Rejected
RET004947,ORD028617,CUST04101,2026-05-31,Defective Product,17746.09,Pending
RET004948,ORD028628,CUST04103,2026-06-03,Defective Product,5602.58,Approved
RET004949,ORD028642,CUST04106,2026-03-06,Damaged in Transit,1399.76,Approved
RET004950,ORD028646,CUST04106,2026-02-05,Defective Product,2141.46,Approved
RET004951,ORD028648,CUST04107,2026-07-04,Quality Not Satisfactory,6295.95,Pending
RET004952,ORD028670,CUST04110,2026-08-03,Better Price Found,3383.48,Approved
RET004953,ORD028703,CUST04116,2026-01-24,Changed Mind,27807.13,Pending
RET004954,ORD028705,CUST04116,2026-08-26,Damaged in Transit,596.73,Approved
RET004955,ORD028706,CUST04116,2026-02-20,Not As Described,2024.91,Approved
RET004956,ORD028708,CUST04116,2026-01-26,Changed Mind,1655.01,Pending
RET004957,ORD028709,CUST04116,2026-02-11,Not As Described,2219.56,Rejected
RET004958,ORD028711,CUST04116,2026-06-25,Not As Described,19679.96,Pending
RET004959,ORD028716,CUST04116,2026-07-02,Changed Mind,1799.2,Approved
RET004960,ORD028717,CUST04116,2026-05-08,Changed Mind,1475.66,Rejected
RET004961,ORD028726,CUST04118,2026-06-28,Better Price Found,3143.12,Approved
RET004962,ORD028730,CUST04119,2026-07-20,Wrong Item Received,1090.08,Approved
RET004963,ORD028741,CUST04121,2026-07-20,Not As Described,2678.54,Approved
RET004964,ORD028744,CUST04121,2026-05-10,Damaged in Transit,3850.22,Approved
RET004965,ORD028749,CUST04123,2026-03-21,Changed Mind,1565.85,Approved
RET004966,ORD028759,CUST04125,2026-06-17,Size/Fit Issue,1262.61,Pending
RET004967,ORD028768,CUST04126,2026-07-13,Size/Fit Issue,2638.07,Approved
RET004968,ORD028777,CUST04128,2026-06-23,Quality Not Satisfactory,2602.92,Approved
RET004969,ORD028779,CUST04128,2026-06-21,Not As Described,523.91,Rejected
RET004970,ORD028780,CUST04128,2026-05-22,Not As Described,2340.76,Approved
RET004971,ORD028781,CUST04128,2026-08-01,Better Price Found,2586.6,Pending
RET004972,ORD028782,CUST04128,2026-05-17,Wrong Item Received,965.61,Approved
RET004973,ORD028784,CUST04128,2026-05-27,Not As Described,1130.55,Rejected
RET004974,ORD028786,CUST04128,2026-07-06,Not As Described,12017.55,Pending
RET004975,ORD028787,CUST04128,2026-07-07,Better Price Found,2724.18,Approved
RET004976,ORD028789,CUST04128,2026-08-20,Damaged in Transit,1202.55,Approved
RET004977,ORD028791,CUST04128,2026-08-16,Size/Fit Issue,774.03,Approved
RET004978,ORD028802,CUST04130,2026-05-30,Size/Fit Issue,143.93,Approved
RET004979,ORD028835,CUST04135,2026-08-13,Better Price Found,724.3,Approved
RET004980,ORD028836,CUST04135,2026-08-03,Damaged in Transit,3699.13,Rejected
RET004981,ORD028838,CUST04135,2026-02-02,Changed Mind,39195.97,Approved
RET004982,ORD028839,CUST04135,2026-02-11,Wrong Item Received,21350.5,Approved
RET004983,ORD028840,CUST04135,2026-05-21,Changed Mind,1691.64,Approved
RET004984,ORD028860,CUST04138,2026-05-24,Changed Mind,7881.51,Approved
RET004985,ORD028861,CUST04138,2026-06-07,Not As Described,2979.44,Rejected
RET004986,ORD028863,CUST04138,2026-06-13,Size/Fit Issue,5388.01,Approved
RET004987,ORD028881,CUST04142,2026-04-13,Quality Not Satisfactory,560.41,Approved
RET004988,ORD028890,CUST04144,2026-02-24,Defective Product,767.12,Pending
RET004989,ORD028912,CUST04148,2026-03-04,Quality Not Satisfactory,1921.17,Approved
RET004990,ORD028915,CUST04148,2026-09-04,Defective Product,10401.64,Approved
RET004991,ORD028916,CUST04148,2026-03-09,Changed Mind,8980.53,Pending
RET004992,ORD028918,CUST04149,2026-08-20,Size/Fit Issue,1582.79,Approved
RET004993,ORD028920,CUST04149,2026-09-01,Changed Mind,3168.0,Approved
RET004994,ORD028921,CUST04149,2026-08-09,Not As Described,2974.38,Rejected
RET004995,ORD028926,CUST04149,2026-08-25,Defective Product,292.07,Pending
RET004996,ORD028927,CUST04149,2026-08-22,Wrong Item Received,2023.58,Approved
RET004997,ORD028939,CUST04151,2026-06-23,Quality Not Satisfactory,1793.28,Approved
RET004998,ORD028958,CUST04154,2026-08-24,Not As Described,4302.69,Pending
RET004999,ORD028974,CUST04157,2026-08-16,Wrong Item Received,1144.53,Rejected
RET005000,ORD028986,CUST04159,2026-07-22,Changed Mind,1856.73,Approved
RET005001,ORD029025,CUST04165,2026-09-07,Damaged in Transit,3958.36,Approved
RET005002,ORD029026,CUST04165,2026-09-08,Damaged in Transit,967.56,Approved
RET005003,ORD029058,CUST04171,2026-05-31,Quality Not Satisfactory,1044.86,Approved
RET005004,ORD029071,CUST04173,2026-08-25,Not As Described,2063.31,Rejected
RET005005,ORD029074,CUST04173,2026-05-03,Changed Mind,1266.78,Approved
RET005006,ORD029076,CUST04173,2026-05-21,Size/Fit Issue,27577.14,Approved
RET005007,ORD029078,CUST04173,2026-08-13,Changed Mind,13639.72,Approved
RET005008,ORD029080,CUST04173,2026-05-06,Better Price Found,16306.68,Rejected
RET005009,ORD029099,CUST04176,2026-07-25,Size/Fit Issue,6000.0,Rejected
RET005010,ORD029106,CUST04177,2026-05-03,Changed Mind,1826.86,Pending
RET005011,ORD029107,CUST04177,2026-02-24,Not As Described,10379.74,Rejected
RET005012,ORD029109,CUST04177,2026-09-11,Changed Mind,4783.44,Pending
RET005013,ORD029111,CUST04177,2026-03-13,Defective Product,290.24,Approved
RET005014,ORD029113,CUST04177,2026-08-08,Not As Described,15980.57,Rejected
RET005015,ORD029114,CUST04177,2026-02-09,Changed Mind,7248.26,Approved
RET005016,ORD029130,CUST04181,2026-09-05,Better Price Found,3239.88,Approved
RET005017,ORD029135,CUST04181,2026-07-19,Defective Product,295.7,Approved
RET005018,ORD029139,CUST04182,2026-06-29,Not As Described,1599.62,Approved
RET005019,ORD029145,CUST04184,2026-02-14,Not As Described,3172.64,Approved
RET005020,ORD029152,CUST04185,2026-04-08,Size/Fit Issue,3666.69,Approved
RET005021,ORD029159,CUST04186,2026-08-08,Wrong Item Received,1621.19,Approved
RET005022,ORD029182,CUST04190,2026-06-19,Defective Product,16614.08,Pending
RET005023,ORD029195,CUST04192,2026-07-07,Changed Mind,9571.14,Pending
RET005024,ORD029197,CUST04192,2026-07-15,Damaged in Transit,3118.46,Approved
RET005025,ORD029202,CUST04193,2026-06-26,Changed Mind,1829.54,Approved
RET005026,ORD029212,CUST04195,2026-06-14,Damaged in Transit,3853.88,Approved
RET005027,ORD029217,CUST04196,2026-06-20,Size/Fit Issue,3916.91,Approved
RET005028,ORD029221,CUST04197,2026-07-10,Wrong Item Received,385.39,Approved
RET005029,ORD029222,CUST04197,2026-07-01,Quality Not Satisfactory,1837.17,Approved
RET005030,ORD029228,CUST04197,2026-06-15,Quality Not Satisfactory,19900.69,Rejected
RET005031,ORD029229,CUST04197,2026-08-15,Better Price Found,10015.61,Pending
RET005032,ORD029241,CUST04200,2026-08-26,Changed Mind,4825.04,Approved
RET005033,ORD029243,CUST04200,2026-06-22,Wrong Item Received,981.97,Approved
RET005034,ORD029271,CUST04205,2026-07-26,Wrong Item Received,328.6,Approved
RET005035,ORD029293,CUST04209,2026-07-04,Changed Mind,6795.33,Pending
RET005036,ORD029298,CUST04209,2026-05-27,Damaged in Transit,55000.0,Pending
RET005037,ORD029302,CUST04209,2026-06-03,Changed Mind,22596.15,Approved
RET005038,ORD029303,CUST04209,2026-05-28,Damaged in Transit,7410.16,Approved
RET005039,ORD029304,CUST04209,2026-07-24,Damaged in Transit,2370.8,Approved
RET005040,ORD029307,CUST04209,2026-04-18,Size/Fit Issue,365.26,Rejected
RET005041,ORD029309,CUST04210,2026-09-04,Defective Product,855.42,Approved
RET005042,ORD029311,CUST04210,2026-07-16,Not As Described,1148.07,Approved
RET005043,ORD029313,CUST04210,2026-07-22,Changed Mind,23831.99,Rejected
RET005044,ORD029314,CUST04210,2026-08-13,Not As Described,1464.45,Approved
RET005045,ORD029317,CUST04210,2026-08-21,Changed Mind,2675.24,Pending
RET005046,ORD029318,CUST04210,2026-06-11,Size/Fit Issue,19066.64,Rejected
RET005047,ORD029322,CUST04211,2026-08-21,Not As Described,3281.19,Rejected
RET005048,ORD029325,CUST04211,2026-06-16,Defective Product,988.81,Pending
RET005049,ORD029339,CUST04213,2026-01-31,Defective Product,816.82,Pending
RET005050,ORD029385,CUST04220,2026-07-29,Defective Product,21167.86,Approved
RET005051,ORD029386,CUST04220,2026-07-23,Not As Described,1218.62,Approved
RET005052,ORD029388,CUST04220,2026-08-02,Changed Mind,17200.46,Approved
RET005053,ORD029389,CUST04220,2026-07-05,Changed Mind,1973.23,Approved
RET005054,ORD029391,CUST04220,2026-08-27,Changed Mind,1142.16,Approved
RET005055,ORD029394,CUST04220,2026-09-02,Wrong Item Received,918.36,Approved
RET005056,ORD029395,CUST04220,2026-08-09,Changed Mind,19844.35,Rejected
RET005057,ORD029422,CUST04224,2026-01-17,Size/Fit Issue,3039.98,Approved
RET005058,ORD029434,CUST04226,2026-02-08,Defective Product,874.11,Approved
RET005059,ORD029442,CUST04228,2026-02-18,Better Price Found,1805.97,Rejected
RET005060,ORD029452,CUST04230,2026-03-23,Not As Described,13501.54,Approved
RET005061,ORD029454,CUST04230,2026-03-13,Changed Mind,3272.75,Approved
RET005062,ORD029455,CUST04230,2026-03-16,Size/Fit Issue,6136.07,Approved
RET005063,ORD029456,CUST04230,2026-03-05,Not As Described,8736.6,Pending
RET005064,ORD029457,CUST04230,2026-03-07,Better Price Found,7792.32,Rejected
RET005065,ORD029458,CUST04230,2026-09-04,Size/Fit Issue,5852.01,Approved
RET005066,ORD029459,CUST04230,2026-06-06,Better Price Found,3579.27,Approved
RET005067,ORD029460,CUST04230,2026-08-14,Not As Described,4081.47,Rejected
RET005068,ORD029461,CUST04230,2026-02-06,Damaged in Transit,705.4,Rejected
RET005069,ORD029463,CUST04230,2026-03-04,Changed Mind,3218.43,Approved
RET005070,ORD029476,CUST04233,2026-03-24,Changed Mind,13333.93,Pending
RET005071,ORD029494,CUST04236,2026-09-10,Size/Fit Issue,3291.15,Pending
RET005072,ORD029498,CUST04237,2026-07-01,Wrong Item Received,1099.34,Approved
RET005073,ORD029501,CUST04238,2026-08-15,Wrong Item Received,4160.03,Pending
RET005074,ORD029505,CUST04238,2026-08-11,Changed Mind,14140.76,Approved
RET005075,ORD029514,CUST04238,2026-08-04,Changed Mind,725.54,Approved
RET005076,ORD029517,CUST04239,2026-06-29,Quality Not Satisfactory,3384.0,Approved
RET005077,ORD029520,CUST04239,2026-05-24,Not As Described,1370.26,Approved
RET005078,ORD029523,CUST04239,2026-07-25,Changed Mind,1965.32,Pending
RET005079,ORD029524,CUST04239,2026-08-13,Not As Described,1104.48,Rejected
RET005080,ORD029532,CUST04241,2026-08-07,Damaged in Transit,16368.65,Approved
RET005081,ORD029539,CUST04242,2026-03-13,Not As Described,2491.0,Approved
RET005082,ORD029540,CUST04242,2026-04-08,Not As Described,3907.67,Approved
RET005083,ORD029543,CUST04242,2026-04-02,Better Price Found,5589.1,Pending
RET005084,ORD029549,CUST04242,2026-09-02,Size/Fit Issue,6000.0,Approved
RET005085,ORD029552,CUST04242,2026-06-28,Quality Not Satisfactory,2446.92,Rejected
RET005086,ORD029553,CUST04242,2026-04-30,Not As Described,15674.37,Approved
RET005087,ORD029576,CUST04247,2026-08-19,Changed Mind,3069.61,Rejected
RET005088,ORD029596,CUST04251,2026-08-18,Changed Mind,906.5,Approved
RET005089,ORD029597,CUST04251,2026-08-16,Defective Product,20250.69,Rejected
RET005090,ORD029598,CUST04251,2026-08-25,Better Price Found,19497.38,Approved
RET005091,ORD029602,CUST04251,2026-09-08,Not As Described,2085.24,Pending
RET005092,ORD029604,CUST04251,2026-08-23,Quality Not Satisfactory,686.89,Pending
RET005093,ORD029606,CUST04252,2026-02-22,Damaged in Transit,17410.02,Approved
RET005094,ORD029611,CUST04252,2026-01-27,Size/Fit Issue,11515.35,Approved
RET005095,ORD029614,CUST04253,2026-06-13,Size/Fit Issue,2526.92,Approved
RET005096,ORD029633,CUST04257,2026-04-09,Size/Fit Issue,3049.07,Approved
RET005097,ORD029636,CUST04258,2026-05-02,Better Price Found,329.95,Rejected
RET005098,ORD029646,CUST04259,2026-04-19,Not As Described,5350.89,Approved
RET005099,ORD029672,CUST04263,2026-05-12,Wrong Item Received,1052.75,Approved
RET005100,ORD029692,CUST04267,2026-06-20,Not As Described,1823.95,Rejected
RET005101,ORD029699,CUST04268,2026-06-24,Not As Described,447.77,Pending
RET005102,ORD029705,CUST04270,2026-07-08,Not As Described,20417.54,Rejected
RET005103,ORD029709,CUST04270,2026-07-10,Not As Described,7199.5,Rejected
RET005104,ORD029712,CUST04270,2026-06-11,Damaged in Transit,3985.4,Approved
RET005105,ORD029729,CUST04274,2026-02-19,Damaged in Transit,1573.11,Rejected
RET005106,ORD029730,CUST04274,2026-06-22,Defective Product,544.76,Approved
RET005107,ORD029731,CUST04274,2026-04-24,Not As Described,554.52,Approved
RET005108,ORD029734,CUST04274,2026-04-17,Wrong Item Received,1103.89,Approved
RET005109,ORD029739,CUST04275,2026-06-09,Damaged in Transit,1387.98,Approved
RET005110,ORD029762,CUST04278,2026-09-05,Defective Product,1684.4,Approved
RET005111,ORD029763,CUST04278,2026-04-15,Defective Product,3738.68,Approved
RET005112,ORD029764,CUST04279,2026-03-17,Size/Fit Issue,12428.51,Approved
RET005113,ORD029772,CUST04280,2026-06-21,Better Price Found,1479.04,Pending
RET005114,ORD029789,CUST04282,2026-09-05,Not As Described,1613.34,Approved
RET005115,ORD029790,CUST04282,2026-08-24,Changed Mind,3372.67,Pending
RET005116,ORD029791,CUST04282,2026-08-14,Changed Mind,30351.47,Approved
RET005117,ORD029792,CUST04282,2026-08-31,Size/Fit Issue,1317.28,Approved
RET005118,ORD029794,CUST04282,2026-09-02,Better Price Found,6115.6,Rejected
RET005119,ORD029796,CUST04282,2026-08-25,Defective Product,734.81,Approved
RET005120,ORD029814,CUST04284,2026-08-20,Quality Not Satisfactory,12692.61,Approved
RET005121,ORD029818,CUST04284,2026-07-13,Changed Mind,4711.04,Approved
RET005122,ORD029821,CUST04284,2026-08-17,Size/Fit Issue,3423.46,Rejected
RET005123,ORD029829,CUST04285,2026-07-21,Changed Mind,1303.81,Rejected
RET005124,ORD029842,CUST04287,2026-06-29,Wrong Item Received,175.9,Approved
RET005125,ORD029844,CUST04287,2026-06-26,Changed Mind,32562.02,Approved
RET005126,ORD029845,CUST04287,2026-08-26,Not As Described,750.88,Pending
RET005127,ORD029847,CUST04287,2026-09-06,Wrong Item Received,17186.74,Rejected
RET005128,ORD029850,CUST04287,2026-08-08,Changed Mind,2678.99,Approved
RET005129,ORD029851,CUST04287,2026-07-22,Changed Mind,46332.19,Pending
RET005130,ORD029852,CUST04287,2026-07-03,Not As Described,5264.2,Approved
RET005131,ORD029855,CUST04287,2026-07-20,Defective Product,684.26,Approved
RET005132,ORD029857,CUST04287,2026-09-07,Wrong Item Received,6332.47,Rejected
RET005133,ORD029858,CUST04287,2026-08-05,Better Price Found,9331.28,Approved
RET005134,ORD029860,CUST04287,2026-08-13,Wrong Item Received,858.27,Approved
RET005135,ORD029885,CUST04292,2026-04-13,Quality Not Satisfactory,8992.2,Approved
RET005136,ORD029906,CUST04296,2026-08-22,Not As Described,2936.2,Rejected
RET005137,ORD029907,CUST04296,2026-07-25,Wrong Item Received,236.62,Pending
RET005138,ORD029908,CUST04296,2026-09-08,Not As Described,55000.0,Pending
RET005139,ORD029909,CUST04296,2026-08-06,Quality Not Satisfactory,1174.93,Approved
RET005140,ORD029910,CUST04296,2026-07-26,Changed Mind,724.01,Pending
RET005141,ORD029912,CUST04296,2026-07-24,Damaged in Transit,4122.33,Approved
RET005142,ORD029915,CUST04296,2026-08-11,Quality Not Satisfactory,2366.18,Rejected
RET005143,ORD029916,CUST04296,2026-08-23,Better Price Found,1368.03,Pending
RET005144,ORD029917,CUST04296,2026-07-17,Changed Mind,8000.0,Approved
RET005145,ORD029918,CUST04296,2026-09-04,Not As Described,803.78,Approved
RET005146,ORD029919,CUST04296,2026-07-07,Not As Described,1982.5,Pending
RET005147,ORD029924,CUST04297,2026-08-05,Better Price Found,14310.04,Approved
RET005148,ORD029925,CUST04297,2026-06-20,Changed Mind,555.79,Rejected
RET005149,ORD029926,CUST04297,2026-09-03,Size/Fit Issue,1156.45,Approved
RET005150,ORD029927,CUST04297,2026-08-01,Defective Product,2103.46,Approved
RET005151,ORD029931,CUST04297,2026-07-17,Size/Fit Issue,1764.79,Pending
RET005152,ORD029932,CUST04297,2026-08-16,Damaged in Transit,1682.13,Pending
RET005153,ORD029953,CUST04300,2026-03-02,Damaged in Transit,848.24,Rejected
RET005154,ORD029955,CUST04300,2026-02-05,Size/Fit Issue,17046.82,Pending
RET005155,ORD029957,CUST04300,2026-07-26,Changed Mind,496.88,Approved
RET005156,ORD029969,CUST04302,2026-07-15,Defective Product,10010.82,Approved
RET005157,ORD029971,CUST04302,2026-07-09,Size/Fit Issue,5248.35,Approved
RET005158,ORD029972,CUST04302,2026-07-14,Changed Mind,1510.67,Pending
RET005159,ORD029973,CUST04302,2026-07-11,Size/Fit Issue,892.14,Approved
RET005160,ORD029975,CUST04302,2026-07-20,Defective Product,350.12,Approved
RET005161,ORD029977,CUST04302,2026-07-10,Not As Described,4788.51,Approved
RET005162,ORD029981,CUST04302,2026-07-06,Changed Mind,3289.24,Pending
RET005163,ORD029985,CUST04302,2026-09-02,Not As Described,2711.1,Pending
RET005164,ORD029986,CUST04302,2026-07-29,Quality Not Satisfactory,662.59,Approved
RET005165,ORD029987,CUST04302,2026-08-01,Changed Mind,19442.78,Rejected
RET005166,ORD029988,CUST04302,2026-08-18,Not As Described,14040.99,Approved
RET005167,ORD029990,CUST04302,2026-07-20,Quality Not Satisfactory,1334.43,Pending
RET005168,ORD030008,CUST04306,2026-02-23,Changed Mind,582.9,Rejected
RET005169,ORD030016,CUST04308,2026-01-12,Defective Product,1326.39,Approved
RET005170,ORD030023,CUST04309,2026-08-17,Not As Described,1545.57,Approved
RET005171,ORD030025,CUST04309,2026-08-21,Better Price Found,7950.54,Approved
RET005172,ORD030026,CUST04309,2026-08-31,Changed Mind,2428.25,Pending
RET005173,ORD030027,CUST04309,2026-08-25,Not As Described,776.09,Approved
RET005174,ORD030030,CUST04309,2026-07-31,Changed Mind,1569.32,Rejected
RET005175,ORD030033,CUST04309,2026-08-24,Quality Not Satisfactory,1857.26,Rejected
RET005176,ORD030037,CUST04309,2026-07-24,Changed Mind,2840.13,Approved
RET005177,ORD030045,CUST04311,2026-01-19,Size/Fit Issue,637.74,Approved
RET005178,ORD030063,CUST04314,2026-07-20,Quality Not Satisfactory,14295.31,Approved
RET005179,ORD030083,CUST04317,2026-02-24,Damaged in Transit,3436.48,Approved
RET005180,ORD030086,CUST04318,2026-06-23,Defective Product,690.22,Rejected
RET005181,ORD030091,CUST04318,2026-06-22,Wrong Item Received,20980.31,Approved
RET005182,ORD030092,CUST04318,2026-08-12,Not As Described,936.97,Rejected
RET005183,ORD030098,CUST04319,2026-03-23,Size/Fit Issue,55000.0,Pending
RET005184,ORD030106,CUST04320,2026-06-17,Wrong Item Received,3411.93,Approved
RET005185,ORD030110,CUST04320,2026-05-06,Wrong Item Received,14857.79,Approved
RET005186,ORD030112,CUST04320,2026-07-27,Not As Described,1470.59,Rejected
RET005187,ORD030114,CUST04320,2026-07-10,Defective Product,22940.3,Rejected
RET005188,ORD030119,CUST04321,2026-06-27,Defective Product,912.15,Approved
RET005189,ORD030145,CUST04326,2026-08-04,Changed Mind,4665.74,Pending
RET005190,ORD030147,CUST04326,2026-09-11,Defective Product,10499.39,Approved
RET005191,ORD030154,CUST04326,2026-08-28,Defective Product,2192.13,Approved
RET005192,ORD030165,CUST04329,2026-04-10,Size/Fit Issue,2215.45,Approved
RET005193,ORD030168,CUST04329,2026-07-07,Size/Fit Issue,1210.26,Pending
RET005194,ORD030171,CUST04330,2026-08-18,Changed Mind,795.44,Approved
RET005195,ORD030176,CUST04330,2026-09-04,Not As Described,2668.44,Pending
RET005196,ORD030177,CUST04330,2026-08-01,Not As Described,30350.6,Approved
RET005197,ORD030178,CUST04330,2026-09-04,Not As Described,2274.65,Rejected
RET005198,ORD030179,CUST04330,2026-08-29,Wrong Item Received,25000.04,Rejected
RET005199,ORD030191,CUST04332,2026-07-06,Better Price Found,1741.25,Rejected
RET005200,ORD030193,CUST04332,2026-08-08,Not As Described,5236.67,Approved
RET005201,ORD030214,CUST04335,2026-05-13,Changed Mind,5113.77,Approved
RET005202,ORD030215,CUST04335,2026-04-14,Not As Described,2850.75,Approved
RET005203,ORD030216,CUST04335,2026-03-25,Changed Mind,1382.91,Approved
RET005204,ORD030227,CUST04337,2026-02-25,Changed Mind,1827.6,Approved
RET005205,ORD030228,CUST04337,2026-02-17,Not As Described,25554.59,Approved
RET005206,ORD030230,CUST04337,2026-02-25,Changed Mind,1585.36,Approved
RET005207,ORD030231,CUST04337,2026-02-22,Changed Mind,5426.63,Approved
RET005208,ORD030232,CUST04337,2026-03-01,Not As Described,3855.66,Rejected
RET005209,ORD030237,CUST04337,2026-08-04,Changed Mind,5827.85,Approved
RET005210,ORD030257,CUST04341,2026-08-23,Defective Product,535.45,Approved
RET005211,ORD030278,CUST04344,2026-06-02,Changed Mind,864.11,Approved
RET005212,ORD030282,CUST04344,2026-07-04,Damaged in Transit,20043.3,Approved
RET005213,ORD030299,CUST04347,2026-02-02,Changed Mind,26742.87,Approved
RET005214,ORD030302,CUST04347,2026-06-21,Size/Fit Issue,5599.02,Approved
RET005215,ORD030305,CUST04347,2026-04-26,Quality Not Satisfactory,679.48,Approved
RET005216,ORD030318,CUST04349,2026-07-31,Changed Mind,10580.92,Approved
RET005217,ORD030320,CUST04349,2026-02-13,Quality Not Satisfactory,1961.8,Pending
RET005218,ORD030321,CUST04349,2026-08-31,Changed Mind,2121.27,Approved
RET005219,ORD030327,CUST04351,2026-08-24,Not As Described,920.17,Pending
RET005220,ORD030330,CUST04351,2026-08-24,Not As Described,24301.47,Rejected
RET005221,ORD030331,CUST04351,2026-08-21,Changed Mind,1592.27,Approved
RET005222,ORD030335,CUST04351,2026-08-22,Not As Described,5967.42,Rejected
RET005223,ORD030339,CUST04352,2026-03-07,Quality Not Satisfactory,566.61,Pending
RET005224,ORD030341,CUST04353,2026-06-27,Changed Mind,673.92,Pending
RET005225,ORD030407,CUST04362,2026-08-24,Wrong Item Received,14347.21,Pending
RET005226,ORD030408,CUST04362,2026-08-11,Defective Product,14196.61,Approved
RET005227,ORD030411,CUST04362,2026-05-16,Not As Described,24909.34,Approved
RET005228,ORD030412,CUST04362,2026-01-20,Quality Not Satisfactory,1767.24,Rejected
RET005229,ORD030421,CUST04363,2026-07-13,Better Price Found,15267.11,Pending
RET005230,ORD030431,CUST04363,2026-08-03,Quality Not Satisfactory,5002.0,Approved
RET005231,ORD030437,CUST04364,2026-07-10,Not As Described,3474.53,Approved
RET005232,ORD030441,CUST04364,2026-09-06,Better Price Found,2858.62,Approved
RET005233,ORD030447,CUST04364,2026-08-06,Quality Not Satisfactory,242.1,Pending
RET005234,ORD030468,CUST04369,2026-05-31,Size/Fit Issue,1375.07,Approved
RET005235,ORD030482,CUST04372,2026-03-01,Better Price Found,2489.13,Approved
RET005236,ORD030484,CUST04372,2026-03-05,Quality Not Satisfactory,812.52,Pending
RET005237,ORD030488,CUST04372,2026-03-01,Size/Fit Issue,770.71,Pending
RET005238,ORD030490,CUST04372,2026-05-16,Size/Fit Issue,2649.98,Approved
RET005239,ORD030503,CUST04374,2026-07-25,Wrong Item Received,1816.16,Approved
RET005240,ORD030506,CUST04375,2026-09-01,Size/Fit Issue,3094.34,Approved
RET005241,ORD030529,CUST04380,2026-03-06,Changed Mind,14930.92,Approved
RET005242,ORD030536,CUST04381,2026-07-15,Defective Product,2174.27,Approved
RET005243,ORD030538,CUST04381,2026-05-03,Damaged in Transit,1717.6,Rejected
RET005244,ORD030546,CUST04383,2026-01-14,Changed Mind,15713.43,Approved
RET005245,ORD030551,CUST04383,2026-07-17,Quality Not Satisfactory,1965.1,Approved
RET005246,ORD030554,CUST04383,2026-03-30,Damaged in Transit,1954.14,Approved
RET005247,ORD030561,CUST04383,2026-03-31,Better Price Found,1645.54,Approved
RET005248,ORD030562,CUST04384,2026-06-30,Size/Fit Issue,1413.65,Pending
RET005249,ORD030565,CUST04384,2026-08-09,Not As Described,3686.82,Approved
RET005250,ORD030567,CUST04384,2026-06-20,Changed Mind,30460.59,Rejected
RET005251,ORD030569,CUST04384,2026-08-18,Not As Described,2051.38,Approved
RET005252,ORD030574,CUST04384,2026-06-26,Defective Product,723.56,Approved
RET005253,ORD030577,CUST04384,2026-05-14,Changed Mind,328.1,Pending
RET005254,ORD030594,CUST04388,2026-04-16,Defective Product,3348.34,Approved
RET005255,ORD030601,CUST04389,2026-09-22,Defective Product,448.72,Approved
RET005256,ORD030604,CUST04390,2026-08-04,Better Price Found,30393.32,Approved
RET005257,ORD030605,CUST04390,2026-09-01,Quality Not Satisfactory,1535.4,Rejected
RET005258,ORD030613,CUST04391,2026-07-23,Quality Not Satisfactory,884.96,Approved
RET005259,ORD030628,CUST04395,2026-08-10,Size/Fit Issue,3995.7,Approved
RET005260,ORD030635,CUST04396,2026-07-26,Not As Described,915.11,Approved
RET005261,ORD030649,CUST04398,2026-03-21,Changed Mind,1871.17,Approved
RET005262,ORD030651,CUST04398,2026-03-18,Not As Described,1241.01,Rejected
RET005263,ORD030652,CUST04398,2026-03-07,Changed Mind,400.0,Approved
RET005264,ORD030656,CUST04398,2026-06-09,Not As Described,2793.61,Approved
RET005265,ORD030658,CUST04398,2026-07-13,Changed Mind,5774.19,Approved
RET005266,ORD030660,CUST04398,2026-05-27,Changed Mind,1587.59,Rejected
RET005267,ORD030670,CUST04400,2026-02-13,Defective Product,6393.51,Approved
RET005268,ORD030681,CUST04402,2026-02-12,Defective Product,735.99,Approved
RET005269,ORD030687,CUST04403,2026-06-18,Better Price Found,2414.62,Approved
RET005270,ORD030690,CUST04403,2026-07-12,Changed Mind,17553.43,Rejected
RET005271,ORD030694,CUST04404,2026-02-13,Defective Product,5741.08,Approved
RET005272,ORD030698,CUST04405,2026-07-03,Changed Mind,18314.64,Approved
RET005273,ORD030699,CUST04405,2026-07-11,Changed Mind,1544.26,Approved
RET005274,ORD030701,CUST04405,2026-08-21,Size/Fit Issue,12165.3,Rejected
RET005275,ORD030703,CUST04405,2026-07-28,Quality Not Satisfactory,10945.82,Pending
RET005276,ORD030705,CUST04405,2026-05-24,Changed Mind,2960.63,Rejected
RET005277,ORD030706,CUST04405,2026-07-02,Changed Mind,1040.02,Approved
RET005278,ORD030719,CUST04408,2026-07-22,Changed Mind,41402.72,Pending
RET005279,ORD030724,CUST04408,2026-07-11,Quality Not Satisfactory,5466.57,Approved
RET005280,ORD030725,CUST04408,2026-08-04,Not As Described,1290.83,Pending
RET005281,ORD030726,CUST04408,2026-07-27,Not As Described,9088.91,Rejected
RET005282,ORD030728,CUST04408,2026-07-04,Better Price Found,11544.82,Pending
RET005283,ORD030731,CUST04408,2026-07-06,Not As Described,1418.0,Approved
RET005284,ORD030733,CUST04409,2026-05-30,Better Price Found,954.9,Approved
RET005285,ORD030735,CUST04409,2026-06-06,Quality Not Satisfactory,1617.7,Approved
RET005286,ORD030737,CUST04409,2026-06-07,Defective Product,1615.11,Rejected
RET005287,ORD030745,CUST04409,2026-04-12,Changed Mind,1596.76,Approved
RET005288,ORD030747,CUST04410,2026-07-04,Not As Described,15967.01,Pending
RET005289,ORD030753,CUST04410,2026-07-23,Changed Mind,1567.1,Approved
RET005290,ORD030754,CUST04410,2026-06-10,Better Price Found,144.29,Rejected
RET005291,ORD030758,CUST04412,2026-08-18,Better Price Found,18881.47,Approved
RET005292,ORD030774,CUST04415,2026-07-30,Not As Described,1113.43,Pending
RET005293,ORD030775,CUST04415,2026-07-30,Changed Mind,2563.83,Pending
RET005294,ORD030776,CUST04415,2026-08-06,Changed Mind,2569.32,Pending
RET005295,ORD030778,CUST04415,2026-06-14,Changed Mind,1436.01,Approved
RET005296,ORD030783,CUST04415,2026-08-23,Not As Described,440.2,Pending
RET005297,ORD030784,CUST04415,2026-06-29,Changed Mind,1276.84,Rejected
RET005298,ORD030788,CUST04415,2026-07-30,Not As Described,17743.18,Approved
RET005299,ORD030789,CUST04415,2026-07-20,Not As Described,17881.1,Approved
RET005300,ORD030796,CUST04415,2026-07-03,Quality Not Satisfactory,26855.83,Approved
RET005301,ORD030797,CUST04415,2026-07-18,Not As Described,1904.68,Pending
RET005302,ORD030806,CUST04417,2026-03-02,Size/Fit Issue,460.34,Approved
RET005303,ORD030829,CUST04422,2026-07-06,Not As Described,982.73,Approved
RET005304,ORD030830,CUST04422,2026-06-26,Defective Product,2092.86,Approved
RET005305,ORD030831,CUST04422,2026-07-01,Size/Fit Issue,1815.59,Rejected
RET005306,ORD030834,CUST04422,2026-07-02,Not As Described,4080.43,Rejected
RET005307,ORD030835,CUST04422,2026-07-26,Wrong Item Received,3465.3,Rejected
RET005308,ORD030836,CUST04422,2026-08-19,Not As Described,9490.19,Approved
RET005309,ORD030837,CUST04422,2026-06-21,Defective Product,17593.35,Approved
RET005310,ORD030838,CUST04422,2026-06-29,Defective Product,1596.17,Approved
RET005311,ORD030841,CUST04422,2026-08-20,Wrong Item Received,25996.32,Approved
RET005312,ORD030842,CUST04422,2026-08-31,Changed Mind,2792.43,Approved
RET005313,ORD030859,CUST04426,2026-08-06,Changed Mind,1327.5,Pending
RET005314,ORD030861,CUST04426,2026-07-02,Changed Mind,1980.37,Approved
RET005315,ORD030862,CUST04426,2026-08-05,Better Price Found,26753.24,Approved
RET005316,ORD030867,CUST04426,2026-08-03,Size/Fit Issue,26778.6,Pending
RET005317,ORD030869,CUST04426,2026-08-28,Damaged in Transit,1478.86,Approved
RET005318,ORD030871,CUST04426,2026-08-29,Not As Described,2692.23,Approved
RET005319,ORD030872,CUST04426,2026-08-05,Changed Mind,10634.98,Rejected
RET005320,ORD030887,CUST04429,2026-07-01,Not As Described,1207.88,Approved
RET005321,ORD030895,CUST04429,2026-08-17,Defective Product,1756.54,Approved
RET005322,ORD030898,CUST04430,2026-09-16,Quality Not Satisfactory,6994.48,Pending
RET005323,ORD030903,CUST04430,2026-08-03,Quality Not Satisfactory,2796.06,Rejected
RET005324,ORD030906,CUST04431,2026-04-12,Changed Mind,3025.36,Pending
RET005325,ORD030907,CUST04431,2026-08-03,Not As Described,1176.14,Rejected
RET005326,ORD030917,CUST04433,2026-07-13,Not As Described,2039.42,Approved
RET005327,ORD030918,CUST04433,2026-07-02,Damaged in Transit,1049.06,Approved
RET005328,ORD030921,CUST04433,2026-06-30,Quality Not Satisfactory,4843.42,Approved
RET005329,ORD030922,CUST04433,2026-07-13,Not As Described,13137.03,Approved
RET005330,ORD030924,CUST04433,2026-07-10,Changed Mind,746.4,Rejected
RET005331,ORD030925,CUST04433,2026-07-02,Not As Described,3220.09,Approved
RET005332,ORD030926,CUST04433,2026-07-15,Changed Mind,1574.1,Approved
RET005333,ORD030927,CUST04433,2026-07-12,Wrong Item Received,3257.01,Rejected
RET005334,ORD030931,CUST04433,2026-08-03,Better Price Found,13338.89,Rejected
RET005335,ORD030933,CUST04433,2026-07-29,Not As Described,2176.51,Approved
RET005336,ORD030937,CUST04434,2026-08-13,Changed Mind,5108.27,Pending
RET005337,ORD030940,CUST04434,2026-09-02,Changed Mind,797.32,Rejected
RET005338,ORD030941,CUST04434,2026-08-14,Wrong Item Received,1543.27,Approved
RET005339,ORD030942,CUST04434,2026-08-19,Changed Mind,9820.64,Approved
RET005340,ORD030943,CUST04434,2026-08-02,Changed Mind,1429.63,Pending
RET005341,ORD030944,CUST04434,2026-09-02,Size/Fit Issue,8845.77,Rejected
RET005342,ORD030948,CUST04434,2026-07-09,Better Price Found,24893.25,Approved
RET005343,ORD030951,CUST04434,2026-08-11,Better Price Found,2273.97,Rejected
RET005344,ORD030953,CUST04434,2026-07-03,Changed Mind,1734.91,Pending
RET005345,ORD030954,CUST04435,2026-03-29,Defective Product,1974.35,Approved
RET005346,ORD030986,CUST04440,2026-09-10,Changed Mind,2898.69,Pending
RET005347,ORD031013,CUST04444,2026-08-05,Changed Mind,5212.5,Approved
RET005348,ORD031028,CUST04447,2026-08-28,Defective Product,3279.58,Approved
RET005349,ORD031029,CUST04448,2026-08-30,Not As Described,17821.51,Approved
RET005350,ORD031031,CUST04448,2026-08-04,Better Price Found,1393.72,Rejected
RET005351,ORD031033,CUST04448,2026-08-15,Not As Described,4054.74,Approved
RET005352,ORD031035,CUST04448,2026-07-17,Quality Not Satisfactory,3075.25,Approved
RET005353,ORD031036,CUST04448,2026-08-10,Not As Described,1532.53,Approved
RET005354,ORD031037,CUST04448,2026-08-12,Wrong Item Received,2356.22,Approved
RET005355,ORD031039,CUST04448,2026-08-26,Defective Product,495.49,Approved
RET005356,ORD031042,CUST04448,2026-06-01,Changed Mind,3151.53,Pending
RET005357,ORD031070,CUST04453,2026-04-25,Changed Mind,12000.0,Approved
RET005358,ORD031077,CUST04454,2026-08-17,Size/Fit Issue,1355.57,Approved
RET005359,ORD031078,CUST04454,2026-07-08,Not As Described,19536.74,Rejected
RET005360,ORD031080,CUST04454,2026-09-03,Quality Not Satisfactory,2004.6,Pending
RET005361,ORD031081,CUST04454,2026-07-26,Changed Mind,1005.2,Approved
RET005362,ORD031100,CUST04457,2026-06-25,Defective Product,6868.84,Approved
RET005363,ORD031103,CUST04457,2026-02-15,Defective Product,12902.18,Approved
RET005364,ORD031105,CUST04457,2026-06-13,Quality Not Satisfactory,1232.27,Approved
RET005365,ORD031106,CUST04457,2026-03-20,Not As Described,13570.03,Approved
RET005366,ORD031107,CUST04457,2026-04-14,Better Price Found,2294.79,Rejected
RET005367,ORD031117,CUST04459,2026-03-03,Defective Product,2324.33,Approved
RET005368,ORD031145,CUST04464,2026-02-17,Changed Mind,3998.03,Approved
RET005369,ORD031148,CUST04464,2026-08-30,Not As Described,21422.7,Approved
RET005370,ORD031157,CUST04464,2026-08-01,Changed Mind,6000.0,Pending
RET005371,ORD031178,CUST04468,2026-08-24,Damaged in Transit,40434.78,Approved
RET005372,ORD031179,CUST04468,2026-08-27,Not As Described,3464.22,Approved
RET005373,ORD031180,CUST04468,2026-08-19,Not As Described,778.6,Approved
RET005374,ORD031184,CUST04468,2026-07-15,Defective Product,3022.61,Pending
RET005375,ORD031188,CUST04468,2026-06-26,Changed Mind,2703.86,Approved
RET005376,ORD031191,CUST04468,2026-08-03,Not As Described,2992.12,Approved
RET005377,ORD031192,CUST04468,2026-06-22,Wrong Item Received,2967.5,Approved
RET005378,ORD031194,CUST04468,2026-08-21,Defective Product,1713.04,Approved
RET005379,ORD031196,CUST04469,2026-07-07,Wrong Item Received,19680.92,Approved
RET005380,ORD031198,CUST04469,2026-05-16,Wrong Item Received,2766.82,Rejected
RET005381,ORD031202,CUST04470,2026-02-09,Size/Fit Issue,1248.73,Pending
RET005382,ORD031222,CUST04473,2026-02-05,Not As Described,360.78,Approved
RET005383,ORD031239,CUST04475,2026-08-12,Changed Mind,30684.92,Pending
RET005384,ORD031245,CUST04477,2026-07-24,Better Price Found,1705.56,Approved
RET005385,ORD031246,CUST04477,2026-07-17,Better Price Found,1951.22,Rejected
RET005386,ORD031254,CUST04477,2026-07-02,Changed Mind,1309.56,Approved
RET005387,ORD031256,CUST04478,2026-07-31,Not As Described,6835.86,Approved
RET005388,ORD031265,CUST04478,2026-05-21,Not As Described,1715.99,Rejected
RET005389,ORD031272,CUST04480,2026-08-25,Size/Fit Issue,3377.54,Approved
RET005390,ORD031275,CUST04480,2026-08-08,Size/Fit Issue,13580.09,Approved
RET005391,ORD031276,CUST04480,2026-05-10,Not As Described,2499.55,Pending
RET005392,ORD031285,CUST04480,2026-07-22,Defective Product,1994.48,Pending
RET005393,ORD031286,CUST04480,2026-08-21,Defective Product,1831.0,Approved
RET005394,ORD031287,CUST04480,2026-05-25,Defective Product,1593.28,Approved
RET005395,ORD031304,CUST04483,2026-08-20,Wrong Item Received,31712.34,Approved
RET005396,ORD031305,CUST04483,2026-07-16,Quality Not Satisfactory,42894.77,Approved
RET005397,ORD031307,CUST04483,2026-07-25,Damaged in Transit,3924.22,Approved
RET005398,ORD031325,CUST04484,2026-02-07,Size/Fit Issue,1655.0,Pending
RET005399,ORD031348,CUST04488,2026-06-08,Not As Described,620.82,Rejected
RET005400,ORD031354,CUST04490,2026-05-26,Changed Mind,1791.34,Approved
RET005401,ORD031365,CUST04492,2026-08-20,Defective Product,991.55,Approved
RET005402,ORD031366,CUST04492,2026-08-03,Not As Described,7536.18,Approved
RET005403,ORD031367,CUST04492,2026-09-01,Better Price Found,26409.43,Approved
RET005404,ORD031369,CUST04492,2026-09-02,Changed Mind,1839.28,Approved
RET005405,ORD031373,CUST04492,2026-08-29,Quality Not Satisfactory,4617.51,Pending
RET005406,ORD031376,CUST04492,2026-08-24,Not As Described,17694.14,Approved
RET005407,ORD031377,CUST04492,2026-09-04,Better Price Found,9822.04,Approved
RET005408,ORD031378,CUST04492,2026-08-09,Not As Described,14721.73,Pending
RET005409,ORD031389,CUST04496,2026-07-21,Not As Described,28043.81,Pending
RET005410,ORD031390,CUST04496,2026-07-30,Better Price Found,4611.35,Pending
RET005411,ORD031391,CUST04496,2026-08-13,Changed Mind,22540.47,Approved
RET005412,ORD031393,CUST04496,2026-08-19,Changed Mind,887.12,Approved
RET005413,ORD031394,CUST04496,2026-08-02,Changed Mind,17256.19,Approved
RET005414,ORD031396,CUST04496,2026-08-31,Changed Mind,523.51,Pending
RET005415,ORD031397,CUST04496,2026-08-22,Defective Product,1780.16,Approved
RET005416,ORD031398,CUST04496,2026-07-07,Changed Mind,459.03,Approved
RET005417,ORD031399,CUST04496,2026-08-03,Wrong Item Received,3332.8,Approved
RET005418,ORD031400,CUST04496,2026-08-03,Changed Mind,1257.78,Approved
RET005419,ORD031401,CUST04496,2026-07-10,Quality Not Satisfactory,3776.14,Approved
RET005420,ORD031402,CUST04496,2026-07-04,Changed Mind,184.12,Approved
RET005421,ORD031403,CUST04496,2026-07-22,Better Price Found,725.52,Approved
RET005422,ORD031407,CUST04496,2026-06-29,Not As Described,23450.82,Approved
RET005423,ORD031408,CUST04496,2026-08-24,Changed Mind,620.67,Pending
RET005424,ORD031409,CUST04496,2026-07-02,Defective Product,1083.02,Pending
RET005425,ORD031422,CUST04499,2026-04-24,Wrong Item Received,28269.54,Approved
RET005426,ORD031435,CUST04501,2026-03-10,Quality Not Satisfactory,7543.03,Approved
RET005427,ORD031437,CUST04501,2026-06-19,Damaged in Transit,1005.86,Approved
RET005428,ORD031443,CUST04502,2026-08-23,Damaged in Transit,483.17,Approved
RET005429,ORD031451,CUST04504,2026-03-08,Defective Product,3964.76,Approved
RET005430,ORD031457,CUST04505,2026-07-06,Size/Fit Issue,2255.25,Approved
RET005431,ORD031466,CUST04508,2026-03-03,Damaged in Transit,5240.75,Approved
RET005432,ORD031471,CUST04508,2026-01-28,Defective Product,1446.88,Approved
RET005433,ORD031488,CUST04512,2026-07-06,Size/Fit Issue,2050.58,Approved
RET005434,ORD031489,CUST04512,2026-07-05,Better Price Found,16910.47,Approved
RET005435,ORD031503,CUST04512,2026-06-04,Changed Mind,22942.11,Approved
RET005436,ORD031504,CUST04512,2026-06-08,Changed Mind,399.42,Approved
RET005437,ORD031505,CUST04513,2026-01-06,Defective Product,1500.62,Rejected
RET005438,ORD031516,CUST04515,2026-01-31,Defective Product,1482.47,Approved
RET005439,ORD031517,CUST04515,2026-01-16,Defective Product,1721.95,Approved
RET005440,ORD031520,CUST04515,2026-05-24,Size/Fit Issue,12450.1,Approved
RET005441,ORD031526,CUST04516,2026-06-27,Quality Not Satisfactory,1761.1,Approved
RET005442,ORD031544,CUST04520,2026-08-18,Size/Fit Issue,2425.93,Approved
RET005443,ORD031546,CUST04520,2026-03-29,Damaged in Transit,19155.72,Approved
RET005444,ORD031559,CUST04522,2026-05-22,Changed Mind,4504.97,Approved
RET005445,ORD031564,CUST04523,2026-06-20,Not As Described,653.42,Rejected
RET005446,ORD031566,CUST04524,2026-07-25,Defective Product,872.94,Rejected
RET005447,ORD031567,CUST04524,2026-07-25,Changed Mind,4523.78,Rejected
RET005448,ORD031569,CUST04524,2026-07-27,Defective Product,3359.93,Approved
RET005449,ORD031570,CUST04524,2026-07-30,Not As Described,2014.19,Approved
RET005450,ORD031574,CUST04524,2026-07-25,Not As Described,10526.0,Rejected
RET005451,ORD031576,CUST04524,2026-07-25,Size/Fit Issue,615.55,Pending
RET005452,ORD031578,CUST04524,2026-07-10,Not As Described,1485.84,Pending
RET005453,ORD031580,CUST04524,2026-04-22,Not As Described,516.42,Pending
RET005454,ORD031581,CUST04524,2026-08-23,Defective Product,1734.39,Approved
RET005455,ORD031583,CUST04524,2026-07-12,Not As Described,3933.7,Approved
RET005456,ORD031586,CUST04524,2026-08-20,Changed Mind,11256.95,Pending
RET005457,ORD031589,CUST04525,2026-09-16,Defective Product,291.49,Approved
RET005458,ORD031598,CUST04526,2026-06-03,Size/Fit Issue,1716.12,Approved
RET005459,ORD031600,CUST04526,2026-06-13,Size/Fit Issue,1691.64,Approved
RET005460,ORD031611,CUST04529,2026-05-02,Size/Fit Issue,1558.53,Approved
RET005461,ORD031628,CUST04532,2026-08-29,Size/Fit Issue,52929.25,Rejected
RET005462,ORD031631,CUST04532,2026-07-28,Better Price Found,4873.06,Approved
RET005463,ORD031634,CUST04532,2026-08-29,Not As Described,1606.04,Pending
RET005464,ORD031636,CUST04532,2026-08-20,Not As Described,1061.69,Approved
RET005465,ORD031640,CUST04532,2026-09-07,Better Price Found,397.37,Approved
RET005466,ORD031647,CUST04533,2026-01-20,Damaged in Transit,827.58,Pending
RET005467,ORD031648,CUST04533,2026-01-23,Quality Not Satisfactory,838.9,Rejected
RET005468,ORD031651,CUST04534,2026-03-02,Damaged in Transit,2120.27,Approved
RET005469,ORD031652,CUST04534,2026-08-30,Quality Not Satisfactory,2250.24,Approved
RET005470,ORD031657,CUST04535,2026-07-17,Damaged in Transit,2472.5,Approved
RET005471,ORD031663,CUST04536,2026-08-05,Damaged in Transit,2671.93,Pending
RET005472,ORD031664,CUST04536,2026-08-19,Not As Described,761.05,Approved
RET005473,ORD031665,CUST04536,2026-08-13,Wrong Item Received,12673.01,Approved
RET005474,ORD031667,CUST04536,2026-08-02,Damaged in Transit,2082.05,Rejected
RET005475,ORD031668,CUST04536,2026-09-08,Size/Fit Issue,33274.64,Approved
RET005476,ORD031672,CUST04536,2026-07-16,Wrong Item Received,4244.69,Approved
RET005477,ORD031674,CUST04536,2026-08-08,Size/Fit Issue,10097.54,Approved
RET005478,ORD031680,CUST04538,2026-05-13,Quality Not Satisfactory,1611.02,Approved
RET005479,ORD031682,CUST04538,2026-05-16,Defective Product,1868.94,Approved
RET005480,ORD031685,CUST04538,2026-05-23,Changed Mind,1860.92,Approved
RET005481,ORD031690,CUST04538,2026-04-14,Changed Mind,32861.45,Approved
RET005482,ORD031691,CUST04538,2026-02-02,Changed Mind,1375.26,Approved
RET005483,ORD031692,CUST04538,2026-04-06,Changed Mind,1301.46,Rejected
RET005484,ORD031694,CUST04538,2026-04-28,Changed Mind,2243.55,Approved
RET005485,ORD031704,CUST04540,2026-08-20,Size/Fit Issue,2517.15,Approved
RET005486,ORD031705,CUST04540,2026-08-22,Size/Fit Issue,1687.66,Approved
RET005487,ORD031714,CUST04541,2026-05-31,Damaged in Transit,2244.3,Approved
RET005488,ORD031735,CUST04546,2026-05-27,Not As Described,1922.31,Approved
RET005489,ORD031736,CUST04546,2026-07-02,Wrong Item Received,14547.39,Approved
RET005490,ORD031737,CUST04546,2026-06-13,Not As Described,4596.55,Approved
RET005491,ORD031738,CUST04546,2026-08-20,Changed Mind,28980.0,Pending
RET005492,ORD031741,CUST04546,2026-07-12,Not As Described,3138.18,Pending
RET005493,ORD031742,CUST04546,2026-08-18,Damaged in Transit,1754.88,Pending
RET005494,ORD031744,CUST04546,2026-06-10,Quality Not Satisfactory,6331.38,Rejected
RET005495,ORD031748,CUST04547,2026-08-23,Changed Mind,2189.36,Approved
RET005496,ORD031749,CUST04547,2026-08-27,Changed Mind,9415.83,Approved
RET005497,ORD031751,CUST04547,2026-08-26,Defective Product,996.28,Pending
RET005498,ORD031753,CUST04547,2026-08-17,Damaged in Transit,1639.54,Approved
RET005499,ORD031754,CUST04547,2026-08-16,Changed Mind,12139.87,Pending
RET005500,ORD031755,CUST04547,2026-09-06,Quality Not Satisfactory,3747.46,Pending
RET005501,ORD031760,CUST04547,2026-09-09,Not As Described,17027.8,Approved
RET005502,ORD031761,CUST04547,2026-09-06,Changed Mind,5031.76,Approved
RET005503,ORD031762,CUST04547,2026-08-24,Wrong Item Received,1861.23,Approved
RET005504,ORD031772,CUST04550,2026-03-03,Not As Described,5406.79,Rejected
RET005505,ORD031773,CUST04550,2026-03-20,Changed Mind,1075.99,Approved
RET005506,ORD031779,CUST04550,2026-01-19,Changed Mind,1119.09,Approved
RET005507,ORD031781,CUST04551,2026-03-17,Quality Not Satisfactory,1671.82,Approved
RET005508,ORD031786,CUST04551,2026-02-07,Damaged in Transit,2063.67,Approved
RET005509,ORD031789,CUST04552,2026-01-31,Changed Mind,1556.33,Pending
RET005510,ORD031791,CUST04552,2026-08-25,Damaged in Transit,3378.57,Approved
RET005511,ORD031798,CUST04554,2026-07-28,Damaged in Transit,5456.39,Approved
RET005512,ORD031809,CUST04556,2026-04-26,Quality Not Satisfactory,960.55,Approved
RET005513,ORD031814,CUST04557,2026-01-24,Damaged in Transit,14209.85,Rejected
RET005514,ORD031826,CUST04559,2026-07-20,Not As Described,2186.21,Approved
RET005515,ORD031828,CUST04560,2026-04-04,Damaged in Transit,3205.62,Approved
RET005516,ORD031845,CUST04563,2026-01-14,Not As Described,3467.23,Approved
RET005517,ORD031849,CUST04564,2026-06-11,Size/Fit Issue,1701.65,Pending
RET005518,ORD031854,CUST04565,2026-08-14,Defective Product,2228.53,Approved
RET005519,ORD031862,CUST04565,2026-08-28,Damaged in Transit,24385.9,Approved
RET005520,ORD031863,CUST04565,2026-08-04,Damaged in Transit,27198.27,Approved
RET005521,ORD031872,CUST04566,2026-02-03,Size/Fit Issue,1512.92,Approved
RET005522,ORD031889,CUST04569,2026-03-11,Defective Product,3681.18,Approved
RET005523,ORD031897,CUST04571,2026-06-07,Size/Fit Issue,4065.87,Approved
RET005524,ORD031903,CUST04571,2026-03-16,Defective Product,2932.22,Approved
RET005525,ORD031911,CUST04572,2026-06-18,Changed Mind,28644.87,Rejected
RET005526,ORD031912,CUST04572,2026-08-28,Changed Mind,5044.32,Rejected
RET005527,ORD031913,CUST04572,2026-06-28,Changed Mind,11676.73,Approved
RET005528,ORD031914,CUST04572,2026-08-04,Changed Mind,3876.81,Approved
RET005529,ORD031942,CUST04576,2026-09-05,Quality Not Satisfactory,1020.82,Approved
RET005530,ORD031957,CUST04578,2026-09-07,Defective Product,864.65,Approved
RET005531,ORD031959,CUST04578,2026-08-06,Not As Described,3184.49,Approved
RET005532,ORD031969,CUST04580,2026-07-26,Changed Mind,948.24,Approved
RET005533,ORD031970,CUST04580,2026-07-11,Size/Fit Issue,4671.42,Approved
RET005534,ORD031976,CUST04580,2026-07-15,Changed Mind,1742.45,Approved
RET005535,ORD031977,CUST04580,2026-07-14,Changed Mind,1433.36,Approved
RET005536,ORD031990,CUST04582,2026-08-15,Not As Described,7120.25,Approved
RET005537,ORD031992,CUST04582,2026-09-02,Changed Mind,2000.65,Approved
RET005538,ORD031993,CUST04582,2026-09-07,Not As Described,1309.02,Approved
RET005539,ORD032000,CUST04582,2026-07-12,Quality Not Satisfactory,601.56,Approved
RET005540,ORD032002,CUST04582,2026-08-26,Damaged in Transit,2631.19,Approved
RET005541,ORD032005,CUST04583,2026-04-14,Quality Not Satisfactory,1944.71,Approved
RET005542,ORD032013,CUST04584,2026-08-23,Changed Mind,11297.5,Approved
RET005543,ORD032014,CUST04584,2026-08-23,Not As Described,1000.1,Rejected
RET005544,ORD032016,CUST04584,2026-08-15,Changed Mind,22215.18,Approved
RET005545,ORD032027,CUST04587,2026-04-29,Changed Mind,3263.39,Approved
RET005546,ORD032030,CUST04587,2026-05-12,Defective Product,1529.6,Approved
RET005547,ORD032032,CUST04587,2026-04-30,Wrong Item Received,13380.53,Pending
RET005548,ORD032038,CUST04587,2026-03-13,Better Price Found,11184.28,Pending
RET005549,ORD032051,CUST04590,2026-08-31,Size/Fit Issue,1537.48,Pending
RET005550,ORD032058,CUST04591,2026-06-16,Not As Described,8099.36,Approved
RET005551,ORD032059,CUST04591,2026-06-03,Not As Described,1875.0,Pending
RET005552,ORD032063,CUST04591,2026-06-09,Not As Described,27201.03,Approved
RET005553,ORD032070,CUST04591,2026-06-25,Quality Not Satisfactory,8668.18,Rejected
RET005554,ORD032074,CUST04591,2026-06-28,Quality Not Satisfactory,5091.16,Rejected
RET005555,ORD032080,CUST04592,2026-07-01,Damaged in Transit,1358.16,Approved
RET005556,ORD032102,CUST04596,2026-08-22,Changed Mind,630.37,Pending
RET005557,ORD032103,CUST04596,2026-07-22,Damaged in Transit,518.24,Rejected
RET005558,ORD032104,CUST04596,2026-08-01,Quality Not Satisfactory,16640.55,Pending
RET005559,ORD032105,CUST04596,2026-08-06,Quality Not Satisfactory,13395.86,Approved
RET005560,ORD032107,CUST04596,2026-08-16,Wrong Item Received,815.97,Approved
RET005561,ORD032110,CUST04596,2026-07-25,Quality Not Satisfactory,25708.38,Pending
RET005562,ORD032118,CUST04598,2026-04-12,Damaged in Transit,446.14,Approved
RET005563,ORD032127,CUST04599,2026-01-19,Changed Mind,683.41,Approved
RET005564,ORD032154,CUST04604,2026-07-08,Damaged in Transit,2911.69,Approved
RET005565,ORD032155,CUST04604,2026-08-12,Size/Fit Issue,587.94,Approved
RET005566,ORD032158,CUST04605,2026-02-02,Changed Mind,7135.29,Rejected
RET005567,ORD032170,CUST04607,2026-06-23,Wrong Item Received,7700.82,Approved
RET005568,ORD032171,CUST04607,2026-07-12,Better Price Found,552.71,Approved
RET005569,ORD032172,CUST04607,2026-08-16,Better Price Found,638.6,Approved
RET005570,ORD032174,CUST04607,2026-07-10,Not As Described,8000.0,Pending
RET005571,ORD032175,CUST04607,2026-08-01,Better Price Found,789.72,Rejected
RET005572,ORD032176,CUST04607,2026-08-20,Not As Described,1358.24,Approved
RET005573,ORD032178,CUST04607,2026-07-29,Changed Mind,14950.68,Approved
RET005574,ORD032180,CUST04607,2026-07-11,Better Price Found,1336.35,Approved
RET005575,ORD032181,CUST04607,2026-07-20,Changed Mind,512.65,Approved
RET005576,ORD032183,CUST04607,2026-08-08,Better Price Found,5323.89,Approved
RET005577,ORD032184,CUST04607,2026-07-18,Damaged in Transit,2195.07,Rejected
RET005578,ORD032187,CUST04607,2026-07-01,Defective Product,284.62,Rejected
RET005579,ORD032197,CUST04609,2026-05-09,Size/Fit Issue,16812.74,Pending
RET005580,ORD032198,CUST04609,2026-07-24,Better Price Found,4000.0,Approved
RET005581,ORD032199,CUST04609,2026-08-30,Not As Described,2992.97,Approved
RET005582,ORD032202,CUST04609,2026-05-03,Changed Mind,1070.12,Approved
RET005583,ORD032217,CUST04610,2026-08-08,Defective Product,547.39,Pending
RET005584,ORD032232,CUST04615,2026-09-02,Defective Product,3651.76,Approved
RET005585,ORD032238,CUST04616,2026-05-01,Quality Not Satisfactory,3400.16,Rejected
RET005586,ORD032249,CUST04619,2026-05-19,Defective Product,2800.69,Pending
RET005587,ORD032259,CUST04620,2026-05-14,Not As Described,1076.6,Rejected
RET005588,ORD032260,CUST04620,2026-04-22,Better Price Found,572.18,Approved
RET005589,ORD032263,CUST04620,2026-07-29,Not As Described,1160.07,Pending
RET005590,ORD032264,CUST04620,2026-07-20,Not As Described,3259.31,Rejected
RET005591,ORD032268,CUST04620,2026-04-30,Changed Mind,1737.99,Approved
RET005592,ORD032272,CUST04620,2026-04-02,Wrong Item Received,2085.39,Rejected
RET005593,ORD032299,CUST04625,2026-08-17,Not As Described,1121.59,Approved
RET005594,ORD032300,CUST04625,2026-07-12,Quality Not Satisfactory,1024.92,Approved
RET005595,ORD032301,CUST04625,2026-07-03,Changed Mind,1129.31,Approved
RET005596,ORD032302,CUST04625,2026-05-27,Quality Not Satisfactory,27293.48,Approved
RET005597,ORD032304,CUST04625,2026-05-17,Wrong Item Received,12667.2,Approved
RET005598,ORD032305,CUST04625,2026-05-21,Quality Not Satisfactory,2217.06,Approved
RET005599,ORD032311,CUST04625,2026-07-24,Size/Fit Issue,21631.07,Pending
RET005600,ORD032328,CUST04629,2026-07-05,Wrong Item Received,23788.55,Approved
RET005601,ORD032341,CUST04630,2026-03-22,Not As Described,25780.78,Rejected
RET005602,ORD032342,CUST04630,2026-07-19,Defective Product,1784.0,Approved
RET005603,ORD032345,CUST04630,2026-05-19,Not As Described,1272.53,Approved
RET005604,ORD032352,CUST04631,2026-03-03,Changed Mind,531.38,Approved
RET005605,ORD032355,CUST04632,2026-05-23,Quality Not Satisfactory,17970.52,Rejected
RET005606,ORD032357,CUST04632,2026-04-18,Wrong Item Received,17889.73,Rejected
RET005607,ORD032361,CUST04632,2026-06-18,Not As Described,1805.17,Approved
RET005608,ORD032362,CUST04632,2026-07-16,Not As Described,2113.08,Pending
RET005609,ORD032364,CUST04632,2026-07-06,Not As Described,5447.46,Rejected
RET005610,ORD032366,CUST04632,2026-08-15,Size/Fit Issue,517.33,Approved
RET005611,ORD032367,CUST04632,2026-08-01,Changed Mind,16235.79,Approved
RET005612,ORD032369,CUST04632,2026-05-23,Not As Described,2068.06,Pending
RET005613,ORD032372,CUST04632,2026-06-05,Not As Described,18060.03,Approved
RET005614,ORD032374,CUST04632,2026-06-21,Not As Described,1691.26,Pending
RET005615,ORD032375,CUST04632,2026-04-19,Not As Described,15254.11,Approved
RET005616,ORD032432,CUST04644,2026-08-30,Wrong Item Received,1020.97,Approved
RET005617,ORD032442,CUST04645,2026-02-09,Not As Described,860.96,Pending
RET005618,ORD032459,CUST04649,2026-04-28,Wrong Item Received,714.94,Approved
RET005619,ORD032464,CUST04649,2026-08-07,Defective Product,7619.19,Approved
RET005620,ORD032466,CUST04649,2026-08-28,Size/Fit Issue,1923.07,Approved
RET005621,ORD032469,CUST04650,2026-08-15,Damaged in Transit,672.49,Approved
RET005622,ORD032471,CUST04650,2026-08-12,Size/Fit Issue,2004.6,Approved
RET005623,ORD032478,CUST04652,2026-05-13,Size/Fit Issue,7985.65,Approved
RET005624,ORD032480,CUST04652,2026-07-25,Not As Described,1261.79,Approved
RET005625,ORD032482,CUST04652,2026-05-31,Changed Mind,1272.96,Rejected
RET005626,ORD032485,CUST04652,2026-04-26,Changed Mind,13663.96,Approved
RET005627,ORD032486,CUST04652,2026-07-02,Changed Mind,11124.57,Rejected
RET005628,ORD032489,CUST04652,2026-06-14,Changed Mind,2767.63,Pending
RET005629,ORD032490,CUST04652,2026-06-06,Size/Fit Issue,3379.94,Approved
RET005630,ORD032492,CUST04652,2026-08-12,Not As Described,814.22,Pending
RET005631,ORD032493,CUST04652,2026-04-24,Defective Product,1890.54,Pending
RET005632,ORD032494,CUST04652,2026-06-02,Not As Described,2121.47,Approved
RET005633,ORD032497,CUST04653,2026-07-17,Changed Mind,18830.36,Pending
RET005634,ORD032498,CUST04653,2026-08-30,Quality Not Satisfactory,37203.73,Approved
RET005635,ORD032499,CUST04653,2026-07-22,Size/Fit Issue,18999.85,Rejected
RET005636,ORD032500,CUST04653,2026-07-29,Wrong Item Received,25871.79,Approved
RET005637,ORD032502,CUST04653,2026-09-04,Changed Mind,20328.71,Pending
RET005638,ORD032507,CUST04654,2026-08-11,Size/Fit Issue,1941.21,Approved
RET005639,ORD032512,CUST04654,2026-08-06,Changed Mind,3039.29,Approved
RET005640,ORD032514,CUST04655,2026-07-15,Damaged in Transit,490.65,Approved
RET005641,ORD032524,CUST04657,2026-06-12,Defective Product,17137.41,Approved
RET005642,ORD032542,CUST04662,2026-09-08,Quality Not Satisfactory,1129.6,Approved
RET005643,ORD032554,CUST04665,2026-02-02,Wrong Item Received,608.16,Approved
RET005644,ORD032579,CUST04669,2026-05-27,Quality Not Satisfactory,3277.64,Approved
RET005645,ORD032580,CUST04669,2026-08-12,Better Price Found,1735.4,Approved
RET005646,ORD032605,CUST04673,2026-08-20,Defective Product,38649.96,Approved
RET005647,ORD032621,CUST04676,2026-08-03,Changed Mind,2669.32,Approved
RET005648,ORD032623,CUST04676,2026-07-21,Quality Not Satisfactory,784.0,Approved
RET005649,ORD032624,CUST04676,2026-08-29,Size/Fit Issue,658.73,Approved
RET005650,ORD032625,CUST04676,2026-08-15,Not As Described,11063.04,Pending
RET005651,ORD032627,CUST04676,2026-07-23,Better Price Found,37137.67,Approved
RET005652,ORD032628,CUST04676,2026-08-31,Changed Mind,595.44,Approved
RET005653,ORD032629,CUST04676,2026-07-25,Changed Mind,2877.4,Approved
RET005654,ORD032630,CUST04676,2026-07-12,Not As Described,3012.09,Pending
RET005655,ORD032634,CUST04676,2026-08-31,Not As Described,4228.23,Approved
RET005656,ORD032638,CUST04676,2026-08-20,Not As Described,1342.97,Approved
RET005657,ORD032639,CUST04676,2026-07-23,Quality Not Satisfactory,5280.39,Pending
RET005658,ORD032658,CUST04679,2026-06-25,Changed Mind,1484.88,Pending
RET005659,ORD032659,CUST04679,2026-02-26,Changed Mind,1943.33,Rejected
RET005660,ORD032666,CUST04680,2026-07-01,Better Price Found,10694.07,Rejected
RET005661,ORD032670,CUST04680,2026-06-03,Wrong Item Received,559.13,Approved
RET005662,ORD032672,CUST04680,2026-06-06,Not As Described,1252.96,Approved
RET005663,ORD032673,CUST04680,2026-08-05,Not As Described,1101.21,Approved
RET005664,ORD032676,CUST04680,2026-06-29,Defective Product,1623.99,Approved
RET005665,ORD032678,CUST04680,2026-08-28,Defective Product,1551.09,Approved
RET005666,ORD032679,CUST04680,2026-09-01,Changed Mind,634.86,Approved
RET005667,ORD032680,CUST04681,2026-04-05,Defective Product,19798.2,Approved
RET005668,ORD032685,CUST04681,2026-06-27,Size/Fit Issue,1384.74,Approved
RET005669,ORD032696,CUST04683,2026-06-04,Better Price Found,696.75,Approved
RET005670,ORD032710,CUST04685,2026-02-27,Size/Fit Issue,464.59,Rejected
RET005671,ORD032716,CUST04686,2026-05-21,Defective Product,15902.65,Approved
RET005672,ORD032724,CUST04687,2026-07-06,Defective Product,1132.29,Pending
RET005673,ORD032725,CUST04687,2026-07-23,Better Price Found,1859.54,Approved
RET005674,ORD032727,CUST04687,2026-07-08,Not As Described,3022.51,Approved
RET005675,ORD032728,CUST04687,2026-06-17,Not As Described,1639.67,Rejected
RET005676,ORD032732,CUST04687,2026-06-22,Not As Described,1607.65,Approved
RET005677,ORD032734,CUST04687,2026-08-28,Not As Described,9868.23,Pending
RET005678,ORD032735,CUST04687,2026-04-17,Defective Product,17162.0,Approved
RET005679,ORD032754,CUST04690,2026-01-13,Not As Described,4575.16,Approved
RET005680,ORD032758,CUST04690,2026-08-21,Better Price Found,31897.43,Rejected
RET005681,ORD032780,CUST04695,2026-05-20,Damaged in Transit,1977.29,Pending
RET005682,ORD032785,CUST04697,2026-07-14,Damaged in Transit,2904.01,Approved
RET005683,ORD032818,CUST04704,2026-06-17,Changed Mind,232.24,Approved
RET005684,ORD032829,CUST04707,2026-07-12,Defective Product,3895.36,Approved
RET005685,ORD032832,CUST04707,2026-07-03,Damaged in Transit,3715.13,Approved
RET005686,ORD032837,CUST04708,2026-06-15,Size/Fit Issue,1412.12,Pending
RET005687,ORD032848,CUST04710,2026-06-05,Defective Product,3289.21,Approved
RET005688,ORD032856,CUST04711,2026-06-23,Wrong Item Received,1203.22,Rejected
RET005689,ORD032882,CUST04716,2026-08-19,Defective Product,1459.48,Approved
RET005690,ORD032888,CUST04716,2026-08-14,Not As Described,2637.35,Pending
RET005691,ORD032899,CUST04719,2026-04-22,Size/Fit Issue,921.71,Approved
RET005692,ORD032900,CUST04719,2026-06-03,Changed Mind,1538.75,Approved
RET005693,ORD032903,CUST04719,2026-08-24,Defective Product,3399.99,Approved
RET005694,ORD032906,CUST04719,2026-06-27,Not As Described,2291.04,Approved
RET005695,ORD032931,CUST04724,2026-01-27,Damaged in Transit,2833.8,Approved
RET005696,ORD032937,CUST04725,2026-06-15,Defective Product,1999.24,Approved
RET005697,ORD032956,CUST04729,2026-07-15,Changed Mind,1651.89,Approved
RET005698,ORD032959,CUST04729,2026-08-13,Defective Product,1786.53,Approved
RET005699,ORD032960,CUST04729,2026-08-28,Changed Mind,942.14,Approved
RET005700,ORD032962,CUST04729,2026-06-14,Not As Described,15488.03,Approved
RET005701,ORD032963,CUST04729,2026-06-26,Changed Mind,6713.63,Pending
RET005702,ORD032968,CUST04729,2026-06-18,Quality Not Satisfactory,2701.22,Pending
RET005703,ORD032971,CUST04730,2026-08-16,Size/Fit Issue,1886.19,Approved
RET005704,ORD032974,CUST04730,2026-03-30,Not As Described,1907.66,Approved
RET005705,ORD032979,CUST04732,2026-07-04,Defective Product,1415.5,Approved
RET005706,ORD032991,CUST04734,2026-08-23,Quality Not Satisfactory,466.97,Approved
RET005707,ORD032992,CUST04734,2026-03-16,Changed Mind,1285.97,Approved
RET005708,ORD033010,CUST04737,2026-03-17,Quality Not Satisfactory,3737.11,Approved
RET005709,ORD033023,CUST04740,2026-04-15,Wrong Item Received,3347.76,Approved
RET005710,ORD033034,CUST04742,2026-08-29,Changed Mind,2101.24,Pending
RET005711,ORD033036,CUST04742,2026-04-20,Better Price Found,1857.62,Approved
RET005712,ORD033040,CUST04742,2026-05-19,Damaged in Transit,20488.3,Approved
RET005713,ORD033042,CUST04742,2026-04-23,Not As Described,4288.57,Approved
RET005714,ORD033045,CUST04742,2026-08-27,Size/Fit Issue,20894.78,Approved
RET005715,ORD033047,CUST04742,2026-06-30,Damaged in Transit,1531.54,Pending
RET005716,ORD033049,CUST04742,2026-06-01,Better Price Found,23451.03,Pending
RET005717,ORD033050,CUST04742,2026-05-11,Damaged in Transit,17617.37,Rejected
RET005718,ORD033051,CUST04742,2026-07-10,Damaged in Transit,1665.39,Approved
RET005719,ORD033054,CUST04742,2026-08-19,Changed Mind,2190.05,Approved
RET005720,ORD033056,CUST04742,2026-08-03,Changed Mind,15371.37,Pending
RET005721,ORD033057,CUST04742,2026-07-02,Not As Described,1506.38,Pending
RET005722,ORD033058,CUST04742,2026-04-22,Size/Fit Issue,2380.15,Rejected
RET005723,ORD033064,CUST04744,2026-04-29,Not As Described,1197.49,Approved
RET005724,ORD033079,CUST04747,2026-08-20,Defective Product,3734.04,Rejected
RET005725,ORD033080,CUST04748,2026-06-30,Not As Described,1134.99,Approved
RET005726,ORD033084,CUST04748,2026-02-24,Defective Product,11112.39,Approved
RET005727,ORD033085,CUST04748,2026-08-12,Changed Mind,2814.39,Approved
RET005728,ORD033097,CUST04749,2026-04-19,Defective Product,1494.0,Approved
RET005729,ORD033102,CUST04750,2026-02-09,Size/Fit Issue,551.18,Approved
RET005730,ORD033107,CUST04751,2026-06-07,Not As Described,2927.64,Approved
RET005731,ORD033110,CUST04751,2026-07-28,Changed Mind,17492.82,Approved
RET005732,ORD033111,CUST04751,2026-06-30,Changed Mind,1932.02,Pending
RET005733,ORD033116,CUST04752,2026-09-13,Wrong Item Received,2349.7,Approved
RET005734,ORD033121,CUST04753,2026-07-30,Damaged in Transit,10420.84,Approved
RET005735,ORD033135,CUST04755,2026-08-30,Better Price Found,2163.27,Approved
RET005736,ORD033137,CUST04755,2026-08-20,Quality Not Satisfactory,2706.15,Approved
RET005737,ORD033139,CUST04755,2026-08-28,Not As Described,2980.53,Approved
RET005738,ORD033141,CUST04755,2026-09-02,Changed Mind,4456.98,Approved
RET005739,ORD033164,CUST04760,2026-04-27,Quality Not Satisfactory,4623.7,Approved
RET005740,ORD033171,CUST04761,2026-08-17,Damaged in Transit,10134.1,Approved
RET005741,ORD033172,CUST04761,2026-08-26,Quality Not Satisfactory,2053.97,Pending
RET005742,ORD033175,CUST04761,2026-08-25,Changed Mind,2665.03,Approved
RET005743,ORD033179,CUST04761,2026-08-24,Better Price Found,13512.46,Approved
RET005744,ORD033182,CUST04761,2026-08-22,Better Price Found,14956.7,Pending
RET005745,ORD033183,CUST04761,2026-08-27,Quality Not Satisfactory,1306.38,Rejected
RET005746,ORD033203,CUST04766,2026-06-26,Wrong Item Received,1397.19,Approved
RET005747,ORD033208,CUST04767,2026-08-18,Defective Product,3092.72,Approved
RET005748,ORD033211,CUST04768,2026-08-24,Changed Mind,3823.36,Approved
RET005749,ORD033214,CUST04768,2026-07-08,Not As Described,2094.42,Approved
RET005750,ORD033217,CUST04768,2026-06-27,Damaged in Transit,935.08,Pending
RET005751,ORD033220,CUST04768,2026-06-24,Changed Mind,525.97,Rejected
RET005752,ORD033221,CUST04768,2026-07-24,Damaged in Transit,11789.05,Rejected
RET005753,ORD033222,CUST04768,2026-08-23,Changed Mind,984.73,Pending
RET005754,ORD033223,CUST04768,2026-06-29,Changed Mind,1570.08,Rejected
RET005755,ORD033225,CUST04768,2026-06-01,Quality Not Satisfactory,996.45,Pending
RET005756,ORD033228,CUST04769,2026-08-12,Not As Described,976.03,Approved
RET005757,ORD033229,CUST04769,2026-09-10,Not As Described,2133.48,Approved
RET005758,ORD033230,CUST04769,2026-09-03,Not As Described,772.49,Pending
RET005759,ORD033233,CUST04769,2026-08-26,Changed Mind,8000.0,Approved
RET005760,ORD033242,CUST04771,2026-02-15,Size/Fit Issue,2721.03,Approved
RET005761,ORD033253,CUST04772,2026-08-19,Not As Described,1818.37,Approved
RET005762,ORD033254,CUST04772,2026-08-08,Wrong Item Received,1120.07,Rejected
RET005763,ORD033266,CUST04774,2026-07-13,Not As Described,2120.66,Approved
RET005764,ORD033267,CUST04774,2026-07-01,Damaged in Transit,15303.23,Rejected
RET005765,ORD033272,CUST04774,2026-07-03,Defective Product,1432.86,Pending
RET005766,ORD033273,CUST04774,2026-06-27,Better Price Found,940.85,Approved
RET005767,ORD033276,CUST04774,2026-07-04,Quality Not Satisfactory,8271.67,Approved
RET005768,ORD033277,CUST04774,2026-08-11,Quality Not Satisfactory,13805.24,Approved
RET005769,ORD033292,CUST04776,2026-04-28,Defective Product,3899.66,Approved
RET005770,ORD033297,CUST04777,2026-06-24,Better Price Found,2225.92,Approved
RET005771,ORD033299,CUST04777,2026-06-30,Not As Described,1171.37,Pending
RET005772,ORD033304,CUST04777,2026-05-22,Changed Mind,2037.39,Pending
RET005773,ORD033307,CUST04777,2026-08-05,Quality Not Satisfactory,2141.13,Rejected
RET005774,ORD033341,CUST04783,2026-09-01,Not As Described,1320.49,Pending
RET005775,ORD033342,CUST04783,2026-09-01,Defective Product,1312.87,Rejected
RET005776,ORD033344,CUST04783,2026-09-05,Changed Mind,18633.33,Pending
RET005777,ORD033345,CUST04783,2026-08-17,Changed Mind,1295.21,Pending
RET005778,ORD033350,CUST04783,2026-08-27,Changed Mind,817.51,Pending
RET005779,ORD033353,CUST04784,2026-07-06,Changed Mind,2367.51,Pending
RET005780,ORD033357,CUST04785,2026-08-25,Size/Fit Issue,1647.19,Pending
RET005781,ORD033365,CUST04785,2026-08-27,Changed Mind,1185.76,Rejected
RET005782,ORD033367,CUST04785,2026-08-18,Size/Fit Issue,16450.06,Approved
RET005783,ORD033369,CUST04785,2026-08-26,Changed Mind,969.45,Approved
RET005784,ORD033370,CUST04785,2026-09-10,Size/Fit Issue,1138.01,Pending
RET005785,ORD033371,CUST04785,2026-08-23,Defective Product,1291.86,Approved
RET005786,ORD033378,CUST04785,2026-08-19,Size/Fit Issue,779.37,Pending
RET005787,ORD033385,CUST04786,2026-05-12,Size/Fit Issue,23976.8,Rejected
RET005788,ORD033393,CUST04787,2026-09-11,Better Price Found,1724.03,Approved
RET005789,ORD033411,CUST04791,2026-04-26,Not As Described,1103.12,Approved
RET005790,ORD033425,CUST04793,2026-06-13,Not As Described,2479.22,Rejected
RET005791,ORD033426,CUST04793,2026-06-01,Wrong Item Received,484.52,Approved
RET005792,ORD033432,CUST04793,2026-08-22,Changed Mind,334.09,Pending
RET005793,ORD033433,CUST04793,2026-04-18,Quality Not Satisfactory,1259.67,Approved
RET005794,ORD033435,CUST04793,2026-05-25,Not As Described,1810.33,Rejected
RET005795,ORD033446,CUST04796,2026-06-01,Not As Described,3784.9,Approved
RET005796,ORD033447,CUST04796,2026-08-20,Defective Product,3660.88,Approved
RET005797,ORD033448,CUST04796,2026-02-08,Size/Fit Issue,2042.86,Pending
RET005798,ORD033451,CUST04796,2026-03-06,Size/Fit Issue,506.8,Approved
RET005799,ORD033453,CUST04796,2026-04-25,Defective Product,564.01,Approved
RET005800,ORD033454,CUST04796,2026-08-23,Size/Fit Issue,629.51,Approved
RET005801,ORD033463,CUST04798,2026-04-11,Changed Mind,1732.49,Approved
RET005802,ORD033472,CUST04800,2026-09-03,Quality Not Satisfactory,964.07,Approved
RET005803,ORD033488,CUST04803,2026-03-20,Changed Mind,6178.73,Approved
RET005804,ORD033508,CUST04806,2026-04-29,Damaged in Transit,2921.81,Approved
RET005805,ORD033517,CUST04808,2026-08-16,Damaged in Transit,1906.11,Pending
RET005806,ORD033533,CUST04813,2026-08-16,Changed Mind,27860.78,Pending
RET005807,ORD033534,CUST04813,2026-08-24,Quality Not Satisfactory,799.92,Approved
RET005808,ORD033536,CUST04813,2026-08-14,Defective Product,1500.0,Approved
RET005809,ORD033540,CUST04813,2026-08-23,Defective Product,2990.89,Rejected
RET005810,ORD033562,CUST04818,2026-09-06,Size/Fit Issue,2503.78,Approved
RET005811,ORD033571,CUST04819,2026-01-12,Quality Not Satisfactory,11860.66,Pending
RET005812,ORD033590,CUST04822,2026-08-04,Not As Described,11875.06,Approved
RET005813,ORD033591,CUST04822,2026-09-02,Wrong Item Received,30931.78,Approved
RET005814,ORD033593,CUST04822,2026-07-27,Wrong Item Received,3042.35,Rejected
RET005815,ORD033598,CUST04822,2026-08-10,Changed Mind,10681.46,Rejected
RET005816,ORD033600,CUST04822,2026-02-09,Size/Fit Issue,928.24,Approved
RET005817,ORD033608,CUST04824,2026-07-30,Changed Mind,1399.35,Approved
RET005818,ORD033610,CUST04824,2026-07-18,Changed Mind,15270.06,Approved
RET005819,ORD033614,CUST04824,2026-05-25,Changed Mind,649.27,Approved
RET005820,ORD033615,CUST04824,2026-06-20,Changed Mind,2552.56,Approved
RET005821,ORD033616,CUST04824,2026-04-12,Defective Product,11267.95,Rejected
RET005822,ORD033617,CUST04824,2026-05-16,Changed Mind,4682.36,Approved
RET005823,ORD033620,CUST04824,2026-03-09,Damaged in Transit,14988.3,Rejected
RET005824,ORD033624,CUST04825,2026-09-01,Wrong Item Received,4305.19,Approved
RET005825,ORD033626,CUST04825,2026-08-24,Defective Product,886.54,Approved
RET005826,ORD033630,CUST04825,2026-06-18,Damaged in Transit,2016.05,Approved
RET005827,ORD033632,CUST04826,2026-07-20,Changed Mind,1661.57,Approved
RET005828,ORD033657,CUST04831,2026-07-20,Size/Fit Issue,2763.84,Approved
RET005829,ORD033658,CUST04831,2026-07-29,Damaged in Transit,616.46,Approved
RET005830,ORD033667,CUST04834,2026-08-06,Not As Described,996.08,Approved
RET005831,ORD033669,CUST04834,2026-07-10,Defective Product,1013.96,Pending
RET005832,ORD033671,CUST04834,2026-07-30,Wrong Item Received,6779.59,Approved
RET005833,ORD033679,CUST04835,2026-03-10,Better Price Found,4967.67,Pending
RET005834,ORD033682,CUST04835,2026-05-12,Changed Mind,14117.84,Rejected
RET005835,ORD033684,CUST04835,2026-07-17,Changed Mind,15477.05,Pending
RET005836,ORD033687,CUST04835,2026-09-02,Changed Mind,8044.36,Approved
RET005837,ORD033692,CUST04835,2026-07-02,Changed Mind,19624.25,Approved
RET005838,ORD033695,CUST04836,2026-05-25,Size/Fit Issue,1936.64,Approved
RET005839,ORD033699,CUST04837,2026-07-30,Damaged in Transit,19396.84,Approved
RET005840,ORD033702,CUST04838,2026-08-17,Not As Described,4669.0,Approved
RET005841,ORD033703,CUST04838,2026-05-24,Damaged in Transit,1913.68,Pending
RET005842,ORD033725,CUST04842,2026-05-22,Quality Not Satisfactory,1090.17,Approved
RET005843,ORD033762,CUST04848,2026-08-12,Quality Not Satisfactory,1303.13,Approved
RET005844,ORD033768,CUST04849,2026-08-07,Changed Mind,1009.86,Approved
RET005845,ORD033771,CUST04849,2026-09-07,Size/Fit Issue,679.94,Approved
RET005846,ORD033807,CUST04856,2026-04-07,Changed Mind,4639.03,Approved
RET005847,ORD033810,CUST04856,2026-04-06,Changed Mind,1107.47,Pending
RET005848,ORD033812,CUST04856,2026-04-04,Not As Described,541.4,Approved
RET005849,ORD033817,CUST04856,2026-03-07,Changed Mind,783.11,Pending
RET005850,ORD033819,CUST04856,2026-02-20,Not As Described,3662.83,Pending
RET005851,ORD033820,CUST04856,2026-07-08,Defective Product,475.4,Rejected
RET005852,ORD033821,CUST04856,2026-03-21,Not As Described,2530.1,Approved
RET005853,ORD033825,CUST04856,2026-07-07,Damaged in Transit,1058.4,Approved
RET005854,ORD033827,CUST04856,2026-04-25,Not As Described,4472.71,Approved
RET005855,ORD033828,CUST04856,2026-03-18,Defective Product,11354.69,Rejected
RET005856,ORD033830,CUST04856,2026-07-15,Defective Product,3317.7,Rejected
RET005857,ORD033833,CUST04857,2026-03-13,Defective Product,1322.87,Approved
RET005858,ORD033841,CUST04857,2026-04-16,Wrong Item Received,1146.26,Approved
RET005859,ORD033842,CUST04857,2026-05-15,Size/Fit Issue,1943.78,Approved
RET005860,ORD033847,CUST04858,2026-05-28,Not As Described,8786.92,Rejected
RET005861,ORD033865,CUST04861,2026-06-28,Size/Fit Issue,829.92,Rejected
RET005862,ORD033884,CUST04863,2026-08-20,Size/Fit Issue,11682.48,Approved
RET005863,ORD033891,CUST04865,2026-07-30,Defective Product,1678.87,Approved
RET005864,ORD033918,CUST04869,2026-03-24,Size/Fit Issue,1557.69,Approved
RET005865,ORD033920,CUST04869,2026-03-13,Damaged in Transit,9495.33,Approved
RET005866,ORD033942,CUST04873,2026-07-14,Size/Fit Issue,656.61,Approved
RET005867,ORD033947,CUST04874,2026-01-18,Size/Fit Issue,6765.36,Approved
RET005868,ORD033972,CUST04878,2026-05-23,Size/Fit Issue,2828.62,Approved
RET005869,ORD033978,CUST04880,2026-07-27,Not As Described,11241.15,Approved
RET005870,ORD033980,CUST04880,2026-07-07,Not As Described,1086.93,Pending
RET005871,ORD033981,CUST04880,2026-07-17,Size/Fit Issue,1734.98,Rejected
RET005872,ORD033983,CUST04880,2026-07-26,Size/Fit Issue,1788.47,Pending
RET005873,ORD033985,CUST04880,2026-08-14,Changed Mind,1544.82,Approved
RET005874,ORD033987,CUST04880,2026-08-25,Changed Mind,30408.7,Rejected
RET005875,ORD033990,CUST04880,2026-07-04,Not As Described,1445.74,Approved
RET005876,ORD034006,CUST04884,2026-08-04,Changed Mind,24223.78,Rejected
RET005877,ORD034007,CUST04884,2026-08-26,Quality Not Satisfactory,4039.28,Rejected
RET005878,ORD034019,CUST04886,2026-03-27,Size/Fit Issue,13412.46,Approved
RET005879,ORD034021,CUST04886,2026-04-13,Defective Product,2467.06,Approved
RET005880,ORD034040,CUST04890,2026-07-22,Quality Not Satisfactory,13432.29,Pending
RET005881,ORD034041,CUST04890,2026-07-28,Not As Described,4245.28,Approved
RET005882,ORD034042,CUST04890,2026-07-15,Better Price Found,19287.89,Rejected
RET005883,ORD034043,CUST04890,2026-07-16,Better Price Found,741.1,Pending
RET005884,ORD034044,CUST04890,2026-07-29,Changed Mind,2661.75,Approved
RET005885,ORD034045,CUST04890,2026-07-24,Quality Not Satisfactory,3273.49,Approved
RET005886,ORD034046,CUST04890,2026-06-27,Not As Described,1427.0,Approved
RET005887,ORD034047,CUST04890,2026-06-28,Better Price Found,19144.75,Rejected
RET005888,ORD034050,CUST04890,2026-07-01,Not As Described,28264.37,Approved
RET005889,ORD034051,CUST04890,2026-08-03,Wrong Item Received,2990.04,Approved
RET005890,ORD034052,CUST04890,2026-07-31,Defective Product,6847.78,Pending
RET005891,ORD034058,CUST04890,2026-08-08,Better Price Found,10571.17,Approved
RET005892,ORD034060,CUST04890,2026-08-20,Quality Not Satisfactory,2885.87,Approved
RET005893,ORD034061,CUST04890,2026-08-27,Changed Mind,2735.84,Approved
RET005894,ORD034063,CUST04890,2026-07-30,Size/Fit Issue,2491.17,Approved
RET005895,ORD034068,CUST04892,2026-09-04,Not As Described,658.86,Pending
RET005896,ORD034069,CUST04892,2026-08-09,Not As Described,1481.01,Rejected
RET005897,ORD034070,CUST04892,2026-07-31,Not As Described,384.1,Approved
RET005898,ORD034071,CUST04892,2026-08-22,Defective Product,2196.35,Approved
RET005899,ORD034072,CUST04892,2026-08-26,Changed Mind,259.65,Approved
RET005900,ORD034075,CUST04892,2026-07-30,Changed Mind,1420.22,Approved
RET005901,ORD034076,CUST04892,2026-08-01,Changed Mind,17153.84,Approved
RET005902,ORD034077,CUST04892,2026-07-25,Defective Product,2543.66,Rejected
RET005903,ORD034082,CUST04892,2026-07-02,Changed Mind,1147.28,Approved
RET005904,ORD034093,CUST04894,2026-03-09,Wrong Item Received,356.3,Approved
RET005905,ORD034111,CUST04897,2026-05-12,Better Price Found,1555.7,Approved
RET005906,ORD034143,CUST04903,2026-08-07,Damaged in Transit,1571.36,Rejected
RET005907,ORD034144,CUST04903,2026-07-18,Size/Fit Issue,650.49,Approved
RET005908,ORD034145,CUST04903,2026-07-19,Defective Product,1187.44,Approved
RET005909,ORD034146,CUST04903,2026-07-17,Changed Mind,4421.21,Approved
RET005910,ORD034149,CUST04903,2026-07-26,Not As Described,2197.54,Approved
RET005911,ORD034150,CUST04903,2026-07-31,Changed Mind,2785.92,Approved
RET005912,ORD034154,CUST04903,2026-07-19,Not As Described,5779.44,Pending
RET005913,ORD034156,CUST04903,2026-08-28,Changed Mind,25837.81,Approved
RET005914,ORD034161,CUST04903,2026-08-30,Size/Fit Issue,1431.32,Rejected
RET005915,ORD034162,CUST04903,2026-07-16,Changed Mind,3671.24,Approved
RET005916,ORD034170,CUST04905,2026-08-14,Quality Not Satisfactory,2307.17,Pending
RET005917,ORD034176,CUST04905,2026-06-19,Size/Fit Issue,1001.54,Approved
RET005918,ORD034179,CUST04906,2026-05-17,Damaged in Transit,2050.13,Approved
RET005919,ORD034189,CUST04908,2026-06-26,Not As Described,25151.12,Approved
RET005920,ORD034196,CUST04910,2026-07-28,Quality Not Satisfactory,51781.97,Approved
RET005921,ORD034197,CUST04910,2026-08-18,Better Price Found,1034.26,Approved
RET005922,ORD034199,CUST04910,2026-08-13,Size/Fit Issue,1614.64,Rejected
RET005923,ORD034203,CUST04910,2026-07-22,Better Price Found,26099.15,Approved
RET005924,ORD034209,CUST04911,2026-08-07,Changed Mind,14777.9,Pending
RET005925,ORD034214,CUST04911,2026-08-05,Quality Not Satisfactory,4401.24,Pending
RET005926,ORD034215,CUST04911,2026-07-09,Not As Described,1769.12,Approved
RET005927,ORD034216,CUST04911,2026-08-22,Not As Described,5512.28,Approved
RET005928,ORD034249,CUST04917,2026-08-05,Wrong Item Received,20785.67,Approved
RET005929,ORD034250,CUST04917,2026-08-03,Wrong Item Received,1381.61,Approved
RET005930,ORD034252,CUST04917,2026-07-13,Wrong Item Received,2522.49,Approved
RET005931,ORD034253,CUST04917,2026-07-07,Size/Fit Issue,294.71,Approved
RET005932,ORD034261,CUST04918,2026-07-11,Size/Fit Issue,1367.71,Pending
RET005933,ORD034267,CUST04919,2026-04-23,Defective Product,725.24,Approved
RET005934,ORD034285,CUST04922,2026-06-19,Defective Product,780.13,Approved
RET005935,ORD034292,CUST04923,2026-06-20,Changed Mind,10171.07,Approved
RET005936,ORD034294,CUST04923,2026-06-22,Changed Mind,8244.32,Pending
RET005937,ORD034296,CUST04923,2026-08-05,Not As Described,418.96,Approved
RET005938,ORD034298,CUST04923,2026-08-28,Defective Product,3654.63,Pending
RET005939,ORD034330,CUST04929,2026-03-11,Size/Fit Issue,23107.53,Approved
RET005940,ORD034331,CUST04929,2026-05-26,Better Price Found,2851.18,Pending
RET005941,ORD034333,CUST04929,2026-03-05,Size/Fit Issue,2939.16,Approved
RET005942,ORD034339,CUST04931,2026-08-28,Better Price Found,30048.71,Approved
RET005943,ORD034342,CUST04931,2026-04-19,Better Price Found,1015.79,Approved
RET005944,ORD034347,CUST04931,2026-08-20,Changed Mind,533.07,Pending
RET005945,ORD034350,CUST04931,2026-06-02,Size/Fit Issue,1528.08,Approved
RET005946,ORD034351,CUST04931,2026-05-17,Not As Described,620.47,Approved
RET005947,ORD034354,CUST04931,2026-06-08,Changed Mind,1304.58,Approved
RET005948,ORD034355,CUST04931,2026-06-30,Changed Mind,3527.02,Pending
RET005949,ORD034356,CUST04931,2026-09-11,Changed Mind,1757.48,Approved
RET005950,ORD034357,CUST04931,2026-05-08,Size/Fit Issue,1724.7,Approved
RET005951,ORD034363,CUST04931,2026-07-31,Changed Mind,15644.25,Approved
RET005952,ORD034369,CUST04933,2026-08-13,Defective Product,3271.6,Approved
RET005953,ORD034387,CUST04936,2026-06-13,Changed Mind,2064.08,Rejected
RET005954,ORD034388,CUST04936,2026-06-18,Not As Described,12468.85,Approved
RET005955,ORD034389,CUST04936,2026-06-13,Changed Mind,2096.88,Approved
RET005956,ORD034390,CUST04936,2026-06-15,Better Price Found,15018.68,Rejected
RET005957,ORD034394,CUST04936,2026-05-28,Not As Described,1412.89,Pending
RET005958,ORD034396,CUST04936,2026-07-15,Changed Mind,420.34,Pending
RET005959,ORD034398,CUST04936,2026-05-16,Changed Mind,287.73,Approved
RET005960,ORD034401,CUST04936,2026-08-26,Defective Product,22521.43,Rejected
RET005961,ORD034405,CUST04937,2026-08-09,Defective Product,2453.0,Approved
RET005962,ORD034455,CUST04945,2026-07-12,Not As Described,1997.7,Approved
RET005963,ORD034460,CUST04945,2026-09-03,Changed Mind,9011.82,Rejected
RET005964,ORD034461,CUST04945,2026-08-15,Changed Mind,15647.49,Pending
RET005965,ORD034466,CUST04945,2026-07-03,Not As Described,12625.74,Approved
RET005966,ORD034476,CUST04947,2026-08-28,Size/Fit Issue,1555.6,Approved
RET005967,ORD034493,CUST04950,2026-05-15,Changed Mind,2212.44,Approved
RET005968,ORD034512,CUST04954,2026-04-21,Defective Product,3143.55,Approved
RET005969,ORD034566,CUST04962,2026-02-08,Damaged in Transit,1283.37,Pending
RET005970,ORD034583,CUST04966,2026-01-17,Size/Fit Issue,5802.46,Pending
RET005971,ORD034588,CUST04967,2026-07-30,Size/Fit Issue,1338.56,Approved
RET005972,ORD034608,CUST04971,2026-06-24,Damaged in Transit,529.14,Approved
RET005973,ORD034610,CUST04971,2026-07-22,Wrong Item Received,2400.83,Approved
RET005974,ORD034611,CUST04971,2026-07-24,Size/Fit Issue,3511.67,Approved
RET005975,ORD034613,CUST04972,2026-07-04,Defective Product,4968.68,Approved
RET005976,ORD034650,CUST04978,2026-03-31,Wrong Item Received,22318.62,Approved
RET005977,ORD034679,CUST04983,2026-09-10,Wrong Item Received,716.94,Approved
RET005978,ORD034693,CUST04984,2026-06-11,Changed Mind,1913.39,Approved
RET005979,ORD034695,CUST04984,2026-08-26,Defective Product,15530.56,Approved
RET005980,ORD034703,CUST04986,2026-07-05,Not As Described,2437.05,Approved
RET005981,ORD034705,CUST04986,2026-07-20,Size/Fit Issue,1831.13,Approved
RET005982,ORD034712,CUST04986,2026-04-13,Not As Described,3678.59,Approved
RET005983,ORD034713,CUST04986,2026-06-21,Changed Mind,7052.75,Approved
RET005984,ORD034714,CUST04986,2026-07-02,Damaged in Transit,14878.48,Approved
RET005985,ORD034717,CUST04986,2026-07-12,Not As Described,12442.59,Approved
RET005986,ORD034719,CUST04986,2026-07-31,Changed Mind,1827.46,Pending
RET005987,ORD034720,CUST04987,2026-03-18,Damaged in Transit,1161.25,Approved
RET005988,ORD034768,CUST04996,2026-07-31,Changed Mind,1421.39,Approved
RET005989,ORD034769,CUST04996,2026-04-06,Not As Described,2443.2,Pending
RET005990,ORD034773,CUST04996,2026-05-25,Changed Mind,19425.43,Approved
RET005991,ORD034774,CUST04996,2026-08-28,Changed Mind,1122.52,Rejected
RET005992,ORD034778,CUST04996,2026-06-24,Quality Not Satisfactory,20013.51,Pending
RET005993,ORD034779,CUST04996,2026-03-18,Better Price Found,1117.56,Approved
RET005994,ORD034780,CUST04996,2026-05-16,Changed Mind,1390.21,Approved
RET005995,ORD034781,CUST04996,2026-06-18,Better Price Found,829.89,Rejected
RET005996,ORD034782,CUST04996,2026-03-28,Not As Described,5176.99,Approved
RET005997,ORD034794,CUST04998,2026-06-29,Wrong Item Received,12174.85,Approved
RET005998,ORD034797,CUST04998,2026-06-12,Defective Product,2459.28,Approved
