account_age_days,previous_orders,previous_returns,return_rate,previous_refund_count,previous_refund_amount,average_order_value,refund_to_order_ratio,orders_last_24h,returns_last_7d,returns_last_30d,refunds_last_30d,current_order_amount,current_return_amount,return_to_order_ratio,days_to_return,same_reason_count,unique_return_reasons,return_frequency,return_gap_days,high_value_return_flag,device_linked_accounts,address_linked_accounts,potentially_abusive,return_id,customer_id
209,4,0,0.0,0,0.0,4523.45,0.0,0,0,0,0,1108.67,1108.67,1.0,28,0,0,0.0,209,0,1,1,0,RET000001,CUST00004
220,2,0,0.0,0,0.0,4010.8,0.0,0,0,0,0,3563.29,3563.29,1.0,15,0,0,0.0,220,0,1,1,0,RET000002,CUST00008
123,2,0,0.0,0,0.0,2103.38,0.0,0,0,0,0,2220.29,2220.29,1.0,13,0,0,0.0,123,0,1,1,0,RET000003,CUST00014
75,4,0,0.0,0,0.0,3623.94,0.0,0,0,0,0,4104.45,4104.45,1.0,3,0,0,0.0,75,0,1,1,0,RET000004,CUST00016
206,8,2,0.25,1,5460.64,5063.76,0.1348,0,0,0,0,784.46,784.46,1.0,20,0,1,0.2913,87,0,1,1,0,RET000005,CUST00017
119,5,1,0.2,1,5460.64,3628.64,0.301,0,0,0,0,2026.3,2026.3,1.0,17,1,1,0.2521,94,0,1,1,1,RET000006,CUST00017
25,2,0,0.0,0,0.0,5386.97,0.0,0,0,0,0,8237.75,5460.64,0.6629,25,0,0,0.0,25,0,1,1,0,RET000007,CUST00017
330,4,0,0.0,0,0.0,2260.64,0.0,0,0,0,0,2101.6,2101.6,1.0,13,0,0,0.0,330,0,1,1,0,RET000008,CUST00020
274,4,0,0.0,0,0.0,4253.61,0.0,0,0,0,0,3020.62,2600.99,0.8611,21,0,0,0.0,274,0,1,1,0,RET000009,CUST00021
218,4,0,0.0,0,0.0,1919.51,0.0,0,0,0,0,3801.34,1699.2,0.447,15,0,0,0.0,218,0,1,1,0,RET000010,CUST00025
34,12,3,0.25,1,2101.11,4030.52,0.0434,0,1,3,1,903.73,903.73,1.0,14,0,3,2.6471,6,0,1,1,1,RET000011,CUST00027
60,16,4,0.25,2,3345.77,4196.33,0.0498,0,0,1,1,2222.54,2222.54,1.0,6,0,4,2.0,26,0,1,1,1,RET000012,CUST00027
65,17,5,0.2941,2,3345.77,3997.71,0.0492,0,1,1,1,14526.95,14526.95,1.0,8,0,5,2.3077,5,1,1,1,1,RET000013,CUST00027
28,11,2,0.1818,1,2101.11,4317.65,0.0442,0,1,2,1,1968.91,1968.91,1.0,8,0,2,2.1429,2,0,1,1,1,RET000014,CUST00027
26,11,1,0.0909,0,0.0,4317.65,0.0,0,0,1,0,2101.11,2101.11,1.0,4,0,1,1.1538,13,0,1,1,1,RET000015,CUST00027
13,3,0,0.0,0,0.0,5180.39,0.0,1,0,0,0,6620.42,6620.42,1.0,12,0,0,0.0,13,0,1,1,0,RET000016,CUST00027
376,2,0,0.0,0,0.0,10568.9,0.0,0,0,0,0,1187.49,1017.5,0.8568,18,0,0,0.0,376,0,1,1,0,RET000017,CUST00028
126,6,0,0.0,0,0.0,10785.88,0.0,0,0,0,0,3059.21,3059.21,1.0,13,0,0,0.0,126,0,1,1,0,RET000018,CUST00029
33,2,0,0.0,0,0.0,17333.28,0.0,0,0,0,0,33241.31,33241.31,1.0,16,0,0,0.0,33,0,1,1,0,RET000019,CUST00030
448,4,1,0.25,1,1024.68,1133.33,0.226,0,0,0,0,1148.94,784.32,0.6826,12,0,1,0.067,145,0,1,1,0,RET000020,CUST00031
303,1,0,0.0,0,0.0,1024.68,0.0,0,0,0,0,1024.68,1024.68,1.0,8,0,0,0.0,303,0,1,1,0,RET000021,CUST00031
214,9,2,0.2222,1,2055.69,4103.23,0.0557,0,0,1,1,2478.25,2478.25,1.0,19,0,2,0.2804,24,0,1,1,0,RET000022,CUST00034
141,6,0,0.0,0,0.0,5080.95,0.0,0,0,0,0,8150.14,8150.14,1.0,28,0,0,0.0,141,0,1,1,0,RET000023,CUST00034
190,8,1,0.125,0,0.0,4306.35,0.0,0,0,0,0,2055.69,2055.69,1.0,28,0,1,0.1579,49,0,1,1,1,RET000024,CUST00034
282,5,0,0.0,0,0.0,6987.14,0.0,0,0,0,0,1918.86,1801.96,0.9391,17,0,0,0.0,282,0,1,1,0,RET000025,CUST00036
419,6,1,0.1667,0,0.0,6375.55,0.0,0,0,0,0,3317.58,2946.12,0.888,17,0,1,0.0716,137,0,1,1,0,RET000026,CUST00036
442,12,4,0.3333,4,13106.36,5863.65,0.1863,1,0,2,2,1356.12,1226.66,0.9045,7,1,4,0.2715,14,0,4,1,1,RET000027,CUST00038
290,1,0,0.0,0,0.0,2816.47,0.0,0,0,0,0,2816.47,2816.47,1.0,9,0,0,0.0,290,0,4,1,0,RET000028,CUST00038
428,10,2,0.2,2,3974.33,6732.24,0.059,0,0,0,0,6579.96,6579.96,1.0,5,0,2,0.1402,114,0,4,1,0,RET000029,CUST00038
428,10,2,0.2,2,3974.33,6732.24,0.059,0,0,0,0,4843.32,2552.07,0.5269,11,0,2,0.1402,114,0,4,1,0,RET000030,CUST00038
452,13,5,0.3846,4,13106.36,5432.77,0.1856,1,0,3,2,262.12,170.94,0.6521,1,0,4,0.3319,10,0,4,1,1,RET000031,CUST00038
314,3,1,0.3333,1,2013.68,1883.63,0.3563,0,0,1,1,1960.65,1960.65,1.0,14,0,1,0.0955,24,0,4,1,0,RET000032,CUST00038
30,11,4,0.3636,2,39309.5,7889.49,0.453,0,0,4,2,1629.19,1629.19,1.0,7,0,4,4.0,9,0,4,1,1,RET000033,CUST00042
21,6,3,0.5,2,39309.5,9353.05,0.7005,1,0,3,2,852.85,852.85,1.0,7,0,3,4.2857,9,0,4,1,1,RET000034,CUST00042
11,3,1,0.3333,0,0.0,13907.43,0.0,0,1,1,0,6715.56,6715.56,1.0,3,0,1,2.7273,1,0,4,1,1,RET000035,CUST00042
37,12,6,0.5,4,41791.54,10258.03,0.3395,0,2,6,4,36312.02,36312.02,1.0,3,1,5,4.8649,7,1,4,1,1,RET000036,CUST00042
12,3,2,0.6667,0,0.0,13907.43,0.0,0,2,2,0,32593.94,32593.94,1.0,6,0,2,5.0,1,1,4,1,1,RET000037,CUST00042
10,3,0,0.0,0,0.0,13907.43,0.0,0,0,0,0,2412.78,2412.78,1.0,8,0,0,0.0,10,0,4,1,0,RET000038,CUST00042
30,11,4,0.3636,2,39309.5,7889.49,0.453,0,0,4,2,1081.87,469.91,0.4343,10,1,4,4.0,9,0,4,1,1,RET000039,CUST00042
225,4,0,0.0,0,0.0,1553.75,0.0,0,0,0,0,1265.72,1265.72,1.0,3,0,0,0.0,225,0,1,4,0,RET000040,CUST00044
370,2,0,0.0,0,0.0,2975.83,0.0,0,0,0,0,4120.64,4120.64,1.0,23,0,0,0.0,370,0,1,1,0,RET000041,CUST00045
9,5,1,0.2,0,0.0,4217.48,0.0,2,1,1,0,1584.62,1584.62,1.0,8,0,1,3.3333,2,0,2,1,0,RET000042,CUST00048
26,11,4,0.3636,3,16940.68,5038.63,0.3057,0,0,4,3,2806.81,2806.81,1.0,5,0,3,4.6154,14,0,2,1,1,RET000043,CUST00048
12,6,3,0.5,0,0.0,7677.39,0.0,0,3,3,0,1635.77,1635.77,1.0,4,1,3,7.5,2,0,2,1,1,RET000044,CUST00048
10,6,2,0.3333,0,0.0,7677.39,0.0,1,2,2,0,13353.04,13353.04,1.0,7,0,2,6.0,1,0,2,1,0,RET000045,CUST00048
7,3,0,0.0,0,0.0,5629.84,0.0,1,0,0,0,1951.87,1951.87,1.0,1,0,0,0.0,7,0,2,1,0,RET000046,CUST00048
32,13,5,0.3846,3,16940.68,4664.24,0.2794,0,1,5,3,3534.18,3534.18,1.0,3,2,4,4.6875,6,0,2,1,1,RET000047,CUST00048
25,12,7,0.5833,1,15137.66,5537.12,0.2278,1,4,7,1,2561.62,2561.62,1.0,11,1,5,8.4,3,0,1,1,1,RET000048,CUST00051
27,15,8,0.5333,3,20036.9,4897.39,0.2728,2,4,8,3,3034.57,3034.57,1.0,7,2,5,8.8889,2,0,1,1,1,RET000049,CUST00051
11,4,0,0.0,0,0.0,8680.62,0.0,1,0,0,0,13094.31,13094.31,1.0,7,0,0,0.0,11,0,1,1,0,RET000050,CUST00051
22,11,5,0.4545,1,15137.66,5915.85,0.2326,0,4,5,1,5055.23,5055.23,1.0,7,1,4,6.8182,2,0,1,1,1,RET000051,CUST00051
27,15,8,0.5333,3,20036.9,4897.39,0.2728,2,4,8,3,737.33,546.75,0.7415,1,1,5,8.8889,2,0,1,1,1,RET000052,CUST00051
18,8,3,0.375,0,0.0,6395.59,0.0,1,3,3,0,1228.53,510.29,0.4154,8,1,3,5.0,3,0,1,1,1,RET000053,CUST00051
15,6,1,0.1667,0,0.0,7214.02,0.0,2,1,1,0,16868.46,16868.46,1.0,9,0,1,2.0,4,1,1,1,0,RET000054,CUST00051
51,21,14,0.6667,12,58215.1,6061.25,0.4574,0,0,9,12,1089.29,1089.29,1.0,10,2,6,8.2353,11,0,1,1,1,RET000055,CUST00051
39,19,12,0.6316,8,38443.69,6292.75,0.3215,1,1,12,8,1293.56,1293.56,1.0,3,4,6,9.2308,1,0,1,1,1,RET000056,CUST00051
38,18,11,0.6111,7,37896.94,6472.07,0.3253,0,0,11,7,12894.07,12894.07,1.0,4,3,6,8.6842,8,0,1,1,1,RET000057,CUST00051
30,16,10,0.625,3,20036.9,6394.35,0.1958,1,3,10,3,2518.81,2518.81,1.0,4,0,5,10.0,3,0,1,1,1,RET000058,CUST00051
40,19,13,0.6842,8,38443.69,6292.75,0.3215,0,2,13,8,3064.97,3064.97,1.0,2,5,6,9.75,1,0,1,1,1,RET000059,CUST00051
20,9,4,0.4444,0,0.0,6787.88,0.0,0,3,4,0,9926.21,9926.21,1.0,2,0,3,6.0,2,0,1,1,1,RET000060,CUST00051
15,6,1,0.1667,0,0.0,7214.02,0.0,2,1,1,0,6000.0,6000.0,1.0,1,0,1,2.0,4,0,1,1,0,RET000061,CUST00051
22,11,5,0.4545,1,15137.66,5915.85,0.2326,0,4,5,1,2825.36,2825.36,1.0,5,0,4,6.8182,2,0,1,1,1,RET000062,CUST00051
14,3,0,0.0,0,0.0,7471.21,0.0,2,0,0,0,1539.9,1539.9,1.0,1,0,0,0.0,14,0,4,1,0,RET000063,CUST00052
18,7,2,0.2857,0,0.0,9062.79,0.0,1,2,2,0,16824.46,16824.46,1.0,1,0,2,3.3333,2,0,4,1,1,RET000064,CUST00052
16,5,1,0.2,0,0.0,8643.14,0.0,2,1,1,0,14983.35,6767.73,0.4517,1,0,1,1.875,2,0,4,1,0,RET000065,CUST00052
20,9,3,0.3333,1,16824.46,7673.64,0.2436,1,3,3,1,2517.11,2517.11,1.0,1,0,3,4.5,2,0,4,1,1,RET000066,CUST00052
71,16,8,0.5,1,16824.46,7411.85,0.1419,0,1,2,0,707.38,488.43,0.6905,6,2,5,3.3803,7,0,4,1,1,RET000067,CUST00052
38,12,4,0.3333,1,16824.46,7365.44,0.1904,1,0,4,1,15291.29,15291.29,1.0,11,0,4,3.1579,18,1,4,1,1,RET000068,CUST00052
38,12,4,0.3333,1,16824.46,7365.44,0.1904,1,0,4,1,1756.66,1756.66,1.0,1,1,4,3.1579,18,0,4,1,1,RET000069,CUST00052
52,13,6,0.4615,1,16824.46,6890.67,0.1878,0,0,2,0,1193.41,1193.41,1.0,5,1,5,3.4615,14,0,4,1,1,RET000070,CUST00052
64,15,7,0.4667,1,16824.46,7858.82,0.1427,0,0,3,0,598.62,598.62,1.0,10,1,5,3.2812,12,0,4,1,1,RET000071,CUST00052
304,2,0,0.0,0,0.0,1186.54,0.0,0,0,0,0,1776.18,1315.43,0.7406,27,0,0,0.0,304,0,1,1,0,RET000072,CUST00060
166,5,0,0.0,0,0.0,12847.61,0.0,0,0,0,0,1444.79,1444.79,1.0,19,0,0,0.0,166,0,1,1,0,RET000073,CUST00061
25,15,3,0.2,2,4684.31,4807.62,0.065,0,0,3,2,5094.68,5094.68,1.0,8,1,3,3.6,14,0,4,1,1,RET000074,CUST00063
7,9,1,0.1111,0,0.0,5439.17,0.0,1,1,1,0,3091.71,3091.71,1.0,7,0,1,4.2857,1,0,4,1,0,RET000075,CUST00063
29,15,4,0.2667,2,4684.31,4807.62,0.065,0,1,4,2,769.48,325.47,0.423,13,0,3,4.1379,4,0,4,1,1,RET000076,CUST00063
6,8,0,0.0,0,0.0,4308.43,0.0,3,0,0,0,1592.6,1592.6,1.0,2,0,0,0.0,6,0,4,1,0,RET000077,CUST00063
11,9,2,0.2222,0,0.0,5439.17,0.0,0,2,2,0,1069.43,1069.43,1.0,6,0,2,5.4545,4,0,4,1,1,RET000078,CUST00063
44,3,0,0.0,0,0.0,3347.35,0.0,0,0,0,0,5408.34,5408.34,1.0,8,0,0,0.0,44,0,1,1,0,RET000079,CUST00064
207,3,0,0.0,0,0.0,6893.57,0.0,0,0,0,0,14165.36,14165.36,1.0,24,0,0,0.0,207,1,1,1,1,RET000080,CUST00065
364,6,0,0.0,0,0.0,3704.76,0.0,0,0,0,0,335.06,335.06,1.0,8,0,0,0.0,364,0,1,1,1,RET000081,CUST00073
33,3,0,0.0,0,0.0,1844.53,0.0,1,0,0,0,4072.22,4072.22,1.0,26,0,0,0.0,33,1,1,1,0,RET000082,CUST00074
128,5,0,0.0,0,0.0,1554.41,0.0,0,0,0,0,1328.33,1328.33,1.0,8,0,0,0.0,128,0,1,1,0,RET000083,CUST00080
26,2,0,0.0,0,0.0,5885.82,0.0,0,0,0,0,10679.77,10679.77,1.0,4,0,0,0.0,26,0,3,2,0,RET000084,CUST00083
41,3,1,0.3333,1,10679.77,4688.74,0.7592,0,0,1,1,2294.58,2294.58,1.0,4,0,1,0.7317,15,0,3,2,0,RET000085,CUST00083
114,8,2,0.25,2,12974.35,4799.23,0.3379,0,0,0,0,1957.15,1957.15,1.0,11,0,2,0.5263,73,0,3,2,1,RET000086,CUST00083
104,2,0,0.0,0,0.0,1855.47,0.0,0,0,0,0,1743.74,1743.74,1.0,29,0,0,0.0,104,0,1,1,0,RET000087,CUST00086
378,1,0,0.0,0,0.0,2458.23,0.0,0,0,0,0,2458.23,2458.23,1.0,28,0,0,0.0,378,0,1,1,0,RET000088,CUST00090
30,1,0,0.0,0,0.0,2897.7,0.0,0,0,0,0,2897.7,2316.22,0.7993,12,0,0,0.0,30,0,1,1,0,RET000089,CUST00091
53,2,1,0.5,1,2316.22,2160.26,0.5361,0,0,1,1,1422.81,1422.81,1.0,10,0,1,0.566,23,0,1,1,1,RET000090,CUST00091
192,8,2,0.25,1,2316.22,7706.83,0.0376,1,0,0,0,6725.69,6725.69,1.0,1,1,2,0.3125,139,0,1,1,0,RET000091,CUST00091
129,3,0,0.0,0,0.0,5178.8,0.0,0,0,0,0,6208.18,6208.18,1.0,26,0,0,0.0,129,0,5,3,0,RET000092,CUST00096
243,3,0,0.0,0,0.0,3971.73,0.0,0,0,0,0,1427.35,1427.35,1.0,2,0,0,0.0,243,0,1,1,0,RET000093,CUST00097
65,15,2,0.1333,1,13610.7,7286.05,0.1245,0,0,1,1,1725.78,1725.78,1.0,13,2,1,0.9231,28,0,1,3,0,RET000094,CUST00104
69,15,3,0.2,2,15336.48,7286.05,0.1403,0,1,1,2,5893.43,5387.86,0.9142,14,0,1,1.3043,4,0,1,3,1,RET000095,CUST00104
5,1,0,0.0,0,0.0,2926.35,0.0,0,0,0,0,2926.35,1747.14,0.597,5,0,0,0.0,5,0,1,3,0,RET000096,CUST00104
37,5,1,0.2,0,0.0,11655.32,0.0,0,0,0,0,13610.7,13610.7,1.0,6,1,1,0.8108,32,0,1,3,0,RET000097,CUST00104
70,15,4,0.2667,2,15336.48,7286.05,0.1403,0,2,2,2,880.89,880.89,1.0,13,0,2,1.7143,1,0,1,3,1,RET000098,CUST00104
17,2,0,0.0,0,0.0,1083.93,0.0,0,0,0,0,778.95,778.95,1.0,8,0,0,0.0,17,0,1,1,0,RET000099,CUST00105
99,4,0,0.0,0,0.0,11755.03,0.0,0,0,0,0,2897.92,2897.92,1.0,6,0,0,0.0,99,0,4,4,0,RET000100,CUST00109
223,13,7,0.5385,6,20257.38,6234.44,0.2499,0,0,0,0,1416.03,1416.03,1.0,6,1,5,0.9417,35,0,4,4,1,RET000101,CUST00109
117,6,1,0.1667,1,2897.92,9435.89,0.0512,0,0,1,1,8272.65,8272.65,1.0,11,0,1,0.2564,18,0,4,4,0,RET000102,CUST00109
126,7,3,0.4286,1,2897.92,8667.4,0.0478,0,1,3,1,4056.47,4056.47,1.0,8,0,3,0.7143,6,0,4,4,1,RET000103,CUST00109
246,14,8,0.5714,6,20257.38,5882.99,0.246,0,0,1,0,1314.02,1314.02,1.0,5,2,5,0.9756,23,0,4,4,1,RET000104,CUST00109
129,8,4,0.5,2,4220.5,7865.15,0.0671,0,1,4,2,2249.41,2249.41,1.0,3,1,4,0.9302,3,0,4,4,1,RET000105,CUST00109
307,16,9,0.5625,6,20257.38,5383.82,0.2352,0,0,0,0,2150.96,2150.96,1.0,6,2,5,0.8795,61,0,4,4,1,RET000106,CUST00109
322,17,10,0.5882,7,22408.34,5698.87,0.2313,0,0,1,1,10739.68,10739.68,1.0,13,2,5,0.9317,15,0,4,4,1,RET000107,CUST00109
175,11,5,0.4545,4,10526.38,6897.6,0.1387,1,0,0,0,9296.03,9296.03,1.0,11,1,4,0.8571,46,0,4,4,1,RET000108,CUST00109
188,12,6,0.5,5,16943.45,6635.98,0.2128,0,0,1,1,3758.15,3313.93,0.8818,12,0,4,0.9574,13,0,4,4,1,RET000109,CUST00109
120,7,2,0.2857,1,2897.92,8667.4,0.0478,0,1,2,1,1322.58,1322.58,1.0,12,0,2,0.5,3,0,4,4,1,RET000110,CUST00109
18,1,0,0.0,0,0.0,2970.41,0.0,0,0,0,0,2970.41,2970.41,1.0,14,0,0,0.0,18,0,1,1,0,RET000111,CUST00111
78,2,0,0.0,0,0.0,7138.86,0.0,0,0,0,0,10737.87,7543.66,0.7025,9,0,0,0.0,78,0,1,1,0,RET000112,CUST00112
19,4,1,0.25,0,0.0,13913.75,0.0,0,0,1,0,8669.6,8669.6,1.0,6,0,1,1.5789,8,0,4,1,1,RET000113,CUST00113
11,2,0,0.0,0,0.0,8293.89,0.0,0,0,0,0,1711.84,1711.84,1.0,9,0,0,0.0,11,0,4,1,0,RET000114,CUST00113
111,15,3,0.2,3,25408.9,8997.06,0.1883,0,0,0,0,2189.33,1997.38,0.9123,5,1,3,0.8108,78,0,4,1,1,RET000115,CUST00113
33,8,2,0.25,2,10381.44,9278.38,0.1399,1,0,2,2,15027.46,15027.46,1.0,11,0,2,1.8182,14,0,4,1,1,RET000116,CUST00113
27,2,0,0.0,0,0.0,8255.05,0.0,0,0,0,0,15301.54,15301.54,1.0,21,0,0,0.0,27,0,1,1,0,RET000117,CUST00119
376,5,0,0.0,0,0.0,2322.24,0.0,0,0,0,0,3327.75,3327.75,1.0,5,0,0,0.0,376,0,1,1,0,RET000118,CUST00122
119,7,0,0.0,0,0.0,3656.1,0.0,0,0,0,0,897.13,897.13,1.0,30,0,0,0.0,119,0,1,1,0,RET000119,CUST00123
37,2,0,0.0,0,0.0,8909.78,0.0,1,0,0,0,16710.21,9562.85,0.5723,29,0,0,0.0,37,0,1,1,0,RET000120,CUST00126
105,7,2,0.2857,1,9562.85,8245.27,0.1657,0,0,0,0,22297.19,22297.19,1.0,2,0,2,0.5714,37,1,1,1,1,RET000121,CUST00126
68,4,1,0.25,1,9562.85,8322.17,0.2873,0,0,0,1,935.64,935.64,1.0,11,0,1,0.4412,31,0,1,1,0,RET000122,CUST00126
151,10,3,0.3,2,31860.04,6072.97,0.5246,0,0,0,0,1021.2,1021.2,1.0,27,1,3,0.596,46,0,1,1,1,RET000123,CUST00126
196,4,2,0.5,2,2903.46,9974.6,0.0728,0,0,0,1,33248.3,33248.3,1.0,13,1,2,0.3061,35,1,1,1,1,RET000124,CUST00129
107,1,0,0.0,0,0.0,1950.97,0.0,0,0,0,0,1950.97,1950.97,1.0,9,0,0,0.0,107,0,1,1,0,RET000125,CUST00129
161,2,1,0.5,1,1950.97,1973.04,0.4944,0,0,0,0,1995.11,952.49,0.4774,30,0,1,0.1863,54,0,1,1,1,RET000126,CUST00129
510,4,0,0.0,0,0.0,17452.7,0.0,0,0,0,0,1448.09,1448.09,1.0,25,0,0,0.0,510,0,1,1,0,RET000127,CUST00130
121,11,5,0.4545,3,6522.44,3196.56,0.1855,0,1,1,1,185.74,160.29,0.863,8,0,4,1.2397,6,0,4,1,1,RET000128,CUST00131
115,10,4,0.4,3,6522.44,1915.45,0.3405,0,0,0,1,995.1,995.1,1.0,4,1,4,1.0435,36,0,4,1,1,RET000129,CUST00131
79,8,3,0.375,2,5084.69,2246.71,0.2829,1,0,3,2,1437.75,1437.75,1.0,1,0,3,1.1392,20,0,4,1,1,RET000130,CUST00131
59,6,2,0.3333,1,3048.11,2312.82,0.2197,0,1,2,1,2683.03,2683.03,1.0,3,0,2,1.0169,7,0,4,1,1,RET000131,CUST00131
52,5,1,0.2,0,0.0,2238.78,0.0,0,1,1,0,1928.17,1928.17,1.0,13,0,1,0.5769,1,0,4,1,0,RET000132,CUST00131
51,5,0,0.0,0,0.0,2238.78,0.0,0,0,0,0,3321.47,3048.11,0.9177,9,0,0,0.0,51,0,4,1,0,RET000133,CUST00131
136,12,6,0.5,5,7677.83,3011.46,0.2125,0,0,2,2,975.43,975.43,1.0,10,1,5,1.3235,15,0,4,1,1,RET000134,CUST00131
192,8,1,0.125,0,0.0,2111.63,0.0,0,0,0,0,2408.69,2408.69,1.0,7,1,1,0.1562,153,0,2,1,0,RET000135,CUST00132
39,2,0,0.0,0,0.0,3190.26,0.0,0,0,0,0,5599.13,5599.13,1.0,23,0,0,0.0,39,0,2,1,0,RET000136,CUST00132
323,6,0,0.0,0,0.0,1688.91,0.0,0,0,0,0,1216.0,951.33,0.7823,9,0,0,0.0,323,0,1,1,0,RET000137,CUST00133
35,10,3,0.3,0,0.0,2869.04,0.0,0,1,3,0,850.49,850.49,1.0,7,1,3,2.5714,2,0,1,1,0,RET000138,CUST00135
9,2,0,0.0,0,0.0,3455.4,0.0,0,0,0,0,4356.51,4109.22,0.9432,2,0,0,0.0,9,0,1,1,0,RET000139,CUST00135
16,3,1,0.3333,0,0.0,2670.16,0.0,1,1,1,0,1099.7,1099.7,1.0,1,0,1,1.875,7,0,1,1,0,RET000140,CUST00135
33,10,2,0.2,0,0.0,2869.04,0.0,0,0,2,0,4499.73,4499.73,1.0,5,0,2,1.8182,17,0,1,1,0,RET000141,CUST00135
33,9,0,0.0,0,0.0,2971.66,0.0,0,0,0,0,3472.76,3472.76,1.0,8,0,0,0.0,33,0,1,1,0,RET000142,CUST00136
71,14,2,0.1429,0,0.0,2743.17,0.0,0,1,1,0,861.61,861.61,1.0,12,0,1,0.8451,4,0,1,1,1,RET000143,CUST00136
67,14,1,0.0714,0,0.0,2743.17,0.0,0,0,0,0,2569.78,2569.78,1.0,11,1,1,0.4478,34,0,1,1,1,RET000144,CUST00136
108,17,6,0.3529,3,9597.14,6208.28,0.0909,1,0,4,3,1192.52,1192.52,1.0,9,2,4,1.6667,8,0,4,2,1,RET000145,CUST00137
96,11,3,0.2727,1,6921.64,5916.27,0.1064,1,0,2,1,1579.34,1579.34,1.0,9,0,2,0.9375,9,0,4,2,1,RET000146,CUST00137
110,17,8,0.4706,3,9597.14,6208.28,0.0909,0,2,6,3,3552.88,3552.88,1.0,11,1,4,2.1818,2,0,4,2,1,RET000147,CUST00137
98,11,4,0.3636,1,6921.64,5916.27,0.1064,0,1,3,1,2205.78,2205.78,1.0,9,0,3,1.2245,2,0,4,2,1,RET000148,CUST00137
100,14,5,0.3571,1,6921.64,7120.17,0.0694,2,2,4,1,1791.92,1096.16,0.6117,5,1,4,1.5,2,0,4,2,1,RET000149,CUST00137
111,17,9,0.5294,3,9597.14,6208.28,0.0909,0,3,7,3,29857.93,29857.93,1.0,13,2,4,2.4324,1,1,4,2,1,RET000150,CUST00137
77,4,1,0.25,0,0.0,5113.85,0.0,0,0,0,0,10473.67,6921.64,0.6609,9,0,1,0.3896,38,0,4,2,1,RET000151,CUST00137
39,3,0,0.0,0,0.0,3327.24,0.0,0,0,0,0,5740.81,5740.81,1.0,6,0,0,0.0,39,0,4,2,0,RET000152,CUST00137
108,17,6,0.3529,3,9597.14,6208.28,0.0909,1,0,4,3,605.41,271.98,0.4492,1,2,4,1.6667,8,0,4,2,1,RET000153,CUST00137
87,7,2,0.2857,1,6921.64,8182.8,0.1208,0,0,1,1,5568.31,5568.31,1.0,10,1,2,0.6897,10,0,4,2,1,RET000154,CUST00137
451,7,0,0.0,0,0.0,2407.22,0.0,0,0,0,0,2552.12,2552.12,1.0,26,0,0,0.0,451,0,1,1,0,RET000155,CUST00139
73,9,0,0.0,0,0.0,4934.45,0.0,1,0,0,0,3017.12,3017.12,1.0,13,0,0,0.0,73,0,1,1,0,RET000156,CUST00143
32,13,5,0.3846,2,11684.7,3190.52,0.2817,1,2,5,2,1394.62,1394.62,1.0,8,0,3,4.6875,2,0,3,1,0,RET000157,CUST00145
22,8,2,0.25,1,5376.74,2608.76,0.2576,0,0,2,1,3255.75,1602.79,0.4923,12,1,2,2.7273,11,0,3,1,1,RET000158,CUST00145
10,3,0,0.0,0,0.0,3001.29,0.0,0,0,0,0,3335.8,2813.1,0.8433,5,0,0,0.0,10,0,3,1,0,RET000159,CUST00145
30,12,4,0.3333,2,11684.7,3129.55,0.3111,0,1,4,2,2084.66,2084.66,1.0,14,0,2,4.0,4,0,3,1,1,RET000160,CUST00145
11,5,1,0.2,0,0.0,3527.27,0.0,2,1,1,0,5376.74,5376.74,1.0,1,0,1,2.7273,1,0,3,1,0,RET000161,CUST00145
26,11,3,0.2727,1,5376.74,2853.72,0.1713,0,1,3,1,6950.85,6950.85,1.0,4,1,2,3.4615,4,1,3,1,1,RET000162,CUST00145
42,17,6,0.3529,3,13079.32,3525.86,0.2182,1,0,4,3,13732.1,13732.1,1.0,3,0,4,4.2857,10,1,3,1,1,RET000163,CUST00145
42,17,6,0.3529,3,13079.32,3525.86,0.2182,1,0,4,3,1753.39,1753.39,1.0,1,1,4,4.2857,10,0,3,1,1,RET000164,CUST00145
45,5,0,0.0,0,0.0,1912.28,0.0,0,0,0,0,3447.03,2026.74,0.588,20,0,0,0.0,45,0,1,1,0,RET000165,CUST00149
28,10,3,0.3,0,0.0,5078.81,0.0,0,1,3,0,1499.38,1499.38,1.0,4,2,2,3.2143,2,0,5,1,1,RET000166,CUST00152
26,10,2,0.2,0,0.0,5078.81,0.0,0,2,2,0,15389.46,15389.46,1.0,8,1,2,2.3077,7,1,5,1,0,RET000167,CUST00152
35,10,4,0.4,3,17605.36,5078.81,0.3466,0,1,4,3,1371.4,1371.4,1.0,14,0,2,3.4286,7,0,5,1,0,RET000168,CUST00152
19,6,0,0.0,0,0.0,5218.7,0.0,1,0,0,0,1354.18,1354.18,1.0,2,0,0,0.0,19,0,5,1,0,RET000169,CUST00152
19,6,0,0.0,0,0.0,5218.7,0.0,1,0,0,0,1422.98,1095.39,0.7698,6,0,0,0.0,19,0,5,1,0,RET000170,CUST00152
67,4,1,0.25,0,0.0,6395.58,0.0,0,0,0,0,2692.36,2692.36,1.0,16,0,1,0.4478,51,0,5,4,1,RET000171,CUST00153
16,1,0,0.0,0,0.0,18530.43,0.0,0,0,0,0,18530.43,18530.43,1.0,10,0,0,0.0,16,0,5,4,0,RET000172,CUST00153
73,5,0,0.0,0,0.0,4092.02,0.0,0,0,0,0,5372.81,5372.81,1.0,29,0,0,0.0,73,0,1,1,0,RET000173,CUST00158
52,2,0,0.0,0,0.0,1290.66,0.0,0,0,0,0,2396.28,2209.08,0.9219,7,0,0,0.0,52,0,1,1,0,RET000174,CUST00166
123,4,1,0.25,1,1988.19,4317.98,0.1151,0,0,0,0,1430.85,1430.85,1.0,28,0,1,0.2439,71,0,1,1,0,RET000175,CUST00166
135,8,0,0.0,0,0.0,5607.48,0.0,0,0,0,0,2922.02,2922.02,1.0,29,0,0,0.0,135,0,1,1,0,RET000176,CUST00168
136,2,0,0.0,0,0.0,468.57,0.0,0,0,0,0,659.09,659.09,1.0,7,0,0,0.0,136,0,1,1,0,RET000177,CUST00171
336,1,0,0.0,0,0.0,2312.03,0.0,0,0,0,0,2312.03,2312.03,1.0,20,0,0,0.0,336,0,1,1,1,RET000178,CUST00175
66,8,0,0.0,0,0.0,4906.5,0.0,0,0,0,0,328.76,328.76,1.0,29,0,0,0.0,66,0,1,1,0,RET000179,CUST00176
202,13,2,0.1538,2,16258.53,8311.43,0.1505,0,0,2,2,17847.76,17847.76,1.0,13,1,2,0.297,12,1,1,4,0,RET000180,CUST00177
190,10,1,0.1,0,0.0,8446.39,0.0,1,1,1,0,1829.04,855.65,0.4678,3,0,1,0.1579,2,0,1,4,0,RET000181,CUST00177
211,13,3,0.2308,3,34106.29,8311.43,0.3157,0,0,3,3,17523.73,17523.73,1.0,11,0,2,0.4265,9,1,1,4,1,RET000182,CUST00177
188,7,0,0.0,0,0.0,7084.77,0.0,1,0,0,0,26547.99,15402.88,0.5802,14,0,0,0.0,188,1,1,4,0,RET000183,CUST00177
175,6,0,0.0,0,0.0,2775.76,0.0,0,0,0,0,2575.71,2575.71,1.0,30,0,0,0.0,175,0,1,1,0,RET000184,CUST00180
63,13,5,0.3846,3,4934.04,5483.76,0.0692,0,2,5,3,818.57,508.12,0.6207,7,2,3,2.381,1,0,1,3,1,RET000185,CUST00181
45,10,1,0.1,1,2054.35,5068.01,0.0405,2,1,1,1,2119.78,2119.78,1.0,8,0,1,0.6667,3,0,1,3,0,RET000186,CUST00181
42,8,0,0.0,0,0.0,5968.41,0.0,0,0,0,0,2054.35,2054.35,1.0,9,0,0,0.0,42,0,1,3,0,RET000187,CUST00181
50,10,2,0.2,1,2054.35,5068.01,0.0405,0,1,2,1,1736.46,1603.62,0.9235,6,0,2,1.2,5,0,1,3,0,RET000188,CUST00181
56,10,3,0.3,2,4174.13,5068.01,0.0824,0,1,3,2,1196.36,1196.36,1.0,12,1,3,1.6071,6,0,1,3,0,RET000189,CUST00181
62,13,4,0.3077,3,4934.04,5483.76,0.0692,0,1,4,3,756.95,756.95,1.0,5,1,3,1.9355,6,0,1,3,1,RET000190,CUST00181
237,3,0,0.0,0,0.0,1737.99,0.0,0,0,0,0,1439.38,1100.46,0.7645,25,0,0,0.0,237,0,1,1,0,RET000191,CUST00182
238,3,0,0.0,0,0.0,6663.41,0.0,0,0,0,0,3905.2,3905.2,1.0,15,0,0,0.0,238,0,1,1,0,RET000192,CUST00183
431,4,0,0.0,0,0.0,2708.76,0.0,0,0,0,0,2117.39,2117.39,1.0,11,0,0,0.0,431,0,1,1,0,RET000193,CUST00191
21,8,0,0.0,0,0.0,3339.4,0.0,0,0,0,0,7164.2,7164.2,1.0,6,0,0,0.0,21,1,3,1,0,RET000194,CUST00193
24,10,2,0.2,1,7164.2,6894.73,0.1039,0,2,2,1,2877.47,1641.98,0.5706,7,0,2,2.5,1,0,3,1,0,RET000195,CUST00193
23,10,1,0.1,0,0.0,6894.73,0.0,1,1,1,0,6000.0,6000.0,1.0,11,0,1,1.3043,2,0,3,1,0,RET000196,CUST00193
45,4,0,0.0,0,0.0,2477.88,0.0,0,0,0,0,3457.23,3457.23,1.0,18,0,0,0.0,45,0,5,1,0,RET000197,CUST00195
181,4,0,0.0,0,0.0,4921.09,0.0,0,0,0,0,1216.97,1216.97,1.0,19,0,0,0.0,181,0,1,1,0,RET000198,CUST00196
77,15,4,0.2667,1,25740.3,8294.44,0.2069,0,1,2,0,4796.1,4796.1,1.0,8,2,3,1.5584,3,0,1,3,1,RET000199,CUST00200
50,11,2,0.1818,1,25740.3,10363.69,0.2258,0,0,1,0,2198.77,2198.77,1.0,14,1,2,1.2,27,0,1,3,1,RET000200,CUST00200
74,15,3,0.2,1,25740.3,8294.44,0.2069,0,0,1,0,1078.55,1078.55,1.0,7,0,2,1.2162,24,0,1,3,1,RET000201,CUST00200
23,5,1,0.2,1,25740.3,12680.64,0.406,0,0,1,1,20857.66,20857.66,1.0,3,0,1,1.3043,16,0,1,3,1,RET000202,CUST00200
7,1,0,0.0,0,0.0,25740.3,0.0,0,0,0,0,25740.3,25740.3,1.0,6,0,0,0.0,7,0,1,3,0,RET000203,CUST00200
95,17,5,0.2941,2,26456.79,7577.15,0.2054,0,0,2,1,3038.52,3038.52,1.0,4,0,3,1.5789,18,0,1,3,1,RET000204,CUST00200
21,7,3,0.4286,2,17167.58,5022.93,0.4883,0,1,3,2,5414.94,5414.94,1.0,3,0,3,4.2857,1,0,4,1,1,RET000205,CUST00204
5,3,0,0.0,0,0.0,8759.26,0.0,2,0,0,0,23522.04,16502.71,0.7016,1,0,0,0.0,5,0,4,1,0,RET000206,CUST00204
24,7,4,0.5714,2,17167.58,5022.93,0.4883,0,2,4,2,402.49,169.3,0.4206,7,0,4,5.0,3,0,4,1,1,RET000207,CUST00204
9,3,1,0.3333,0,0.0,8759.26,0.0,0,1,1,0,664.87,664.87,1.0,7,0,1,3.3333,4,0,4,1,1,RET000208,CUST00204
20,7,2,0.2857,2,17167.58,5022.93,0.4883,0,0,2,2,1994.55,1994.55,1.0,4,0,2,3.0,11,0,4,1,1,RET000209,CUST00204
28,8,5,0.625,2,17167.58,4506.82,0.4762,0,2,5,2,893.99,893.99,1.0,2,0,5,5.3571,4,0,4,1,1,RET000210,CUST00204
508,6,1,0.1667,1,13509.04,7832.73,0.2874,0,0,0,0,4624.24,4624.24,1.0,5,0,1,0.0591,68,0,1,1,0,RET000211,CUST00208
440,4,0,0.0,0,0.0,5869.57,0.0,0,0,0,0,13509.04,13509.04,1.0,11,0,0,0.0,440,1,1,1,0,RET000212,CUST00208
64,7,1,0.1429,1,842.29,4063.82,0.0296,1,0,0,0,1415.0,1415.0,1.0,7,0,1,0.4688,53,0,1,1,0,RET000213,CUST00209
11,1,0,0.0,0,0.0,842.29,0.0,1,0,0,0,842.29,842.29,1.0,1,0,0,0.0,11,0,1,1,0,RET000214,CUST00209
146,16,3,0.1875,1,842.29,7385.21,0.0071,0,1,1,0,33744.77,15140.87,0.4487,8,0,2,0.6164,3,1,1,1,0,RET000215,CUST00209
143,15,2,0.1333,1,842.29,7741.67,0.0073,0,0,0,0,16247.23,11765.82,0.7242,2,1,2,0.4196,79,0,1,1,0,RET000216,CUST00209
189,2,0,0.0,0,0.0,5954.2,0.0,0,0,0,0,6006.11,6006.11,1.0,8,0,0,0.0,189,0,1,1,0,RET000217,CUST00213
141,1,0,0.0,0,0.0,1762.73,0.0,0,0,0,0,1762.73,1762.73,1.0,2,0,0,0.0,141,0,1,1,0,RET000218,CUST00214
249,7,0,0.0,0,0.0,6188.46,0.0,0,0,0,0,1768.49,1768.49,1.0,9,0,0,0.0,249,0,1,1,0,RET000219,CUST00215
303,8,1,0.125,1,1768.49,8846.68,0.025,0,0,0,0,27454.25,27454.25,1.0,5,0,1,0.099,54,1,1,1,0,RET000220,CUST00215
69,2,0,0.0,0,0.0,3362.07,0.0,0,0,0,0,2555.01,2555.01,1.0,12,0,0,0.0,69,0,1,1,0,RET000221,CUST00216
221,8,0,0.0,0,0.0,3594.6,0.0,0,0,0,0,720.29,720.29,1.0,20,0,0,0.0,221,0,1,1,0,RET000222,CUST00217
286,9,1,0.1111,1,478.72,3939.63,0.0135,0,0,0,0,6699.8,4370.65,0.6524,30,0,1,0.1049,65,0,1,1,0,RET000223,CUST00217
18,10,2,0.2,0,0.0,9179.76,0.0,0,2,2,0,1018.82,1018.82,1.0,7,2,1,3.3333,3,0,5,1,0,RET000224,CUST00223
15,9,1,0.1111,0,0.0,6923.73,0.0,1,1,1,0,4411.05,4411.05,1.0,5,1,1,2.0,1,0,5,1,0,RET000225,CUST00223
19,10,3,0.3,1,4411.05,9179.76,0.0481,0,3,3,1,4053.81,4053.81,1.0,9,0,1,4.7368,1,0,5,1,1,RET000226,CUST00223
14,8,0,0.0,0,0.0,4810.48,0.0,0,0,0,0,21427.28,21427.28,1.0,4,0,0,0.0,14,1,5,1,0,RET000227,CUST00223
69,13,5,0.3846,1,4411.05,10721.5,0.0316,1,0,1,0,27304.34,27304.34,1.0,1,0,3,2.1739,24,1,5,1,1,RET000228,CUST00223
45,11,4,0.3636,1,4411.05,8435.91,0.0475,0,0,3,1,997.46,997.46,1.0,13,0,2,2.6667,26,0,5,1,0,RET000229,CUST00223
142,1,0,0.0,0,0.0,1865.02,0.0,0,0,0,0,1865.02,1865.02,1.0,23,0,0,0.0,142,0,1,1,0,RET000230,CUST00224
291,4,0,0.0,0,0.0,21694.79,0.0,0,0,0,0,42721.99,42721.99,1.0,4,0,0,0.0,291,0,1,1,0,RET000231,CUST00226
398,3,0,0.0,0,0.0,2385.13,0.0,0,0,0,0,2505.51,2505.51,1.0,10,0,0,0.0,398,0,1,1,0,RET000232,CUST00227
43,4,0,0.0,0,0.0,11064.15,0.0,0,0,0,0,7046.62,7046.62,1.0,30,0,0,0.0,43,0,1,1,0,RET000233,CUST00231
8,3,0,0.0,0,0.0,6160.66,0.0,0,0,0,0,15531.2,15531.2,1.0,3,0,0,0.0,8,1,1,3,1,RET000234,CUST00234
65,19,6,0.3158,1,15531.2,10568.79,0.0773,0,1,2,0,4046.02,4046.02,1.0,5,0,3,2.7692,6,0,1,3,1,RET000235,CUST00234
80,21,8,0.381,2,19577.22,9737.67,0.0957,0,0,4,1,2597.73,2597.73,1.0,9,3,5,3.0,9,0,1,3,1,RET000236,CUST00234
71,20,7,0.35,2,19577.22,10094.67,0.097,0,1,3,1,1086.44,1086.44,1.0,3,0,4,2.9577,6,0,1,3,1,RET000237,CUST00234
22,5,2,0.4,1,15531.2,8384.56,0.3705,1,1,2,1,18853.06,18853.06,1.0,1,0,2,2.7273,3,1,1,3,1,RET000238,CUST00234
19,4,1,0.25,1,15531.2,5767.43,0.6732,0,0,1,1,1265.94,792.28,0.6258,14,0,1,1.5789,11,0,1,3,1,RET000239,CUST00234
51,17,4,0.2353,1,15531.2,11515.53,0.0793,1,0,2,0,2690.82,2690.82,1.0,3,2,3,2.3529,25,0,1,3,1,RET000240,CUST00234
89,22,9,0.4091,3,20663.66,9994.38,0.094,0,0,4,2,15385.25,8624.85,0.5606,5,1,5,3.0337,9,0,1,3,1,RET000241,CUST00234
59,18,5,0.2778,1,15531.2,10931.16,0.0789,0,0,1,0,14485.33,14485.33,1.0,9,1,3,2.5424,8,0,1,3,1,RET000242,CUST00234
26,6,3,0.5,1,15531.2,8215.85,0.3151,0,2,3,1,7372.29,7372.29,1.0,4,1,3,3.4615,4,0,1,3,1,RET000243,CUST00234
97,25,10,0.4,5,28833.89,8986.55,0.1283,0,0,3,4,1482.1,1482.1,1.0,3,4,5,3.0928,8,0,1,3,1,RET000244,CUST00234
103,25,11,0.44,5,28833.89,8986.55,0.1283,0,1,3,3,2048.92,2048.92,1.0,8,2,5,3.2039,6,0,1,3,1,RET000245,CUST00234
81,5,0,0.0,0,0.0,4505.71,0.0,1,0,0,0,768.57,768.57,1.0,2,0,0,0.0,81,0,1,1,0,RET000246,CUST00236
145,3,0,0.0,0,0.0,1252.36,0.0,0,0,0,0,693.37,693.37,1.0,25,0,0,0.0,145,0,1,1,0,RET000247,CUST00237
418,8,0,0.0,0,0.0,5094.06,0.0,0,0,0,0,3008.09,3008.09,1.0,17,0,0,0.0,418,0,1,3,0,RET000248,CUST00238
144,4,1,0.25,1,519.12,1720.06,0.0755,0,0,1,1,1771.06,1771.06,1.0,9,0,1,0.2083,12,0,1,1,0,RET000249,CUST00240
132,3,0,0.0,0,0.0,1703.06,0.0,0,0,0,0,519.12,519.12,1.0,3,0,0,0.0,132,0,1,1,0,RET000250,CUST00240
253,2,0,0.0,0,0.0,1229.87,0.0,0,0,0,0,917.05,917.05,1.0,15,0,0,0.0,253,0,1,1,0,RET000251,CUST00241
10,5,0,0.0,0,0.0,8373.33,0.0,2,0,0,0,2063.2,2063.2,1.0,8,0,0,0.0,10,0,5,1,0,RET000252,CUST00243
17,6,1,0.1667,0,0.0,7167.48,0.0,1,1,1,0,5739.53,5739.53,1.0,10,0,1,1.7647,7,0,5,1,0,RET000253,CUST00243
33,9,2,0.2222,1,2063.2,7426.26,0.0309,0,0,2,1,20280.72,20280.72,1.0,13,1,2,1.8182,16,1,5,1,1,RET000254,CUST00243
35,9,3,0.3333,1,2063.2,7426.26,0.0309,0,1,3,1,1506.51,1506.51,1.0,13,0,2,2.5714,2,0,5,1,0,RET000255,CUST00243
64,3,0,0.0,0,0.0,8327.11,0.0,0,0,0,0,11106.27,11106.27,1.0,3,0,0,0.0,64,0,1,4,0,RET000256,CUST00244
72,5,2,0.4,0,0.0,6679.26,0.0,0,1,2,0,5192.34,5192.34,1.0,5,1,2,0.8333,4,0,1,4,1,RET000257,CUST00244
68,5,1,0.2,0,0.0,6679.26,0.0,1,1,1,0,2678.58,2678.58,1.0,8,0,1,0.4412,4,0,1,4,0,RET000258,CUST00244
72,5,2,0.4,0,0.0,6679.26,0.0,0,1,2,0,3222.63,1920.69,0.596,6,0,2,0.8333,4,0,1,4,1,RET000259,CUST00244
248,8,4,0.5,2,4878.2,8362.88,0.0729,0,0,0,0,1907.26,1907.26,1.0,13,2,3,0.4839,176,0,1,4,1,RET000260,CUST00244
86,6,0,0.0,0,0.0,2720.86,0.0,0,0,0,0,8835.58,8835.58,1.0,12,0,0,0.0,86,1,1,1,0,RET000261,CUST00248
308,8,1,0.125,1,556.31,6016.88,0.0116,0,0,1,1,15472.85,15472.85,1.0,17,0,1,0.0974,10,1,1,1,0,RET000262,CUST00250
298,8,0,0.0,0,0.0,6016.88,0.0,0,0,0,0,753.3,753.3,1.0,22,0,0,0.0,298,0,1,1,0,RET000263,CUST00250
49,3,0,0.0,0,0.0,8496.7,0.0,0,0,0,0,1607.55,1213.05,0.7546,23,0,0,0.0,49,0,1,4,0,RET000264,CUST00251
12,7,1,0.1429,1,2548.01,7486.36,0.0486,1,1,1,1,2720.96,2720.96,1.0,3,0,1,2.5,6,0,5,4,0,RET000265,CUST00252
18,13,2,0.1538,1,2548.01,6752.45,0.029,0,1,2,1,2511.14,2511.14,1.0,13,0,2,3.3333,6,0,5,4,1,RET000266,CUST00252
6,4,0,0.0,0,0.0,6470.18,0.0,2,0,0,0,2548.01,2548.01,1.0,4,0,0,0.0,6,0,5,4,0,RET000267,CUST00252
29,2,0,0.0,0,0.0,7818.41,0.0,0,0,0,0,12612.86,9870.62,0.7826,13,0,0,0.0,29,0,1,1,0,RET000268,CUST00259
265,3,0,0.0,0,0.0,1640.79,0.0,0,0,0,0,1827.02,1827.02,1.0,23,0,0,0.0,265,0,1,1,0,RET000269,CUST00261
178,3,0,0.0,0,0.0,10200.54,0.0,0,0,0,0,2277.15,2277.15,1.0,10,0,0,0.0,178,0,1,1,0,RET000270,CUST00262
239,5,1,0.2,0,0.0,10111.98,0.0,0,0,0,0,17829.21,14365.96,0.8058,5,0,1,0.1255,61,0,1,1,0,RET000271,CUST00262
42,2,1,0.5,1,888.45,1167.75,0.3804,0,0,1,1,1447.05,1000.58,0.6915,4,0,1,0.7143,25,0,1,3,1,RET000272,CUST00264
61,9,3,0.3333,2,1889.03,12329.82,0.017,0,0,2,1,2458.73,2458.73,1.0,4,1,3,1.4754,17,0,1,3,0,RET000273,CUST00264
71,11,4,0.3636,2,1889.03,11443.5,0.015,0,0,3,1,1628.17,1628.17,1.0,5,0,3,1.6901,10,0,1,3,1,RET000274,CUST00264
44,3,2,0.6667,1,888.45,1293.3,0.229,0,1,2,1,1544.39,1544.39,1.0,2,0,2,1.3636,2,0,1,3,0,RET000275,CUST00264
17,1,0,0.0,0,0.0,888.45,0.0,0,0,0,0,888.45,888.45,1.0,6,0,0,0.0,17,0,1,3,0,RET000276,CUST00264
279,4,0,0.0,0,0.0,2826.96,0.0,0,0,0,0,3687.65,3687.65,1.0,26,0,0,0.0,279,0,1,1,0,RET000277,CUST00265
297,5,0,0.0,0,0.0,2060.2,0.0,0,0,0,0,1116.13,1116.13,1.0,30,0,0,0.0,297,0,1,1,0,RET000278,CUST00266
118,6,0,0.0,0,0.0,1313.7,0.0,0,0,0,0,770.94,570.87,0.7405,3,0,0,0.0,118,0,1,1,0,RET000279,CUST00267
226,4,0,0.0,0,0.0,20677.93,0.0,0,0,0,0,25369.78,25369.78,1.0,29,0,0,0.0,226,0,1,1,0,RET000280,CUST00272
82,2,0,0.0,0,0.0,4229.05,0.0,0,0,0,0,2458.09,2458.09,1.0,23,0,0,0.0,82,0,1,1,0,RET000281,CUST00273
114,4,1,0.25,0,0.0,2914.9,0.0,0,0,0,0,2379.32,2379.32,1.0,26,1,1,0.2632,32,0,1,1,0,RET000282,CUST00273
153,4,0,0.0,0,0.0,10453.57,0.0,0,0,0,0,3494.15,3494.15,1.0,8,0,0,0.0,153,0,1,3,0,RET000283,CUST00274
383,4,0,0.0,0,0.0,6731.63,0.0,0,0,0,0,3036.56,2358.02,0.7765,17,0,0,0.0,383,0,1,1,0,RET000284,CUST00277
55,12,3,0.25,2,24017.93,6098.72,0.3282,0,1,1,0,6689.05,4810.02,0.7191,9,1,2,1.6364,3,0,5,4,1,RET000285,CUST00281
66,18,4,0.2222,5,29915.58,4644.78,0.3578,1,0,2,3,1144.68,901.2,0.7873,6,0,2,1.8182,11,0,5,4,1,RET000286,CUST00281
13,2,1,0.5,1,3162.83,12008.97,0.1317,1,1,1,1,20855.1,20855.1,1.0,1,1,1,2.3077,7,0,5,4,1,RET000287,CUST00281
52,12,2,0.1667,2,24017.93,6098.72,0.3282,0,0,0,1,849.96,849.96,1.0,3,0,1,1.1538,39,0,5,4,1,RET000288,CUST00281
70,18,5,0.2778,6,30816.78,4644.78,0.3686,0,1,3,4,1648.06,1648.06,1.0,9,2,3,2.1429,4,0,5,4,1,RET000289,CUST00281
74,18,6,0.3333,6,30816.78,4644.78,0.3686,0,1,4,4,2036.07,2036.07,1.0,9,0,3,2.4324,4,0,5,4,1,RET000290,CUST00281
6,1,0,0.0,0,0.0,3162.83,0.0,0,0,0,0,3162.83,3162.83,1.0,2,0,0,0.0,6,0,5,4,0,RET000291,CUST00281
28,18,8,0.4444,4,6854.56,3190.53,0.1194,0,2,8,4,1429.19,1429.19,1.0,12,3,4,8.5714,6,0,4,3,1,RET000292,CUST00282
20,17,5,0.2941,2,1147.5,3259.13,0.0207,0,1,5,2,5865.32,5865.32,1.0,6,0,3,7.5,7,0,4,3,1,RET000293,CUST00282
22,18,6,0.3333,3,6323.97,3190.53,0.1101,0,1,6,3,1565.33,1565.33,1.0,9,1,4,8.1818,2,0,4,3,1,RET000294,CUST00282
10,7,1,0.1429,0,0.0,2848.86,0.0,3,1,1,0,5176.47,5176.47,1.0,3,0,1,3.0,2,0,4,3,0,RET000295,CUST00282
11,9,2,0.2222,1,738.48,3784.32,0.0217,2,2,2,1,2626.4,2626.4,1.0,2,1,2,5.4545,1,0,4,3,1,RET000296,CUST00282
22,18,6,0.3333,3,6323.97,3190.53,0.1101,0,1,6,3,795.09,587.57,0.739,13,2,4,8.1818,2,0,4,3,1,RET000297,CUST00282
11,9,2,0.2222,1,738.48,3784.32,0.0217,2,2,2,1,1056.07,1056.07,1.0,2,0,2,5.4545,1,0,4,3,1,RET000298,CUST00282
78,24,10,0.4167,5,7989.08,3269.69,0.1018,0,0,1,1,6920.89,6920.89,1.0,5,1,4,3.8462,18,1,4,3,1,RET000299,CUST00282
8,3,0,0.0,0,0.0,2276.77,0.0,2,0,0,0,888.84,888.84,1.0,1,0,0,0.0,8,0,4,3,0,RET000300,CUST00282
60,23,9,0.3913,4,6854.56,3110.95,0.0958,0,0,0,0,1294.1,1294.1,1.0,11,4,4,4.5,32,0,4,3,1,RET000301,CUST00282
13,10,4,0.4,1,738.48,3721.33,0.0198,1,4,4,1,765.01,409.02,0.5347,13,1,3,9.2308,2,0,4,3,1,RET000302,CUST00282
236,6,1,0.1667,1,8000.0,10413.49,0.128,0,0,1,1,11638.73,6174.21,0.5305,10,1,1,0.1271,24,0,1,1,0,RET000303,CUST00286
212,5,0,0.0,0,0.0,10168.44,0.0,2,0,0,0,8000.0,8000.0,1.0,7,0,0,0.0,212,0,1,1,0,RET000304,CUST00286
327,12,4,0.3333,2,8207.87,10150.82,0.0674,0,0,0,0,1760.67,1760.67,1.0,12,0,3,0.367,60,0,1,1,0,RET000305,CUST00286
421,17,6,0.3529,3,9462.15,9294.62,0.0599,0,0,1,1,10672.4,6963.69,0.6525,13,1,5,0.4276,15,0,1,1,1,RET000306,CUST00286
406,16,5,0.3125,2,8207.87,9208.51,0.0557,0,0,0,0,1254.28,1254.28,1.0,2,0,4,0.3695,79,0,1,1,0,RET000307,CUST00286
267,9,3,0.3333,1,8000.0,8377.93,0.1061,0,0,1,0,240.36,240.36,1.0,2,0,2,0.3371,9,0,1,1,0,RET000308,CUST00286
258,7,2,0.2857,1,8000.0,10632.07,0.1075,0,0,1,0,11943.59,10813.9,0.9054,4,0,1,0.2326,22,0,1,1,0,RET000309,CUST00286
62,2,0,0.0,0,0.0,4219.01,0.0,0,0,0,0,4007.47,4007.47,1.0,2,0,0,0.0,62,0,1,1,0,RET000310,CUST00288
147,6,0,0.0,0,0.0,2445.83,0.0,0,0,0,0,817.8,817.8,1.0,23,0,0,0.0,147,0,1,1,0,RET000311,CUST00290
312,7,0,0.0,0,0.0,7323.75,0.0,0,0,0,0,5820.03,5820.03,1.0,21,0,0,0.0,312,0,1,1,0,RET000312,CUST00291
232,4,0,0.0,0,0.0,3606.3,0.0,0,0,0,0,1500.99,1008.27,0.6717,15,0,0,0.0,232,0,1,1,0,RET000313,CUST00292
58,17,4,0.2353,2,16466.8,7340.7,0.132,0,1,4,2,2034.56,2034.56,1.0,6,0,4,2.069,4,0,1,1,1,RET000314,CUST00299
41,11,1,0.0909,0,0.0,8560.04,0.0,2,1,1,0,15607.28,15607.28,1.0,11,0,1,0.7317,7,0,1,1,1,RET000315,CUST00299
54,17,3,0.1765,2,16466.8,7340.7,0.132,0,0,3,2,1454.87,1454.87,1.0,7,0,3,1.6667,8,0,1,1,1,RET000316,CUST00299
34,7,0,0.0,0,0.0,5022.7,0.0,2,0,0,0,12070.16,8444.99,0.6997,1,0,0,0.0,34,0,1,1,0,RET000317,CUST00299
46,14,2,0.1429,1,15607.28,8539.63,0.1305,0,1,2,1,1447.66,859.52,0.5937,13,0,2,1.3043,5,0,1,1,1,RET000318,CUST00299
154,2,0,0.0,0,0.0,1050.26,0.0,0,0,0,0,783.08,783.08,1.0,23,0,0,0.0,154,0,1,1,0,RET000319,CUST00300
97,4,0,0.0,0,0.0,1979.22,0.0,0,0,0,0,1987.1,1987.1,1.0,20,0,0,0.0,97,0,1,1,1,RET000320,CUST00302
214,6,3,0.5,1,20631.75,9984.73,0.3444,0,0,2,1,1515.27,1382.48,0.9124,14,0,2,0.4206,21,0,5,3,1,RET000321,CUST00306
104,1,0,0.0,0,0.0,2182.52,0.0,0,0,0,0,2182.52,1123.51,0.5148,14,0,0,0.0,104,0,5,3,0,RET000322,CUST00306
193,5,2,0.4,0,0.0,11678.63,0.0,1,1,1,0,20631.75,20631.75,1.0,1,0,1,0.3109,1,0,5,3,1,RET000323,CUST00306
192,4,1,0.25,0,0.0,9440.35,0.0,0,0,0,0,3387.17,2816.47,0.8315,4,1,1,0.1562,88,0,5,3,1,RET000324,CUST00306
287,12,6,0.5,3,23562.34,7170.58,0.2738,0,0,1,1,5573.51,5573.51,1.0,3,0,5,0.6272,20,0,5,3,0,RET000325,CUST00306
232,7,4,0.5714,2,22014.23,10547.32,0.2982,0,0,1,1,13922.86,13922.86,1.0,11,0,3,0.5172,18,0,5,3,0,RET000326,CUST00306
267,10,5,0.5,2,22014.23,7892.04,0.2789,0,0,0,0,2136.58,1548.11,0.7246,13,0,4,0.5618,35,0,5,3,1,RET000327,CUST00306
103,8,3,0.375,3,1870.96,2536.53,0.0922,0,0,2,2,12386.88,5232.83,0.4224,21,0,3,0.8738,14,1,3,1,1,RET000328,CUST00307
82,7,1,0.1429,1,357.98,1129.34,0.0453,0,0,1,1,1081.71,1081.71,1.0,16,0,1,0.3659,18,0,3,1,0,RET000329,CUST00307
89,8,2,0.25,1,357.98,2536.53,0.0176,0,1,2,1,531.31,531.31,1.0,19,0,2,0.6742,7,0,3,1,0,RET000330,CUST00307
64,2,0,0.0,0,0.0,559.81,0.0,0,0,0,0,357.98,357.98,1.0,7,0,0,0.0,64,0,3,1,0,RET000331,CUST00307
52,2,0,0.0,0,0.0,15998.11,0.0,0,0,0,0,27836.79,27836.79,1.0,12,0,0,0.0,52,0,1,1,0,RET000332,CUST00309
393,4,0,0.0,0,0.0,6520.83,0.0,0,0,0,0,2187.29,2187.29,1.0,2,0,0,0.0,393,0,1,1,0,RET000333,CUST00310
368,1,0,0.0,0,0.0,4000.0,0.0,0,0,0,0,4000.0,1819.4,0.4549,15,0,0,0.0,368,0,1,1,0,RET000334,CUST00317
89,1,0,0.0,0,0.0,16574.28,0.0,0,0,0,0,16574.28,10881.39,0.6565,18,0,0,0.0,89,0,1,1,0,RET000335,CUST00319
294,3,0,0.0,0,0.0,3010.78,0.0,0,0,0,0,5781.34,5781.34,1.0,25,0,0,0.0,294,0,1,1,0,RET000336,CUST00320
36,2,0,0.0,0,0.0,2793.25,0.0,0,0,0,0,4148.4,4148.4,1.0,22,0,0,0.0,36,0,1,1,0,RET000337,CUST00321
56,7,0,0.0,0,0.0,6702.31,0.0,1,0,0,0,2632.26,2632.26,1.0,1,0,0,0.0,56,0,3,1,0,RET000338,CUST00322
89,4,0,0.0,0,0.0,3477.45,0.0,0,0,0,0,1713.83,1713.83,1.0,23,0,0,0.0,89,0,1,1,0,RET000339,CUST00325
94,4,1,0.25,0,0.0,3477.45,0.0,0,1,1,0,1508.61,1508.61,1.0,15,0,1,0.3191,5,0,1,1,0,RET000340,CUST00325
35,4,0,0.0,0,0.0,6192.24,0.0,0,0,0,0,14280.92,14280.92,1.0,14,0,0,0.0,35,1,1,1,0,RET000341,CUST00329
103,14,1,0.0714,0,0.0,4792.34,0.0,0,0,0,0,4215.95,3134.8,0.7436,6,0,1,0.2913,68,0,1,1,1,RET000342,CUST00329
164,8,1,0.125,0,0.0,5755.65,0.0,1,0,1,0,1378.59,1378.59,1.0,6,0,1,0.1829,10,0,2,1,0,RET000343,CUST00330
154,6,0,0.0,0,0.0,4431.65,0.0,1,0,0,0,1415.97,1088.7,0.7689,4,0,0,0.0,154,0,2,1,0,RET000344,CUST00330
169,9,2,0.2222,0,0.0,5443.35,0.0,0,1,2,0,18076.64,18076.64,1.0,6,1,2,0.355,5,1,2,1,0,RET000345,CUST00330
58,6,1,0.1667,1,4349.96,6278.4,0.1155,0,0,1,1,2801.75,2801.75,1.0,2,0,1,0.5172,30,0,4,1,0,RET000346,CUST00331
66,8,2,0.25,1,4349.96,7143.88,0.0761,0,0,1,1,3177.07,2280.72,0.7179,14,0,2,0.9091,8,0,4,1,0,RET000347,CUST00331
82,9,3,0.3333,1,4349.96,9143.9,0.0529,0,0,2,0,25144.02,16328.83,0.6494,10,1,3,1.0976,16,0,4,1,1,RET000348,CUST00331
28,1,0,0.0,0,0.0,4349.96,0.0,0,0,0,0,4349.96,4349.96,1.0,4,0,0,0.0,28,0,4,1,0,RET000349,CUST00331
529,5,0,0.0,0,0.0,2208.92,0.0,0,0,0,0,1561.66,1104.09,0.707,7,0,0,0.0,529,0,1,1,0,RET000350,CUST00332
163,4,0,0.0,0,0.0,14870.3,0.0,0,0,0,0,2078.69,2078.69,1.0,8,0,0,0.0,163,0,1,4,0,RET000351,CUST00333
223,7,1,0.1429,1,2078.69,9678.38,0.0307,0,0,0,0,1548.9,1548.9,1.0,4,0,1,0.1345,60,0,1,4,0,RET000352,CUST00333
256,8,2,0.25,2,3627.59,8670.22,0.0523,0,0,0,1,1613.05,1613.05,1.0,9,0,2,0.2344,33,0,1,4,1,RET000353,CUST00333
349,3,0,0.0,0,0.0,2492.13,0.0,0,0,0,0,1140.93,1140.93,1.0,2,0,0,0.0,349,0,1,1,0,RET000354,CUST00338
312,3,1,0.3333,1,7951.69,6748.42,0.3928,0,0,0,1,4749.57,3436.76,0.7236,5,0,1,0.0962,31,0,4,1,1,RET000355,CUST00341
482,11,2,0.1818,2,11388.45,7239.09,0.143,0,0,0,0,12218.0,12218.0,1.0,9,1,2,0.1245,170,0,4,1,0,RET000356,CUST00341
281,1,0,0.0,0,0.0,12047.8,0.0,0,0,0,0,12047.8,12047.8,1.0,5,0,0,0.0,281,0,4,1,0,RET000357,CUST00341
35,9,2,0.2222,0,0.0,8404.4,0.0,0,1,2,0,21273.32,21273.32,1.0,8,0,1,1.7143,4,1,4,1,1,RET000358,CUST00342
31,6,1,0.1667,0,0.0,8819.63,0.0,0,0,1,0,3623.91,3623.91,1.0,8,1,1,0.9677,11,0,4,1,0,RET000359,CUST00342
20,2,0,0.0,0,0.0,7618.53,0.0,0,0,0,0,3704.66,3704.66,1.0,8,0,0,0.0,20,0,4,1,0,RET000360,CUST00342
68,1,0,0.0,0,0.0,3800.01,0.0,0,0,0,0,3800.01,3800.01,1.0,7,0,0,0.0,68,0,1,1,0,RET000361,CUST00347
176,5,0,0.0,0,0.0,6731.68,0.0,0,0,0,0,14245.45,14245.45,1.0,13,0,0,0.0,176,1,1,1,0,RET000362,CUST00349
39,5,0,0.0,0,0.0,2871.17,0.0,0,0,0,0,1130.22,1130.22,1.0,28,0,0,0.0,39,0,1,1,0,RET000363,CUST00351
225,12,4,0.3333,1,24549.28,9391.93,0.2178,0,2,3,0,20351.87,20351.87,1.0,7,0,2,0.5333,1,1,5,3,1,RET000364,CUST00352
219,11,2,0.1818,1,24549.28,10149.52,0.2199,2,0,1,0,879.87,879.87,1.0,7,1,2,0.274,18,0,5,3,0,RET000365,CUST00352
224,12,3,0.25,1,24549.28,9391.93,0.2178,0,1,2,0,1400.57,1400.57,1.0,14,2,2,0.4018,5,0,5,3,1,RET000366,CUST00352
244,14,5,0.3571,3,46301.72,8208.39,0.4029,0,0,3,2,1305.02,1305.02,1.0,3,1,3,0.6148,19,0,5,3,1,RET000367,CUST00352
201,5,1,0.2,1,24549.28,14530.18,0.3379,0,0,0,0,2754.5,2754.5,1.0,6,0,1,0.1493,102,0,5,3,1,RET000368,CUST00352
99,2,0,0.0,0,0.0,24250.24,0.0,0,0,0,0,24549.28,24549.28,1.0,11,0,0,0.0,99,0,5,3,0,RET000369,CUST00352
404,7,0,0.0,0,0.0,4218.45,0.0,0,0,0,0,5409.14,5409.14,1.0,13,0,0,0.0,404,0,3,1,0,RET000370,CUST00353
102,9,1,0.1111,1,1978.61,3841.55,0.0572,0,0,0,0,18308.74,18308.74,1.0,20,0,1,0.2941,80,1,3,1,0,RET000371,CUST00355
22,2,0,0.0,0,0.0,1582.47,0.0,0,0,0,0,1978.61,1978.61,1.0,22,0,0,0.0,22,0,3,1,0,RET000372,CUST00355
248,4,0,0.0,0,0.0,6892.96,0.0,0,0,0,0,22991.24,21152.23,0.92,15,0,0,0.0,248,1,1,4,0,RET000373,CUST00356
228,6,0,0.0,0,0.0,3069.76,0.0,0,0,0,0,1821.47,1821.47,1.0,6,0,0,0.0,228,0,1,1,0,RET000374,CUST00357
60,5,0,0.0,0,0.0,2005.31,0.0,0,0,0,0,1934.19,1811.5,0.9366,10,0,0,0.0,60,0,1,1,0,RET000375,CUST00361
173,8,1,0.125,1,1811.5,6731.84,0.0336,0,0,0,0,943.11,943.11,1.0,29,0,1,0.1734,113,0,1,1,0,RET000376,CUST00361
153,6,0,0.0,0,0.0,4004.43,0.0,0,0,0,0,2274.12,2274.12,1.0,9,0,0,0.0,153,0,1,1,0,RET000377,CUST00362
101,4,0,0.0,0,0.0,6584.43,0.0,0,0,0,0,20352.37,20352.37,1.0,27,0,0,0.0,101,1,1,1,0,RET000378,CUST00364
400,3,0,0.0,0,0.0,1053.59,0.0,0,0,0,0,1549.6,1549.6,1.0,22,0,0,0.0,400,0,1,1,0,RET000379,CUST00368
146,2,0,0.0,0,0.0,3877.88,0.0,0,0,0,0,5173.43,5173.43,1.0,28,0,0,0.0,146,0,1,1,0,RET000380,CUST00369
96,24,10,0.4167,9,96783.07,9149.82,0.4407,0,0,2,3,2986.59,2986.59,1.0,5,1,5,3.125,9,0,5,2,1,RET000381,CUST00370
17,4,2,0.5,0,0.0,1267.5,0.0,0,1,2,0,626.35,407.42,0.6505,5,0,2,3.5294,2,0,5,2,1,RET000382,CUST00370
61,16,6,0.375,4,26934.24,7343.98,0.2292,1,0,2,2,20074.41,20074.41,1.0,3,0,3,2.9508,9,1,5,2,1,RET000383,CUST00370
62,16,7,0.4375,4,26934.24,7343.98,0.2292,0,1,3,2,22038.6,22038.6,1.0,13,3,4,3.3871,1,1,5,2,1,RET000384,CUST00370
29,6,3,0.5,2,3070.42,1477.29,0.3464,0,0,3,2,1635.56,1635.56,1.0,4,1,3,3.1034,12,0,5,2,1,RET000385,CUST00370
5,3,0,0.0,0,0.0,1481.22,0.0,0,0,0,0,1269.59,1269.59,1.0,2,0,0,0.0,5,0,5,2,0,RET000386,CUST00370
52,14,4,0.2857,3,4705.98,6630.43,0.0507,0,0,1,3,22228.26,22228.26,1.0,11,1,3,2.3077,23,1,5,2,1,RET000387,CUST00370
15,4,1,0.25,0,0.0,1267.5,0.0,0,0,1,0,2663.0,2663.0,1.0,13,0,1,2.0,10,1,5,2,1,RET000388,CUST00370
52,14,4,0.2857,3,4705.98,6630.43,0.0507,0,0,1,3,21427.16,21427.16,1.0,14,1,3,2.3077,23,1,5,2,1,RET000389,CUST00370
83,21,8,0.381,7,90474.41,9944.69,0.4332,0,0,2,4,2308.66,2308.66,1.0,9,2,4,2.8916,21,0,5,2,1,RET000390,CUST00370
87,23,9,0.3913,8,92783.07,9417.79,0.4283,0,1,3,4,4000.0,4000.0,1.0,3,0,4,3.1034,4,0,5,2,1,RET000391,CUST00370
308,15,3,0.2,1,1600.24,8942.57,0.0119,0,3,3,1,1501.55,1501.55,1.0,13,1,3,0.2922,1,0,1,1,1,RET000392,CUST00371
310,15,4,0.2667,1,1600.24,8942.57,0.0119,0,3,4,1,4122.73,3651.9,0.8858,13,0,3,0.3871,2,0,1,1,1,RET000393,CUST00371
304,15,1,0.0667,0,0.0,8942.57,0.0,0,1,1,0,13235.78,6424.33,0.4854,10,0,1,0.0987,3,0,1,1,0,RET000394,CUST00371
307,15,2,0.1333,1,1600.24,8942.57,0.0119,0,2,2,1,2673.52,2673.52,1.0,10,0,2,0.1954,3,0,1,1,0,RET000395,CUST00371
301,15,0,0.0,0,0.0,8942.57,0.0,0,0,0,0,1600.24,1600.24,1.0,5,0,0,0.0,301,0,1,1,0,RET000396,CUST00371
54,1,0,0.0,0,0.0,1419.97,0.0,0,0,0,0,1419.97,1419.97,1.0,4,0,0,0.0,54,0,1,1,0,RET000397,CUST00373
11,2,0,0.0,0,0.0,18898.34,0.0,0,0,0,0,36136.05,36136.05,1.0,3,0,0,0.0,11,0,5,4,0,RET000398,CUST00376
15,5,1,0.2,0,0.0,18347.33,0.0,1,1,1,0,48105.09,48105.09,1.0,4,0,1,2.0,4,1,5,4,0,RET000399,CUST00376
19,6,2,0.3333,1,48105.09,15887.66,0.5046,0,1,2,1,3589.31,2628.97,0.7324,4,1,2,3.1579,4,0,5,4,1,RET000400,CUST00376
463,8,0,0.0,0,0.0,5158.46,0.0,0,0,0,0,1649.52,1649.52,1.0,9,0,0,0.0,463,0,1,1,0,RET000401,CUST00379
360,10,2,0.2,1,974.99,7935.11,0.0123,1,0,0,0,1285.29,1285.29,1.0,1,1,2,0.1667,102,0,1,1,0,RET000402,CUST00380
258,3,1,0.3333,1,974.99,10193.01,0.0319,0,0,0,0,9816.83,9816.83,1.0,5,0,1,0.1163,71,0,1,1,0,RET000403,CUST00380
187,1,0,0.0,0,0.0,1034.6,0.0,0,0,0,0,1034.6,974.99,0.9424,9,0,0,0.0,187,0,1,1,0,RET000404,CUST00380
399,13,3,0.2308,2,2260.28,6895.8,0.0252,0,0,0,0,2916.99,2916.99,1.0,5,0,2,0.2256,39,0,1,1,0,RET000405,CUST00380
431,4,0,0.0,0,0.0,5967.96,0.0,0,0,0,0,2435.42,2435.42,1.0,12,0,0,0.0,431,0,1,1,0,RET000406,CUST00381
55,8,2,0.25,0,0.0,5537.0,0.0,0,1,1,0,3409.25,3409.25,1.0,3,1,2,1.0909,5,0,5,1,1,RET000407,CUST00382
60,9,3,0.3333,1,1687.9,6895.36,0.0272,0,1,2,1,3472.51,3472.51,1.0,8,1,2,1.5,5,0,5,1,1,RET000408,CUST00382
60,9,3,0.3333,1,1687.9,6895.36,0.0272,0,1,2,1,2615.1,2615.1,1.0,9,0,2,1.5,5,0,5,1,1,RET000409,CUST00382
50,5,1,0.2,0,0.0,6959.83,0.0,0,0,1,0,1687.9,1687.9,1.0,7,0,1,0.6,28,0,5,1,0,RET000410,CUST00382
22,3,0,0.0,0,0.0,10434.8,0.0,0,0,0,0,2128.18,2128.18,1.0,14,0,0,0.0,22,0,5,1,0,RET000411,CUST00382
292,3,0,0.0,0,0.0,17882.83,0.0,1,0,0,0,31240.51,22763.73,0.7287,7,0,0,0.0,292,0,3,1,0,RET000412,CUST00387
306,6,2,0.3333,1,2506.56,10832.7,0.0386,0,1,2,1,4856.79,4022.99,0.8283,12,2,1,0.1961,5,0,3,1,0,RET000413,CUST00387
301,6,1,0.1667,0,0.0,10832.7,0.0,0,0,1,0,2506.56,2506.56,1.0,10,1,1,0.0997,9,0,3,1,0,RET000414,CUST00387
313,7,3,0.4286,1,2506.56,10742.42,0.0333,0,1,3,1,10200.76,10200.76,1.0,4,3,1,0.2875,7,0,3,1,1,RET000415,CUST00387
388,10,6,0.6,3,13833.48,10348.65,0.1337,0,0,0,0,1737.62,1737.62,1.0,11,5,2,0.4639,57,0,3,1,1,RET000416,CUST00387
331,9,5,0.5556,2,12707.32,11305.43,0.1249,0,0,4,2,1126.16,1126.16,1.0,12,4,2,0.4532,8,0,3,1,1,RET000417,CUST00387
323,9,4,0.4444,2,12707.32,11305.43,0.1249,0,0,3,2,25425.74,23869.9,0.9388,8,0,1,0.3715,10,1,3,1,1,RET000418,CUST00387
36,5,0,0.0,0,0.0,6163.56,0.0,0,0,0,0,4000.0,4000.0,1.0,4,0,0,0.0,36,0,3,4,0,RET000419,CUST00392
38,6,1,0.1667,0,0.0,5560.23,0.0,1,1,1,0,14858.61,14858.61,1.0,7,1,1,0.7895,2,1,3,4,0,RET000420,CUST00392
91,9,2,0.2222,0,0.0,5538.9,0.0,1,0,0,0,2373.44,2373.44,1.0,1,2,1,0.6593,53,0,3,4,1,RET000421,CUST00392
149,14,6,0.4286,2,4773.31,5017.95,0.0679,0,0,2,1,1098.25,796.53,0.7253,13,0,2,1.2081,22,0,3,4,1,RET000422,CUST00392
127,13,5,0.3846,1,2448.52,5319.47,0.0354,0,1,2,1,2324.79,2324.79,1.0,8,4,2,1.1811,2,0,3,4,1,RET000423,CUST00392
103,11,3,0.2727,0,0.0,5811.48,0.0,0,0,1,0,2448.52,2448.52,1.0,4,0,1,0.8738,12,0,3,4,1,RET000424,CUST00392
125,13,4,0.3077,1,2448.52,5319.47,0.0354,0,0,1,1,2901.99,2901.99,1.0,4,3,2,0.96,22,0,3,4,1,RET000425,CUST00392
288,2,0,0.0,0,0.0,3206.84,0.0,0,0,0,0,637.11,637.11,1.0,16,0,0,0.0,288,0,1,1,0,RET000426,CUST00396
83,3,0,0.0,0,0.0,1630.81,0.0,0,0,0,0,1076.06,1076.06,1.0,18,0,0,0.0,83,0,5,1,0,RET000427,CUST00397
92,3,1,0.3333,1,544.19,1630.81,0.1112,0,0,1,1,2283.61,2283.61,1.0,22,0,1,0.3261,9,0,5,1,1,RET000428,CUST00397
196,5,2,0.4,2,2827.8,8209.66,0.0689,0,0,0,0,14710.3,14710.3,1.0,29,1,2,0.3061,104,0,5,1,1,RET000429,CUST00397
31,3,0,0.0,0,0.0,3128.57,0.0,1,0,0,0,3671.27,3671.27,1.0,5,0,0,0.0,31,0,1,1,0,RET000430,CUST00400
30,7,2,0.2857,2,13098.59,10053.51,0.1861,0,0,2,2,1874.74,1874.74,1.0,9,0,2,2.0,15,0,1,1,0,RET000431,CUST00402
15,5,1,0.2,0,0.0,13535.01,0.0,2,1,1,0,1952.36,1952.36,1.0,9,0,1,2.0,4,0,1,1,0,RET000432,CUST00402
11,3,0,0.0,0,0.0,20593.06,0.0,0,0,0,0,24678.74,11146.23,0.4517,4,0,0,0.0,11,0,1,1,0,RET000433,CUST00402
247,2,0,0.0,0,0.0,2153.87,0.0,0,0,0,0,2650.66,2650.66,1.0,21,0,0,0.0,247,0,1,1,0,RET000434,CUST00407
502,5,0,0.0,0,0.0,5389.39,0.0,0,0,0,0,996.1,565.62,0.5678,16,0,0,0.0,502,0,1,1,0,RET000435,CUST00409
37,2,0,0.0,0,0.0,2363.74,0.0,0,0,0,0,2231.01,2231.01,1.0,18,0,0,0.0,37,0,1,1,0,RET000436,CUST00411
441,6,0,0.0,0,0.0,1745.63,0.0,0,0,0,0,1812.76,1812.76,1.0,25,0,0,0.0,441,0,1,1,0,RET000437,CUST00412
442,6,0,0.0,0,0.0,3090.37,0.0,0,0,0,0,1446.4,1446.4,1.0,10,0,0,0.0,442,0,1,1,0,RET000438,CUST00413
283,6,0,0.0,0,0.0,8613.45,0.0,0,0,0,0,3599.38,3599.38,1.0,26,0,0,0.0,283,0,1,1,0,RET000439,CUST00415
331,14,2,0.1429,1,1290.21,5662.43,0.0163,0,0,1,0,1594.84,1594.84,1.0,2,0,2,0.1813,13,0,1,1,1,RET000440,CUST00416
332,14,3,0.2143,1,1290.21,5662.43,0.0163,0,1,2,0,2732.19,2732.19,1.0,11,0,3,0.2711,1,0,1,1,0,RET000441,CUST00416
318,7,1,0.1429,1,1290.21,8042.3,0.0229,1,0,1,1,1213.54,1213.54,1.0,2,0,1,0.0943,26,0,1,1,0,RET000442,CUST00416
384,15,4,0.2667,3,4380.99,5411.72,0.054,0,0,0,0,1901.69,1445.59,0.7602,7,0,4,0.3125,52,0,1,1,0,RET000443,CUST00416
394,16,5,0.3125,4,5153.06,5148.24,0.0626,0,0,1,1,1196.1,1196.1,1.0,9,1,5,0.3807,10,0,1,1,0,RET000444,CUST00416
292,2,0,0.0,0,0.0,13373.07,0.0,0,0,0,0,1290.21,1290.21,1.0,3,0,0,0.0,292,0,1,1,0,RET000445,CUST00416
212,5,0,0.0,0,0.0,3984.35,0.0,0,0,0,0,1432.98,1432.98,1.0,14,0,0,0.0,212,0,5,1,0,RET000446,CUST00418
187,2,0,0.0,0,0.0,7523.89,0.0,0,0,0,0,13986.27,13986.27,1.0,7,0,0,0.0,187,0,1,1,0,RET000447,CUST00421
176,2,0,0.0,0,0.0,9331.06,0.0,0,0,0,0,14835.88,14835.88,1.0,8,0,0,0.0,176,0,1,1,0,RET000448,CUST00425
66,2,1,0.5,1,1131.97,11164.97,0.0507,0,0,1,1,21197.97,21197.97,1.0,4,0,1,0.4545,17,0,1,1,0,RET000449,CUST00426
135,8,2,0.25,2,22329.94,5688.45,0.4907,0,0,0,0,1761.47,1222.79,0.6942,27,0,2,0.4444,69,0,1,1,1,RET000450,CUST00426
49,1,0,0.0,0,0.0,1131.97,0.0,0,0,0,0,1131.97,1131.97,1.0,25,0,0,0.0,49,0,1,1,0,RET000451,CUST00426
46,8,3,0.375,2,7359.39,3650.83,0.252,0,1,2,2,1480.08,1480.08,1.0,3,0,2,1.9565,2,0,5,4,1,RET000452,CUST00432
44,8,2,0.25,1,3903.55,3650.83,0.1337,2,1,1,1,3455.84,3455.84,1.0,3,0,1,1.3636,6,0,5,4,1,RET000453,CUST00432
38,5,1,0.2,1,3903.55,2604.56,0.2997,1,0,1,1,2987.01,1820.31,0.6094,1,1,1,0.7895,25,0,5,4,0,RET000454,CUST00432
48,9,4,0.4444,2,7359.39,3359.25,0.2434,1,2,3,2,2695.27,2695.27,1.0,14,1,3,2.5,2,0,5,4,1,RET000455,CUST00432
69,11,5,0.4545,3,10054.66,4966.44,0.184,0,0,3,2,5616.21,5616.21,1.0,7,0,3,2.1739,21,0,5,4,1,RET000456,CUST00432
13,2,0,0.0,0,0.0,2996.04,0.0,0,0,0,0,4996.43,3903.55,0.7813,10,0,0,0.0,13,0,5,4,0,RET000457,CUST00432
292,6,0,0.0,0,0.0,2362.93,0.0,0,0,0,0,3214.32,1916.66,0.5963,2,0,0,0.0,292,0,4,1,0,RET000458,CUST00433
230,6,0,0.0,0,0.0,4874.44,0.0,0,0,0,0,5639.55,5639.55,1.0,23,0,0,0.0,230,0,1,1,0,RET000459,CUST00437
29,5,0,0.0,0,0.0,18597.14,0.0,0,0,0,0,27935.67,11714.55,0.4193,9,0,0,0.0,29,0,1,1,0,RET000460,CUST00438
95,8,1,0.125,1,11714.55,13622.91,0.1075,0,0,0,0,1708.35,1475.13,0.8635,2,0,1,0.3158,66,0,1,1,0,RET000461,CUST00438
116,4,0,0.0,0,0.0,2508.11,0.0,0,0,0,0,1461.11,1461.11,1.0,7,0,0,0.0,116,0,1,1,0,RET000462,CUST00441
515,7,0,0.0,0,0.0,3042.06,0.0,0,0,0,0,259.13,259.13,1.0,24,0,0,0.0,515,0,1,1,0,RET000463,CUST00442
185,2,0,0.0,0,0.0,2645.3,0.0,0,0,0,0,2586.08,2586.08,1.0,7,0,0,0.0,185,0,1,1,0,RET000464,CUST00443
319,19,8,0.4211,6,19715.43,7479.48,0.1387,0,0,1,1,27363.94,27363.94,1.0,7,4,4,0.7524,14,1,1,1,1,RET000465,CUST00448
120,2,0,0.0,0,0.0,3442.73,0.0,0,0,0,0,3405.09,3405.09,1.0,3,0,0,0.0,120,0,1,1,1,RET000466,CUST00448
229,10,4,0.4,3,7335.65,6818.33,0.1076,0,0,1,0,2600.85,2163.85,0.832,9,1,4,0.524,24,0,1,1,1,RET000467,CUST00448
184,5,1,0.2,1,3405.09,6495.41,0.1048,0,0,0,0,1222.27,1222.27,1.0,7,0,1,0.163,64,0,1,1,0,RET000468,CUST00448
240,12,5,0.4167,3,7335.65,6015.86,0.1016,1,0,1,0,2772.62,2772.62,1.0,10,2,4,0.625,11,0,1,1,1,RET000469,CUST00448
252,15,6,0.4,4,10108.27,6039.79,0.1116,0,0,2,1,1234.45,1234.45,1.0,13,1,4,0.7143,12,0,1,1,1,RET000470,CUST00448
205,8,3,0.375,3,7335.65,8026.92,0.1142,1,0,2,2,5433.98,5160.33,0.9496,8,0,3,0.439,13,0,1,1,1,RET000471,CUST00448
192,6,2,0.3333,2,4627.36,9051.91,0.0852,1,0,1,1,3716.15,3716.15,1.0,13,0,2,0.3125,8,0,1,1,0,RET000472,CUST00448
305,18,7,0.3889,5,11342.72,6374.79,0.0989,0,0,0,0,10729.95,10729.95,1.0,13,3,4,0.6885,53,0,1,1,0,RET000473,CUST00448
428,4,0,0.0,0,0.0,4068.38,0.0,0,0,0,0,2265.71,2265.71,1.0,21,0,0,0.0,428,0,1,1,0,RET000474,CUST00449
56,3,1,0.3333,0,0.0,4632.87,0.0,0,0,0,0,7377.89,7377.89,1.0,20,1,1,0.5357,46,0,1,1,0,RET000475,CUST00452
10,1,0,0.0,0,0.0,4742.47,0.0,0,0,0,0,4742.47,4742.47,1.0,7,0,0,0.0,10,0,1,1,0,RET000476,CUST00452
38,14,5,0.3571,3,5052.45,2970.3,0.1215,0,2,5,3,270.68,200.96,0.7424,4,1,5,3.9474,4,0,4,1,1,RET000477,CUST00453
14,7,1,0.1429,1,1566.41,2342.69,0.0955,0,1,1,1,2343.78,1421.16,0.6064,4,0,1,2.1429,4,0,4,1,0,RET000478,CUST00453
10,4,0,0.0,0,0.0,2098.66,0.0,1,0,0,0,1566.41,1566.41,1.0,8,0,0,0.0,10,0,4,1,0,RET000479,CUST00453
34,13,4,0.3077,3,5052.45,3177.96,0.1223,0,1,4,3,2241.33,2241.33,1.0,3,0,4,3.5294,2,0,4,1,1,RET000480,CUST00453
17,7,2,0.2857,1,1566.41,2342.69,0.0955,0,2,2,1,2459.97,2459.97,1.0,8,0,2,3.5294,3,0,4,1,1,RET000481,CUST00453
32,11,3,0.2727,3,5052.45,3062.43,0.15,2,0,3,3,1107.79,1107.79,1.0,7,0,3,2.8125,15,0,4,1,1,RET000482,CUST00453
509,6,0,0.0,0,0.0,7646.49,0.0,0,0,0,0,2842.41,2842.41,1.0,28,0,0,0.0,509,0,1,1,0,RET000483,CUST00454
130,2,0,0.0,0,0.0,1785.36,0.0,0,0,0,0,2301.73,2301.73,1.0,22,0,0,0.0,130,0,1,1,0,RET000484,CUST00455
160,8,0,0.0,0,0.0,4600.91,0.0,0,0,0,0,2616.95,2616.95,1.0,18,0,0,0.0,160,0,1,1,0,RET000485,CUST00457
398,5,0,0.0,0,0.0,8542.41,0.0,0,0,0,0,17846.98,17846.98,1.0,9,0,0,0.0,398,1,1,1,0,RET000486,CUST00458
65,1,0,0.0,0,0.0,3128.59,0.0,0,0,0,0,3128.59,1703.69,0.5446,9,0,0,0.0,65,0,1,1,0,RET000487,CUST00464
27,2,0,0.0,0,0.0,6228.14,0.0,0,0,0,0,11001.54,11001.54,1.0,5,0,0,0.0,27,0,1,1,0,RET000488,CUST00465
62,2,0,0.0,0,0.0,3097.27,0.0,0,0,0,0,5600.44,5600.44,1.0,26,0,0,0.0,62,0,1,1,0,RET000489,CUST00468
83,3,1,0.3333,1,3234.27,2451.79,0.4397,0,0,1,1,1160.82,1160.82,1.0,17,0,1,0.3614,21,0,1,1,1,RET000490,CUST00468
153,1,0,0.0,0,0.0,2957.62,0.0,0,0,0,0,2957.62,2957.62,1.0,5,0,0,0.0,153,0,1,1,0,RET000491,CUST00469
253,8,1,0.125,1,2220.93,4130.99,0.0672,0,0,0,0,5090.66,5090.66,1.0,13,0,1,0.1186,154,0,1,1,0,RET000492,CUST00470
99,2,0,0.0,0,0.0,2084.28,0.0,0,0,0,0,2220.93,2220.93,1.0,23,0,0,0.0,99,0,1,1,0,RET000493,CUST00470
135,2,1,0.5,0,0.0,11227.74,0.0,0,0,0,0,21132.63,21132.63,1.0,9,0,1,0.2222,62,0,1,1,0,RET000494,CUST00472
73,1,0,0.0,0,0.0,1322.84,0.0,0,0,0,0,1322.84,1322.84,1.0,12,0,0,0.0,73,0,1,1,0,RET000495,CUST00472
189,3,0,0.0,0,0.0,2437.13,0.0,0,0,0,0,3811.35,3811.35,1.0,21,0,0,0.0,189,0,1,1,0,RET000496,CUST00473
265,6,1,0.1667,1,3811.35,2209.12,0.2875,0,0,0,0,1085.79,1085.79,1.0,9,0,1,0.1132,76,0,1,1,0,RET000497,CUST00473
84,15,4,0.2667,1,4420.87,6593.06,0.0447,1,2,3,0,1255.35,1255.35,1.0,9,1,4,1.4286,1,0,1,1,1,RET000498,CUST00481
80,12,2,0.1667,1,4420.87,7496.27,0.0491,3,0,1,0,10124.52,5590.76,0.5522,12,0,2,0.75,9,0,1,1,1,RET000499,CUST00481
71,6,1,0.1667,1,4420.87,7986.44,0.0923,0,0,0,0,17615.24,17615.24,1.0,3,0,1,0.4225,45,1,1,1,0,RET000500,CUST00481
83,14,3,0.2143,1,4420.87,6715.45,0.047,0,1,2,0,1222.0,1222.0,1.0,3,0,3,1.0843,3,0,1,1,1,RET000501,CUST00481
89,16,5,0.3125,2,5642.87,7815.67,0.0451,0,2,4,1,26636.78,26636.78,1.0,11,1,4,1.6854,5,1,1,1,1,RET000502,CUST00481
26,2,0,0.0,0,0.0,6896.92,0.0,0,0,0,0,4420.87,4420.87,1.0,13,0,0,0.0,26,0,1,1,0,RET000503,CUST00481
95,16,6,0.375,3,32279.65,7815.67,0.2581,0,1,5,2,26154.94,22859.1,0.874,10,2,4,1.8947,6,1,1,1,1,RET000504,CUST00481
31,5,0,0.0,0,0.0,6538.14,0.0,0,0,0,0,5229.47,5229.47,1.0,13,0,0,0.0,31,0,1,2,0,RET000505,CUST00482
36,5,1,0.2,1,5229.47,6538.14,0.16,0,1,1,1,684.41,684.41,1.0,14,0,1,0.8333,5,0,1,2,0,RET000506,CUST00482
67,7,2,0.2857,2,5913.88,5386.48,0.1568,0,0,0,1,1754.62,1754.62,1.0,13,1,2,0.8955,31,0,1,2,0,RET000507,CUST00482
251,2,0,0.0,0,0.0,2289.27,0.0,1,0,0,0,2565.93,2565.93,1.0,2,0,0,0.0,251,0,1,1,0,RET000508,CUST00483
258,2,1,0.5,0,0.0,2289.27,0.0,0,1,1,0,2012.62,2012.62,1.0,8,1,1,0.1163,7,0,1,1,0,RET000509,CUST00483
14,6,0,0.0,0,0.0,3537.21,0.0,1,0,0,0,14037.81,11091.14,0.7901,7,0,0,0.0,14,1,1,1,0,RET000510,CUST00485
24,7,1,0.1429,0,0.0,6695.17,0.0,0,0,1,0,2130.95,2130.95,1.0,14,0,1,1.25,10,0,1,1,0,RET000511,CUST00485
62,13,4,0.3077,3,14245.11,6780.97,0.1616,0,0,2,1,1557.15,1557.15,1.0,8,0,3,1.9355,20,0,1,1,1,RET000512,CUST00485
40,11,2,0.1818,2,13222.09,7661.2,0.1569,0,0,2,2,1023.02,1023.02,1.0,7,0,2,1.5,16,0,1,1,1,RET000513,CUST00485
42,11,3,0.2727,2,13222.09,7661.2,0.1569,0,1,3,2,30463.1,30463.1,1.0,8,1,3,2.1429,2,1,1,1,1,RET000514,CUST00485
84,2,0,0.0,0,0.0,8599.3,0.0,0,0,0,0,16677.9,16677.9,1.0,4,0,0,0.0,84,0,1,1,0,RET000515,CUST00487
304,7,0,0.0,0,0.0,3734.58,0.0,0,0,0,0,12149.42,12149.42,1.0,16,0,0,0.0,304,1,1,1,0,RET000516,CUST00491
436,5,0,0.0,0,0.0,5258.82,0.0,0,0,0,0,2109.88,2109.88,1.0,26,0,0,0.0,436,0,1,1,0,RET000517,CUST00492
371,5,0,0.0,0,0.0,1982.83,0.0,0,0,0,0,3051.69,2873.18,0.9415,21,0,0,0.0,371,0,1,1,0,RET000518,CUST00493
339,1,0,0.0,0,0.0,3222.89,0.0,0,0,0,0,3222.89,3222.89,1.0,17,0,0,0.0,339,0,1,1,0,RET000519,CUST00494
18,8,0,0.0,0,0.0,6142.78,0.0,0,0,0,0,11877.78,11877.78,1.0,12,0,0,0.0,18,0,5,1,0,RET000520,CUST00496
383,5,1,0.2,0,0.0,3037.68,0.0,0,0,1,0,4007.5,4007.5,1.0,15,0,1,0.0783,22,0,1,1,0,RET000521,CUST00501
361,4,0,0.0,0,0.0,2795.23,0.0,0,0,0,0,1734.94,1734.94,1.0,22,0,0,0.0,361,0,1,1,0,RET000522,CUST00501
363,5,0,0.0,0,0.0,2714.37,0.0,0,0,0,0,4728.73,4728.73,1.0,14,0,0,0.0,363,0,1,1,0,RET000523,CUST00503
105,12,3,0.25,2,4276.1,7959.37,0.0448,1,1,2,1,1406.18,1406.18,1.0,10,3,1,0.8571,6,0,1,4,1,RET000524,CUST00504
84,6,1,0.1667,1,3633.68,9840.15,0.0615,1,0,1,1,1185.43,642.42,0.5419,13,1,1,0.3571,12,0,1,4,0,RET000525,CUST00504
116,14,4,0.2857,3,5682.28,7950.03,0.0511,0,0,2,2,13130.46,13130.46,1.0,5,4,1,1.0345,11,0,1,4,1,RET000526,CUST00504
72,4,0,0.0,0,0.0,4363.03,0.0,1,0,0,0,4409.05,3633.68,0.8241,4,0,0,0.0,72,0,1,4,0,RET000527,CUST00504
99,11,2,0.1818,2,4276.1,8463.73,0.0459,0,0,2,2,14368.22,14368.22,1.0,9,2,1,0.6061,15,0,1,4,1,RET000528,CUST00504
309,6,0,0.0,0,0.0,4056.67,0.0,0,0,0,0,2239.21,1558.1,0.6958,8,0,0,0.0,309,0,1,1,0,RET000529,CUST00507
418,6,0,0.0,0,0.0,5145.7,0.0,0,0,0,0,171.92,139.0,0.8085,5,0,0,0.0,418,0,1,1,0,RET000530,CUST00514
493,7,1,0.1429,1,5365.11,4625.9,0.1657,0,0,0,0,1399.77,1142.87,0.8165,6,0,1,0.0609,154,0,1,1,1,RET000531,CUST00519
339,2,0,0.0,0,0.0,12007.74,0.0,0,0,0,0,23125.82,9283.19,0.4014,14,0,0,0.0,339,0,1,1,0,RET000532,CUST00519
10,3,1,0.3333,0,0.0,10173.39,0.0,0,1,1,0,12596.08,12596.08,1.0,8,0,1,3.0,1,0,5,1,1,RET000533,CUST00520
129,14,2,0.1429,1,12596.08,7291.91,0.1234,0,0,0,0,1514.3,1514.3,1.0,9,1,2,0.4651,119,0,5,1,0,RET000534,CUST00520
132,14,3,0.2143,1,12596.08,7291.91,0.1234,0,1,1,0,1520.0,1520.0,1.0,10,0,2,0.6818,3,0,5,1,1,RET000535,CUST00520
9,3,0,0.0,0,0.0,10173.39,0.0,1,0,0,0,16135.01,16135.01,1.0,1,0,0,0.0,9,0,5,1,1,RET000536,CUST00520
28,9,2,0.2222,0,0.0,10153.58,0.0,0,2,2,0,36351.3,29026.88,0.7985,8,2,1,2.1429,1,1,1,1,0,RET000537,CUST00521
36,13,3,0.2308,2,38686.39,9619.77,0.3094,0,0,3,2,321.07,321.07,1.0,11,0,1,2.5,8,0,1,1,1,RET000538,CUST00521
41,13,4,0.3077,3,39007.46,9619.77,0.3119,0,1,4,3,13919.97,13919.97,1.0,10,0,2,2.9268,5,0,1,1,1,RET000539,CUST00521
57,15,5,0.3333,4,47818.77,8588.76,0.3712,0,0,4,4,934.3,588.9,0.6303,8,0,3,2.6316,16,0,1,1,1,RET000540,CUST00521
25,7,0,0.0,0,0.0,12387.3,0.0,0,0,0,0,11979.08,9659.51,0.8064,5,0,0,0.0,25,0,1,1,0,RET000541,CUST00521
27,9,1,0.1111,0,0.0,10153.58,0.0,1,1,1,0,20261.26,20261.26,1.0,9,1,1,1.1111,2,0,1,1,0,RET000542,CUST00521
387,4,0,0.0,0,0.0,6864.53,0.0,0,0,0,0,16619.19,16619.19,1.0,25,0,0,0.0,387,1,1,1,0,RET000543,CUST00522
180,5,0,0.0,0,0.0,5196.62,0.0,1,0,0,0,2529.99,2529.99,1.0,2,0,0,0.0,180,0,3,3,0,RET000544,CUST00527
180,5,0,0.0,0,0.0,5196.62,0.0,1,0,0,0,3946.06,2341.25,0.5933,1,0,0,0.0,180,0,3,3,1,RET000545,CUST00527
228,7,2,0.2857,1,2529.99,6521.33,0.0554,0,0,0,0,15232.97,12711.53,0.8345,6,1,2,0.2632,48,0,3,3,0,RET000546,CUST00527
288,8,3,0.375,2,15241.52,5912.45,0.3222,0,0,0,0,1650.28,1650.28,1.0,13,0,2,0.3125,60,0,3,3,1,RET000547,CUST00527
514,5,0,0.0,0,0.0,1212.46,0.0,0,0,0,0,2312.88,2312.88,1.0,19,0,0,0.0,514,0,1,1,0,RET000548,CUST00531
325,5,0,0.0,0,0.0,2419.82,0.0,0,0,0,0,1003.18,1003.18,1.0,23,0,0,0.0,325,0,1,1,0,RET000549,CUST00536
99,8,2,0.25,2,3745.08,7908.42,0.0592,0,0,0,0,542.54,542.54,1.0,26,0,1,0.6061,47,0,1,1,0,RET000550,CUST00540
29,5,0,0.0,0,0.0,9476.84,0.0,0,0,0,0,610.75,610.75,1.0,5,0,0,0.0,29,0,1,1,0,RET000551,CUST00540
52,7,1,0.1429,1,446.03,8960.69,0.0071,0,0,1,1,3299.05,3299.05,1.0,10,1,1,0.5769,23,0,1,1,0,RET000552,CUST00540
287,20,10,0.5,7,26345.09,6554.06,0.201,1,0,1,3,2789.14,2789.14,1.0,1,4,4,1.0453,21,0,3,1,1,RET000553,CUST00544
178,9,2,0.2222,1,14146.75,9398.31,0.1672,1,0,0,0,24403.71,24403.71,1.0,11,0,1,0.3371,59,1,3,1,1,RET000554,CUST00544
256,15,8,0.5333,4,20511.42,7549.69,0.1811,0,2,4,2,4000.0,4000.0,1.0,4,3,3,0.9375,4,0,3,1,1,RET000555,CUST00544
252,14,7,0.5,3,17717.42,7803.24,0.1622,0,1,3,1,2794.0,2794.0,1.0,8,1,3,0.8333,1,0,3,1,1,RET000556,CUST00544
251,14,6,0.4286,2,15646.75,7803.24,0.1432,0,1,2,0,1003.7,502.94,0.5011,2,0,2,0.7171,7,0,3,1,1,RET000557,CUST00544
184,9,3,0.3333,1,14146.75,9398.31,0.1672,0,1,1,0,1500.0,1500.0,1.0,7,1,2,0.4891,6,0,3,1,0,RET000558,CUST00544
244,12,5,0.4167,2,15646.75,8787.3,0.1484,1,0,1,0,3133.97,2625.35,0.8377,1,2,2,0.6148,17,0,3,1,1,RET000559,CUST00544
108,1,0,0.0,0,0.0,519.25,0.0,0,0,0,0,519.25,519.25,1.0,3,0,0,0.0,108,0,3,1,0,RET000560,CUST00544
227,11,4,0.3636,2,15646.75,9301.24,0.1529,1,0,0,0,16509.02,16509.02,1.0,1,2,2,0.5286,43,0,3,1,1,RET000561,CUST00544
319,22,11,0.5,9,31221.74,6220.35,0.2281,0,0,0,2,985.23,731.01,0.742,10,2,4,1.0345,32,0,3,1,0,RET000562,CUST00544
266,18,9,0.5,6,25014.36,6982.09,0.199,0,0,4,4,1563.02,1563.02,1.0,4,0,3,1.015,10,0,3,1,1,RET000563,CUST00544
324,24,12,0.5,10,31952.75,6588.91,0.2021,0,1,1,3,19850.55,16207.39,0.8165,3,3,4,1.1111,5,1,3,1,1,RET000564,CUST00544
119,3,1,0.3333,0,0.0,14168.64,0.0,0,0,1,0,14146.75,14146.75,1.0,9,1,1,0.2521,11,0,3,1,0,RET000565,CUST00544
282,4,0,0.0,0,0.0,9744.26,0.0,0,0,0,0,13079.31,13079.31,1.0,13,0,0,0.0,282,0,1,2,0,RET000566,CUST00545
306,8,2,0.25,1,13079.31,9471.51,0.1726,1,0,2,1,28201.07,28201.07,1.0,1,1,2,0.1961,13,1,1,2,0,RET000567,CUST00545
385,11,3,0.2727,2,41280.38,7812.97,0.4803,0,0,0,0,2096.82,1858.83,0.8865,4,0,2,0.2338,79,0,1,2,1,RET000568,CUST00545
293,5,1,0.2,1,13079.31,8950.04,0.2923,0,0,1,1,5773.18,5773.18,1.0,10,0,1,0.1024,11,0,1,2,0,RET000569,CUST00545
446,15,4,0.2667,3,42372.83,8062.68,0.3504,0,0,0,0,3654.37,3654.37,1.0,4,0,3,0.2691,61,0,1,2,1,RET000570,CUST00545
64,9,1,0.1111,2,4081.9,6461.4,0.0702,0,1,1,2,4441.89,4441.89,1.0,8,0,1,0.4688,5,0,1,1,0,RET000571,CUST00548
59,9,0,0.0,0,0.0,6461.4,0.0,0,0,0,0,2585.26,2585.26,1.0,2,0,0,0.0,59,0,1,1,0,RET000572,CUST00548
327,3,0,0.0,0,0.0,3732.28,0.0,0,0,0,0,5136.64,5136.64,1.0,12,0,0,0.0,327,0,1,1,0,RET000573,CUST00552
19,2,0,0.0,0,0.0,1896.37,0.0,0,0,0,0,2049.14,1386.66,0.6767,2,0,0,0.0,19,0,1,1,0,RET000574,CUST00553
31,6,1,0.1667,1,1386.66,3165.2,0.073,2,0,1,1,4000.0,4000.0,1.0,1,0,1,0.9677,12,0,1,1,0,RET000575,CUST00553
233,5,0,0.0,0,0.0,7931.86,0.0,0,0,0,0,13476.4,13476.4,1.0,6,0,0,0.0,233,0,1,1,0,RET000576,CUST00555
373,18,11,0.6111,2,7670.35,6168.54,0.0691,1,6,7,0,3339.5,3339.5,1.0,3,4,5,0.8847,1,0,1,1,1,RET000577,CUST00557
372,17,9,0.5294,2,7670.35,5821.06,0.0775,0,4,5,0,11021.93,11021.93,1.0,4,2,5,0.7258,1,0,1,1,1,RET000578,CUST00557
370,16,7,0.4375,2,7670.35,5976.15,0.0802,1,2,3,0,1276.17,921.85,0.7224,1,0,4,0.5676,1,0,1,1,1,RET000579,CUST00557
379,21,12,0.5714,3,11009.85,6729.92,0.0779,0,3,7,1,25153.37,25153.37,1.0,6,1,5,0.9499,6,1,1,1,1,RET000580,CUST00557
368,14,5,0.3571,2,7670.35,5951.45,0.0921,0,0,1,0,10870.93,10870.93,1.0,2,0,3,0.4076,22,0,1,1,1,RET000581,CUST00557
387,21,14,0.6667,7,49607.76,6729.92,0.351,0,1,9,5,2624.64,2624.64,1.0,14,3,6,1.0853,5,0,1,1,1,RET000582,CUST00557
371,17,8,0.4706,2,7670.35,5821.06,0.0775,1,3,4,0,1448.92,1448.92,1.0,12,2,5,0.6469,1,0,1,1,1,RET000583,CUST00557
382,21,13,0.619,6,24454.39,6729.92,0.173,0,1,8,4,2516.67,2516.67,1.0,8,0,5,1.0209,3,0,1,1,1,RET000584,CUST00557
369,15,6,0.4,2,7670.35,6289.48,0.0813,1,1,2,0,13785.68,13785.68,1.0,8,1,4,0.4878,1,1,1,1,1,RET000585,CUST00557
252,4,2,0.5,0,0.0,4118.94,0.0,0,2,2,0,6000.0,6000.0,1.0,7,1,2,0.2381,3,0,1,1,0,RET000586,CUST00557
346,8,4,0.5,2,7670.35,6073.85,0.1579,0,0,0,0,1750.4,1750.4,1.0,12,1,3,0.3468,64,0,1,1,1,RET000587,CUST00557
282,6,3,0.5,1,6000.0,5185.82,0.1928,0,0,1,1,3565.18,1670.35,0.4685,4,0,2,0.3191,30,0,1,1,1,RET000588,CUST00557
249,3,0,0.0,0,0.0,3522.96,0.0,0,0,0,0,3851.14,3008.5,0.7812,8,0,0,0.0,249,0,1,1,0,RET000589,CUST00557
372,17,9,0.5294,2,7670.35,5821.06,0.0775,0,4,5,0,1651.76,1651.76,1.0,9,2,5,0.7258,1,0,1,1,1,RET000590,CUST00557
249,3,0,0.0,0,0.0,3522.96,0.0,0,0,0,0,717.73,717.73,1.0,9,0,0,0.0,249,0,1,1,0,RET000591,CUST00557
397,22,15,0.6818,7,49607.76,6490.44,0.3474,0,0,10,5,1461.23,819.93,0.5611,2,2,6,1.1335,10,0,1,1,1,RET000592,CUST00557
101,4,0,0.0,0,0.0,6933.55,0.0,0,0,0,0,6608.35,4552.9,0.689,28,0,0,0.0,101,0,1,4,0,RET000593,CUST00558
105,1,0,0.0,0,0.0,404.74,0.0,0,0,0,0,404.74,404.74,1.0,16,0,0,0.0,105,0,1,1,0,RET000594,CUST00559
143,2,1,0.5,0,0.0,1253.3,0.0,0,0,0,0,2101.86,2101.86,1.0,27,0,1,0.2098,38,0,1,1,0,RET000595,CUST00559
258,3,2,0.6667,1,2101.86,3093.83,0.2265,0,0,0,0,6774.9,5163.61,0.7622,3,0,2,0.2326,115,0,1,1,0,RET000596,CUST00559
72,5,0,0.0,0,0.0,1113.48,0.0,0,0,0,0,1072.8,519.65,0.4844,6,0,0,0.0,72,0,4,1,0,RET000597,CUST00561
78,6,1,0.1667,0,0.0,1478.03,0.0,0,1,1,0,3300.76,3300.76,1.0,3,1,1,0.3846,6,1,4,1,0,RET000598,CUST00561
89,8,2,0.25,1,3300.76,5287.67,0.078,0,0,2,1,21070.72,21070.72,1.0,5,0,1,0.6742,11,1,4,1,1,RET000599,CUST00561
117,2,0,0.0,0,0.0,2755.55,0.0,0,0,0,0,1081.5,1081.5,1.0,9,0,0,0.0,117,0,1,1,0,RET000600,CUST00566
46,3,0,0.0,0,0.0,1559.5,0.0,0,0,0,0,736.37,315.32,0.4282,10,0,0,0.0,46,0,1,1,0,RET000601,CUST00568
449,1,0,0.0,0,0.0,1807.02,0.0,0,0,0,0,1807.02,1807.02,1.0,23,0,0,0.0,449,0,1,1,0,RET000602,CUST00569
410,6,0,0.0,0,0.0,2551.87,0.0,0,0,0,0,5052.53,3725.29,0.7373,23,0,0,0.0,410,0,1,1,0,RET000603,CUST00573
116,12,0,0.0,0,0.0,4065.3,0.0,0,0,0,0,5020.28,4157.44,0.8281,2,0,0,0.0,116,0,1,1,1,RET000604,CUST00576
118,12,1,0.0833,0,0.0,4065.3,0.0,0,1,1,0,1175.04,712.52,0.6064,24,0,1,0.2542,2,0,1,1,1,RET000605,CUST00576
256,1,0,0.0,0,0.0,13246.14,0.0,0,0,0,0,13246.14,13246.14,1.0,25,0,0,0.0,256,0,1,1,0,RET000606,CUST00577
15,3,0,0.0,0,0.0,2786.4,0.0,1,0,0,0,3469.25,2553.03,0.7359,9,0,0,0.0,15,0,2,1,0,RET000607,CUST00580
74,12,2,0.1667,1,1111.11,6723.13,0.0138,0,0,1,1,13235.83,13235.83,1.0,6,1,2,0.8108,10,0,2,1,1,RET000608,CUST00580
64,8,1,0.125,0,0.0,5538.31,0.0,0,0,0,0,1111.11,1111.11,1.0,8,0,1,0.4688,49,0,2,1,0,RET000609,CUST00580
77,12,3,0.25,1,1111.11,6723.13,0.0138,0,1,2,1,1933.88,1564.27,0.8089,13,2,2,1.1688,3,0,2,1,1,RET000610,CUST00580
185,3,0,0.0,0,0.0,1884.63,0.0,0,0,0,0,2100.32,2100.32,1.0,24,0,0,0.0,185,0,1,1,0,RET000611,CUST00581
87,14,4,0.2857,1,214.19,7136.46,0.0021,1,0,2,1,18556.52,18556.52,1.0,6,1,4,1.3793,11,1,1,1,1,RET000612,CUST00582
66,10,2,0.2,0,0.0,7218.09,0.0,0,0,1,0,2636.53,2636.53,1.0,12,0,2,0.9091,18,0,1,1,0,RET000613,CUST00582
48,8,1,0.125,0,0.0,8524.09,0.0,0,0,0,0,1006.83,1006.83,1.0,11,0,1,0.625,43,0,1,1,0,RET000614,CUST00582
5,3,0,0.0,0,0.0,2973.98,0.0,1,0,0,0,5802.67,5802.67,1.0,1,0,0,0.0,5,0,1,1,0,RET000615,CUST00582
110,19,6,0.3158,2,16365.05,9072.86,0.0949,0,0,2,2,5811.67,3165.72,0.5447,9,2,4,1.6364,20,0,1,1,1,RET000616,CUST00582
76,11,3,0.2727,0,0.0,6592.21,0.0,0,0,2,0,333.4,214.19,0.6424,9,0,3,1.1842,10,0,1,1,1,RET000617,CUST00582
90,15,5,0.3333,1,214.19,6728.76,0.0021,0,1,3,1,2334.77,2334.77,1.0,10,1,4,1.6667,3,0,1,1,1,RET000618,CUST00582
150,9,2,0.2222,1,1955.17,3651.35,0.0595,0,1,2,1,1923.63,1923.63,1.0,12,0,2,0.4,4,0,1,1,0,RET000619,CUST00584
154,9,3,0.3333,2,3627.25,3651.35,0.1104,0,1,3,2,6165.28,3221.4,0.5225,11,1,3,0.5844,4,0,1,1,0,RET000620,CUST00584
142,6,0,0.0,0,0.0,4174.37,0.0,1,0,0,0,1672.08,1672.08,1.0,5,0,0,0.0,142,0,1,1,0,RET000621,CUST00584
146,9,1,0.1111,0,0.0,3651.35,0.0,1,1,1,0,1955.17,1955.17,1.0,5,0,1,0.2055,4,0,1,1,0,RET000622,CUST00584
47,15,5,0.3333,3,20834.69,5868.53,0.2367,1,0,5,3,1888.86,1888.86,1.0,10,1,3,3.1915,9,0,5,4,1,RET000623,CUST00587
35,12,3,0.25,2,18919.33,5211.97,0.3025,0,0,3,2,1915.36,1915.36,1.0,2,1,3,2.5714,9,0,5,4,1,RET000624,CUST00587
54,15,6,0.4,3,20834.69,5868.53,0.2367,0,1,6,3,18447.71,18447.71,1.0,8,0,3,3.3333,7,1,5,4,1,RET000625,CUST00587
26,8,2,0.25,0,0.0,6054.03,0.0,0,2,2,0,16326.25,16326.25,1.0,8,0,2,2.3077,1,1,5,4,0,RET000626,CUST00587
25,8,1,0.125,0,0.0,6054.03,0.0,0,1,1,0,2593.08,2593.08,1.0,13,0,1,1.2,1,0,5,4,0,RET000627,CUST00587
38,14,4,0.2857,2,18919.33,4970.01,0.2719,2,1,4,2,5147.69,5147.69,1.0,1,2,3,3.1579,3,0,5,4,1,RET000628,CUST00587
24,8,0,0.0,0,0.0,6054.03,0.0,2,0,0,0,17950.13,17950.13,1.0,2,0,0,0.0,24,1,5,4,0,RET000629,CUST00587
329,2,1,0.5,0,0.0,9971.82,0.0,0,0,1,0,17620.46,17620.46,1.0,8,0,1,0.0912,24,0,1,1,0,RET000630,CUST00588
305,1,0,0.0,0,0.0,2323.18,0.0,0,0,0,0,2323.18,2323.18,1.0,30,0,0,0.0,305,0,1,1,0,RET000631,CUST00588
57,3,0,0.0,0,0.0,1734.49,0.0,0,0,0,0,2802.55,2802.55,1.0,17,0,0,0.0,57,0,1,1,0,RET000632,CUST00590
314,2,0,0.0,0,0.0,1672.75,0.0,0,0,0,0,1823.98,1823.98,1.0,21,0,0,0.0,314,0,1,4,0,RET000633,CUST00593
31,5,2,0.4,1,1039.85,3853.26,0.054,0,1,2,1,12576.17,6423.58,0.5108,8,1,2,1.9355,6,0,2,1,0,RET000634,CUST00594
50,15,5,0.3333,3,8285.77,7526.09,0.0734,0,1,4,3,4565.8,4565.8,1.0,12,2,3,3.0,3,0,2,1,1,RET000635,CUST00594
19,4,0,0.0,0,0.0,1672.54,0.0,0,0,0,0,1039.85,1039.85,1.0,10,0,0,0.0,19,0,2,1,0,RET000636,CUST00594
50,15,5,0.3333,3,8285.77,7526.09,0.0734,0,1,4,3,4037.61,4037.61,1.0,2,2,3,3.0,3,0,2,1,1,RET000637,CUST00594
25,5,1,0.2,0,0.0,3853.26,0.0,0,1,1,0,1558.2,866.35,0.556,11,0,1,1.2,6,0,2,1,0,RET000638,CUST00594
47,13,4,0.3077,3,8285.77,8142.95,0.0783,1,1,4,3,18315.74,9801.22,0.5351,1,1,3,2.5532,6,0,2,1,1,RET000639,CUST00594
41,10,3,0.3,3,8285.77,8433.78,0.0982,0,0,3,3,8562.02,8562.02,1.0,4,0,2,2.1951,10,0,2,1,0,RET000640,CUST00594
53,16,7,0.4375,3,8285.77,7321.23,0.0707,1,3,6,3,2188.91,2188.91,1.0,8,0,3,3.9623,3,0,2,1,1,RET000641,CUST00594
64,5,0,0.0,0,0.0,3292.79,0.0,0,0,0,0,2875.39,2875.39,1.0,14,0,0,0.0,64,0,1,1,0,RET000642,CUST00596
74,6,1,0.1667,1,2875.39,2938.26,0.1631,0,0,1,1,1622.39,1622.39,1.0,30,0,1,0.4054,10,0,1,1,0,RET000643,CUST00596
29,2,0,0.0,0,0.0,2497.91,0.0,1,0,0,0,3696.19,3696.19,1.0,13,0,0,0.0,29,0,1,1,0,RET000644,CUST00597
278,8,1,0.125,0,0.0,3136.0,0.0,0,0,0,0,2110.81,2110.81,1.0,26,0,1,0.1079,249,0,1,1,0,RET000645,CUST00597
202,3,0,0.0,0,0.0,10891.27,0.0,0,0,0,0,769.38,769.38,1.0,21,0,0,0.0,202,0,1,1,0,RET000646,CUST00601
334,8,1,0.125,1,769.38,5804.03,0.0166,0,0,0,0,1536.31,1536.31,1.0,29,0,1,0.0898,132,0,1,1,0,RET000647,CUST00601
29,3,1,0.3333,1,10515.1,15033.11,0.2332,0,0,1,1,15392.22,15392.22,1.0,12,0,1,1.0345,11,0,1,1,0,RET000648,CUST00602
18,3,0,0.0,0,0.0,15033.11,0.0,2,0,0,0,14373.29,10515.1,0.7316,1,0,0,0.0,18,0,1,1,0,RET000649,CUST00602
78,8,2,0.25,1,10515.1,6770.97,0.1941,0,0,0,0,3278.66,3278.66,1.0,10,0,2,0.7692,49,0,1,1,0,RET000650,CUST00602
117,18,7,0.3889,3,6443.87,8016.76,0.0447,0,0,1,0,3328.23,3328.23,1.0,10,2,5,1.7949,19,0,5,1,1,RET000651,CUST00604
121,19,8,0.4211,3,6443.87,7947.69,0.0427,0,1,2,0,6704.37,6704.37,1.0,4,3,5,1.9835,4,0,5,1,1,RET000652,CUST00604
98,17,6,0.3529,3,6443.87,8292.56,0.0457,0,0,1,1,14969.22,14969.22,1.0,4,0,4,1.8367,29,0,5,1,1,RET000653,CUST00604
46,7,3,0.4286,2,4664.7,8836.62,0.0754,0,0,2,2,2989.88,2989.88,1.0,6,0,3,1.9565,27,0,5,1,1,RET000654,CUST00604
19,4,2,0.5,1,1570.19,5266.58,0.0745,0,1,2,1,14467.08,14467.08,1.0,10,0,2,3.1579,2,1,5,1,1,RET000655,CUST00604
63,10,4,0.4,2,4664.7,8399.26,0.0555,1,0,1,0,15085.05,15085.05,1.0,1,1,4,1.9048,17,0,5,1,0,RET000656,CUST00604
10,2,0,0.0,0,0.0,8414.04,0.0,1,0,0,0,2361.0,2361.0,1.0,7,0,0,0.0,10,0,5,1,0,RET000657,CUST00604
17,4,1,0.25,1,1570.19,5266.58,0.0745,0,1,1,1,3094.51,3094.51,1.0,2,0,1,1.7647,7,0,5,1,1,RET000658,CUST00604
69,10,5,0.5,2,4664.7,8399.26,0.0555,0,1,2,0,3300.11,2173.31,0.6586,11,1,4,2.1739,6,0,5,1,1,RET000659,CUST00604
36,18,8,0.4444,4,5381.15,8620.1,0.0347,0,1,8,4,30376.04,30376.04,1.0,6,1,6,6.6667,4,1,1,2,1,RET000660,CUST00605
22,12,3,0.25,1,765.31,6199.93,0.0103,1,1,3,1,1608.5,1608.5,1.0,3,0,2,4.0909,1,0,1,2,1,RET000661,CUST00605
21,11,2,0.1818,1,765.31,6519.42,0.0107,0,1,2,1,492.63,492.63,1.0,9,0,1,2.8571,7,0,1,2,1,RET000662,CUST00605
27,13,5,0.3846,3,3267.25,5931.33,0.0424,1,3,5,3,2113.9,2113.9,1.0,14,1,4,5.5556,2,0,1,2,1,RET000663,CUST00605
39,19,9,0.4737,4,5381.15,8243.62,0.0344,0,2,8,3,2708.2,2708.2,1.0,13,1,6,6.9231,3,0,1,2,1,RET000664,CUST00605
28,13,6,0.4615,3,3267.25,5931.33,0.0424,0,4,6,3,1713.16,1713.16,1.0,11,0,4,6.4286,1,0,1,2,1,RET000665,CUST00605
42,19,10,0.5263,5,8089.35,8243.62,0.0516,0,2,9,4,4769.74,3318.52,0.6957,12,2,6,7.1429,3,0,1,2,1,RET000666,CUST00605
25,12,4,0.3333,2,2121.32,6199.93,0.0285,0,2,4,2,3385.65,3385.65,1.0,9,0,3,4.8,3,0,1,2,1,RET000667,CUST00605
14,6,1,0.1667,1,765.31,1931.09,0.0661,2,0,1,1,1399.39,1145.93,0.8189,2,1,1,2.1429,8,0,1,2,0,RET000668,CUST00605
32,17,7,0.4118,3,3267.25,8891.87,0.0216,0,3,7,3,2685.51,2685.51,1.0,11,0,5,6.5625,4,0,1,2,1,RET000669,CUST00605
43,19,11,0.5789,6,10774.86,8243.62,0.0688,0,3,10,5,1467.01,1336.3,0.9109,6,0,6,7.6744,1,0,1,2,1,RET000670,CUST00605
6,1,0,0.0,0,0.0,964.27,0.0,0,0,0,0,964.27,765.31,0.7937,2,0,0,0.0,6,0,1,2,0,RET000671,CUST00605
153,4,0,0.0,0,0.0,3802.09,0.0,0,0,0,0,1675.64,1675.64,1.0,16,0,0,0.0,153,0,1,1,0,RET000672,CUST00606
274,8,1,0.125,1,1503.46,2395.99,0.0784,0,0,1,1,1162.07,1045.38,0.8996,10,0,1,0.1095,20,0,1,1,0,RET000673,CUST00608
254,7,0,0.0,0,0.0,2572.27,0.0,0,0,0,0,3131.15,2432.35,0.7768,26,0,0,0.0,254,0,1,1,0,RET000674,CUST00608
236,8,1,0.125,1,4128.84,11934.27,0.0432,2,0,0,0,14905.82,9787.75,0.6566,1,0,1,0.1271,56,0,3,1,0,RET000675,CUST00609
180,2,0,0.0,0,0.0,23085.06,0.0,0,0,0,0,4128.84,4128.84,1.0,8,0,0,0.0,180,0,3,1,0,RET000676,CUST00609
334,15,2,0.1333,2,13916.59,9474.14,0.0979,0,0,0,0,1945.16,1945.16,1.0,13,1,2,0.1796,98,0,3,1,0,RET000677,CUST00609
126,7,1,0.1429,1,5669.09,3561.85,0.2274,0,0,0,0,3067.78,3067.78,1.0,6,0,1,0.2381,81,0,3,1,0,RET000678,CUST00610
45,1,0,0.0,0,0.0,5669.09,0.0,0,0,0,0,5669.09,5669.09,1.0,4,0,0,0.0,45,0,3,1,0,RET000679,CUST00610
29,2,0,0.0,0,0.0,2261.33,0.0,0,0,0,0,963.43,963.43,1.0,5,0,0,0.0,29,0,5,2,0,RET000680,CUST00612
91,17,10,0.5882,5,11357.56,4233.26,0.1578,0,0,4,0,1374.56,633.29,0.4607,4,2,6,3.2967,10,0,5,2,1,RET000681,CUST00612
45,7,2,0.2857,0,0.0,2338.53,0.0,0,1,2,0,3246.38,3246.38,1.0,10,0,2,1.3333,3,0,5,2,1,RET000682,CUST00612
49,7,5,0.7143,2,2571.28,2338.53,0.1571,0,4,5,2,2739.79,2739.79,1.0,7,2,4,3.0612,4,0,5,2,1,RET000683,CUST00612
93,18,11,0.6111,5,11357.56,4123.04,0.153,0,1,4,0,13880.81,13880.81,1.0,13,3,6,3.5484,2,1,5,2,0,RET000684,CUST00612
81,14,9,0.6429,5,11357.56,4487.15,0.1808,1,0,3,3,1009.98,1009.98,1.0,12,3,6,3.3333,11,0,5,2,1,RET000685,CUST00612
45,7,2,0.2857,0,0.0,2338.53,0.0,0,1,2,0,2800.11,2800.11,1.0,12,1,2,1.3333,3,0,5,2,1,RET000686,CUST00612
42,6,1,0.1667,0,0.0,2271.66,0.0,1,0,1,0,1934.8,1934.8,1.0,1,0,1,0.7143,13,0,5,2,0,RET000687,CUST00612
62,10,6,0.6,5,11357.56,4214.35,0.2695,0,0,5,5,21286.43,15702.86,0.7377,7,0,4,2.9032,13,1,5,2,1,RET000688,CUST00612
63,10,7,0.7,5,11357.56,4214.35,0.2695,0,1,6,5,1623.63,988.42,0.6088,8,1,5,3.3333,1,0,5,2,1,RET000689,CUST00612
70,12,8,0.6667,5,11357.56,3644.64,0.2597,1,1,7,5,582.21,582.21,1.0,6,0,5,3.4286,7,0,5,2,1,RET000690,CUST00612
45,7,2,0.2857,0,0.0,2338.53,0.0,0,1,2,0,1125.99,636.48,0.5653,11,0,2,1.3333,3,0,5,2,1,RET000691,CUST00612
402,10,2,0.2,2,1875.93,7584.77,0.0247,0,0,0,0,20642.22,20642.22,1.0,9,1,2,0.1493,155,1,1,4,0,RET000692,CUST00615
247,4,1,0.25,1,887.68,1673.38,0.1326,0,0,1,1,1620.95,1620.95,1.0,7,0,1,0.1215,25,0,1,4,1,RET000693,CUST00615
222,2,0,0.0,0,0.0,1984.82,0.0,0,0,0,0,887.68,887.68,1.0,2,0,0,0.0,222,0,1,4,0,RET000694,CUST00615
461,8,0,0.0,0,0.0,2165.41,0.0,0,0,0,0,1468.78,1468.78,1.0,20,0,0,0.0,461,0,1,1,0,RET000695,CUST00616
458,4,0,0.0,0,0.0,1840.26,0.0,0,0,0,0,1752.2,1752.2,1.0,29,0,0,0.0,458,0,1,1,0,RET000696,CUST00617
306,7,0,0.0,0,0.0,4825.66,0.0,0,0,0,0,2243.06,2243.06,1.0,11,0,0,0.0,306,0,1,1,0,RET000697,CUST00622
257,4,0,0.0,0,0.0,2099.19,0.0,0,0,0,0,1506.39,1506.39,1.0,29,0,0,0.0,257,0,1,1,0,RET000698,CUST00624
348,6,1,0.1667,0,0.0,1693.73,0.0,0,0,0,0,420.37,420.37,1.0,29,0,1,0.0862,91,0,1,1,0,RET000699,CUST00624
81,17,5,0.2941,3,27014.79,6031.65,0.2635,0,1,2,0,2116.85,2116.85,1.0,11,1,4,1.8519,1,0,4,1,1,RET000700,CUST00625
55,11,3,0.2727,3,27014.79,7249.92,0.3387,0,0,0,0,7426.54,7426.54,1.0,11,1,3,1.6364,40,0,4,1,1,RET000701,CUST00625
14,5,1,0.2,0,0.0,10030.18,0.0,0,1,1,0,1907.79,1907.79,1.0,4,0,1,2.1429,3,0,4,1,0,RET000702,CUST00625
11,5,0,0.0,0,0.0,10030.18,0.0,2,0,0,0,13840.8,13840.8,1.0,5,0,0,0.0,11,0,4,1,0,RET000703,CUST00625
15,5,2,0.4,0,0.0,10030.18,0.0,0,2,2,0,11266.2,11266.2,1.0,8,0,2,4.0,1,0,4,1,1,RET000704,CUST00625
80,17,4,0.2353,3,27014.79,6031.65,0.2635,1,0,1,0,1555.4,1555.4,1.0,11,0,3,1.5,25,0,4,1,1,RET000705,CUST00625
87,17,6,0.3529,3,27014.79,6031.65,0.2635,0,2,2,0,504.69,504.69,1.0,13,2,4,2.069,6,0,4,1,1,RET000706,CUST00625
51,3,0,0.0,0,0.0,5190.29,0.0,0,0,0,0,4077.37,2445.62,0.5998,8,0,0,0.0,51,0,1,1,0,RET000707,CUST00627
435,8,0,0.0,0,0.0,2792.09,0.0,0,0,0,0,1131.09,1131.09,1.0,7,0,0,0.0,435,0,1,1,0,RET000708,CUST00636
354,6,0,0.0,0,0.0,1364.37,0.0,0,0,0,0,1052.69,1052.69,1.0,10,0,0,0.0,354,0,1,1,0,RET000709,CUST00637
42,9,1,0.1111,1,502.79,13273.56,0.0042,1,0,1,1,23552.1,23552.1,1.0,7,0,1,0.7143,13,0,1,1,0,RET000710,CUST00638
47,10,2,0.2,1,502.79,17446.2,0.0029,1,1,2,1,55000.0,55000.0,1.0,1,0,2,1.2766,5,1,1,1,0,RET000711,CUST00638
64,17,5,0.2941,2,55502.79,14129.77,0.2311,0,2,4,2,2128.62,1268.95,0.5961,9,2,4,2.3438,3,0,1,1,1,RET000712,CUST00638
61,16,3,0.1875,2,55502.79,14233.33,0.2437,0,0,2,2,16753.27,7956.61,0.4749,8,1,3,1.4754,14,0,1,1,1,RET000713,CUST00638
29,5,0,0.0,0,0.0,12021.79,0.0,1,0,0,0,1162.13,502.79,0.4326,1,0,0,0.0,29,0,1,1,0,RET000714,CUST00638
61,16,3,0.1875,2,55502.79,14233.33,0.2437,0,0,2,2,3527.8,3527.8,1.0,11,0,3,1.4754,14,0,1,1,1,RET000715,CUST00638
311,4,0,0.0,0,0.0,3674.81,0.0,0,0,0,0,4565.79,3265.5,0.7152,11,0,0,0.0,311,0,1,1,0,RET000716,CUST00641
108,2,0,0.0,0,0.0,12510.08,0.0,0,0,0,0,584.93,584.93,1.0,24,0,0,0.0,108,0,1,1,0,RET000717,CUST00642
491,7,0,0.0,0,0.0,2069.65,0.0,0,0,0,0,1869.1,1085.87,0.581,12,0,0,0.0,491,0,5,1,0,RET000718,CUST00644
155,1,0,0.0,0,0.0,1841.75,0.0,1,0,0,0,1841.75,1841.75,1.0,1,0,0,0.0,155,0,1,1,0,RET000719,CUST00645
263,6,2,0.3333,2,17671.43,7741.44,0.3805,0,0,0,0,24899.01,24899.01,1.0,7,0,2,0.2281,81,1,1,1,1,RET000720,CUST00645
314,11,4,0.3636,3,42570.44,8438.77,0.4586,0,0,0,0,13800.5,13800.5,1.0,2,1,4,0.3822,33,0,1,1,1,RET000721,CUST00645
329,13,5,0.3846,4,56370.94,7631.63,0.5682,0,0,1,1,5250.57,5250.57,1.0,4,2,4,0.4559,15,0,1,1,1,RET000722,CUST00645
281,8,3,0.375,3,42570.44,9005.99,0.5909,0,0,1,1,3888.45,3888.45,1.0,7,0,3,0.3203,18,0,1,1,1,RET000723,CUST00645
335,14,6,0.4286,5,59167.64,7365.39,0.5738,0,1,2,2,1134.16,1134.16,1.0,10,3,4,0.5373,6,0,1,1,1,RET000724,CUST00645
182,2,1,0.5,1,1841.75,8835.72,0.1042,0,0,1,1,15829.68,15829.68,1.0,10,0,1,0.1648,27,0,1,1,0,RET000725,CUST00645
189,10,2,0.2,2,6514.32,6954.72,0.0937,0,0,0,0,9222.85,9222.85,1.0,13,1,2,0.3175,130,0,1,1,0,RET000726,CUST00648
59,4,1,0.25,1,1118.74,12249.97,0.0228,0,0,0,1,5395.58,5395.58,1.0,5,0,1,0.5085,32,0,1,1,0,RET000727,CUST00648
27,2,0,0.0,0,0.0,18417.38,0.0,0,0,0,0,2243.49,1118.74,0.4987,6,0,0,0.0,27,0,1,1,0,RET000728,CUST00648
96,4,0,0.0,0,0.0,4111.03,0.0,0,0,0,0,1248.53,1248.53,1.0,23,0,0,0.0,96,0,1,1,0,RET000729,CUST00649
213,3,0,0.0,0,0.0,6942.8,0.0,1,0,0,0,10061.85,10061.85,1.0,14,0,0,0.0,213,0,1,1,0,RET000730,CUST00650
267,7,2,0.2857,1,10061.85,6933.59,0.2073,1,0,0,0,1795.71,1795.71,1.0,1,0,1,0.2247,47,0,1,1,1,RET000731,CUST00650
369,12,4,0.3333,1,10061.85,5714.29,0.1467,0,0,0,0,14044.61,9156.46,0.652,3,0,2,0.3252,33,0,1,1,0,RET000732,CUST00650
336,9,3,0.3333,1,10061.85,5790.43,0.1931,0,0,0,0,964.97,964.97,1.0,3,2,2,0.2679,69,0,1,1,0,RET000733,CUST00650
220,3,1,0.3333,0,0.0,6942.8,0.0,0,1,1,0,967.12,967.12,1.0,8,1,1,0.1364,7,0,1,1,0,RET000734,CUST00650
75,1,0,0.0,0,0.0,2912.18,0.0,0,0,0,0,2912.18,2912.18,1.0,19,0,0,0.0,75,0,3,1,0,RET000735,CUST00651
57,6,3,0.5,1,1177.72,5385.66,0.0364,0,0,2,1,13367.21,5654.12,0.423,11,1,3,1.5789,21,0,4,1,1,RET000736,CUST00653
192,23,14,0.6087,8,41059.44,4943.31,0.3611,0,0,2,1,3858.33,3858.33,1.0,9,4,6,2.1875,11,0,4,1,1,RET000737,CUST00653
177,21,12,0.5714,7,39113.11,5157.99,0.3611,0,0,1,1,1946.33,1946.33,1.0,12,3,6,2.0339,27,0,4,1,1,RET000738,CUST00653
71,8,4,0.5,2,4720.51,4613.73,0.1279,0,0,1,1,2107.43,2107.43,1.0,6,2,3,1.6901,14,0,4,1,1,RET000739,CUST00653
73,8,5,0.625,2,4720.51,4613.73,0.1279,0,1,2,1,2488.44,1334.17,0.5361,5,1,3,2.0548,2,0,4,1,1,RET000740,CUST00653
36,5,2,0.4,0,0.0,3789.35,0.0,0,1,2,0,1936.59,975.41,0.5037,10,0,2,1.6667,2,0,4,1,1,RET000741,CUST00653
127,13,9,0.6923,4,7574.87,5081.97,0.1147,1,1,3,0,676.72,676.72,1.0,1,0,5,2.126,2,0,4,1,1,RET000742,CUST00653
116,12,7,0.5833,4,7574.87,5449.07,0.1158,0,0,1,0,1423.99,969.79,0.681,12,0,3,1.8103,15,0,4,1,1,RET000743,CUST00653
101,9,6,0.6667,4,7574.87,6655.09,0.1265,0,0,2,2,22985.98,22985.98,1.0,5,1,3,1.7822,28,1,4,1,1,RET000744,CUST00653
181,21,13,0.619,7,39113.11,5157.99,0.3611,0,1,1,1,719.6,719.6,1.0,10,3,6,2.1547,4,0,4,1,1,RET000745,CUST00653
150,17,11,0.6471,6,17756.08,5862.1,0.1782,0,0,3,2,21357.03,21357.03,1.0,11,1,6,2.2,21,1,4,1,1,RET000746,CUST00653
34,4,1,0.25,0,0.0,4076.27,0.0,0,0,1,0,11692.71,11692.71,1.0,3,0,1,0.8824,8,1,4,1,1,RET000747,CUST00653
125,12,8,0.6667,4,7574.87,5449.07,0.1158,0,0,2,0,1007.65,846.48,0.8401,13,0,4,1.92,9,0,4,1,1,RET000748,CUST00653
26,2,0,0.0,0,0.0,1337.88,0.0,0,0,0,0,1268.82,1177.72,0.9282,4,0,0,0.0,26,0,4,1,0,RET000749,CUST00653
129,14,10,0.7143,4,7574.87,5405.45,0.1001,1,2,4,0,9610.77,9610.77,1.0,1,2,6,2.3256,2,0,4,1,1,RET000750,CUST00653
109,1,0,0.0,0,0.0,641.06,0.0,0,0,0,0,641.06,491.02,0.766,24,0,0,0.0,109,0,1,1,0,RET000751,CUST00658
378,3,0,0.0,0,0.0,1535.65,0.0,0,0,0,0,1162.21,1162.21,1.0,7,0,0,0.0,378,0,1,1,0,RET000752,CUST00659
120,2,0,0.0,0,0.0,3474.14,0.0,0,0,0,0,2948.28,2948.28,1.0,26,0,0,0.0,120,0,1,1,1,RET000753,CUST00660
45,2,0,0.0,0,0.0,2045.98,0.0,0,0,0,0,2789.12,2789.12,1.0,16,0,0,0.0,45,0,1,1,0,RET000754,CUST00662
144,3,0,0.0,0,0.0,6906.69,0.0,0,0,0,0,18570.97,18570.97,1.0,19,0,0,0.0,144,1,1,1,0,RET000755,CUST00672
406,6,0,0.0,0,0.0,2108.98,0.0,0,0,0,0,514.29,514.29,1.0,26,0,0,0.0,406,0,1,1,0,RET000756,CUST00677
73,9,1,0.1111,0,0.0,4869.69,0.0,1,1,1,0,3435.42,3435.42,1.0,11,0,1,0.411,6,0,2,4,0,RET000757,CUST00679
67,6,0,0.0,0,0.0,2065.69,0.0,0,0,0,0,941.86,408.74,0.434,6,0,0,0.0,67,0,2,4,0,RET000758,CUST00679
149,12,2,0.1667,2,3844.16,6628.11,0.0483,0,0,0,0,2211.51,2211.51,1.0,12,1,2,0.4027,76,0,2,4,0,RET000759,CUST00679
443,4,0,0.0,0,0.0,4837.65,0.0,0,0,0,0,723.35,723.35,1.0,23,0,0,0.0,443,0,1,1,0,RET000760,CUST00680
133,2,0,0.0,0,0.0,2291.78,0.0,0,0,0,0,2648.89,2042.12,0.7709,13,0,0,0.0,133,0,5,1,0,RET000761,CUST00681
17,1,0,0.0,0,0.0,1050.41,0.0,0,0,0,0,1050.41,1050.41,1.0,5,0,0,0.0,17,0,1,1,0,RET000762,CUST00682
338,5,1,0.2,1,8001.28,8778.99,0.1823,0,0,0,0,426.88,386.27,0.9049,7,1,1,0.0888,69,0,5,1,0,RET000763,CUST00685
453,9,2,0.2222,1,8001.28,10586.07,0.084,1,0,0,0,984.46,984.46,1.0,1,0,1,0.1325,115,0,5,1,0,RET000764,CUST00685
269,2,0,0.0,0,0.0,5883.4,0.0,0,0,0,0,8001.28,8001.28,1.0,7,0,0,0.0,269,0,5,1,0,RET000765,CUST00685
9,10,0,0.0,0,0.0,7755.96,0.0,1,0,0,0,2406.47,2406.47,1.0,2,0,0,0.0,9,0,1,2,0,RET000766,CUST00686
11,10,1,0.1,1,2406.47,7755.96,0.031,0,1,1,1,19827.05,19827.05,1.0,5,0,1,2.7273,2,1,1,2,0,RET000767,CUST00686
13,11,4,0.3636,1,2406.47,7127.64,0.0307,0,4,4,1,844.38,844.38,1.0,2,1,4,9.2308,1,0,1,2,1,RET000768,CUST00686
32,17,10,0.5882,7,34347.33,6275.52,0.322,0,0,10,7,2301.69,2068.17,0.8985,5,4,4,9.375,10,0,1,2,1,RET000769,CUST00686
22,12,9,0.75,3,5519.53,6570.61,0.07,0,3,9,3,5691.25,5691.25,1.0,14,2,4,12.2727,2,0,1,2,1,RET000770,CUST00686
13,11,4,0.3636,1,2406.47,7127.64,0.0307,0,4,4,1,16250.79,16250.79,1.0,12,1,4,9.2308,1,1,1,2,1,RET000771,CUST00686
12,11,2,0.1818,1,2406.47,7127.64,0.0307,1,2,2,1,2221.19,2221.19,1.0,12,0,2,5.0,1,0,1,2,1,RET000772,CUST00686
16,12,6,0.5,1,2406.47,6570.61,0.0305,0,6,6,1,6601.77,6601.77,1.0,14,2,4,11.25,3,0,1,2,1,RET000773,CUST00686
20,12,8,0.6667,2,4675.15,6570.61,0.0593,0,4,8,2,17829.53,17829.53,1.0,13,3,4,12.0,4,1,1,2,1,RET000774,CUST00686
41,21,13,0.619,8,35577.74,5583.78,0.3034,0,2,12,7,881.87,881.87,1.0,12,0,6,9.5122,2,0,1,2,1,RET000775,CUST00686
39,21,12,0.5714,7,34347.33,5583.78,0.2929,2,2,12,7,19498.22,19498.22,1.0,10,0,5,9.2308,4,1,1,2,1,RET000776,CUST00686
16,12,6,0.5,1,2406.47,6570.61,0.0305,0,6,6,1,443.35,443.35,1.0,3,1,4,11.25,3,0,1,2,1,RET000777,CUST00686
35,17,11,0.6471,7,34347.33,6275.52,0.322,0,1,11,7,2772.47,2772.47,1.0,10,0,4,9.4286,3,0,1,2,1,RET000778,CUST00686
12,11,2,0.1818,1,2406.47,7127.64,0.0307,1,2,2,1,2268.68,2268.68,1.0,9,0,2,5.0,1,0,1,2,1,RET000779,CUST00686
203,6,0,0.0,0,0.0,11826.77,0.0,0,0,0,0,16052.12,16052.12,1.0,5,0,0,0.0,203,0,1,1,0,RET000780,CUST00688
40,14,2,0.1429,2,11585.33,4127.9,0.2005,0,0,0,2,1953.15,1953.15,1.0,8,0,2,1.5,31,0,1,1,1,RET000781,CUST00689
9,6,1,0.1667,0,0.0,5491.72,0.0,1,1,1,0,1375.36,1375.36,1.0,4,0,1,3.3333,2,0,1,1,0,RET000782,CUST00689
7,5,0,0.0,0,0.0,4533.37,0.0,2,0,0,0,13960.59,10332.14,0.7401,3,0,0,0.0,7,1,1,1,0,RET000783,CUST00689
354,7,2,0.2857,1,2769.82,2063.53,0.1918,0,0,0,1,1810.35,781.3,0.4316,7,0,2,0.1695,33,0,3,1,0,RET000784,CUST00690
152,2,0,0.0,0,0.0,2150.6,0.0,0,0,0,0,878.88,878.88,1.0,24,0,0,0.0,152,0,3,1,0,RET000785,CUST00690
321,6,1,0.1667,0,0.0,2105.72,0.0,0,0,0,0,2769.82,2769.82,1.0,28,0,1,0.0935,169,0,3,1,0,RET000786,CUST00690
143,8,0,0.0,0,0.0,5986.98,0.0,0,0,0,0,4601.45,4601.45,1.0,12,0,0,0.0,143,0,2,1,0,RET000787,CUST00691
118,1,0,0.0,0,0.0,397.19,0.0,0,0,0,0,397.19,397.19,1.0,18,0,0,0.0,118,0,1,1,0,RET000788,CUST00695
334,1,0,0.0,0,0.0,1599.31,0.0,0,0,0,0,1599.31,1599.31,1.0,3,0,0,0.0,334,0,1,1,0,RET000789,CUST00696
27,1,0,0.0,0,0.0,16297.13,0.0,0,0,0,0,16297.13,9446.59,0.5796,25,0,0,0.0,27,0,1,3,0,RET000790,CUST00700
96,4,0,0.0,0,0.0,1273.29,0.0,0,0,0,0,2526.66,2526.66,1.0,22,0,0,0.0,96,0,1,1,0,RET000791,CUST00701
182,7,1,0.1429,1,1817.26,2163.18,0.12,0,0,0,0,2221.02,2221.02,1.0,28,0,1,0.1648,86,0,1,1,0,RET000792,CUST00701
97,10,2,0.2,0,0.0,10663.86,0.0,0,1,1,0,21055.84,21055.84,1.0,11,1,2,0.6186,2,0,4,1,0,RET000793,CUST00702
95,10,1,0.1,0,0.0,10663.86,0.0,1,0,0,0,17072.32,17072.32,1.0,1,0,1,0.3158,56,0,4,1,0,RET000794,CUST00702
39,1,0,0.0,0,0.0,10504.05,0.0,0,0,0,0,10504.05,5851.45,0.5571,12,0,0,0.0,39,0,4,1,0,RET000795,CUST00702
209,3,0,0.0,0,0.0,2938.09,0.0,0,0,0,0,4425.35,4425.35,1.0,6,0,0,0.0,209,0,1,1,0,RET000796,CUST00706
251,5,1,0.2,0,0.0,2838.64,0.0,0,0,0,0,4373.95,4373.95,1.0,25,0,1,0.1195,42,0,1,1,0,RET000797,CUST00706
293,2,0,0.0,0,0.0,3004.39,0.0,0,0,0,0,1806.5,888.36,0.4918,30,0,0,0.0,293,0,1,1,0,RET000798,CUST00708
251,4,0,0.0,0,0.0,8096.38,0.0,0,0,0,0,993.08,993.08,1.0,23,0,0,0.0,251,0,1,1,0,RET000799,CUST00710
61,8,1,0.125,0,0.0,6357.41,0.0,1,0,0,0,1307.16,1307.16,1.0,2,0,1,0.4918,35,0,1,1,0,RET000800,CUST00711
105,13,4,0.3077,2,2101.44,8137.73,0.0199,0,0,0,1,15355.97,15355.97,1.0,13,1,3,1.1429,38,0,1,1,0,RET000801,CUST00711
67,10,3,0.3,1,1307.16,7067.62,0.0185,1,2,2,1,794.28,794.28,1.0,1,1,3,1.3433,3,0,1,1,0,RET000802,CUST00711
64,9,2,0.2222,0,0.0,7764.65,0.0,1,1,1,0,19022.57,19022.57,1.0,1,0,2,0.9375,3,1,1,1,0,RET000803,CUST00711
26,3,0,0.0,0,0.0,5398.31,0.0,0,0,0,0,1311.96,1311.96,1.0,3,0,0,0.0,26,0,1,1,0,RET000804,CUST00711
106,13,5,0.3846,2,2101.44,8137.73,0.0199,0,1,1,0,19248.1,11799.04,0.613,9,2,3,1.4151,1,0,1,1,1,RET000805,CUST00711
359,3,0,0.0,0,0.0,1544.06,0.0,0,0,0,0,2115.15,2115.15,1.0,28,0,0,0.0,359,0,1,1,0,RET000806,CUST00712
351,3,0,0.0,0,0.0,3364.9,0.0,0,0,0,0,7970.77,7970.77,1.0,10,0,0,0.0,351,1,1,4,0,RET000807,CUST00713
301,6,2,0.3333,1,1176.4,1678.71,0.1168,0,1,2,1,293.29,293.29,1.0,11,0,1,0.1993,4,0,1,4,1,RET000808,CUST00714
297,6,1,0.1667,1,1176.4,1678.71,0.1168,0,0,1,1,799.76,799.76,1.0,7,1,1,0.101,9,0,1,4,0,RET000809,CUST00714
383,9,3,0.3333,1,1176.4,1932.1,0.0677,0,0,0,0,3677.28,3677.28,1.0,9,0,2,0.235,82,0,1,4,1,RET000810,CUST00714
288,4,0,0.0,0,0.0,2244.8,0.0,0,0,0,0,1250.25,1176.4,0.9409,13,0,0,0.0,288,0,1,4,0,RET000811,CUST00714
394,4,0,0.0,0,0.0,2472.74,0.0,0,0,0,0,882.57,882.57,1.0,28,0,0,0.0,394,0,1,1,0,RET000812,CUST00716
103,6,0,0.0,0,0.0,5678.92,0.0,0,0,0,0,26659.15,26659.15,1.0,14,0,0,0.0,103,1,1,1,0,RET000813,CUST00718
309,6,2,0.3333,1,3953.52,9075.31,0.0726,1,0,0,0,17628.4,17628.4,1.0,8,1,2,0.1942,57,0,1,3,0,RET000814,CUST00721
352,8,3,0.375,2,21581.92,7594.37,0.3552,0,0,0,0,1154.51,1154.51,1.0,12,0,2,0.2557,43,0,1,3,1,RET000815,CUST00721
248,4,0,0.0,0,0.0,4646.87,0.0,0,0,0,0,2317.86,2317.86,1.0,6,0,0,0.0,248,0,1,3,0,RET000816,CUST00721
252,4,1,0.25,0,0.0,4646.87,0.0,0,1,1,0,3953.52,3953.52,1.0,13,0,1,0.119,4,0,1,3,0,RET000817,CUST00721
185,10,0,0.0,0,0.0,5711.57,0.0,0,0,0,0,11945.64,11945.64,1.0,6,0,0,0.0,185,1,3,1,0,RET000818,CUST00726
222,12,1,0.0833,1,11945.64,6368.15,0.1563,1,0,0,0,11302.1,11302.1,1.0,27,0,1,0.1351,37,0,3,1,0,RET000819,CUST00726
234,12,2,0.1667,1,11945.64,6368.15,0.1563,0,0,1,0,8000.0,8000.0,1.0,13,0,2,0.2564,12,0,3,1,0,RET000820,CUST00726
50,3,0,0.0,0,0.0,2874.14,0.0,0,0,0,0,2351.28,2351.28,1.0,7,0,0,0.0,50,0,1,1,0,RET000821,CUST00727
25,3,0,0.0,0,0.0,4295.02,0.0,0,0,0,0,6527.76,6527.76,1.0,8,0,0,0.0,25,0,1,1,0,RET000822,CUST00729
341,3,0,0.0,0,0.0,7815.73,0.0,0,0,0,0,3600.72,3600.72,1.0,19,0,0,0.0,341,0,5,1,0,RET000823,CUST00731
231,5,1,0.2,1,758.29,3806.64,0.0398,0,0,0,0,1569.3,1569.3,1.0,8,0,1,0.1299,53,0,1,1,0,RET000824,CUST00732
178,2,0,0.0,0,0.0,6909.49,0.0,0,0,0,0,1325.6,758.29,0.572,26,0,0,0.0,178,0,1,1,0,RET000825,CUST00732
322,4,0,0.0,0,0.0,2668.31,0.0,0,0,0,0,2457.2,2457.2,1.0,10,0,0,0.0,322,0,1,1,0,RET000826,CUST00734
71,10,2,0.2,1,3570.22,2116.96,0.1686,0,0,1,0,280.84,280.84,1.0,3,0,2,0.8451,12,0,3,1,0,RET000827,CUST00735
59,9,1,0.1111,1,3570.22,2320.97,0.1709,0,0,0,1,273.17,273.17,1.0,9,0,1,0.5085,33,0,3,1,0,RET000828,CUST00735
78,12,3,0.25,2,3851.06,1928.64,0.1664,1,1,2,1,812.75,496.22,0.6105,5,0,3,1.1538,7,0,3,1,1,RET000829,CUST00735
26,4,0,0.0,0,0.0,2198.23,0.0,0,0,0,0,4047.76,3570.22,0.882,15,0,0,0.0,26,0,3,1,0,RET000830,CUST00735
201,9,1,0.1111,1,1071.52,2299.28,0.0518,0,0,0,0,1595.18,1595.18,1.0,25,0,1,0.1493,153,0,1,1,0,RET000831,CUST00736
48,4,0,0.0,0,0.0,2458.87,0.0,0,0,0,0,1289.0,1071.52,0.8313,25,0,0,0.0,48,0,1,1,0,RET000832,CUST00736
56,1,0,0.0,0,0.0,637.72,0.0,0,0,0,0,637.72,423.06,0.6634,2,0,0,0.0,56,0,1,1,0,RET000833,CUST00737
278,6,0,0.0,0,0.0,1470.99,0.0,0,0,0,0,277.64,277.64,1.0,4,0,0,0.0,278,0,1,1,0,RET000834,CUST00738
81,9,2,0.2222,0,0.0,7884.03,0.0,0,1,2,0,5485.8,5485.8,1.0,12,0,2,0.7407,5,0,1,4,1,RET000835,CUST00744
76,9,1,0.1111,0,0.0,7884.03,0.0,0,1,1,0,1729.61,1729.61,1.0,5,0,1,0.3947,3,0,1,4,0,RET000836,CUST00744
73,9,0,0.0,0,0.0,7884.03,0.0,0,0,0,0,14817.06,11992.07,0.8093,9,0,0,0.0,73,0,1,4,0,RET000837,CUST00744
148,3,0,0.0,0,0.0,1971.93,0.0,0,0,0,0,895.9,895.9,1.0,11,0,0,0.0,148,0,1,1,0,RET000838,CUST00745
151,4,0,0.0,0,0.0,1569.2,0.0,0,0,0,0,567.71,567.71,1.0,16,0,0,0.0,151,0,1,1,0,RET000839,CUST00747
230,6,1,0.1667,1,567.71,1958.13,0.0483,0,0,0,0,4842.43,4842.43,1.0,17,0,1,0.1304,79,1,1,1,0,RET000840,CUST00747
89,7,2,0.2857,3,15119.57,4201.8,0.5141,0,1,1,1,4229.19,4229.19,1.0,9,1,2,0.6742,2,0,4,1,1,RET000841,CUST00750
90,8,3,0.375,3,15119.57,5418.62,0.3488,1,2,2,1,13936.38,8448.25,0.6062,1,1,2,1.0,1,0,4,1,1,RET000842,CUST00750
148,15,7,0.4667,5,20107.79,8088.11,0.1657,0,0,0,0,22021.0,22021.0,1.0,14,0,3,1.4189,36,1,4,1,1,RET000843,CUST00750
40,3,0,0.0,0,0.0,2322.34,0.0,0,0,0,0,1599.82,1599.82,1.0,3,0,0,0.0,40,0,4,1,0,RET000844,CUST00750
104,9,5,0.5556,5,20107.79,5067.57,0.4409,0,0,4,3,2259.13,2259.13,1.0,2,2,3,1.4423,13,0,4,1,1,RET000845,CUST00750
87,7,1,0.1429,2,2892.26,4201.8,0.0983,0,0,0,0,12227.31,12227.31,1.0,8,0,1,0.3448,47,1,4,1,0,RET000846,CUST00750
91,8,4,0.5,3,15119.57,5418.62,0.3488,0,3,3,1,1502.48,1502.48,1.0,14,0,2,1.3187,1,0,4,1,1,RET000847,CUST00750
208,20,9,0.45,7,43017.34,8524.94,0.2523,0,0,0,1,3246.55,3246.55,1.0,14,4,4,1.2981,32,0,4,1,1,RET000848,CUST00750
112,12,6,0.5,5,20107.79,5648.28,0.2967,0,0,5,3,2780.84,2780.84,1.0,8,2,3,1.6071,8,0,4,1,1,RET000849,CUST00750
176,17,8,0.4706,6,42128.79,8203.76,0.3021,0,0,1,1,888.55,888.55,1.0,14,3,4,1.3636,28,0,4,1,1,RET000850,CUST00750
20,5,0,0.0,0,0.0,2371.07,0.0,0,0,0,0,218.07,218.07,1.0,15,0,0,0.0,20,0,3,1,0,RET000851,CUST00754
70,9,2,0.2222,2,1466.84,3905.56,0.0417,0,0,0,0,2162.39,2162.39,1.0,28,1,2,0.8571,44,0,3,1,0,RET000852,CUST00754
26,5,1,0.2,0,0.0,2371.07,0.0,0,1,1,0,1248.77,1248.77,1.0,13,0,1,1.1538,6,0,3,1,0,RET000853,CUST00754
20,11,0,0.0,0,0.0,9844.9,0.0,0,0,0,0,3678.15,3678.15,1.0,11,0,0,0.0,20,0,3,1,1,RET000854,CUST00755
25,12,1,0.0833,0,0.0,9284.72,0.0,1,1,1,0,4169.33,1900.48,0.4558,13,0,1,1.2,5,0,3,1,1,RET000855,CUST00755
33,13,2,0.1538,0,0.0,9707.58,0.0,0,0,2,0,3122.76,3122.76,1.0,9,1,2,1.8182,8,0,3,1,1,RET000856,CUST00755
70,17,4,0.2353,2,5023.24,8810.75,0.0335,1,0,0,0,4706.68,2791.09,0.593,1,2,3,1.7143,37,0,3,1,1,RET000857,CUST00755
70,17,4,0.2353,2,5023.24,8810.75,0.0335,1,0,0,0,15045.47,15045.47,1.0,8,0,3,1.7143,37,0,3,1,1,RET000858,CUST00755
33,13,2,0.1538,0,0.0,9707.58,0.0,0,0,2,0,14781.83,14781.83,1.0,5,0,2,1.8182,8,0,3,1,1,RET000859,CUST00755
392,2,0,0.0,0,0.0,4723.17,0.0,0,0,0,0,7670.59,7670.59,1.0,28,0,0,0.0,392,0,1,2,0,RET000860,CUST00756
61,6,1,0.1667,1,1415.13,6337.88,0.0372,0,0,1,1,12616.22,11012.04,0.8728,6,0,1,0.4918,24,0,1,1,0,RET000861,CUST00759
37,2,0,0.0,0,0.0,7652.03,0.0,1,0,0,0,1415.13,1415.13,1.0,1,0,0,0.0,37,0,1,1,0,RET000862,CUST00759
102,8,3,0.375,2,12427.17,5656.84,0.2746,0,1,1,0,1039.54,1039.54,1.0,13,0,3,0.8824,6,0,1,1,1,RET000863,CUST00759
96,8,2,0.25,2,12427.17,5656.84,0.2746,0,0,0,1,6187.95,6187.95,1.0,11,0,2,0.625,35,0,1,1,0,RET000864,CUST00759
267,8,0,0.0,0,0.0,4265.92,0.0,0,0,0,0,6481.86,6481.86,1.0,30,0,0,0.0,267,0,1,1,0,RET000865,CUST00760
31,3,0,0.0,0,0.0,3238.53,0.0,0,0,0,0,2802.77,2802.77,1.0,2,0,0,0.0,31,0,1,1,0,RET000866,CUST00765
56,5,1,0.2,0,0.0,15045.17,0.0,0,0,1,0,40470.46,40470.46,1.0,7,0,1,0.5357,25,1,1,1,0,RET000867,CUST00765
87,8,2,0.25,1,40470.46,11829.83,0.4276,0,0,0,1,2004.86,2004.86,1.0,12,0,2,0.6897,31,0,1,1,1,RET000868,CUST00765
66,1,0,0.0,0,0.0,572.72,0.0,0,0,0,0,572.72,572.72,1.0,3,0,0,0.0,66,0,1,1,0,RET000869,CUST00767
363,5,0,0.0,0,0.0,1858.3,0.0,0,0,0,0,666.33,666.33,1.0,25,0,0,0.0,363,0,1,1,0,RET000870,CUST00770
183,4,0,0.0,0,0.0,6440.22,0.0,1,0,0,0,4951.34,4951.34,1.0,12,0,0,0.0,183,0,1,1,0,RET000871,CUST00771
80,4,0,0.0,0,0.0,1599.71,0.0,0,0,0,0,560.95,405.19,0.7223,12,0,0,0.0,80,0,1,1,0,RET000872,CUST00773
275,3,0,0.0,0,0.0,2253.26,0.0,0,0,0,0,3225.55,2093.3,0.649,24,0,0,0.0,275,0,1,1,0,RET000873,CUST00774
391,4,0,0.0,0,0.0,2492.33,0.0,0,0,0,0,4504.27,4504.27,1.0,14,0,0,0.0,391,0,1,1,0,RET000874,CUST00775
125,4,0,0.0,1,167.43,2099.5,0.0199,0,0,0,1,3454.9,2692.11,0.7792,17,0,0,0.0,125,0,1,1,0,RET000875,CUST00781
11,3,0,0.0,0,0.0,1925.87,0.0,1,0,0,0,1607.82,1607.82,1.0,10,0,0,0.0,11,0,1,1,0,RET000876,CUST00783
15,15,2,0.1333,0,0.0,6186.07,0.0,0,1,2,0,33876.96,33876.96,1.0,9,0,2,4.0,5,1,5,1,1,RET000877,CUST00785
10,11,1,0.0909,0,0.0,7663.81,0.0,1,1,1,0,341.31,341.31,1.0,4,0,1,3.0,6,0,5,1,0,RET000878,CUST00785
4,5,0,0.0,0,0.0,5374.46,0.0,0,0,0,0,16490.06,16490.06,1.0,3,0,0,0.0,4,1,5,1,0,RET000879,CUST00785
17,15,3,0.2,1,341.31,6186.07,0.0037,0,2,3,1,2560.1,1285.72,0.5022,13,0,3,5.2941,2,0,5,1,1,RET000880,CUST00785
18,13,1,0.0769,0,0.0,6571.79,0.0,0,1,1,0,4152.87,3266.51,0.7866,9,1,1,1.6667,1,0,1,1,1,RET000881,CUST00787
26,15,3,0.2,2,21145.76,6515.3,0.2164,0,1,3,2,2355.38,2355.38,1.0,4,0,2,3.4615,6,0,1,1,1,RET000882,CUST00787
17,13,0,0.0,0,0.0,6571.79,0.0,0,0,0,0,17879.25,17879.25,1.0,6,0,0,0.0,17,1,1,1,1,RET000883,CUST00787
20,13,2,0.1538,0,0.0,6571.79,0.0,0,2,2,0,4013.28,4013.28,1.0,12,0,1,3.0,2,0,1,1,1,RET000884,CUST00787
53,3,0,0.0,0,0.0,9546.82,0.0,0,0,0,0,23190.34,23190.34,1.0,17,0,0,0.0,53,1,1,1,0,RET000885,CUST00791
116,7,1,0.1429,0,0.0,5668.11,0.0,0,0,0,0,3181.62,3181.62,1.0,8,0,1,0.2586,63,0,1,1,0,RET000886,CUST00791
139,6,2,0.3333,2,3230.23,3531.15,0.1525,0,0,0,0,11413.82,11413.82,1.0,24,2,1,0.4317,52,1,4,1,1,RET000887,CUST00793
87,4,1,0.25,1,467.58,2243.95,0.0521,0,0,0,1,2762.65,2762.65,1.0,4,1,1,0.3448,32,0,4,1,1,RET000888,CUST00793
55,2,0,0.0,0,0.0,2451.97,0.0,0,0,0,0,914.01,467.58,0.5116,19,0,0,0.0,55,0,4,1,0,RET000889,CUST00793
60,2,0,0.0,0,0.0,1755.59,0.0,0,0,0,0,1413.64,1413.64,1.0,3,0,0,0.0,60,0,1,1,0,RET000890,CUST00799
149,5,1,0.2,0,0.0,3818.46,0.0,1,0,0,0,2798.29,2798.29,1.0,21,0,1,0.2013,89,0,1,1,0,RET000891,CUST00799
376,6,0,0.0,0,0.0,3299.62,0.0,0,0,0,0,5115.73,5115.73,1.0,11,0,0,0.0,376,0,1,1,0,RET000892,CUST00800
105,6,0,0.0,0,0.0,6635.9,0.0,0,0,0,0,659.67,659.67,1.0,27,0,0,0.0,105,0,1,1,0,RET000893,CUST00803
92,13,4,0.3077,2,1173.61,5194.23,0.0174,0,2,2,0,1843.44,1843.44,1.0,4,1,3,1.3043,1,0,3,1,1,RET000894,CUST00806
91,13,3,0.2308,2,1173.61,5194.23,0.0174,0,1,1,0,6426.61,3402.59,0.5295,6,0,2,0.989,4,0,3,1,1,RET000895,CUST00806
87,11,2,0.1818,2,1173.61,5667.87,0.0188,0,0,0,0,4469.27,4469.27,1.0,5,1,2,0.6897,67,0,3,1,1,RET000896,CUST00806
99,13,5,0.3846,3,4576.2,5194.23,0.0678,0,1,3,1,3334.94,3334.94,1.0,11,1,3,1.5152,7,0,3,1,1,RET000897,CUST00806
126,17,7,0.4118,3,4576.2,5916.96,0.0455,0,1,2,1,1523.41,1523.41,1.0,5,2,4,1.6667,4,0,3,1,1,RET000898,CUST00806
2,1,0,0.0,0,0.0,628.81,0.0,0,0,0,0,628.81,628.81,1.0,2,0,0,0.0,2,0,3,1,0,RET000899,CUST00806
20,2,1,0.5,1,628.81,586.8,0.5358,0,0,1,1,544.8,544.8,1.0,3,0,1,1.5,18,0,3,1,1,RET000900,CUST00806
122,17,6,0.3529,3,4576.2,5916.96,0.0455,1,0,2,1,3919.77,3542.36,0.9037,3,0,3,1.4754,23,0,3,1,1,RET000901,CUST00806
99,7,0,0.0,0,0.0,3647.75,0.0,0,0,0,0,2729.36,2036.83,0.7463,25,0,0,0.0,99,0,1,1,0,RET000902,CUST00807
44,21,9,0.4286,4,6981.08,6472.91,0.0514,0,2,8,4,38112.46,25859.23,0.6785,12,3,3,6.1364,1,1,1,2,1,RET000903,CUST00808
36,20,6,0.3,2,2753.37,6507.75,0.0212,0,4,6,2,2137.77,1026.67,0.4803,8,2,3,5.0,1,0,1,2,1,RET000904,CUST00808
35,20,5,0.25,2,2753.37,6507.75,0.0212,1,3,5,2,2346.33,2346.33,1.0,4,0,2,4.2857,2,0,1,2,1,RET000905,CUST00808
44,21,9,0.4286,4,6981.08,6472.91,0.0514,0,2,8,4,7386.45,7386.45,1.0,13,3,3,6.1364,1,0,1,2,1,RET000906,CUST00808
31,12,3,0.25,1,1099.39,4526.96,0.0202,1,1,3,1,12681.89,12681.89,1.0,2,1,2,2.9032,1,1,1,2,1,RET000907,CUST00808
43,21,8,0.381,4,6981.08,6472.91,0.0514,0,2,7,4,366.34,366.34,1.0,10,2,3,5.5814,6,0,1,2,1,RET000908,CUST00808
33,18,4,0.2222,1,1099.39,7160.11,0.0085,2,2,4,1,1833.74,1833.74,1.0,6,2,2,3.6364,2,0,1,2,1,RET000909,CUST00808
51,23,11,0.4783,5,14367.53,6122.36,0.102,1,2,10,4,479.67,479.67,1.0,1,0,3,6.4706,7,0,1,2,1,RET000910,CUST00808
11,1,0,0.0,0,0.0,1701.68,0.0,0,0,0,0,1701.68,1099.39,0.6461,2,0,0,0.0,11,0,1,2,0,RET000911,CUST00808
30,11,2,0.1818,1,1099.39,4845.93,0.0206,1,1,2,1,1653.98,1653.98,1.0,4,0,1,2.0,7,0,1,2,1,RET000912,CUST00808
37,20,7,0.35,2,2753.37,6507.75,0.0212,0,5,7,2,3458.57,3458.57,1.0,6,1,3,5.6757,1,0,1,2,1,RET000913,CUST00808
23,3,1,0.3333,1,1099.39,8544.58,0.0429,0,0,1,1,21413.85,21413.85,1.0,12,1,1,1.3043,12,1,1,2,1,RET000914,CUST00808
98,7,0,0.0,0,0.0,7040.96,0.0,0,0,0,0,1908.77,1908.77,1.0,17,0,0,0.0,98,0,1,1,0,RET000915,CUST00810
165,2,0,0.0,0,0.0,679.61,0.0,0,0,0,0,640.97,640.97,1.0,5,0,0,0.0,165,0,1,1,0,RET000916,CUST00811
229,3,0,0.0,0,0.0,8435.95,0.0,0,0,0,0,978.28,978.28,1.0,2,0,0,0.0,229,0,1,1,0,RET000917,CUST00813
39,2,0,0.0,0,0.0,4517.9,0.0,0,0,0,0,2623.29,2623.29,1.0,16,0,0,0.0,39,0,1,1,0,RET000918,CUST00814
54,6,0,0.0,0,0.0,2106.37,0.0,0,0,0,0,2967.28,2967.28,1.0,22,0,0,0.0,54,0,1,1,0,RET000919,CUST00815
77,5,2,0.4,2,5302.81,2228.44,0.4759,0,0,1,1,1541.28,1541.28,1.0,13,0,2,0.7792,16,0,1,1,1,RET000920,CUST00820
61,4,1,0.25,1,1900.59,2400.23,0.198,0,0,0,1,3402.22,3402.22,1.0,25,0,1,0.4918,31,0,1,1,0,RET000921,CUST00820
30,3,0,0.0,0,0.0,2066.23,0.0,0,0,0,0,1900.59,1900.59,1.0,6,0,0,0.0,30,0,1,1,0,RET000922,CUST00820
198,4,0,0.0,0,0.0,10734.25,0.0,0,0,0,0,3523.17,3523.17,1.0,13,0,0,0.0,198,0,1,1,0,RET000923,CUST00823
45,9,2,0.2222,1,13858.48,4478.21,0.3438,0,1,1,1,1148.75,1148.75,1.0,5,0,2,1.3333,5,0,4,1,1,RET000924,CUST00824
48,10,4,0.4,1,13858.48,4252.6,0.3259,0,2,3,0,1425.38,1425.38,1.0,6,0,3,2.5,3,0,4,1,1,RET000925,CUST00824
40,4,1,0.25,1,13858.48,7304.56,0.4743,0,0,0,1,2748.78,2748.78,1.0,3,0,1,0.75,33,0,4,1,1,RET000926,CUST00824
48,10,4,0.4,1,13858.48,4252.6,0.3259,0,2,3,0,2646.86,2646.86,1.0,5,2,3,2.5,3,0,4,1,1,RET000927,CUST00824
65,14,7,0.5,4,21036.93,4651.32,0.3231,0,0,6,3,11098.31,11098.31,1.0,14,1,4,3.2308,16,1,4,1,1,RET000928,CUST00824
91,16,9,0.5625,5,29197.77,6806.01,0.2681,0,1,2,1,21406.65,10999.79,0.5138,9,4,5,2.967,1,0,4,1,1,RET000929,CUST00824
7,1,0,0.0,0,0.0,13858.48,0.0,0,0,0,0,13858.48,13858.48,1.0,5,0,0,0.0,7,0,4,1,0,RET000930,CUST00824
90,16,8,0.5,5,29197.77,6806.01,0.2681,0,0,1,1,22370.97,19663.36,0.879,14,0,4,2.6667,25,1,4,1,1,RET000931,CUST00824
49,10,6,0.6,1,13858.48,4252.6,0.3259,0,4,5,0,2222.1,2222.1,1.0,4,3,4,3.6735,1,0,4,1,1,RET000932,CUST00824
45,9,2,0.2222,1,13858.48,4478.21,0.3438,0,1,1,1,2344.92,2344.92,1.0,4,1,2,1.3333,5,0,4,1,1,RET000933,CUST00824
524,4,0,0.0,0,0.0,1445.48,0.0,0,0,0,0,1070.77,1070.77,1.0,23,0,0,0.0,524,0,1,1,0,RET000934,CUST00825
171,6,0,0.0,0,0.0,1650.0,0.0,0,0,0,0,2096.03,1665.34,0.7945,25,0,0,0.0,171,0,1,1,0,RET000935,CUST00827
25,9,3,0.3333,1,2755.33,6487.71,0.0472,0,2,3,1,18012.6,18012.6,1.0,8,1,3,3.6,1,1,5,1,1,RET000936,CUST00829
8,4,0,0.0,0,0.0,8691.7,0.0,1,0,0,0,2755.33,2755.33,1.0,5,0,0,0.0,8,0,5,1,0,RET000937,CUST00829
18,8,1,0.125,0,0.0,7127.3,0.0,1,0,1,0,27121.93,20288.93,0.7481,13,0,1,1.6667,10,1,5,1,0,RET000938,CUST00829
24,9,2,0.2222,1,2755.33,6487.71,0.0472,0,1,2,1,1370.99,1370.99,1.0,2,0,2,2.5,6,0,5,1,1,RET000939,CUST00829
341,5,0,0.0,0,0.0,5448.85,0.0,0,0,0,0,4173.07,4173.07,1.0,8,0,0,0.0,341,0,1,1,0,RET000940,CUST00830
43,12,1,0.0833,0,0.0,7901.96,0.0,2,1,1,0,14811.81,14811.81,1.0,2,1,1,0.6977,1,0,5,1,1,RET000941,CUST00831
43,12,1,0.0833,0,0.0,7901.96,0.0,2,1,1,0,13712.83,13712.83,1.0,3,1,1,0.6977,1,0,5,1,1,RET000942,CUST00831
47,14,3,0.2143,0,0.0,7088.19,0.0,1,3,3,0,764.3,764.3,1.0,8,0,1,1.9149,4,0,5,1,1,RET000943,CUST00831
52,14,6,0.4286,2,3586.77,7088.19,0.0361,0,3,6,2,17443.49,17443.49,1.0,12,3,2,3.4615,3,1,5,1,1,RET000944,CUST00831
42,10,0,0.0,0,0.0,8033.44,0.0,1,0,0,0,6000.0,4850.65,0.8084,4,0,0,0.0,42,0,5,1,0,RET000945,CUST00831
48,14,4,0.2857,0,0.0,7088.19,0.0,0,4,4,0,1588.74,1588.74,1.0,5,1,2,2.5,1,0,5,1,1,RET000946,CUST00831
49,14,5,0.3571,0,0.0,7088.19,0.0,0,5,5,0,2822.47,2822.47,1.0,3,2,2,3.0612,1,0,5,1,1,RET000947,CUST00831
293,5,0,0.0,0,0.0,16482.67,0.0,0,0,0,0,18754.88,18754.88,1.0,26,0,0,0.0,293,0,1,4,0,RET000948,CUST00832
277,9,0,0.0,0,0.0,2791.22,0.0,0,0,0,0,2692.06,2692.06,1.0,30,0,0,0.0,277,0,4,1,0,RET000949,CUST00834
151,3,0,0.0,0,0.0,2067.86,0.0,0,0,0,0,1921.32,1921.32,1.0,24,0,0,0.0,151,0,5,1,0,RET000950,CUST00835
87,3,0,0.0,0,0.0,6042.62,0.0,0,0,0,0,12961.79,9258.23,0.7143,20,0,0,0.0,87,0,1,1,0,RET000951,CUST00837
194,6,0,0.0,0,0.0,5230.88,0.0,0,0,0,0,11141.04,11141.04,1.0,19,0,0,0.0,194,1,1,1,0,RET000952,CUST00838
412,11,6,0.5455,5,9380.16,4742.83,0.1798,0,0,1,1,1677.72,1259.16,0.7505,13,1,5,0.4369,27,0,2,1,1,RET000953,CUST00841
488,17,9,0.5294,7,14140.47,6346.78,0.1311,0,0,1,0,6169.63,6169.63,1.0,3,2,5,0.5533,8,0,2,1,1,RET000954,CUST00841
480,14,8,0.5714,7,14140.47,5808.82,0.1739,0,0,1,1,697.06,697.06,1.0,10,2,5,0.5,30,0,2,1,1,RET000955,CUST00841
319,3,0,0.0,0,0.0,7341.59,0.0,0,0,0,0,2885.47,1363.37,0.4725,9,0,0,0.0,319,0,2,1,0,RET000956,CUST00841
489,17,10,0.5882,7,14140.47,6346.78,0.1311,0,1,2,0,19045.38,19045.38,1.0,4,3,5,0.6135,1,1,2,1,1,RET000957,CUST00841
494,18,11,0.6111,10,38552.72,6283.24,0.3409,1,2,3,3,1356.77,1356.77,1.0,8,0,5,0.668,5,0,2,1,1,RET000958,CUST00841
385,10,5,0.5,4,7942.38,5049.34,0.1573,0,0,1,3,1437.78,1437.78,1.0,11,0,4,0.3896,27,0,2,1,1,RET000959,CUST00841
348,8,3,0.375,1,1363.37,6078.72,0.028,1,2,3,1,2009.03,2009.03,1.0,5,0,2,0.2586,1,0,2,1,1,RET000960,CUST00841
346,7,1,0.1429,1,1363.37,4565.91,0.0427,0,0,1,1,3828.69,3828.69,1.0,8,0,1,0.0867,27,0,2,1,0,RET000961,CUST00841
358,8,4,0.5,2,2104.66,6078.72,0.0433,0,0,3,1,16668.36,16668.36,1.0,11,0,3,0.3352,10,1,2,1,1,RET000962,CUST00841
347,7,2,0.2857,1,1363.37,4565.91,0.0427,0,1,2,1,741.29,741.29,1.0,4,1,2,0.1729,1,0,2,1,0,RET000963,CUST00841
450,12,7,0.5833,6,10639.32,4639.36,0.1911,0,0,0,1,3501.15,3501.15,1.0,10,1,5,0.4667,38,0,2,1,1,RET000964,CUST00841
139,3,0,0.0,0,0.0,6759.79,0.0,0,0,0,0,9390.28,9390.28,1.0,19,0,0,0.0,139,0,1,1,1,RET000965,CUST00843
29,13,4,0.3077,2,52793.06,10058.02,0.4038,1,1,4,2,1517.72,1517.72,1.0,14,2,3,4.1379,7,0,3,1,1,RET000966,CUST00846
58,23,11,0.4783,8,127630.94,9902.75,0.5604,0,1,7,7,1542.85,1250.96,0.8108,10,0,4,5.6897,1,0,3,1,1,RET000967,CUST00846
57,23,10,0.4348,8,127630.94,9902.75,0.5604,0,0,6,7,3030.53,3030.53,1.0,7,2,4,5.2632,8,0,3,1,1,RET000968,CUST00846
30,13,5,0.3846,2,52793.06,10058.02,0.4038,0,1,5,2,3239.36,3239.36,1.0,4,3,3,5.0,1,0,3,1,1,RET000969,CUST00846
49,21,9,0.4286,5,68623.34,10674.25,0.3061,1,1,7,5,30968.63,30968.63,1.0,3,2,4,5.5102,5,1,3,1,1,RET000970,CUST00846
20,11,2,0.1818,0,0.0,11271.34,0.0,0,1,2,0,5496.31,3831.34,0.6971,10,1,2,3.0,4,0,3,1,1,RET000971,CUST00846
44,17,8,0.4706,4,57550.14,10807.36,0.3132,0,2,7,4,14722.79,11073.2,0.7521,14,1,4,5.4545,5,0,3,1,1,RET000972,CUST00846
38,16,6,0.375,3,54310.78,11419.6,0.2972,0,0,6,3,27027.38,27027.38,1.0,4,0,3,4.7368,8,1,3,1,1,RET000973,CUST00846
16,11,1,0.0909,0,0.0,11271.34,0.0,2,1,1,0,4232.6,3595.75,0.8495,6,0,1,1.875,7,0,3,1,1,RET000974,CUST00846
9,4,0,0.0,0,0.0,14089.17,0.0,0,0,0,0,631.62,631.62,1.0,4,0,0,0.0,9,0,3,1,0,RET000975,CUST00846
22,11,3,0.2727,1,3321.6,11271.34,0.0268,0,2,3,1,49471.46,49471.46,1.0,8,0,2,4.0909,2,1,3,1,1,RET000976,CUST00846
39,17,7,0.4118,3,54310.78,10807.36,0.2956,1,1,7,3,1011.59,1011.59,1.0,1,1,4,5.3846,1,0,3,1,1,RET000977,CUST00846
135,11,2,0.1818,1,1279.48,9345.6,0.0124,0,0,0,0,27577.6,27577.6,1.0,10,2,1,0.4444,88,1,1,4,0,RET000978,CUST00848
37,3,0,0.0,0,0.0,5887.55,0.0,0,0,0,0,913.03,913.03,1.0,3,0,0,0.0,37,0,1,4,0,RET000979,CUST00848
47,4,1,0.25,0,0.0,4993.73,0.0,0,0,1,0,2312.26,1279.48,0.5533,6,1,1,0.6383,10,0,1,4,1,RET000980,CUST00848
52,4,0,0.0,0,0.0,1352.2,0.0,0,0,0,0,1039.09,433.23,0.4169,18,0,0,0.0,52,0,1,1,0,RET000981,CUST00849
38,21,9,0.4286,3,16067.42,7916.28,0.0967,0,3,9,3,1898.31,1898.31,1.0,13,3,4,7.1053,1,0,5,4,1,RET000982,CUST00850
30,16,4,0.25,0,0.0,5251.93,0.0,0,2,4,0,12000.0,12000.0,1.0,6,1,3,4.0,3,1,5,4,1,RET000983,CUST00850
27,15,3,0.2,0,0.0,5453.89,0.0,2,3,3,0,2631.24,2631.24,1.0,2,1,3,3.3333,3,0,5,4,1,RET000984,CUST00850
37,21,8,0.381,2,13436.18,7916.28,0.0808,1,4,8,2,5695.5,5695.5,1.0,7,1,4,6.4865,2,0,5,4,1,RET000985,CUST00850
30,16,4,0.25,0,0.0,5251.93,0.0,0,2,4,0,2222.44,2222.44,1.0,3,2,3,4.0,3,0,5,4,1,RET000986,CUST00850
24,8,2,0.25,0,0.0,5025.89,0.0,1,2,2,0,1436.18,1436.18,1.0,8,0,2,2.5,3,0,5,4,1,RET000987,CUST00850
39,21,10,0.4762,3,16067.42,7916.28,0.0967,0,3,10,3,2978.44,2978.44,1.0,14,2,4,7.6923,1,0,5,4,1,RET000988,CUST00850
21,7,0,0.0,0,0.0,3665.24,0.0,1,0,0,0,3823.36,3823.36,1.0,4,0,0,0.0,21,0,5,4,0,RET000989,CUST00850
44,22,11,0.5,5,20868.71,8672.74,0.1094,0,3,11,5,17742.81,17742.81,1.0,13,3,4,7.5,5,1,5,4,1,RET000990,CUST00850
35,20,7,0.35,2,13436.18,5562.09,0.1208,0,3,7,2,12398.06,12398.06,1.0,9,2,4,6.0,4,1,5,4,1,RET000991,CUST00850
21,7,0,0.0,0,0.0,3665.24,0.0,1,0,0,0,912.54,912.54,1.0,5,0,0,0.0,21,0,5,4,0,RET000992,CUST00850
31,19,6,0.3158,0,0.0,4921.0,0.0,3,4,6,0,2665.25,2483.76,0.9319,1,0,3,5.8065,1,0,5,4,1,RET000993,CUST00850
50,24,13,0.5417,6,26564.21,8049.56,0.1375,0,2,13,6,1538.85,1538.85,1.0,3,5,4,7.8,3,0,5,4,1,RET000994,CUST00850
47,22,12,0.5455,5,20868.71,8672.74,0.1094,0,1,12,5,24558.41,24558.41,1.0,8,4,4,7.6596,3,1,5,4,0,RET000995,CUST00850
128,3,0,0.0,0,0.0,4246.18,0.0,0,0,0,0,4089.51,4089.51,1.0,30,0,0,0.0,128,0,1,1,0,RET000996,CUST00852
70,4,0,0.0,0,0.0,1613.52,0.0,0,0,0,0,2755.15,2755.15,1.0,20,0,0,0.0,70,0,1,1,0,RET000997,CUST00857
184,4,1,0.25,1,1358.29,12123.34,0.028,0,0,0,0,41711.93,41711.93,1.0,30,0,1,0.163,66,1,1,1,0,RET000998,CUST00858
118,2,0,0.0,0,0.0,2736.22,0.0,0,0,0,0,1358.29,1358.29,1.0,20,0,0,0.0,118,0,1,1,0,RET000999,CUST00858
19,7,1,0.1429,1,6435.47,10606.83,0.0867,0,1,1,1,383.61,383.61,1.0,6,0,1,1.5789,4,0,4,4,0,RET001000,CUST00859
51,15,3,0.2,3,10082.02,7369.39,0.0912,0,0,0,2,2935.08,2935.08,1.0,9,0,3,1.7647,31,0,4,4,1,RET001001,CUST00859
20,8,2,0.25,1,6435.47,9384.92,0.0857,1,2,2,1,3262.94,3262.94,1.0,6,0,2,3.0,1,0,4,4,1,RET001002,CUST00859
15,5,0,0.0,0,0.0,10841.27,0.0,1,0,0,0,6435.47,6435.47,1.0,9,0,0,0.0,15,0,4,4,0,RET001003,CUST00859
334,6,0,0.0,0,0.0,12966.56,0.0,0,0,0,0,11340.16,11340.16,1.0,26,0,0,0.0,334,0,1,1,0,RET001004,CUST00863
168,2,0,0.0,0,0.0,1461.36,0.0,0,0,0,0,220.84,220.84,1.0,24,0,0,0.0,168,0,5,2,0,RET001005,CUST00866
325,7,0,0.0,0,0.0,2528.68,0.0,0,0,0,0,2537.36,1970.03,0.7764,27,0,0,0.0,325,0,1,1,0,RET001006,CUST00867
124,5,1,0.2,0,0.0,1738.23,0.0,0,0,1,0,747.65,747.65,1.0,18,0,1,0.2419,13,0,1,1,0,RET001007,CUST00870
111,5,0,0.0,0,0.0,1738.23,0.0,0,0,0,0,3697.58,3697.58,1.0,27,0,0,0.0,111,1,1,1,0,RET001008,CUST00870
327,4,0,0.0,0,0.0,9954.3,0.0,0,0,0,0,9155.91,9155.91,1.0,28,0,0,0.0,327,0,1,1,0,RET001009,CUST00872
281,10,0,0.0,0,0.0,4704.55,0.0,0,0,0,0,2721.96,2721.96,1.0,4,0,0,0.0,281,0,5,3,0,RET001010,CUST00874
295,12,2,0.1667,1,2721.96,4215.33,0.0538,0,1,2,1,536.5,536.5,1.0,6,1,2,0.2034,7,0,5,3,0,RET001011,CUST00874
334,16,4,0.25,4,21934.57,6203.23,0.221,0,0,1,2,1192.69,1192.69,1.0,13,0,2,0.3593,14,0,5,3,1,RET001012,CUST00874
320,13,3,0.2308,3,5821.75,5369.75,0.0834,0,0,1,2,19222.71,19222.71,1.0,14,1,2,0.2812,25,1,5,3,1,RET001013,CUST00874
288,11,1,0.0909,0,0.0,4549.77,0.0,0,1,1,0,3002.02,2563.29,0.8539,3,0,1,0.1042,7,0,5,3,0,RET001014,CUST00874
198,4,1,0.25,1,2618.06,3866.76,0.1693,0,0,0,0,1912.0,1912.0,1.0,2,0,1,0.1515,39,0,1,4,1,RET001015,CUST00876
159,2,0,0.0,0,0.0,6115.17,0.0,0,0,0,0,4025.95,4025.95,1.0,5,0,0,0.0,159,0,1,4,0,RET001016,CUST00876
253,6,0,0.0,0,0.0,6842.96,0.0,0,0,0,0,780.39,780.39,1.0,28,0,0,0.0,253,0,1,1,0,RET001017,CUST00878
121,2,0,0.0,0,0.0,1849.59,0.0,0,0,0,0,1521.56,1521.56,1.0,22,0,0,0.0,121,0,5,1,0,RET001018,CUST00881
221,3,0,0.0,0,0.0,3098.31,0.0,0,0,0,0,1233.85,1233.85,1.0,27,0,0,0.0,221,0,1,1,0,RET001019,CUST00884
106,2,0,0.0,0,0.0,16828.42,0.0,0,0,0,0,1754.71,1754.71,1.0,16,0,0,0.0,106,0,1,1,0,RET001020,CUST00885
189,3,0,0.0,0,0.0,2185.76,0.0,0,0,0,0,1256.08,548.96,0.437,22,0,0,0.0,189,0,1,1,0,RET001021,CUST00886
132,6,3,0.5,2,2687.43,8867.86,0.0505,0,0,0,0,40004.58,40004.58,1.0,2,0,3,0.6818,47,1,4,1,1,RET001022,CUST00887
74,4,1,0.25,0,0.0,2904.11,0.0,0,1,1,0,1822.66,1822.66,1.0,24,0,1,0.4054,5,0,4,1,1,RET001023,CUST00887
69,3,0,0.0,0,0.0,1755.89,0.0,0,0,0,0,2456.25,1448.22,0.5896,7,0,0,0.0,69,0,4,1,0,RET001024,CUST00887
85,4,2,0.5,2,2687.43,2904.11,0.2313,0,0,2,2,988.77,486.22,0.4917,29,0,2,0.7059,11,0,4,1,1,RET001025,CUST00887
168,8,4,0.5,3,39776.6,7837.45,0.6344,0,0,0,1,7897.9,7897.9,1.0,20,1,4,0.7143,36,0,4,1,1,RET001026,CUST00887
183,8,0,0.0,0,0.0,4593.31,0.0,0,0,0,0,3438.67,3438.67,1.0,18,0,0,0.0,183,0,4,1,0,RET001027,CUST00891
255,12,0,0.0,0,0.0,8181.06,0.0,0,0,0,0,3531.77,1697.71,0.4807,11,0,0,0.0,255,0,1,1,0,RET001028,CUST00892
105,18,7,0.3889,3,60471.41,9474.48,0.3546,0,2,3,0,4328.92,4328.92,1.0,3,1,6,2.0,1,0,1,4,1,RET001029,CUST00895
104,18,5,0.2778,3,60471.41,9474.48,0.3546,1,0,1,0,14927.69,14927.69,1.0,6,0,5,1.4423,9,0,1,4,1,RET001030,CUST00895
104,18,5,0.2778,3,60471.41,9474.48,0.3546,1,0,1,0,859.86,859.86,1.0,8,1,5,1.4423,9,0,1,4,1,RET001031,CUST00895
95,9,4,0.4444,3,60471.41,12732.83,0.5277,0,0,2,2,5453.24,5453.24,1.0,4,0,4,1.2632,23,0,1,4,1,RET001032,CUST00895
16,3,0,0.0,0,0.0,1973.19,0.0,0,0,0,0,2727.38,2727.38,1.0,11,0,0,0.0,16,0,1,4,0,RET001033,CUST00895
122,22,8,0.3636,3,60471.41,8389.3,0.3276,1,0,4,0,3371.75,3371.75,1.0,10,1,6,1.9672,17,0,1,4,1,RET001034,CUST00895
18,3,1,0.3333,0,0.0,1973.19,0.0,0,1,1,0,2627.49,2627.49,1.0,6,0,1,1.6667,2,0,1,4,1,RET001035,CUST00895
66,6,2,0.3333,1,2727.38,15990.09,0.0284,0,0,0,0,55000.0,55000.0,1.0,8,0,2,0.9091,48,1,1,4,1,RET001036,CUST00895
72,7,3,0.4286,1,2727.38,14097.79,0.0276,1,1,1,0,2744.03,2744.03,1.0,1,0,3,1.25,6,0,1,4,1,RET001037,CUST00895
35,2,0,0.0,0,0.0,1364.2,0.0,0,0,0,0,604.48,604.48,1.0,9,0,0,0.0,35,0,1,1,0,RET001038,CUST00896
40,1,0,0.0,0,0.0,574.82,0.0,0,0,0,0,574.82,348.13,0.6056,16,0,0,0.0,40,0,1,1,0,RET001039,CUST00899
48,11,3,0.2727,1,570.19,6623.81,0.0078,0,0,2,1,1771.92,1771.92,1.0,8,0,2,1.875,11,0,3,1,1,RET001040,CUST00903
36,8,1,0.125,1,570.19,3272.08,0.0218,0,0,1,1,1485.67,1485.67,1.0,2,0,1,0.8333,19,0,3,1,0,RET001041,CUST00903
17,4,0,0.0,0,0.0,1952.09,0.0,0,0,0,0,719.06,570.19,0.793,9,0,0,0.0,17,0,3,1,0,RET001042,CUST00903
37,9,2,0.2222,1,570.19,3210.82,0.0197,1,1,2,1,920.48,920.48,1.0,13,1,2,1.6216,1,0,3,1,1,RET001043,CUST00903
261,3,0,0.0,0,0.0,3378.01,0.0,0,0,0,0,2556.73,1266.76,0.4955,15,0,0,0.0,261,0,1,1,0,RET001044,CUST00904
377,4,1,0.25,0,0.0,2974.47,0.0,0,0,0,0,1763.83,1763.83,1.0,24,0,1,0.0796,116,0,1,1,0,RET001045,CUST00904
23,3,0,0.0,0,0.0,2417.2,0.0,1,0,0,0,980.87,980.87,1.0,11,0,0,0.0,23,0,1,1,0,RET001046,CUST00905
142,4,0,0.0,0,0.0,11369.64,0.0,0,0,0,0,24038.4,24038.4,1.0,15,0,0,0.0,142,1,1,1,0,RET001047,CUST00907
98,5,0,0.0,0,0.0,6388.1,0.0,0,0,0,0,1366.33,1366.33,1.0,25,0,0,0.0,98,0,1,1,0,RET001048,CUST00908
248,6,1,0.1667,1,2014.38,7011.2,0.0479,0,0,1,1,9380.17,8554.97,0.912,30,0,1,0.121,22,0,1,1,0,RET001049,CUST00909
226,6,0,0.0,0,0.0,7011.2,0.0,0,0,0,0,2014.38,2014.38,1.0,30,0,0,0.0,226,0,1,1,0,RET001050,CUST00909
10,2,0,0.0,0,0.0,16709.24,0.0,0,0,0,0,31389.7,31389.7,1.0,2,0,0,0.0,10,0,4,1,0,RET001051,CUST00910
85,12,4,0.3333,1,3178.76,10485.14,0.0253,0,0,2,1,20980.92,15482.3,0.7379,14,1,3,1.4118,15,0,4,1,1,RET001052,CUST00910
66,10,2,0.2,0,0.0,9967.04,0.0,0,0,1,0,15384.55,15384.55,1.0,13,0,2,0.9091,15,0,4,1,0,RET001053,CUST00910
70,10,3,0.3,0,0.0,9967.04,0.0,0,1,2,0,3574.21,3178.76,0.8894,7,1,3,1.2857,4,0,4,1,1,RET001054,CUST00910
51,7,1,0.1429,0,0.0,11438.56,0.0,0,0,0,0,5526.52,3057.24,0.5532,9,0,1,0.5882,41,0,4,1,0,RET001055,CUST00910
242,2,0,0.0,0,0.0,2247.43,0.0,0,0,0,0,2242.49,2242.49,1.0,6,0,0,0.0,242,0,1,1,0,RET001056,CUST00911
170,8,0,0.0,0,0.0,2099.6,0.0,0,0,0,0,1868.73,1413.85,0.7566,8,0,0,0.0,170,0,1,1,0,RET001057,CUST00914
492,7,0,0.0,0,0.0,3697.82,0.0,0,0,0,0,1347.52,1347.52,1.0,11,0,0,0.0,492,0,1,1,0,RET001058,CUST00917
224,4,0,0.0,0,0.0,17189.77,0.0,0,0,0,0,4297.21,4297.21,1.0,9,0,0,0.0,224,0,3,1,0,RET001059,CUST00918
46,17,10,0.5882,7,37539.43,8264.63,0.2672,0,2,7,5,1916.18,1706.69,0.8907,8,2,7,6.5217,2,0,4,2,1,RET001060,CUST00919
29,12,5,0.4167,3,28528.27,5760.89,0.4127,0,2,5,3,2853.69,2302.04,0.8067,6,1,5,5.1724,3,0,4,2,1,RET001061,CUST00919
33,13,6,0.4615,4,32550.46,5569.47,0.4496,1,2,5,4,1199.36,770.44,0.6424,14,0,5,5.4545,4,0,4,2,1,RET001062,CUST00919
43,17,8,0.4706,7,37539.43,8264.63,0.2672,0,0,6,5,43733.93,43733.93,1.0,7,0,6,5.5814,10,1,4,2,1,RET001063,CUST00919
44,17,9,0.5294,7,37539.43,8264.63,0.2672,0,1,7,5,3272.46,3272.46,1.0,12,2,7,6.1364,1,0,4,2,1,RET001064,CUST00919
33,13,6,0.4615,4,32550.46,5569.47,0.4496,1,2,5,4,1916.49,1916.49,1.0,6,1,5,5.4545,4,0,4,2,1,RET001065,CUST00919
24,10,3,0.3,2,27365.5,6563.99,0.4169,1,0,3,2,13820.03,13820.03,1.0,5,0,3,3.75,10,1,4,2,1,RET001066,CUST00919
26,11,4,0.3636,2,27365.5,6110.38,0.4071,0,1,4,2,4022.19,4022.19,1.0,6,0,4,4.6154,2,0,4,2,1,RET001067,CUST00919
100,23,15,0.6522,11,106632.65,9637.29,0.4811,0,0,1,2,2729.14,2729.14,1.0,4,1,7,4.5,19,0,4,2,1,RET001068,CUST00919
3,2,1,0.5,0,0.0,13755.7,0.0,0,1,1,0,674.27,674.27,1.0,2,0,1,10.0,2,0,4,2,1,RET001069,CUST00919
59,19,11,0.5789,8,39246.12,10373.45,0.1991,1,0,6,5,55000.0,55000.0,1.0,2,1,7,5.5932,13,1,4,2,1,RET001070,CUST00919
67,20,13,0.65,9,94246.12,10342.45,0.4556,0,1,5,5,1596.8,1596.8,1.0,9,2,7,5.8209,1,0,4,2,1,RET001071,CUST00919
66,20,12,0.6,9,94246.12,10342.45,0.4556,1,1,4,5,9753.38,4165.11,0.427,1,1,7,5.4545,7,0,4,2,1,RET001072,CUST00919
14,4,2,0.5,2,27365.5,7572.14,0.9035,0,0,2,2,1162.77,1162.77,1.0,8,0,2,4.2857,11,0,4,2,1,RET001073,CUST00919
81,22,14,0.6364,10,95842.92,9951.29,0.4378,0,0,3,3,10789.73,10789.73,1.0,12,3,7,5.1852,14,0,4,2,1,RET001074,CUST00919
1,1,0,0.0,0,0.0,26837.14,0.0,1,0,0,0,26837.14,26837.14,1.0,1,0,0,0.0,1,0,4,2,0,RET001075,CUST00919
175,4,0,0.0,0,0.0,6922.14,0.0,0,0,0,0,5985.3,5985.3,1.0,20,0,0,0.0,175,0,1,1,0,RET001076,CUST00923
56,2,0,0.0,0,0.0,8967.6,0.0,0,0,0,0,923.46,923.46,1.0,22,0,0,0.0,56,0,1,4,0,RET001077,CUST00924
113,6,1,0.1667,1,923.46,5354.6,0.0287,0,0,0,0,1434.43,1434.43,1.0,9,0,1,0.2655,57,0,1,4,0,RET001078,CUST00924
35,5,2,0.4,2,6793.44,6898.19,0.197,0,0,2,2,1034.11,1034.11,1.0,3,0,2,1.7143,11,0,1,1,0,RET001079,CUST00925
143,17,9,0.5294,6,33235.16,6717.75,0.291,1,1,2,1,1611.61,1611.61,1.0,1,2,5,1.8881,2,0,1,1,1,RET001080,CUST00925
114,13,7,0.5385,5,27694.1,6881.09,0.3096,0,0,2,0,5541.06,5541.06,1.0,14,1,5,1.8421,21,0,1,1,1,RET001081,CUST00925
59,9,4,0.4444,3,7827.55,6293.15,0.1382,0,1,2,2,2862.05,2862.05,1.0,4,0,3,2.0339,7,0,1,1,1,RET001082,CUST00925
149,19,10,0.5263,7,34846.77,6334.97,0.2895,0,1,2,1,2440.07,2440.07,1.0,6,2,5,2.0134,6,0,1,1,1,RET001083,CUST00925
52,8,3,0.375,3,7827.55,6722.04,0.1456,0,0,2,3,17004.5,17004.5,1.0,5,1,3,1.7308,17,1,1,1,1,RET001084,CUST00925
168,24,12,0.5,8,36925.43,7186.71,0.2141,0,1,4,2,18618.71,18618.71,1.0,3,3,6,2.1429,6,1,1,1,1,RET001085,CUST00925
24,4,1,0.25,0,0.0,8364.22,0.0,0,0,1,0,3381.45,3381.45,1.0,8,0,1,1.25,11,0,1,1,0,RET001086,CUST00925
162,22,11,0.5,7,34846.77,6932.89,0.2285,1,0,3,1,2078.66,2078.66,1.0,3,0,5,2.037,13,0,1,1,1,RET001087,CUST00925
86,12,5,0.4167,5,27694.1,6992.76,0.33,0,0,1,2,1201.11,1201.11,1.0,3,1,4,1.7442,27,0,1,1,1,RET001088,CUST00925
93,12,6,0.5,5,27694.1,6992.76,0.33,0,1,1,1,2055.3,2055.3,1.0,9,0,4,1.9355,7,0,1,1,1,RET001089,CUST00925
141,16,8,0.5,6,33235.16,7036.89,0.2952,0,0,1,1,1758.2,1758.2,1.0,3,1,5,1.7021,27,0,1,1,1,RET001090,CUST00925
13,2,0,0.0,0,0.0,13658.46,0.0,0,0,0,0,3849.62,3411.99,0.8863,13,0,0,0.0,13,0,1,1,0,RET001091,CUST00925
245,10,0,0.0,0,0.0,3136.09,0.0,0,0,0,0,4050.03,4050.03,1.0,26,0,0,0.0,245,0,1,1,0,RET001092,CUST00928
361,3,0,0.0,0,0.0,1327.36,0.0,0,0,0,0,686.89,686.89,1.0,7,0,0,0.0,361,0,1,1,0,RET001093,CUST00929
156,4,0,0.0,0,0.0,8322.49,0.0,0,0,0,0,25243.67,25243.67,1.0,24,0,0,0.0,156,1,1,1,0,RET001094,CUST00931
20,3,1,0.3333,0,0.0,1848.0,0.0,1,0,1,0,2327.52,2327.52,1.0,7,0,1,1.5,8,0,5,1,1,RET001095,CUST00932
208,13,6,0.4615,6,16279.08,6085.66,0.2058,0,0,0,1,6000.0,6000.0,1.0,10,0,4,0.8654,66,0,5,1,1,RET001096,CUST00932
142,11,5,0.4545,4,8264.98,6555.33,0.1146,0,0,0,1,7528.91,7528.91,1.0,13,1,4,1.0563,36,0,5,1,1,RET001097,CUST00932
76,7,3,0.4286,3,5543.99,1390.5,0.5696,0,0,0,0,1702.68,1702.68,1.0,7,0,3,1.1842,43,0,5,1,1,RET001098,CUST00932
12,1,0,0.0,0,0.0,1382.63,0.0,0,0,0,0,1382.63,1382.63,1.0,12,0,0,0.0,12,0,5,1,0,RET001099,CUST00932
106,9,4,0.4444,3,5543.99,7055.0,0.0873,0,0,1,0,2720.99,2720.99,1.0,9,1,4,1.1321,30,0,5,1,1,RET001100,CUST00932
33,3,2,0.6667,2,3710.15,1848.0,0.6692,0,0,2,2,1833.84,1833.84,1.0,14,0,2,1.8182,13,0,5,1,1,RET001101,CUST00932
321,3,0,0.0,0,0.0,1850.22,0.0,0,0,0,0,1792.18,1792.18,1.0,26,0,0,0.0,321,0,1,1,0,RET001102,CUST00936
212,5,0,0.0,0,0.0,10099.96,0.0,1,0,0,0,4240.27,4240.27,1.0,1,0,0,0.0,212,0,5,3,0,RET001103,CUST00937
327,9,2,0.2222,1,8843.41,9893.72,0.0993,1,0,0,0,26351.97,26351.97,1.0,1,0,2,0.1835,89,1,5,3,1,RET001104,CUST00937
349,10,3,0.3,2,35195.38,9214.06,0.382,0,0,1,1,3097.07,3097.07,1.0,12,0,3,0.2579,22,0,5,3,1,RET001105,CUST00937
238,8,1,0.125,0,0.0,7836.44,0.0,0,0,1,0,8843.41,8843.41,1.0,5,0,1,0.1261,26,0,5,3,0,RET001106,CUST00937
196,7,2,0.2857,2,2719.08,2308.43,0.1683,0,0,0,1,2337.72,2337.72,1.0,29,0,2,0.3061,35,0,1,1,0,RET001107,CUST00940
151,4,0,0.0,0,0.0,2588.21,0.0,0,0,0,0,4095.78,3194.14,0.7799,18,0,0,0.0,151,0,1,1,0,RET001108,CUST00940
161,5,1,0.2,1,1721.18,2453.82,0.1403,0,0,1,1,1916.26,997.9,0.5208,5,0,1,0.1863,10,0,1,1,1,RET001109,CUST00940
324,10,3,0.3,2,2719.08,2201.81,0.1235,0,0,0,0,1072.54,1072.54,1.0,22,1,3,0.2778,128,0,1,1,0,RET001110,CUST00940
273,6,2,0.3333,2,18527.08,4485.73,0.6884,0,0,0,0,3248.88,3248.88,1.0,16,1,2,0.2198,48,0,1,1,1,RET001111,CUST00941
225,4,1,0.25,1,16516.14,5295.16,0.7798,0,0,1,1,2010.94,2010.94,1.0,6,0,1,0.1333,15,0,1,1,1,RET001112,CUST00941
210,2,0,0.0,0,0.0,8949.85,0.0,0,0,0,0,16516.14,16516.14,1.0,29,0,0,0.0,210,0,1,1,0,RET001113,CUST00941
67,7,3,0.4286,3,4642.63,3934.57,0.1686,0,0,0,0,2673.01,1609.01,0.6019,12,3,1,1.3433,47,0,1,4,1,RET001114,CUST00942
73,7,4,0.5714,3,4642.63,3934.57,0.1686,0,1,1,0,11123.61,6715.25,0.6037,11,0,1,1.6438,6,0,1,4,1,RET001115,CUST00942
8,3,1,0.3333,0,0.0,3128.02,0.0,0,1,1,0,3821.94,1532.76,0.401,5,1,1,3.75,1,0,1,4,1,RET001116,CUST00942
20,4,2,0.5,2,1725.33,3145.72,0.1371,0,0,2,2,3198.82,2917.3,0.912,7,2,1,3.0,12,0,1,4,1,RET001117,CUST00942
7,3,0,0.0,0,0.0,3128.02,0.0,0,0,0,0,1245.54,1245.54,1.0,4,0,0,0.0,7,0,1,4,0,RET001118,CUST00942
275,7,0,0.0,0,0.0,2311.87,0.0,0,0,0,0,1467.98,1467.98,1.0,22,0,0,0.0,275,0,1,1,0,RET001119,CUST00948
61,2,0,0.0,0,0.0,5030.82,0.0,0,0,0,0,733.53,356.96,0.4866,30,0,0,0.0,61,0,1,1,0,RET001120,CUST00949
78,3,1,0.3333,0,0.0,4560.93,0.0,0,0,1,0,3621.15,3621.15,1.0,7,0,1,0.3846,17,0,1,1,0,RET001121,CUST00949
240,5,0,0.0,0,0.0,7617.76,0.0,0,0,0,0,2377.59,1884.59,0.7926,29,0,0,0.0,240,0,5,1,0,RET001122,CUST00956
136,8,1,0.125,0,0.0,2759.35,0.0,0,0,0,0,1085.94,1085.94,1.0,27,0,1,0.2206,110,0,1,1,0,RET001123,CUST00959
141,8,2,0.25,0,0.0,2759.35,0.0,0,1,1,0,2830.55,2830.55,1.0,25,1,2,0.4255,5,0,1,1,0,RET001124,CUST00959
166,10,3,0.3,2,3916.49,5373.23,0.0729,0,0,2,2,16094.93,16094.93,1.0,21,0,2,0.5422,25,1,1,1,1,RET001125,CUST00959
26,3,0,0.0,0,0.0,2614.34,0.0,0,0,0,0,2294.46,2294.46,1.0,7,0,0,0.0,26,0,1,1,0,RET001126,CUST00959
248,2,0,0.0,0,0.0,13518.84,0.0,0,0,0,0,4879.29,4879.29,1.0,13,0,0,0.0,248,0,1,1,0,RET001127,CUST00960
260,1,0,0.0,0,0.0,2963.79,0.0,0,0,0,0,2963.79,2963.79,1.0,10,0,0,0.0,260,0,1,1,0,RET001128,CUST00961
132,2,0,0.0,0,0.0,1445.43,0.0,0,0,0,0,1087.67,1087.67,1.0,18,0,0,0.0,132,0,1,4,0,RET001129,CUST00962
86,2,0,0.0,0,0.0,1037.46,0.0,0,0,0,0,575.8,575.8,1.0,3,0,0,0.0,86,0,1,1,0,RET001130,CUST00963
44,6,0,0.0,0,0.0,1397.71,0.0,0,0,0,0,1382.39,1382.39,1.0,3,0,0,0.0,44,0,1,1,0,RET001131,CUST00966
238,8,0,0.0,1,987.43,6832.11,0.0181,0,0,0,0,38459.1,38459.1,1.0,16,0,0,0.0,238,1,1,1,0,RET001132,CUST00967
396,5,0,0.0,0,0.0,6793.94,0.0,0,0,0,0,917.86,917.86,1.0,18,0,0,0.0,396,0,1,4,0,RET001133,CUST00975
115,2,0,0.0,0,0.0,2108.61,0.0,0,0,0,0,3899.72,3899.72,1.0,29,0,0,0.0,115,0,1,1,0,RET001134,CUST00983
334,4,0,0.0,0,0.0,7203.73,0.0,0,0,0,0,2156.26,2156.26,1.0,16,0,0,0.0,334,0,1,1,0,RET001135,CUST00985
58,5,0,0.0,0,0.0,1620.46,0.0,0,0,0,0,1849.53,1236.56,0.6686,20,0,0,0.0,58,0,1,1,0,RET001136,CUST00989
80,6,1,0.1667,0,0.0,2673.67,0.0,0,0,1,0,7939.72,7939.72,1.0,8,0,1,0.375,22,1,1,1,0,RET001137,CUST00989
194,6,0,0.0,0,0.0,5660.06,0.0,0,0,0,0,5782.65,5275.06,0.9122,10,0,0,0.0,194,0,1,1,0,RET001138,CUST00990
203,8,1,0.125,0,0.0,5528.07,0.0,0,0,1,0,2767.19,2767.19,1.0,29,0,1,0.1478,9,0,1,1,0,RET001139,CUST00990
302,11,3,0.2727,2,8042.25,4144.03,0.1764,0,0,0,0,220.35,220.35,1.0,14,1,3,0.298,93,0,1,1,0,RET001140,CUST00990
209,9,2,0.2222,2,8042.25,4946.82,0.1806,0,1,2,2,1360.31,1360.31,1.0,12,0,2,0.2871,6,0,1,1,0,RET001141,CUST00990
149,4,0,0.0,1,256.8,3937.78,0.0163,0,0,0,1,644.44,644.44,1.0,6,0,0,0.0,149,0,1,1,0,RET001142,CUST00991
292,6,0,0.0,0,0.0,8913.36,0.0,0,0,0,0,25430.91,25430.91,1.0,13,0,0,0.0,292,1,5,4,0,RET001143,CUST00993
312,8,1,0.125,1,25430.91,8518.0,0.3732,0,0,1,1,1344.44,1344.44,1.0,13,0,1,0.0962,20,0,5,4,1,RET001144,CUST00993
85,20,9,0.45,2,22942.17,8203.27,0.1398,0,2,4,0,31453.11,31453.11,1.0,13,2,4,3.1765,1,1,4,1,1,RET001145,CUST00995
68,15,5,0.3333,2,22942.17,7043.09,0.2172,0,0,4,1,22535.7,11149.89,0.4948,5,0,2,2.2059,25,0,4,1,1,RET001146,CUST00995
94,20,10,0.5,3,24029.76,8203.27,0.1465,0,0,5,1,20234.05,20234.05,1.0,13,0,4,3.1915,9,1,4,1,1,RET001147,CUST00995
21,5,0,0.0,0,0.0,7236.85,0.0,1,0,0,0,4004.97,4004.97,1.0,1,0,0,0.0,21,0,4,1,0,RET001148,CUST00995
106,22,11,0.5,4,55482.87,7670.19,0.3288,0,0,4,2,3018.94,3018.94,1.0,9,3,5,3.1132,12,0,4,1,1,RET001149,CUST00995
69,15,6,0.4,2,22942.17,7043.09,0.2172,0,1,4,1,788.82,788.82,1.0,6,0,3,2.6087,1,0,4,1,1,RET001150,CUST00995
43,10,4,0.4,1,4004.97,7613.02,0.0526,0,3,4,1,1447.03,1447.03,1.0,2,3,2,2.7907,4,0,4,1,1,RET001151,CUST00995
81,18,7,0.3889,2,22942.17,7958.53,0.1602,0,0,2,0,1342.12,1342.12,1.0,11,1,4,2.5926,12,0,4,1,1,RET001152,CUST00995
39,9,2,0.2222,1,4004.97,8298.13,0.0536,0,1,2,1,18937.2,18937.2,1.0,2,2,1,1.5385,1,1,4,1,1,RET001153,CUST00995
84,20,8,0.4,2,22942.17,8203.27,0.1398,0,1,3,0,4811.92,4811.92,1.0,7,4,4,2.8571,3,0,4,1,1,RET001154,CUST00995
39,9,2,0.2222,1,4004.97,8298.13,0.0536,0,1,2,1,5014.01,3197.73,0.6378,8,0,1,1.5385,1,0,4,1,1,RET001155,CUST00995
38,9,1,0.1111,1,4004.97,8298.13,0.0536,1,0,1,1,2561.19,2561.19,1.0,2,1,1,0.7895,17,0,4,1,0,RET001156,CUST00995
57,10,1,0.1,0,0.0,6673.04,0.0,0,0,1,0,4452.67,4452.67,1.0,10,0,1,0.5263,14,0,1,1,0,RET001157,CUST00996
72,11,2,0.1818,1,4452.67,6374.58,0.0635,0,0,2,1,12318.44,12318.44,1.0,22,1,2,0.8333,15,0,1,1,1,RET001158,CUST00996
43,7,0,0.0,0,0.0,6869.73,0.0,1,0,0,0,11708.28,11708.28,1.0,14,0,0,0.0,43,0,1,1,0,RET001159,CUST00996
206,7,3,0.4286,0,0.0,9107.49,0.0,0,1,1,0,3941.63,3941.63,1.0,6,0,3,0.4369,7,0,1,1,1,RET001160,CUST01001
160,3,0,0.0,0,0.0,1288.72,0.0,0,0,0,0,1097.94,1097.94,1.0,8,0,0,0.0,160,0,1,1,0,RET001161,CUST01001
199,6,2,0.3333,0,0.0,9968.47,0.0,1,0,0,0,24353.38,24353.38,1.0,1,0,2,0.3015,35,1,1,1,1,RET001162,CUST01001
164,3,1,0.3333,0,0.0,1288.72,0.0,0,1,1,0,1549.56,1189.65,0.7677,12,0,1,0.1829,4,0,1,1,0,RET001163,CUST01001
246,8,4,0.5,0,0.0,11181.38,0.0,0,0,0,0,25698.56,25698.56,1.0,5,0,4,0.4878,40,1,1,1,1,RET001164,CUST01001
172,6,0,0.0,0,0.0,5547.49,0.0,0,0,0,0,2914.84,1561.58,0.5357,3,0,0,0.0,172,0,1,1,0,RET001165,CUST01002
185,6,0,0.0,0,0.0,2823.29,0.0,0,0,0,0,1310.88,1310.88,1.0,22,0,0,0.0,185,0,1,1,0,RET001166,CUST01003
54,6,1,0.1667,0,0.0,11018.22,0.0,0,1,1,0,1699.35,1325.89,0.7802,3,1,1,0.5556,2,0,1,4,0,RET001167,CUST01005
103,10,3,0.3,2,4462.28,9056.12,0.0493,0,0,1,1,12779.04,7243.04,0.5668,2,0,2,0.8738,24,0,1,4,1,RET001168,CUST01005
52,6,0,0.0,0,0.0,11018.22,0.0,1,0,0,0,3412.4,2868.57,0.8406,6,0,0,0.0,52,0,1,4,0,RET001169,CUST01005
79,8,2,0.25,1,2868.57,8722.77,0.0411,1,0,2,1,1593.71,1593.71,1.0,1,0,1,0.7595,25,0,1,4,1,RET001170,CUST01005
40,1,0,0.0,0,0.0,6089.4,0.0,0,0,0,0,6089.4,6089.4,1.0,13,0,0,0.0,40,0,1,1,0,RET001171,CUST01007
10,2,1,0.5,0,0.0,3361.13,0.0,0,1,1,0,2567.25,2567.25,1.0,2,0,1,3.0,2,0,1,1,0,RET001172,CUST01008
8,1,0,0.0,0,0.0,4155.01,0.0,0,0,0,0,4155.01,4155.01,1.0,5,0,0,0.0,8,0,1,1,0,RET001173,CUST01008
22,9,2,0.2222,2,6722.26,4394.59,0.17,0,0,2,2,1961.63,1961.63,1.0,8,1,2,2.7273,12,0,1,1,0,RET001174,CUST01008
529,8,0,0.0,0,0.0,2591.95,0.0,0,0,0,0,1571.33,1339.17,0.8523,19,0,0,0.0,529,0,1,1,0,RET001175,CUST01009
29,9,2,0.2222,2,2010.58,5252.88,0.0425,0,0,2,2,1579.1,1362.36,0.8627,14,0,2,2.069,17,0,4,3,1,RET001176,CUST01013
10,2,0,0.0,0,0.0,9470.11,0.0,0,0,0,0,1195.97,1195.97,1.0,8,0,0,0.0,10,0,4,3,0,RET001177,CUST01013
12,3,1,0.3333,0,0.0,6815.44,0.0,1,1,1,0,1506.1,1506.1,1.0,1,0,1,2.5,2,0,4,3,1,RET001178,CUST01013
43,11,3,0.2727,2,2010.58,5401.54,0.0338,0,0,1,2,1651.79,1480.88,0.8965,3,1,3,2.093,14,0,4,3,1,RET001179,CUST01013
255,1,0,0.0,0,0.0,2475.3,0.0,0,0,0,0,2475.3,2475.3,1.0,20,0,0,0.0,255,0,1,1,0,RET001180,CUST01019
93,10,1,0.1,1,1041.01,4796.15,0.0217,0,0,0,1,1982.12,1982.12,1.0,14,1,1,0.3226,69,0,1,1,0,RET001181,CUST01020
99,10,2,0.2,1,1041.01,4796.15,0.0217,0,1,1,1,3704.52,3431.83,0.9264,12,0,1,0.6061,6,0,1,1,0,RET001182,CUST01020
24,2,0,0.0,0,0.0,2227.73,0.0,0,0,0,0,955.11,808.52,0.8465,5,0,0,0.0,24,0,1,1,0,RET001183,CUST01020
35,21,5,0.2381,2,5379.14,9600.86,0.0267,2,2,5,2,15233.38,15233.38,1.0,1,2,4,4.2857,1,0,2,1,0,RET001184,CUST01021
26,16,2,0.125,1,3417.68,9783.46,0.0218,0,0,2,1,1892.57,1892.57,1.0,5,0,2,2.3077,11,0,2,1,1,RET001185,CUST01021
30,18,3,0.1667,1,3417.68,9922.3,0.0191,2,1,3,1,2411.93,1961.46,0.8132,13,1,3,3.0,4,0,2,1,1,RET001186,CUST01021
11,7,0,0.0,0,0.0,5534.68,0.0,0,0,0,0,3417.68,3417.68,1.0,5,0,0,0.0,11,0,2,1,0,RET001187,CUST01021
15,10,1,0.1,0,0.0,13030.71,0.0,1,1,1,0,3524.71,1424.23,0.4041,13,0,1,2.0,4,0,2,1,0,RET001188,CUST01021
34,19,4,0.2105,1,3417.68,9433.01,0.0191,0,1,4,1,14065.95,14065.95,1.0,5,0,3,3.5294,4,0,2,1,1,RET001189,CUST01021
184,9,0,0.0,1,686.38,7222.05,0.0106,0,0,0,1,10829.72,10829.72,1.0,18,0,0,0.0,184,0,1,1,0,RET001190,CUST01022
187,9,1,0.1111,1,686.38,7222.05,0.0106,0,1,1,1,28628.76,28628.76,1.0,6,0,1,0.1604,3,1,1,1,0,RET001191,CUST01022
205,1,0,0.0,0,0.0,1437.15,0.0,0,0,0,0,1437.15,1437.15,1.0,14,0,0,0.0,205,0,1,1,0,RET001192,CUST01024
291,6,0,0.0,0,0.0,3028.87,0.0,0,0,0,0,2845.65,2845.65,1.0,22,0,0,0.0,291,0,1,1,0,RET001193,CUST01026
376,8,1,0.125,0,0.0,2852.86,0.0,0,0,0,0,2942.1,2942.1,1.0,19,0,1,0.0798,85,0,1,1,0,RET001194,CUST01026
195,5,0,0.0,0,0.0,5576.57,0.0,0,0,0,0,1578.56,1421.46,0.9005,29,0,0,0.0,195,0,1,1,0,RET001195,CUST01027
77,18,7,0.3889,1,4350.49,5874.98,0.0411,0,1,6,1,4029.22,4029.22,1.0,12,0,3,2.7273,5,0,5,1,1,RET001196,CUST01028
79,18,9,0.5,1,4350.49,5874.98,0.0411,0,3,8,1,1050.05,1050.05,1.0,12,2,5,3.4177,1,0,5,1,1,RET001197,CUST01028
67,11,5,0.4545,1,4350.49,5313.65,0.0744,0,1,5,1,1243.0,1243.0,1.0,2,2,3,2.2388,1,0,5,1,1,RET001198,CUST01028
82,18,10,0.5556,1,4350.49,5874.98,0.0411,0,3,9,1,12062.38,12062.38,1.0,13,3,5,3.6585,3,1,5,1,1,RET001199,CUST01028
72,18,6,0.3333,1,4350.49,5874.98,0.0411,3,2,6,1,5567.66,5567.66,1.0,4,3,3,2.5,5,0,5,1,1,RET001200,CUST01028
78,18,8,0.4444,1,4350.49,5874.98,0.0411,0,2,7,1,1199.2,1199.2,1.0,7,0,4,3.0769,1,0,5,1,1,RET001201,CUST01028
66,11,4,0.3636,1,4350.49,5313.65,0.0744,5,1,4,1,1692.9,887.54,0.5243,1,1,3,1.8182,7,0,5,1,1,RET001202,CUST01028
44,2,0,0.0,0,0.0,3994.45,0.0,0,0,0,0,7567.48,7567.48,1.0,6,0,0,0.0,44,0,5,1,0,RET001203,CUST01028
57,5,2,0.4,0,0.0,5133.45,0.0,0,1,2,0,4350.49,4350.49,1.0,2,0,2,1.0526,2,0,5,1,1,RET001204,CUST01028
95,20,12,0.6,3,10968.2,6412.76,0.0855,1,1,8,2,15859.45,15859.45,1.0,1,4,5,3.7895,3,1,5,1,1,RET001205,CUST01028
59,5,3,0.6,1,4350.49,5133.45,0.1695,0,2,3,1,9647.83,9647.83,1.0,5,1,3,1.5254,2,0,5,1,1,RET001206,CUST01028
55,4,1,0.25,0,0.0,5329.19,0.0,1,0,1,0,3680.02,3680.02,1.0,8,0,1,0.5455,11,0,5,1,1,RET001207,CUST01028
92,19,11,0.5789,3,10968.2,5915.57,0.0976,0,0,7,2,6646.15,6646.15,1.0,4,1,5,3.587,10,0,5,1,1,RET001208,CUST01028
113,23,13,0.5652,5,33473.8,6350.1,0.2292,1,0,2,4,2776.51,2776.51,1.0,8,4,5,3.4513,18,0,5,1,1,RET001209,CUST01028
119,23,14,0.6087,6,36250.31,6350.1,0.2482,0,1,3,3,930.53,930.53,1.0,7,5,5,3.5294,6,0,5,1,1,RET001210,CUST01028
49,2,0,0.0,0,0.0,1685.07,0.0,0,0,0,0,2993.18,2993.18,1.0,24,0,0,0.0,49,0,1,1,0,RET001211,CUST01029
120,2,1,0.5,1,601.06,16478.07,0.0182,0,0,1,1,31739.58,31739.58,1.0,25,0,1,0.25,19,0,1,1,0,RET001212,CUST01032
181,6,2,0.3333,2,32340.64,9495.71,0.5676,0,0,0,0,11909.91,11909.91,1.0,26,0,2,0.3315,61,0,1,1,1,RET001213,CUST01032
101,2,0,0.0,0,0.0,16478.07,0.0,0,0,0,0,1216.55,643.94,0.5293,29,0,0,0.0,101,0,1,1,0,RET001214,CUST01032
57,7,2,0.2857,1,5622.16,6159.31,0.1304,1,0,1,1,1390.65,1390.65,1.0,1,1,2,1.0526,28,0,5,4,1,RET001215,CUST01035
107,11,3,0.2727,2,7012.81,6151.48,0.1036,0,0,0,0,2793.07,2793.07,1.0,8,2,2,0.8411,50,0,5,4,1,RET001216,CUST01035
29,5,1,0.2,0,0.0,8060.07,0.0,0,1,1,0,5622.16,5622.16,1.0,8,0,1,1.0345,5,0,5,4,0,RET001217,CUST01035
24,5,0,0.0,0,0.0,8060.07,0.0,0,0,0,0,8009.41,8009.41,1.0,3,0,0,0.0,24,0,5,4,0,RET001218,CUST01035
147,6,0,0.0,0,0.0,1756.69,0.0,0,0,0,0,1320.27,1320.27,1.0,27,0,0,0.0,147,0,4,1,0,RET001219,CUST01042
125,5,0,0.0,0,0.0,9983.44,0.0,0,0,0,0,16410.79,16410.79,1.0,23,0,0,0.0,125,0,1,1,0,RET001220,CUST01043
338,5,0,0.0,0,0.0,3069.66,0.0,0,0,0,0,2340.17,1771.95,0.7572,8,0,0,0.0,338,0,1,3,0,RET001221,CUST01047
153,1,0,0.0,0,0.0,18276.47,0.0,0,0,0,0,18276.47,11609.54,0.6352,8,0,0,0.0,153,0,1,1,0,RET001222,CUST01049
154,3,1,0.3333,0,0.0,1467.95,0.0,0,1,1,0,2352.69,2352.69,1.0,26,1,1,0.1948,3,0,1,1,0,RET001223,CUST01050
246,6,4,0.6667,2,2802.38,1621.68,0.288,0,0,1,0,419.42,419.42,1.0,5,0,1,0.4878,8,0,1,1,1,RET001224,CUST01050
306,10,5,0.5,4,4975.46,2065.59,0.2409,0,0,0,0,879.6,496.37,0.5643,23,0,2,0.4902,60,0,1,1,1,RET001225,CUST01050
238,5,3,0.6,2,2802.38,1862.14,0.301,0,0,0,0,1753.66,1753.66,1.0,22,3,1,0.3782,49,0,1,1,1,RET001226,CUST01050
151,3,0,0.0,0,0.0,1467.95,0.0,0,0,0,0,584.67,449.69,0.7691,28,0,0,0.0,151,0,1,1,0,RET001227,CUST01050
189,4,2,0.5,2,2802.38,1889.26,0.3708,0,0,0,2,3153.18,3153.18,1.0,21,2,1,0.3175,35,0,1,1,1,RET001228,CUST01050
281,4,0,0.0,0,0.0,3416.93,0.0,0,0,0,0,6000.0,6000.0,1.0,30,0,0,0.0,281,0,1,1,0,RET001229,CUST01054
134,7,0,0.0,0,0.0,1695.17,0.0,0,0,0,0,1076.28,1076.28,1.0,21,0,0,0.0,134,0,1,1,0,RET001230,CUST01056
40,2,0,0.0,0,0.0,9941.17,0.0,0,0,0,0,13937.71,13937.71,1.0,9,0,0,0.0,40,0,1,1,0,RET001231,CUST01057
57,5,1,0.2,1,13937.71,11718.42,0.2379,0,0,1,1,10159.74,10159.74,1.0,5,0,1,0.5263,17,0,1,1,0,RET001232,CUST01057
111,1,0,0.0,0,0.0,6691.18,0.0,0,0,0,0,6691.18,6691.18,1.0,26,0,0,0.0,111,0,1,1,0,RET001233,CUST01058
241,6,1,0.1667,1,471.65,7244.89,0.0109,0,0,0,0,601.39,340.94,0.5669,7,0,1,0.1245,44,0,4,1,0,RET001234,CUST01066
285,8,2,0.25,2,812.59,6286.37,0.0162,0,0,0,0,2209.64,2209.64,1.0,29,0,2,0.2105,44,0,4,1,1,RET001235,CUST01066
197,4,0,0.0,0,0.0,7153.49,0.0,0,0,0,0,798.86,798.86,1.0,26,0,0,0.0,197,0,4,1,1,RET001236,CUST01066
59,2,0,0.0,0,0.0,8617.99,0.0,0,0,0,0,992.07,992.07,1.0,20,0,0,0.0,59,0,1,1,0,RET001237,CUST01068
472,5,0,0.0,0,0.0,2218.86,0.0,0,0,0,0,1486.96,703.63,0.4732,25,0,0,0.0,472,0,1,1,0,RET001238,CUST01075
522,6,0,0.0,0,0.0,8382.15,0.0,0,0,0,0,6000.0,6000.0,1.0,15,0,0,0.0,522,0,1,1,0,RET001239,CUST01076
99,5,2,0.4,0,0.0,9881.99,0.0,0,0,0,0,685.75,685.75,1.0,18,0,2,0.6061,36,0,1,1,0,RET001240,CUST01077
63,4,1,0.25,0,0.0,12181.05,0.0,0,0,1,0,2397.73,2397.73,1.0,15,0,1,0.4762,11,0,1,1,0,RET001241,CUST01077
52,4,0,0.0,0,0.0,12181.05,0.0,0,0,0,0,2071.87,2071.87,1.0,2,0,0,0.0,52,0,1,1,0,RET001242,CUST01077
279,2,0,0.0,0,0.0,1178.84,0.0,0,0,0,0,1916.09,1916.09,1.0,30,0,0,0.0,279,0,1,1,0,RET001243,CUST01078
269,5,0,0.0,0,0.0,6617.22,0.0,0,0,0,0,1736.72,1736.72,1.0,8,0,0,0.0,269,0,1,1,0,RET001244,CUST01080
20,1,0,0.0,0,0.0,950.33,0.0,1,0,0,0,950.33,950.33,1.0,1,0,0,0.0,20,0,1,2,0,RET001245,CUST01082
290,2,0,0.0,0,0.0,3688.78,0.0,0,0,0,0,5001.46,2194.31,0.4387,18,0,0,0.0,290,0,1,1,0,RET001246,CUST01083
181,2,0,0.0,0,0.0,10971.46,0.0,0,0,0,0,20949.97,20949.97,1.0,9,0,0,0.0,181,0,1,3,0,RET001247,CUST01086
395,14,5,0.3571,3,57414.12,10087.14,0.4066,0,0,0,0,8985.78,8985.78,1.0,11,1,5,0.3797,56,0,1,3,1,RET001248,CUST01086
339,11,4,0.3636,3,57414.12,10602.25,0.4923,0,0,0,1,2371.73,2371.73,1.0,12,0,4,0.354,31,0,1,3,1,RET001249,CUST01086
308,10,3,0.3,2,54535.37,11425.3,0.4773,0,0,0,0,2878.75,2878.75,1.0,11,0,3,0.2922,52,0,1,3,1,RET001250,CUST01086
202,3,1,0.3333,0,0.0,21045.86,0.0,1,0,1,0,41194.65,34430.75,0.8358,1,0,1,0.1485,21,0,1,3,0,RET001251,CUST01086
256,8,2,0.25,1,34430.75,13022.01,0.3305,0,0,0,0,20104.62,20104.62,1.0,9,0,2,0.2344,54,0,1,3,1,RET001252,CUST01086
88,4,0,0.0,0,0.0,2508.52,0.0,0,0,0,0,2864.43,2864.43,1.0,23,0,0,0.0,88,0,1,1,0,RET001253,CUST01087
277,2,0,0.0,0,0.0,14019.55,0.0,0,0,0,0,2645.79,2645.79,1.0,7,0,0,0.0,277,0,1,1,0,RET001254,CUST01088
37,6,1,0.1667,0,0.0,8288.08,0.0,0,0,1,0,14827.02,9067.07,0.6115,7,0,1,0.8108,10,0,1,1,0,RET001255,CUST01092
27,5,0,0.0,0,0.0,6980.3,0.0,0,0,0,0,2310.72,2310.72,1.0,6,0,0,0.0,27,0,1,1,0,RET001256,CUST01092
88,10,2,0.2,0,0.0,9527.12,0.0,0,0,0,0,12757.24,12757.24,1.0,10,1,2,0.6818,51,0,1,1,0,RET001257,CUST01092
65,4,0,0.0,0,0.0,9062.73,0.0,0,0,0,0,2217.11,2217.11,1.0,29,0,0,0.0,65,0,1,1,0,RET001258,CUST01101
292,6,0,0.0,0,0.0,1697.98,0.0,0,0,0,0,1549.27,1549.27,1.0,27,0,0,0.0,292,0,1,1,0,RET001259,CUST01102
38,11,4,0.3636,2,4737.55,11738.68,0.0367,0,2,4,2,1935.67,1935.67,1.0,9,0,3,3.1579,4,0,4,4,1,RET001260,CUST01103
31,11,2,0.1818,1,4008.47,11738.68,0.031,0,1,2,1,828.53,828.53,1.0,9,0,2,1.9355,1,0,4,4,1,RET001261,CUST01103
18,6,0,0.0,0,0.0,11322.84,0.0,0,0,0,0,4008.47,4008.47,1.0,7,0,0,0.0,18,0,4,4,0,RET001262,CUST01103
44,12,5,0.4167,4,33000.28,10901.88,0.2523,0,1,5,4,1697.03,1697.03,1.0,3,1,4,3.4091,6,0,4,4,1,RET001263,CUST01103
34,11,3,0.2727,2,4737.55,11738.68,0.0367,0,2,3,2,18871.14,9252.19,0.4903,10,1,3,2.6471,3,0,4,4,1,RET001264,CUST01103
30,11,1,0.0909,1,4008.47,11738.68,0.031,1,0,1,1,19010.54,19010.54,1.0,3,0,1,1.0,12,0,4,4,1,RET001265,CUST01103
48,12,1,0.0833,0,0.0,4576.83,0.0,0,0,1,0,1984.2,1984.2,1.0,4,1,1,0.625,22,0,1,1,1,RET001266,CUST01107
68,14,2,0.1429,0,0.0,4292.86,0.0,0,0,1,0,3326.82,3326.82,1.0,11,0,1,0.8824,20,0,1,1,1,RET001267,CUST01107
72,14,3,0.2143,0,0.0,4292.86,0.0,0,1,2,0,1851.35,1694.28,0.9152,11,0,2,1.25,4,0,1,1,1,RET001268,CUST01107
26,4,0,0.0,0,0.0,7318.93,0.0,1,0,0,0,2987.37,2987.37,1.0,5,0,0,0.0,26,0,1,1,0,RET001269,CUST01107
36,5,2,0.4,0,0.0,3250.69,0.0,0,0,2,0,2049.1,2049.1,1.0,11,0,2,1.6667,9,0,1,1,0,RET001270,CUST01109
13,1,0,0.0,0,0.0,4348.78,0.0,1,0,0,0,4348.78,4348.78,1.0,1,0,0,0.0,13,0,1,1,0,RET001271,CUST01109
27,5,1,0.2,0,0.0,3250.69,0.0,0,0,1,0,931.87,931.87,1.0,5,0,1,1.1111,14,0,1,1,0,RET001272,CUST01109
169,11,3,0.2727,1,2049.1,4044.76,0.0461,0,0,0,0,1525.0,1525.0,1.0,10,1,3,0.5325,133,0,1,1,0,RET001273,CUST01109
171,11,4,0.3636,1,2049.1,4044.76,0.0461,0,1,1,0,2547.69,2412.76,0.947,12,0,3,0.7018,2,0,1,1,1,RET001274,CUST01109
352,2,0,0.0,0,0.0,6329.3,0.0,0,0,0,0,7359.2,7359.2,1.0,13,0,0,0.0,352,0,1,1,0,RET001275,CUST01113
36,6,1,0.1667,0,0.0,9573.66,0.0,1,0,1,0,15477.04,15477.04,1.0,7,0,1,0.8333,8,0,1,3,0,RET001276,CUST01118
45,10,3,0.3,1,3343.11,6638.05,0.0504,0,0,3,1,989.55,464.75,0.4697,8,2,2,2.0,8,0,1,3,0,RET001277,CUST01118
37,6,2,0.3333,0,0.0,9573.66,0.0,0,1,2,0,3343.11,3343.11,1.0,2,1,2,1.6216,1,0,1,3,0,RET001278,CUST01118
68,16,4,0.25,3,19284.9,6483.44,0.1859,1,0,1,3,3491.04,3491.04,1.0,5,0,2,1.7647,23,0,1,3,1,RET001279,CUST01118
28,2,0,0.0,0,0.0,17189.28,0.0,0,0,0,0,21127.79,21127.79,1.0,12,0,0,0.0,28,0,1,3,0,RET001280,CUST01118
114,16,6,0.375,5,14375.96,5072.01,0.1771,0,1,5,4,733.54,733.54,1.0,2,1,6,1.5789,4,0,1,1,1,RET001281,CUST01120
50,4,0,0.0,0,0.0,3106.24,0.0,0,0,0,0,3597.48,3597.48,1.0,9,0,0,0.0,50,0,1,1,0,RET001282,CUST01120
101,14,3,0.2143,3,9212.1,5666.01,0.1161,1,0,2,2,5018.97,2220.15,0.4424,10,0,3,0.8911,11,0,1,1,1,RET001283,CUST01120
104,14,4,0.2857,3,9212.1,5666.01,0.1161,0,1,3,2,438.38,438.38,1.0,12,0,4,1.1538,3,0,1,1,1,RET001284,CUST01120
110,14,5,0.3571,5,14375.96,5666.01,0.1812,0,1,4,4,1574.33,1081.08,0.6867,10,0,5,1.3636,6,0,1,1,1,RET001285,CUST01120
85,8,1,0.125,1,3597.48,3504.66,0.1283,1,0,0,1,4154.41,4154.41,1.0,11,0,1,0.3529,35,0,1,1,0,RET001286,CUST01120
90,9,2,0.2222,2,7751.89,5131.65,0.1678,0,1,1,2,1460.21,1460.21,1.0,6,0,2,0.6667,5,0,1,1,0,RET001287,CUST01120
78,8,0,0.0,0,0.0,2956.94,0.0,0,0,0,0,11075.34,10483.81,0.9466,30,0,0,0.0,78,1,1,1,0,RET001288,CUST01123
401,4,0,0.0,0,0.0,2000.69,0.0,0,0,0,0,2011.75,1623.93,0.8072,10,0,0,0.0,401,0,4,1,0,RET001289,CUST01124
80,4,0,0.0,0,0.0,2971.01,0.0,0,0,0,0,6776.03,5396.27,0.7964,11,0,0,0.0,80,0,1,1,0,RET001290,CUST01125
41,3,0,0.0,0,0.0,16574.87,0.0,1,0,0,0,30570.96,20878.87,0.683,1,0,0,0.0,41,0,1,1,0,RET001291,CUST01127
41,3,0,0.0,0,0.0,16574.87,0.0,1,0,0,0,1826.86,1629.33,0.8919,10,0,0,0.0,41,0,1,1,0,RET001292,CUST01127
45,4,2,0.5,0,0.0,12859.34,0.0,0,2,2,0,1712.73,1712.73,1.0,2,1,2,1.3333,4,0,1,1,0,RET001293,CUST01127
26,8,3,0.375,1,1485.08,8690.74,0.0214,0,2,3,1,23320.55,23320.55,1.0,6,0,3,3.4615,1,1,2,1,1,RET001294,CUST01128
25,8,2,0.25,1,1485.08,8690.74,0.0214,0,1,2,1,14820.23,14820.23,1.0,7,0,2,2.4,5,0,2,1,0,RET001295,CUST01128
20,7,1,0.1429,1,1485.08,6600.76,0.0321,0,0,1,1,1608.72,1266.13,0.787,14,0,1,1.5,16,0,2,1,0,RET001296,CUST01128
39,13,5,0.3846,3,26071.76,8197.28,0.2447,0,1,4,3,1901.72,1901.72,1.0,3,1,5,3.8462,7,0,2,1,1,RET001297,CUST01128
4,2,0,0.0,0,0.0,1466.85,0.0,0,0,0,0,1896.3,1896.3,1.0,3,0,0,0.0,4,0,2,1,0,RET001298,CUST01128
32,12,4,0.3333,2,2751.21,8721.91,0.0263,1,2,4,2,4094.93,3705.57,0.9049,5,0,4,3.75,6,0,2,1,1,RET001299,CUST01128
291,6,0,0.0,0,0.0,3530.01,0.0,0,0,0,0,1800.43,1800.43,1.0,26,0,0,0.0,291,0,1,1,0,RET001300,CUST01129
62,17,6,0.3529,4,30473.87,16228.07,0.1105,0,0,2,2,2523.47,2523.47,1.0,7,1,5,2.9032,11,0,4,3,1,RET001301,CUST01132
65,19,7,0.3684,4,30473.87,14686.89,0.1092,2,1,3,2,19404.75,19404.75,1.0,7,2,5,3.2308,3,0,4,3,1,RET001302,CUST01132
23,3,2,0.6667,1,1956.87,16095.45,0.0405,0,0,2,1,44391.33,44391.33,1.0,7,0,2,2.6087,15,1,4,3,1,RET001303,CUST01132
40,9,4,0.4444,2,4117.31,15578.08,0.0294,1,0,2,2,13586.92,13586.92,1.0,4,1,4,3.0,12,0,4,3,1,RET001304,CUST01132
51,12,5,0.4167,3,12938.23,18397.69,0.0586,0,0,3,2,21075.87,17535.64,0.832,7,0,4,2.9412,11,0,4,3,1,RET001305,CUST01132
8,2,1,0.5,0,0.0,1947.51,0.0,0,1,1,0,1938.15,1439.7,0.7428,2,0,1,3.75,1,0,4,3,1,RET001306,CUST01132
7,2,0,0.0,0,0.0,1947.51,0.0,1,0,0,0,1956.87,1956.87,1.0,4,0,0,0.0,7,0,4,3,0,RET001307,CUST01132
28,5,3,0.6,1,1956.87,10893.52,0.0359,0,1,3,1,3011.44,3011.44,1.0,5,0,3,3.2143,5,0,4,3,1,RET001308,CUST01132
353,4,0,0.0,0,0.0,3334.86,0.0,0,0,0,0,786.56,786.56,1.0,29,0,0,0.0,353,0,1,1,0,RET001309,CUST01133
349,3,0,0.0,0,0.0,3577.32,0.0,0,0,0,0,1978.99,1818.2,0.9188,22,0,0,0.0,349,0,1,1,0,RET001310,CUST01134
26,10,2,0.2,1,412.13,6296.13,0.0065,3,0,2,1,821.79,821.79,1.0,1,0,2,2.3077,16,0,4,1,0,RET001311,CUST01136
28,11,4,0.3636,1,412.13,5794.35,0.0065,1,2,4,1,5598.59,5598.59,1.0,4,0,4,4.2857,1,0,4,1,1,RET001312,CUST01136
40,19,7,0.3684,5,48493.86,7030.14,0.3631,0,2,6,5,975.95,545.21,0.5586,9,2,5,5.25,5,0,4,1,1,RET001313,CUST01136
42,19,8,0.4211,5,48493.86,7030.14,0.3631,0,2,6,5,16098.87,16098.87,1.0,14,3,5,5.7143,2,1,4,1,1,RET001314,CUST01136
35,19,6,0.3158,2,1233.92,7030.14,0.0092,0,2,6,2,21846.58,21846.58,1.0,7,1,5,5.1429,2,1,4,1,1,RET001315,CUST01136
33,18,5,0.2778,1,412.13,7346.41,0.0031,0,3,5,1,3266.11,3266.11,1.0,4,1,5,4.5455,5,0,4,1,1,RET001316,CUST01136
27,10,3,0.3,1,412.13,6296.13,0.0065,0,1,3,1,19814.77,19814.77,1.0,3,0,3,3.3333,1,1,4,1,1,RET001317,CUST01136
10,3,1,0.3333,0,0.0,2842.83,0.0,0,1,1,0,412.13,412.13,1.0,2,0,1,3.0,3,0,4,1,1,RET001318,CUST01136
7,2,0,0.0,0,0.0,4058.17,0.0,0,0,0,0,778.57,427.35,0.5489,3,0,0,0.0,7,0,4,1,0,RET001319,CUST01136
54,21,9,0.4286,6,64592.73,6550.48,0.4696,0,0,7,5,2163.39,2163.39,1.0,6,0,5,5.0,12,0,4,1,1,RET001320,CUST01136
70,6,0,0.0,0,0.0,5254.52,0.0,0,0,0,0,6450.15,6450.15,1.0,8,0,0,0.0,70,0,1,1,0,RET001321,CUST01137
79,6,0,0.0,0,0.0,2625.38,0.0,1,0,0,0,750.61,521.17,0.6943,9,0,0,0.0,79,0,1,1,0,RET001322,CUST01140
286,6,0,0.0,0,0.0,2498.2,0.0,0,0,0,0,1250.36,1250.36,1.0,28,0,0,0.0,286,0,1,1,0,RET001323,CUST01141
57,3,0,0.0,0,0.0,2846.64,0.0,0,0,0,0,3415.54,3415.54,1.0,29,0,0,0.0,57,0,1,1,0,RET001324,CUST01142
77,5,1,0.2,1,3415.54,13280.04,0.0514,0,0,1,1,55000.0,55000.0,1.0,18,0,1,0.3896,20,1,1,1,0,RET001325,CUST01142
65,2,0,0.0,0,0.0,1012.99,0.0,0,0,0,0,1075.01,1075.01,1.0,7,0,0,0.0,65,0,1,1,0,RET001326,CUST01145
45,3,0,0.0,0,0.0,6928.01,0.0,0,0,0,0,14847.57,14847.57,1.0,13,0,0,0.0,45,1,1,1,0,RET001327,CUST01146
57,3,1,0.3333,0,0.0,3085.36,0.0,0,0,1,0,2515.42,1271.07,0.5053,13,0,1,0.5263,9,0,1,1,0,RET001328,CUST01149
117,8,2,0.25,1,1271.07,1944.09,0.0817,0,0,0,0,1319.04,1091.51,0.8275,4,0,2,0.5128,60,0,1,1,0,RET001329,CUST01149
48,3,0,0.0,0,0.0,3085.36,0.0,0,0,0,0,5082.58,5082.58,1.0,11,0,0,0.0,48,0,1,1,0,RET001330,CUST01149
300,3,0,0.0,0,0.0,2171.26,0.0,0,0,0,0,689.9,689.9,1.0,18,0,0,0.0,300,0,1,1,0,RET001331,CUST01150
93,2,0,0.0,0,0.0,2601.07,0.0,0,0,0,0,2266.34,2266.34,1.0,29,0,0,0.0,93,0,1,1,0,RET001332,CUST01152
152,6,0,0.0,0,0.0,6174.7,0.0,0,0,0,0,8172.12,8172.12,1.0,6,0,0,0.0,152,0,1,1,0,RET001333,CUST01153
313,12,4,0.3333,3,37521.14,6912.17,0.4524,0,1,2,1,1109.97,1109.97,1.0,6,2,3,0.3834,5,0,5,3,1,RET001334,CUST01154
305,6,2,0.3333,2,30996.41,10833.1,0.4769,0,0,0,0,1548.05,1548.05,1.0,8,0,2,0.1967,74,0,5,3,1,RET001335,CUST01154
317,12,5,0.4167,3,37521.14,6912.17,0.4524,0,1,3,1,1868.62,1868.62,1.0,10,1,3,0.4732,4,0,5,3,1,RET001336,CUST01154
308,12,3,0.25,2,30996.41,6912.17,0.3737,5,1,1,0,6524.73,6524.73,1.0,1,1,3,0.2922,3,0,5,3,1,RET001337,CUST01154
428,18,10,0.5556,6,50316.3,6147.22,0.4547,0,1,1,0,1572.02,1473.62,0.9374,13,2,3,0.7009,4,0,5,3,1,RET001338,CUST01154
380,15,6,0.4,5,40937.81,7055.65,0.3868,0,0,0,0,9378.49,9378.49,1.0,8,1,3,0.4737,63,0,5,3,1,RET001339,CUST01154
383,15,8,0.5333,5,40937.81,7055.65,0.3868,0,2,2,0,1836.13,1836.13,1.0,5,4,3,0.6266,3,0,5,3,1,RET001340,CUST01154
204,1,0,0.0,0,0.0,29660.83,0.0,1,0,0,0,29660.83,29660.83,1.0,1,0,0,0.0,204,0,5,3,0,RET001341,CUST01154
380,15,6,0.4,5,40937.81,7055.65,0.3868,0,0,0,0,11674.15,11674.15,1.0,13,3,3,0.4737,63,0,5,3,1,RET001342,CUST01154
231,2,1,0.5,1,29660.83,15944.87,0.9301,0,0,1,1,2228.91,1335.58,0.5992,5,0,1,0.1299,27,0,5,3,1,RET001343,CUST01154
424,18,9,0.5,6,50316.3,6147.22,0.4547,0,0,0,0,2460.95,2460.95,1.0,14,5,3,0.6368,41,0,5,3,1,RET001344,CUST01154
248,3,1,0.3333,1,1130.08,1588.67,0.2371,0,0,1,1,2707.04,2707.04,1.0,11,0,1,0.121,9,0,1,1,0,RET001345,CUST01155
239,3,0,0.0,0,0.0,1588.67,0.0,0,0,0,0,1130.08,1130.08,1.0,2,0,0,0.0,239,0,1,1,0,RET001346,CUST01155
322,3,0,0.0,0,0.0,3782.08,0.0,0,0,0,0,1867.34,1867.34,1.0,4,0,0,0.0,322,0,1,1,0,RET001347,CUST01156
16,3,0,0.0,0,0.0,2016.52,0.0,0,0,0,0,1368.86,1368.86,1.0,7,0,0,0.0,16,0,1,1,0,RET001348,CUST01158
73,11,3,0.2727,2,4378.77,2020.56,0.197,0,0,1,1,687.6,687.6,1.0,4,1,3,1.2329,21,0,1,1,1,RET001349,CUST01158
25,4,1,0.25,1,1368.86,2092.15,0.1636,0,0,1,1,2319.05,2319.05,1.0,7,0,1,1.2,9,0,1,1,0,RET001350,CUST01158
52,8,2,0.25,1,1368.86,2187.31,0.0782,0,0,1,0,3009.91,3009.91,1.0,4,0,2,1.1538,27,0,1,1,0,RET001351,CUST01158
107,5,2,0.4,2,19210.23,7503.07,0.5121,0,0,0,0,1320.62,1320.62,1.0,27,0,2,0.5607,53,0,1,1,0,RET001352,CUST01160
54,2,1,0.5,1,17961.35,16683.17,0.5383,0,0,0,0,1487.55,1248.88,0.8396,10,0,1,0.5556,36,0,1,1,1,RET001353,CUST01160
18,1,0,0.0,0,0.0,31878.79,0.0,0,0,0,0,31878.79,25793.73,0.8091,8,0,0,0.0,18,0,1,1,0,RET001354,CUST01160
175,6,0,0.0,0,0.0,7364.38,0.0,0,0,0,0,1338.91,866.56,0.6472,2,0,0,0.0,175,0,1,1,0,RET001355,CUST01161
189,10,1,0.1,1,866.56,6663.43,0.013,0,0,1,1,849.27,493.73,0.5814,14,0,1,0.1587,14,0,1,1,0,RET001356,CUST01161
410,5,0,0.0,0,0.0,6560.63,0.0,0,0,0,0,1267.7,1267.7,1.0,4,0,0,0.0,410,0,1,1,0,RET001357,CUST01163
130,13,2,0.1538,0,0.0,9248.61,0.0,0,1,1,0,1796.61,1796.61,1.0,11,0,2,0.4615,4,0,1,1,0,RET001358,CUST01165
82,4,0,0.0,0,0.0,9104.62,0.0,0,0,0,0,2403.58,1636.8,0.681,5,0,0,0.0,82,0,1,1,0,RET001359,CUST01165
126,13,1,0.0769,0,0.0,9248.61,0.0,0,0,0,0,17655.87,17655.87,1.0,6,0,1,0.2381,44,0,1,1,0,RET001360,CUST01165
89,3,1,0.3333,1,1303.93,1781.31,0.244,1,0,0,0,2351.1,1744.46,0.742,1,0,1,0.3371,48,0,1,1,0,RET001361,CUST01166
99,7,2,0.2857,1,1303.93,2772.42,0.0672,1,0,1,0,2483.53,2010.01,0.8093,4,0,2,0.6061,10,0,1,1,0,RET001362,CUST01166
125,12,5,0.4167,4,12342.96,5178.96,0.1986,0,0,3,3,2730.39,2730.39,1.0,11,3,3,1.2,20,0,1,1,0,RET001363,CUST01166
102,8,3,0.375,2,2561.74,3746.55,0.0855,0,1,2,1,736.8,736.8,1.0,4,1,3,0.8824,3,0,1,1,1,RET001364,CUST01166
41,1,0,0.0,0,0.0,1303.93,0.0,0,0,0,0,1303.93,1303.93,1.0,8,0,0,0.0,41,0,1,1,0,RET001365,CUST01166
105,10,4,0.4,2,2561.74,5739.41,0.0446,0,2,3,1,10565.43,10565.43,1.0,6,2,3,1.1429,3,0,1,1,1,RET001366,CUST01166
159,6,0,0.0,0,0.0,4794.4,0.0,0,0,0,0,2725.94,2725.94,1.0,28,0,0,0.0,159,0,1,1,0,RET001367,CUST01168
253,5,0,0.0,0,0.0,5530.22,0.0,0,0,0,0,1159.86,1159.86,1.0,19,0,0,0.0,253,0,1,1,0,RET001368,CUST01169
207,3,0,0.0,0,0.0,3992.01,0.0,0,0,0,0,6664.4,6664.4,1.0,30,0,0,0.0,207,0,1,1,0,RET001369,CUST01175
178,4,1,0.25,1,336.41,9219.65,0.0091,0,0,0,0,3406.65,3406.65,1.0,26,0,1,0.1685,87,0,1,1,0,RET001370,CUST01176
91,1,0,0.0,0,0.0,817.58,0.0,0,0,0,0,817.58,336.41,0.4115,17,0,0,0.0,91,0,1,1,0,RET001371,CUST01176
91,6,1,0.1667,0,0.0,4414.63,0.0,0,1,1,0,13953.61,13953.61,1.0,25,0,1,0.3297,2,1,1,1,0,RET001372,CUST01177
89,6,0,0.0,0,0.0,4414.63,0.0,0,0,0,0,2950.66,2950.66,1.0,17,0,0,0.0,89,0,1,1,0,RET001373,CUST01177
21,2,0,0.0,0,0.0,1631.78,0.0,0,0,0,0,1541.74,1541.74,1.0,9,0,0,0.0,21,0,1,1,0,RET001374,CUST01178
17,7,2,0.2857,0,0.0,7522.53,0.0,0,2,2,0,16660.26,15668.9,0.9405,5,2,1,3.5294,1,1,1,1,0,RET001375,CUST01179
39,9,3,0.3333,1,1581.48,6568.66,0.0268,0,0,3,1,2087.69,1544.03,0.7396,5,0,1,2.3077,22,0,1,1,0,RET001376,CUST01179
16,7,1,0.1429,0,0.0,7522.53,0.0,0,1,1,0,1581.48,1581.48,1.0,10,1,1,1.875,5,0,1,1,0,RET001377,CUST01179
11,6,0,0.0,0,0.0,5999.57,0.0,0,0,0,0,9455.35,9455.35,1.0,11,0,0,0.0,11,0,1,1,0,RET001378,CUST01179
258,9,0,0.0,0,0.0,3545.95,0.0,0,0,0,0,9326.05,9326.05,1.0,30,0,0,0.0,258,1,1,1,0,RET001379,CUST01180
18,5,1,0.2,0,0.0,16953.72,0.0,0,1,1,0,2261.27,979.32,0.4331,4,0,1,1.6667,7,0,1,1,0,RET001380,CUST01181
48,10,2,0.2,0,0.0,10847.25,0.0,0,0,1,0,12000.0,12000.0,1.0,6,0,2,1.25,30,0,1,1,0,RET001381,CUST01181
11,3,0,0.0,0,0.0,17129.23,0.0,1,0,0,0,20801.98,20801.98,1.0,1,0,0,0.0,11,0,1,1,0,RET001382,CUST01181
304,9,3,0.3333,3,55037.64,13461.35,0.4543,0,0,0,0,14145.11,7490.6,0.5296,13,0,2,0.2961,79,0,1,1,1,RET001383,CUST01182
307,9,4,0.4444,3,55037.64,13461.35,0.4543,0,1,1,0,23392.38,23392.38,1.0,7,0,3,0.3909,3,0,1,1,1,RET001384,CUST01182
320,10,5,0.5,4,78430.02,12236.86,0.6409,0,0,2,1,1216.46,538.35,0.4426,7,1,4,0.4688,13,0,1,1,1,RET001385,CUST01182
187,4,1,0.25,0,0.0,9750.66,0.0,0,0,1,0,1193.41,1193.41,1.0,12,0,1,0.1604,10,0,1,1,0,RET001386,CUST01182
225,6,2,0.3333,2,35424.35,10576.93,0.5582,1,0,0,0,21246.05,19613.29,0.9231,1,1,2,0.2667,38,0,1,1,1,RET001387,CUST01182
177,3,0,0.0,0,0.0,12420.31,0.0,0,0,0,0,34230.94,34230.94,1.0,2,0,0,0.0,177,1,1,1,0,RET001388,CUST01182
339,3,0,0.0,0,0.0,2088.39,0.0,0,0,0,0,792.11,736.86,0.9302,22,0,0,0.0,339,0,1,1,0,RET001389,CUST01186
22,2,0,0.0,0,0.0,15232.47,0.0,0,0,0,0,28350.74,13873.0,0.4893,9,0,0,0.0,22,0,1,4,0,RET001390,CUST01189
75,8,3,0.375,1,36515.65,12101.64,0.3772,0,0,1,0,1468.55,1468.55,1.0,10,0,2,1.2,22,0,1,4,1,RET001391,CUST01189
99,12,5,0.4167,3,42478.5,9507.61,0.3723,0,0,2,2,12268.37,11186.63,0.9118,4,0,4,1.5152,15,0,1,4,1,RET001392,CUST01189
116,15,6,0.4,4,53665.13,8111.15,0.4411,0,0,1,3,969.59,741.1,0.7643,12,1,5,1.5517,17,0,1,4,1,RET001393,CUST01189
84,8,4,0.5,1,36515.65,12101.64,0.3772,0,0,1,0,5975.21,4494.3,0.7522,14,0,3,1.4286,9,0,1,4,1,RET001394,CUST01189
53,5,2,0.4,1,36515.65,17514.91,0.417,0,0,1,1,3066.2,3066.2,1.0,12,0,1,1.1321,23,0,1,4,1,RET001395,CUST01189
30,3,1,0.3333,0,0.0,22326.86,0.0,0,0,1,0,36515.65,36515.65,1.0,2,1,1,1.0,8,0,1,4,1,RET001396,CUST01189
17,8,2,0.25,0,0.0,7687.72,0.0,1,1,2,0,3566.14,3566.14,1.0,10,1,2,3.5294,2,0,1,1,0,RET001397,CUST01190
15,7,1,0.1429,0,0.0,8596.17,0.0,0,1,1,0,10939.87,10939.87,1.0,6,0,1,2.0,6,0,1,1,0,RET001398,CUST01190
19,9,3,0.3333,0,0.0,7041.23,0.0,1,2,3,0,13867.23,13867.23,1.0,12,0,2,4.7368,2,0,1,1,0,RET001399,CUST01190
36,11,4,0.3636,3,23306.89,7734.86,0.2739,0,0,4,3,3935.1,3935.1,1.0,13,1,3,3.3333,17,0,1,1,1,RET001400,CUST01190
9,4,0,0.0,0,0.0,5657.11,0.0,1,0,0,0,1270.98,1270.98,1.0,1,0,0,0.0,9,0,1,1,0,RET001401,CUST01190
79,1,0,0.0,0,0.0,1996.22,0.0,0,0,0,0,1996.22,1996.22,1.0,5,0,0,0.0,79,0,1,1,0,RET001402,CUST01192
114,9,1,0.1111,1,1506.66,3155.93,0.053,0,0,0,0,1385.9,1385.9,1.0,28,1,1,0.2632,40,0,1,1,0,RET001403,CUST01194
74,4,0,0.0,0,0.0,5570.93,0.0,0,0,0,0,2875.01,2875.01,1.0,8,0,0,0.0,74,0,1,1,0,RET001404,CUST01194
379,3,0,0.0,0,0.0,2371.24,0.0,0,0,0,0,1105.77,1105.77,1.0,10,0,0,0.0,379,0,1,1,0,RET001405,CUST01197
371,2,0,0.0,0,0.0,11843.11,0.0,0,0,0,0,21416.03,10375.37,0.4845,18,0,0,0.0,371,0,1,3,0,RET001406,CUST01199
475,4,0,0.0,1,255.78,2552.86,0.025,0,0,0,0,3387.44,2845.7,0.8401,3,0,0,0.0,475,0,1,1,0,RET001407,CUST01200
300,2,0,0.0,0,0.0,3144.52,0.0,0,0,0,0,1616.89,1345.92,0.8324,3,0,0,0.0,300,0,1,1,0,RET001408,CUST01202
471,7,0,0.0,0,0.0,3592.97,0.0,0,0,0,0,1458.24,1458.24,1.0,4,0,0,0.0,471,0,1,1,0,RET001409,CUST01205
118,6,0,0.0,0,0.0,8537.77,0.0,1,0,0,0,1110.91,1110.91,1.0,16,0,0,0.0,118,0,1,1,0,RET001410,CUST01209
363,2,0,0.0,0,0.0,10184.64,0.0,0,0,0,0,18373.92,18373.92,1.0,8,0,0,0.0,363,0,1,1,0,RET001411,CUST01210
241,1,0,0.0,0,0.0,2697.67,0.0,0,0,0,0,2697.67,2697.67,1.0,28,0,0,0.0,241,0,1,1,0,RET001412,CUST01211
315,1,0,0.0,0,0.0,5598.01,0.0,0,0,0,0,5598.01,5598.01,1.0,16,0,0,0.0,315,0,1,1,0,RET001413,CUST01213
38,1,0,0.0,0,0.0,817.93,0.0,0,0,0,0,817.93,817.93,1.0,29,0,0,0.0,38,0,1,1,0,RET001414,CUST01214
163,11,2,0.1818,1,817.93,2689.67,0.0276,0,0,0,0,326.25,326.25,1.0,8,0,2,0.3681,62,0,1,1,0,RET001415,CUST01214
101,7,1,0.1429,1,817.93,3837.62,0.0304,1,0,0,0,2010.36,1564.31,0.7781,14,0,1,0.297,63,0,1,1,0,RET001416,CUST01214
77,12,1,0.0833,1,3093.98,6101.28,0.0423,0,0,1,1,25133.75,25133.75,1.0,5,0,1,0.3896,22,1,4,4,1,RET001417,CUST01215
89,18,3,0.1667,2,15724.02,5987.0,0.1459,0,0,2,2,1514.8,1514.8,1.0,2,2,2,1.0112,10,0,4,4,1,RET001418,CUST01215
93,18,5,0.2778,2,15724.02,5987.0,0.1459,0,2,4,2,1356.31,1356.31,1.0,8,1,3,1.6129,3,0,4,4,1,RET001419,CUST01215
90,18,4,0.2222,2,15724.02,5987.0,0.1459,0,1,3,2,20351.81,14172.74,0.6964,3,0,2,1.3333,1,1,4,4,1,RET001420,CUST01215
79,13,2,0.1538,1,3093.98,5973.1,0.0398,1,1,2,1,1248.23,1248.23,1.0,12,1,2,0.7595,2,0,4,4,1,RET001421,CUST01215
55,4,0,0.0,0,0.0,3552.22,0.0,0,0,0,0,3714.99,3093.98,0.8328,6,0,0,0.0,55,0,4,4,0,RET001422,CUST01215
137,8,0,0.0,0,0.0,7169.29,0.0,0,0,0,0,850.62,850.62,1.0,18,0,0,0.0,137,0,1,1,0,RET001423,CUST01224
108,3,0,0.0,0,0.0,1569.75,0.0,0,0,0,0,250.71,250.71,1.0,23,0,0,0.0,108,0,1,1,0,RET001424,CUST01227
114,5,0,0.0,0,0.0,4192.44,0.0,0,0,0,0,11492.07,5157.79,0.4488,27,0,0,0.0,114,0,1,1,0,RET001425,CUST01234
26,15,6,0.4,2,8324.56,9351.61,0.0593,1,2,6,2,10546.66,10546.66,1.0,5,1,4,6.9231,4,0,1,1,1,RET001426,CUST01235
31,15,8,0.5333,3,11237.36,9351.61,0.0801,0,2,8,3,719.88,719.88,1.0,13,1,5,7.7419,3,0,1,1,1,RET001427,CUST01235
28,15,7,0.4667,2,8324.56,9351.61,0.0593,0,2,7,2,32134.56,32134.56,1.0,12,0,4,7.5,2,1,1,1,1,RET001428,CUST01235
20,11,4,0.3636,2,8324.56,10060.29,0.0752,0,2,4,2,3072.33,3072.33,1.0,4,0,3,6.0,3,0,1,1,1,RET001429,CUST01235
16,8,2,0.25,1,456.62,9342.06,0.0061,1,1,2,1,1115.86,547.3,0.4905,9,1,2,3.75,5,0,1,1,0,RET001430,CUST01235
22,14,5,0.3571,2,8324.56,9887.18,0.0601,2,3,5,2,2912.8,2912.8,1.0,11,2,4,6.8182,2,0,1,1,1,RET001431,CUST01235
17,10,3,0.3,1,456.62,10994.33,0.0042,2,2,3,1,15703.98,15703.98,1.0,2,0,2,5.2941,1,0,1,1,0,RET001432,CUST01235
8,5,0,0.0,0,0.0,10873.85,0.0,2,0,0,0,13316.87,13316.87,1.0,6,0,0,0.0,8,0,1,1,0,RET001433,CUST01235
11,5,1,0.2,0,0.0,10873.85,0.0,0,1,1,0,456.62,456.62,1.0,6,0,1,2.7273,3,0,1,1,0,RET001434,CUST01235
111,7,0,0.0,0,0.0,1895.49,0.0,0,0,0,0,1447.14,1447.14,1.0,2,0,0,0.0,111,0,1,1,0,RET001435,CUST01240
45,1,0,0.0,0,0.0,2692.84,0.0,0,0,0,0,2692.84,1370.22,0.5088,2,0,0,0.0,45,0,5,1,0,RET001436,CUST01241
139,2,0,0.0,0,0.0,22030.79,0.0,0,0,0,0,19071.37,19071.37,1.0,27,0,0,0.0,139,0,1,2,0,RET001437,CUST01243
205,4,1,0.25,0,0.0,12353.92,0.0,0,0,0,0,3700.68,3700.68,1.0,21,0,1,0.1463,66,0,1,2,0,RET001438,CUST01243
484,5,0,0.0,0,0.0,9069.12,0.0,0,0,0,0,2357.59,2357.59,1.0,5,0,0,0.0,484,0,1,1,1,RET001439,CUST01245
325,7,0,0.0,0,0.0,7131.34,0.0,0,0,0,0,1842.46,1842.46,1.0,6,0,0,0.0,325,0,5,1,0,RET001440,CUST01246
42,6,2,0.3333,1,25969.67,11027.02,0.3925,0,0,2,1,8650.83,8650.83,1.0,7,1,2,1.4286,23,0,5,1,1,RET001441,CUST01249
63,8,3,0.375,2,30607.03,11455.17,0.334,1,0,1,1,24384.84,19143.52,0.7851,4,0,2,1.4286,21,0,5,1,1,RET001442,CUST01249
19,3,1,0.3333,0,0.0,10453.36,0.0,0,1,1,0,25969.67,25969.67,1.0,6,0,1,1.5789,3,1,5,1,1,RET001443,CUST01249
69,8,4,0.5,3,49750.55,11455.17,0.5429,0,1,2,2,1094.45,1094.45,1.0,7,1,3,1.7391,6,0,5,1,1,RET001444,CUST01249
16,3,0,0.0,0,0.0,10453.36,0.0,0,0,0,0,4331.36,4331.36,1.0,12,0,0,0.0,16,0,5,1,0,RET001445,CUST01249
91,8,2,0.25,2,13148.86,6856.95,0.2397,0,0,0,1,733.97,733.97,1.0,6,1,2,0.6593,40,0,1,4,1,RET001446,CUST01250
51,6,1,0.1667,0,0.0,8394.57,0.0,0,0,1,0,2843.24,2843.24,1.0,7,0,1,0.5882,10,0,1,4,0,RET001447,CUST01250
41,3,0,0.0,0,0.0,6549.95,0.0,0,0,0,0,14034.31,10305.62,0.7343,3,0,0,0.0,41,0,1,4,0,RET001448,CUST01250
244,3,0,0.0,0,0.0,4245.77,0.0,0,0,0,0,2953.78,2953.78,1.0,3,0,0,0.0,244,0,3,1,0,RET001449,CUST01251
415,8,0,0.0,0,0.0,3042.32,0.0,0,0,0,0,1224.17,1224.17,1.0,20,0,0,0.0,415,0,1,1,0,RET001450,CUST01252
329,5,0,0.0,0,0.0,11955.54,0.0,0,0,0,0,55000.0,55000.0,1.0,24,0,0,0.0,329,1,1,4,0,RET001451,CUST01253
43,5,0,0.0,0,0.0,5953.66,0.0,0,0,0,0,21548.77,21548.77,1.0,6,0,0,0.0,43,1,1,1,0,RET001452,CUST01256
69,9,2,0.2222,2,41392.67,6816.55,0.6747,0,0,2,2,9756.14,6845.86,0.7017,14,0,2,0.8696,16,0,1,1,1,RET001453,CUST01256
53,8,1,0.125,0,0.0,6449.11,0.0,0,0,1,0,19843.9,19843.9,1.0,2,0,1,0.566,10,1,1,1,0,RET001454,CUST01256
127,11,2,0.1818,1,1908.55,9988.11,0.0174,0,0,0,0,644.9,590.71,0.916,7,0,2,0.4724,54,0,5,1,1,RET001455,CUST01257
73,5,1,0.2,1,1908.55,12996.64,0.0294,1,0,1,1,4328.93,4328.93,1.0,14,0,1,0.411,10,0,5,1,0,RET001456,CUST01257
63,4,0,0.0,0,0.0,11444.73,0.0,0,0,0,0,1908.55,1908.55,1.0,11,0,0,0.0,63,0,5,1,0,RET001457,CUST01257
422,9,2,0.2222,2,11508.13,8680.89,0.1473,0,0,0,1,3690.6,3690.6,1.0,2,0,2,0.1422,39,0,1,3,0,RET001458,CUST01259
383,6,1,0.1667,1,2459.59,7552.68,0.0543,0,0,1,1,9615.53,9048.54,0.941,6,0,1,0.0783,13,0,1,3,0,RET001459,CUST01259
370,5,0,0.0,0,0.0,7140.11,0.0,0,0,0,0,2459.59,2459.59,1.0,3,0,0,0.0,370,0,1,3,0,RET001460,CUST01259
389,3,0,0.0,0,0.0,5593.24,0.0,0,0,0,0,14415.44,11170.02,0.7749,3,0,0,0.0,389,0,1,1,0,RET001461,CUST01263
164,2,1,0.5,0,0.0,1300.36,0.0,0,0,1,0,1789.03,1283.54,0.7175,23,0,1,0.1829,18,0,1,1,0,RET001462,CUST01269
146,2,0,0.0,0,0.0,1300.36,0.0,0,0,0,0,811.68,811.68,1.0,3,0,0,0.0,146,0,1,1,0,RET001463,CUST01269
214,4,0,0.0,0,0.0,4426.34,0.0,0,0,0,0,3961.07,3961.07,1.0,20,0,0,0.0,214,0,1,1,0,RET001464,CUST01270
88,4,0,0.0,0,0.0,7196.56,0.0,0,0,0,0,3640.35,3640.35,1.0,23,0,0,0.0,88,0,1,1,0,RET001465,CUST01271
83,8,1,0.125,1,1461.39,7468.72,0.0245,0,0,0,0,3199.29,3199.29,1.0,2,0,1,0.3614,44,0,1,1,0,RET001466,CUST01278
39,5,0,0.0,0,0.0,7111.86,0.0,0,0,0,0,1461.39,1461.39,1.0,11,0,0,0.0,39,0,1,1,0,RET001467,CUST01278
169,8,0,0.0,0,0.0,9572.19,0.0,0,0,0,0,2014.59,2014.59,1.0,27,0,0,0.0,169,0,1,1,0,RET001468,CUST01279
154,4,0,0.0,0,0.0,3149.04,0.0,0,0,0,0,3828.87,3828.87,1.0,30,0,0,0.0,154,0,1,1,0,RET001469,CUST01282
23,13,2,0.1538,1,1882.21,5961.65,0.0243,0,1,2,1,18432.82,18432.82,1.0,9,0,2,2.6087,7,1,4,2,1,RET001470,CUST01283
41,22,7,0.3182,2,3030.25,7094.9,0.0194,0,0,7,2,7609.71,7609.71,1.0,12,2,5,5.122,8,0,4,2,1,RET001471,CUST01283
23,13,2,0.1538,1,1882.21,5961.65,0.0243,0,1,2,1,1552.1,1552.1,1.0,11,1,2,2.6087,7,0,4,2,1,RET001472,CUST01283
16,8,1,0.125,0,0.0,5873.76,0.0,0,1,1,0,3432.95,3432.95,1.0,10,0,1,1.875,1,0,4,2,0,RET001473,CUST01283
15,8,0,0.0,0,0.0,5873.76,0.0,1,0,0,0,3723.38,1882.21,0.5055,10,0,0,0.0,15,0,4,2,0,RET001474,CUST01283
32,20,5,0.25,1,1882.21,6552.71,0.0144,0,0,5,1,4607.86,3780.54,0.8205,2,0,4,4.6875,9,0,4,2,1,RET001475,CUST01283
23,13,2,0.1538,1,1882.21,5961.65,0.0243,0,1,2,1,8338.9,3959.73,0.4749,10,0,2,2.6087,7,0,4,2,1,RET001476,CUST01283
42,22,8,0.3636,2,3030.25,7094.9,0.0194,0,1,8,2,3615.99,2506.1,0.6931,13,3,5,5.7143,1,0,4,2,1,RET001477,CUST01283
43,22,9,0.4091,3,10639.96,7094.9,0.0682,0,2,9,3,29151.65,29151.65,1.0,14,0,5,6.2791,1,1,4,2,1,RET001478,CUST01283
33,20,6,0.3,1,1882.21,6552.71,0.0144,0,1,6,1,2014.54,2014.54,1.0,4,1,5,5.4545,1,0,4,2,1,RET001479,CUST01283
150,1,0,0.0,0,0.0,1520.11,0.0,0,0,0,0,1520.11,1520.11,1.0,19,0,0,0.0,150,0,1,1,0,RET001480,CUST01284
356,7,0,0.0,0,0.0,4746.99,0.0,0,0,0,0,19017.2,19017.2,1.0,30,0,0,0.0,356,1,1,1,1,RET001481,CUST01287
13,4,0,0.0,0,0.0,10413.26,0.0,0,0,0,0,3640.91,2740.72,0.7528,8,0,0,0.0,13,0,1,2,0,RET001482,CUST01291
21,7,2,0.2857,2,11756.29,16085.79,0.1044,1,1,2,2,30869.1,30869.1,1.0,4,1,2,2.8571,7,0,1,2,0,RET001483,CUST01291
39,10,3,0.3,2,11756.29,12153.06,0.0967,1,0,3,2,668.78,668.78,1.0,10,1,2,2.3077,18,0,1,2,0,RET001484,CUST01291
14,5,1,0.2,0,0.0,8701.56,0.0,1,1,1,0,11551.18,11551.18,1.0,7,0,1,2.1429,1,0,1,2,0,RET001485,CUST01291
239,4,0,0.0,0,0.0,3569.15,0.0,0,0,0,0,9496.14,9496.14,1.0,13,0,0,0.0,239,1,1,1,0,RET001486,CUST01292
52,15,7,0.4667,3,7570.63,7046.71,0.0716,0,3,6,3,16493.67,16493.67,1.0,8,4,3,4.0385,2,1,5,2,1,RET001487,CUST01293
50,15,6,0.4,3,7570.63,7046.71,0.0716,0,2,5,3,5846.12,4944.75,0.8458,3,0,2,3.6,3,0,5,2,1,RET001488,CUST01293
28,3,2,0.6667,0,0.0,7392.73,0.0,0,1,2,0,2091.78,2091.78,1.0,11,1,2,2.1429,6,0,5,2,1,RET001489,CUST01293
22,3,1,0.3333,0,0.0,7392.73,0.0,0,1,1,0,2720.22,2720.22,1.0,9,0,1,1.3636,4,0,5,2,1,RET001490,CUST01293
33,7,3,0.4286,1,2091.78,6924.31,0.0432,1,1,3,1,2758.63,2758.63,1.0,1,1,2,2.7273,5,0,5,2,1,RET001491,CUST01293
18,3,0,0.0,0,0.0,7392.73,0.0,1,0,0,0,17366.18,17366.18,1.0,11,0,0,0.0,18,1,5,2,0,RET001492,CUST01293
47,14,5,0.3571,3,7570.63,7132.47,0.0758,0,1,5,3,12783.2,11795.54,0.9227,12,3,2,3.1915,1,0,5,2,1,RET001493,CUST01293
46,14,4,0.2857,3,7570.63,7132.47,0.0758,0,0,4,3,1070.18,1070.18,1.0,4,2,2,2.6087,13,0,5,2,1,RET001494,CUST01293
34,7,1,0.1429,1,20434.88,5149.22,0.5669,0,0,1,1,3556.41,3556.41,1.0,6,0,1,0.8824,11,0,1,1,1,RET001495,CUST01294
23,2,0,0.0,0,0.0,10906.83,0.0,1,0,0,0,20434.88,20434.88,1.0,1,0,0,0.0,23,0,1,1,0,RET001496,CUST01294
205,5,1,0.2,0,0.0,2613.64,0.0,0,0,0,0,900.8,433.35,0.4811,3,0,1,0.1463,134,0,1,1,0,RET001497,CUST01295
71,1,0,0.0,0,0.0,2007.43,0.0,0,0,0,0,2007.43,2007.43,1.0,9,0,0,0.0,71,0,1,1,0,RET001498,CUST01295
121,3,1,0.3333,0,0.0,1751.43,0.0,0,0,1,0,1155.39,1155.39,1.0,20,0,1,0.2479,24,0,1,1,0,RET001499,CUST01296
241,11,2,0.1818,1,1155.39,6679.07,0.0157,0,0,0,0,311.61,127.27,0.4084,20,0,2,0.249,120,0,1,1,0,RET001500,CUST01296
97,2,0,0.0,0,0.0,2049.45,0.0,0,0,0,0,3088.23,3088.23,1.0,18,0,0,0.0,97,0,1,1,0,RET001501,CUST01296
67,2,0,0.0,0,0.0,4082.91,0.0,0,0,0,0,8000.0,5974.58,0.7468,10,0,0,0.0,67,0,1,1,0,RET001502,CUST01305
21,6,0,0.0,0,0.0,5191.97,0.0,1,0,0,0,1749.09,1749.09,1.0,4,0,0,0.0,21,0,1,1,0,RET001503,CUST01307
30,7,1,0.1429,0,0.0,4874.06,0.0,0,0,1,0,2966.62,1683.96,0.5676,7,0,1,1.0,9,0,1,1,0,RET001504,CUST01307
228,19,6,0.3158,0,0.0,7998.2,0.0,3,4,5,0,5482.0,5482.0,1.0,3,0,4,0.7895,2,0,1,2,1,RET001505,CUST01308
225,14,4,0.2857,0,0.0,8149.31,0.0,1,3,3,0,5036.09,5036.09,1.0,9,0,3,0.5333,3,0,1,2,1,RET001506,CUST01308
226,15,5,0.3333,0,0.0,7971.49,0.0,1,4,4,0,8899.96,8899.96,1.0,2,1,4,0.6637,1,0,1,2,1,RET001507,CUST01308
222,11,2,0.1818,0,0.0,8847.86,0.0,1,1,1,0,39790.24,39790.24,1.0,7,0,2,0.2703,2,1,1,2,0,RET001508,CUST01308
220,10,1,0.1,0,0.0,9154.37,0.0,1,0,0,0,3966.35,3966.35,1.0,9,0,1,0.1364,35,0,1,2,0,RET001509,CUST01308
238,20,8,0.4,5,69378.77,7743.01,0.448,0,1,7,5,13186.44,13186.44,1.0,11,1,5,1.0084,6,0,1,2,0,RET001510,CUST01308
232,20,7,0.35,2,48690.2,7743.01,0.3144,0,3,6,2,5996.9,5129.75,0.8554,10,2,5,0.9052,4,0,1,2,1,RET001511,CUST01308
222,11,2,0.1818,0,0.0,8847.86,0.0,1,1,1,0,10522.73,10522.73,1.0,5,1,2,0.2703,2,0,1,2,0,RET001512,CUST01308
185,2,0,0.0,0,0.0,2504.94,0.0,0,0,0,0,787.69,787.69,1.0,14,0,0,0.0,185,0,1,2,0,RET001513,CUST01308
364,25,9,0.36,6,74860.77,6981.78,0.4289,0,0,0,0,1948.84,1948.84,1.0,8,0,5,0.7418,126,0,1,2,1,RET001514,CUST01308
141,2,0,0.0,0,0.0,3081.7,0.0,0,0,0,0,4643.72,4643.72,1.0,14,0,0,0.0,141,0,1,1,0,RET001515,CUST01310
184,6,1,0.1667,1,1303.46,2248.08,0.0966,0,0,0,0,4804.92,2251.17,0.4685,12,0,1,0.163,44,0,1,1,0,RET001516,CUST01313
140,4,0,0.0,0,0.0,1990.29,0.0,0,0,0,0,1834.43,1834.43,1.0,20,0,0,0.0,140,0,1,1,0,RET001517,CUST01313
132,6,0,0.0,0,0.0,2754.28,0.0,0,0,0,0,932.09,519.72,0.5576,7,0,0,0.0,132,0,1,1,0,RET001518,CUST01323
9,2,0,0.0,0,0.0,1821.35,0.0,1,0,0,0,1380.08,1380.08,1.0,3,0,0,0.0,9,0,4,3,0,RET001519,CUST01326
51,9,1,0.1111,1,1380.08,4726.7,0.0324,0,0,0,0,1378.85,1378.85,1.0,11,1,1,0.5882,42,0,4,3,0,RET001520,CUST01326
160,5,1,0.2,0,0.0,2576.87,0.0,0,0,0,0,1869.15,1869.15,1.0,12,1,1,0.1875,107,0,1,1,0,RET001521,CUST01328
53,3,0,0.0,0,0.0,2634.17,0.0,0,0,0,0,1851.49,1851.49,1.0,11,0,0,0.0,53,0,1,1,0,RET001522,CUST01328
234,4,0,0.0,0,0.0,1805.08,0.0,0,0,0,0,1427.4,1271.65,0.8909,17,0,0,0.0,234,0,1,1,0,RET001523,CUST01331
84,2,0,0.0,0,0.0,24969.94,0.0,0,0,0,0,16977.85,16977.85,1.0,20,0,0,0.0,84,0,1,1,0,RET001524,CUST01334
461,3,0,0.0,0,0.0,9552.46,0.0,0,0,0,0,2269.11,2269.11,1.0,26,0,0,0.0,461,0,1,1,0,RET001525,CUST01335
326,4,0,0.0,0,0.0,3049.32,0.0,0,0,0,0,4156.93,4156.93,1.0,29,0,0,0.0,326,0,1,1,0,RET001526,CUST01341
17,2,0,0.0,0,0.0,14935.33,0.0,0,0,0,0,997.49,997.49,1.0,10,0,0,0.0,17,0,1,1,0,RET001527,CUST01342
189,7,1,0.1429,1,735.71,5645.96,0.0186,0,0,0,0,1296.76,1296.76,1.0,27,0,1,0.1587,172,0,1,1,0,RET001528,CUST01342
223,8,0,0.0,0,0.0,3196.88,0.0,0,0,0,0,1366.75,1366.75,1.0,17,0,0,0.0,223,0,1,1,0,RET001529,CUST01343
89,7,2,0.2857,2,1797.94,4969.54,0.0517,0,0,1,1,15410.99,15410.99,1.0,6,1,2,0.6742,11,1,1,2,1,RET001530,CUST01346
111,11,3,0.2727,3,17208.93,3467.54,0.4512,1,0,1,2,1167.25,1167.25,1.0,10,2,2,0.8108,22,0,1,2,1,RET001531,CUST01346
12,2,0,0.0,0,0.0,1237.62,0.0,0,0,0,0,1471.23,1099.29,0.7472,10,0,0,0.0,12,0,1,2,0,RET001532,CUST01346
78,4,1,0.25,1,1099.29,3468.89,0.0792,0,0,0,0,1547.94,997.26,0.6442,8,0,1,0.3846,66,0,1,2,0,RET001533,CUST01346
109,6,0,0.0,0,0.0,8420.5,0.0,0,0,0,0,1761.66,1761.66,1.0,18,0,0,0.0,109,0,5,1,1,RET001534,CUST01351
166,11,3,0.2727,2,1128.83,4277.07,0.024,0,2,2,1,1476.66,1476.66,1.0,2,0,3,0.5422,1,0,1,1,0,RET001535,CUST01354
159,4,1,0.25,1,582.45,1884.96,0.0772,0,0,1,1,546.38,546.38,1.0,7,0,1,0.1887,27,0,1,1,0,RET001536,CUST01354
165,11,2,0.1818,2,1128.83,4277.07,0.024,1,1,1,1,2092.31,2092.31,1.0,4,0,2,0.3636,6,0,1,1,0,RET001537,CUST01354
132,2,0,0.0,0,0.0,2190.61,0.0,0,0,0,0,1765.62,774.13,0.4384,12,0,0,0.0,132,0,1,1,0,RET001538,CUST01354
354,16,10,0.625,6,13917.68,2786.34,0.3122,0,0,0,0,1536.98,1536.98,1.0,13,3,5,0.8475,40,0,4,3,1,RET001539,CUST01356
268,11,7,0.6364,6,13917.68,2460.12,0.5143,0,0,2,1,556.96,556.96,1.0,11,2,5,0.7836,23,0,4,3,1,RET001540,CUST01356
209,6,3,0.5,3,5896.69,2789.91,0.3523,0,0,0,1,1377.8,1377.8,1.0,4,0,3,0.4306,32,0,4,3,1,RET001541,CUST01356
177,4,2,0.5,2,3525.6,2108.02,0.4181,0,1,2,2,2371.09,2371.09,1.0,5,0,2,0.339,5,0,4,3,1,RET001542,CUST01356
172,3,1,0.3333,1,1595.11,2020.32,0.2632,0,0,1,1,2966.86,1930.49,0.6507,2,0,1,0.1744,12,0,4,3,1,RET001543,CUST01356
245,10,6,0.6,5,12136.39,2650.43,0.4579,0,1,1,2,1781.29,1781.29,1.0,8,0,4,0.7347,2,0,4,3,1,RET001544,CUST01356
314,15,9,0.6,6,13917.68,2869.63,0.3233,0,1,1,0,3661.48,3661.48,1.0,13,1,5,0.8599,3,0,4,3,1,RET001545,CUST01356
243,10,5,0.5,5,12136.39,2650.43,0.4579,0,0,0,2,1695.27,1695.27,1.0,13,1,4,0.6173,31,0,4,3,1,RET001546,CUST01356
311,15,8,0.5333,6,13917.68,2869.63,0.3233,0,0,0,0,3091.18,3091.18,1.0,6,2,5,0.7717,43,0,4,3,1,RET001547,CUST01356
160,1,0,0.0,0,0.0,1595.11,0.0,0,0,0,0,1595.11,1595.11,1.0,9,0,0,0.0,160,0,4,3,0,RET001548,CUST01356
212,7,4,0.5714,3,5896.69,3085.9,0.273,0,1,1,1,4861.9,4861.9,1.0,3,1,4,0.566,3,0,4,3,1,RET001549,CUST01356
268,3,0,0.0,0,0.0,3411.47,0.0,0,0,0,0,2636.39,2636.39,1.0,12,0,0,0.0,268,0,1,1,0,RET001550,CUST01357
278,4,1,0.25,1,3207.1,2075.34,0.3863,0,0,1,1,1709.34,1166.25,0.6823,17,0,1,0.1079,21,0,1,1,1,RET001551,CUST01361
257,3,0,0.0,0,0.0,2197.34,0.0,0,0,0,0,3207.1,3207.1,1.0,2,0,0,0.0,257,0,1,1,0,RET001552,CUST01361
92,1,0,0.0,0,0.0,6779.21,0.0,0,0,0,0,6779.21,6779.21,1.0,2,0,0,0.0,92,0,4,1,0,RET001553,CUST01362
255,6,1,0.1667,0,0.0,7639.16,0.0,0,0,0,0,2202.7,2202.7,1.0,21,0,1,0.1176,163,0,4,1,0,RET001554,CUST01362
407,3,0,0.0,0,0.0,1616.38,0.0,0,0,0,0,2739.83,2111.21,0.7706,28,0,0,0.0,407,0,1,1,0,RET001555,CUST01363
341,5,0,0.0,0,0.0,4333.24,0.0,0,0,0,0,786.23,786.23,1.0,24,0,0,0.0,341,0,1,4,0,RET001556,CUST01366
332,6,0,0.0,0,0.0,2554.19,0.0,0,0,0,0,1479.11,1479.11,1.0,26,0,0,0.0,332,0,4,1,0,RET001557,CUST01367
411,3,0,0.0,0,0.0,5979.54,0.0,0,0,0,0,1524.17,1524.17,1.0,2,0,0,0.0,411,0,1,1,0,RET001558,CUST01369
245,3,0,0.0,0,0.0,16822.74,0.0,0,0,0,0,29275.31,29275.31,1.0,19,0,0,0.0,245,0,1,1,0,RET001559,CUST01373
57,5,0,0.0,0,0.0,8290.41,0.0,0,0,0,0,1112.13,486.5,0.4374,30,0,0,0.0,57,0,1,1,1,RET001560,CUST01375
35,9,3,0.3333,1,1787.13,2650.08,0.0749,0,0,3,1,2987.77,2987.77,1.0,14,0,3,2.5714,8,0,4,3,1,RET001561,CUST01377
27,7,2,0.2857,1,1787.13,2908.14,0.0878,1,0,2,1,2696.26,2696.26,1.0,5,0,2,2.2222,8,0,4,3,1,RET001562,CUST01377
19,4,1,0.25,0,0.0,2279.56,0.0,0,1,1,0,1787.13,1787.13,1.0,14,0,1,1.5789,1,0,4,3,1,RET001563,CUST01377
18,4,0,0.0,0,0.0,2279.56,0.0,0,0,0,0,1162.67,1162.67,1.0,2,0,0,0.0,18,0,4,3,0,RET001564,CUST01377
212,3,0,0.0,0,0.0,1484.18,0.0,0,0,0,0,2822.03,2822.03,1.0,29,0,0,0.0,212,0,1,1,0,RET001565,CUST01378
78,13,7,0.5385,5,60441.21,8640.01,0.5381,1,2,2,3,1685.81,1685.81,1.0,1,0,3,2.6923,5,0,1,2,1,RET001566,CUST01379
73,12,5,0.4167,4,58573.22,9219.53,0.5294,0,0,1,2,1867.99,1867.99,1.0,11,1,2,2.0548,26,0,1,2,1,RET001567,CUST01379
73,12,5,0.4167,4,58573.22,9219.53,0.5294,0,0,1,2,11296.15,11296.15,1.0,8,0,2,2.0548,26,0,1,2,1,RET001568,CUST01379
78,13,7,0.5385,5,60441.21,8640.01,0.5381,1,2,2,3,2369.26,2369.26,1.0,9,4,3,2.6923,5,0,1,2,1,RET001569,CUST01379
38,6,3,0.5,1,32418.66,14940.79,0.3616,0,1,3,1,16034.21,16034.21,1.0,5,2,2,2.3684,3,0,1,2,0,RET001570,CUST01379
47,7,4,0.5714,2,39386.48,13256.75,0.4244,0,0,3,2,3152.53,3152.53,1.0,2,3,2,2.5532,9,0,1,2,1,RET001571,CUST01379
15,1,0,0.0,0,0.0,1673.46,0.0,0,0,0,0,1673.46,1673.46,1.0,14,0,0,0.0,15,0,1,2,0,RET001572,CUST01379
35,6,2,0.3333,0,0.0,14940.79,0.0,0,1,2,0,32418.66,32418.66,1.0,7,0,1,1.7143,7,1,1,2,1,RET001573,CUST01379
28,2,1,0.5,0,0.0,4836.73,0.0,1,0,1,0,8000.0,8000.0,1.0,1,1,1,1.0714,13,0,1,2,0,RET001574,CUST01379
340,10,1,0.1,1,19694.82,9199.49,0.2141,1,1,1,1,1306.74,1306.74,1.0,1,0,1,0.0882,4,0,1,1,0,RET001575,CUST01380
336,7,0,0.0,0,0.0,10387.76,0.0,2,0,0,0,19694.82,19694.82,1.0,3,0,0,0.0,336,0,1,1,0,RET001576,CUST01380
342,12,2,0.1667,1,19694.82,8146.15,0.2015,2,2,2,1,1487.47,1487.47,1.0,1,1,2,0.1754,2,0,1,1,0,RET001577,CUST01380
348,14,3,0.2143,2,21001.56,7992.92,0.1877,0,1,3,2,2588.37,1977.37,0.7639,12,0,2,0.2586,6,0,1,1,0,RET001578,CUST01380
354,14,4,0.2857,2,21001.56,7992.92,0.1877,0,1,4,2,4271.43,2185.01,0.5115,13,1,3,0.339,6,0,1,1,0,RET001579,CUST01380
354,14,4,0.2857,2,21001.56,7992.92,0.1877,0,1,4,2,12752.06,12752.06,1.0,11,0,3,0.339,6,0,1,1,0,RET001580,CUST01380
95,4,0,0.0,0,0.0,2422.36,0.0,1,0,0,0,1097.81,1097.81,1.0,1,0,0,0.0,95,0,2,1,1,RET001581,CUST01385
144,13,2,0.1538,2,2077.76,5641.82,0.0283,1,0,0,1,1921.08,1921.08,1.0,7,0,2,0.4167,38,0,2,1,0,RET001582,CUST01385
106,8,1,0.125,1,1097.81,2108.04,0.0651,0,0,1,1,2326.01,979.95,0.4213,9,0,1,0.283,11,0,2,1,0,RET001583,CUST01385
345,5,0,0.0,0,0.0,8185.53,0.0,0,0,0,0,27840.87,27840.87,1.0,4,0,0,0.0,345,1,1,1,0,RET001584,CUST01386
336,10,0,0.0,0,0.0,4945.96,0.0,0,0,0,0,394.71,168.84,0.4278,13,0,0,0.0,336,0,1,1,0,RET001585,CUST01388
382,6,1,0.1667,0,0.0,14869.29,0.0,0,0,0,0,1193.13,1193.13,1.0,30,0,1,0.0785,110,0,1,1,0,RET001586,CUST01390
272,3,0,0.0,0,0.0,10844.6,0.0,0,0,0,0,31293.7,31293.7,1.0,10,0,0,0.0,272,1,1,1,0,RET001587,CUST01390
223,4,0,0.0,0,0.0,1849.67,0.0,0,0,0,0,852.36,852.36,1.0,3,0,0,0.0,223,0,1,1,0,RET001588,CUST01391
173,1,0,0.0,0,0.0,1229.78,0.0,0,0,0,0,1229.78,1229.78,1.0,11,0,0,0.0,173,0,1,1,0,RET001589,CUST01392
189,4,1,0.25,1,2738.94,5156.88,0.1328,0,0,0,0,2572.42,1087.6,0.4228,27,0,1,0.1587,141,0,1,1,0,RET001590,CUST01395
48,2,0,0.0,0,0.0,3222.2,0.0,0,0,0,0,2738.94,2738.94,1.0,5,0,0,0.0,48,0,1,1,0,RET001591,CUST01395
161,1,0,0.0,0,0.0,9128.44,0.0,0,0,0,0,9128.44,5604.21,0.6139,22,0,0,0.0,161,0,1,1,0,RET001592,CUST01396
34,1,0,0.0,0,0.0,1357.78,0.0,0,0,0,0,1357.78,1357.78,1.0,15,0,0,0.0,34,0,1,1,0,RET001593,CUST01398
103,24,11,0.4583,5,42812.0,4428.85,0.4028,0,3,7,2,1428.63,1428.63,1.0,2,0,7,3.2039,2,0,1,4,1,RET001594,CUST01402
105,24,15,0.625,6,48774.11,4428.85,0.4589,0,5,11,2,1792.94,1792.94,1.0,8,1,8,4.2857,1,0,1,4,1,RET001595,CUST01402
103,24,11,0.4583,5,42812.0,4428.85,0.4028,0,3,7,2,21218.4,21218.4,1.0,12,1,7,3.2039,2,1,1,4,1,RET001596,CUST01402
101,20,10,0.5,5,42812.0,5079.39,0.4214,1,2,6,2,787.14,787.14,1.0,12,3,7,2.9703,4,0,1,4,1,RET001597,CUST01402
104,24,14,0.5833,5,42812.0,4428.85,0.4028,0,5,10,2,4182.65,4182.65,1.0,5,3,8,4.0385,1,0,1,4,1,RET001598,CUST01402
96,16,8,0.5,5,42812.0,5773.91,0.4634,1,2,5,2,1311.31,1311.31,1.0,1,2,7,2.5,3,0,1,4,1,RET001599,CUST01402
92,13,6,0.4615,5,42812.0,6630.05,0.4967,3,1,3,2,5962.11,5962.11,1.0,3,0,6,1.9565,6,0,1,4,1,RET001600,CUST01402
93,14,7,0.5,5,42812.0,6434.87,0.4752,1,2,4,2,1424.0,1424.0,1.0,2,1,7,2.2581,1,0,1,4,1,RET001601,CUST01402
97,17,9,0.5294,5,42812.0,5604.69,0.4493,1,3,6,2,2897.11,2897.11,1.0,1,1,7,2.7835,1,0,1,4,1,RET001602,CUST01402
86,7,5,0.7143,4,42119.25,7027.04,0.8563,0,1,2,2,692.75,692.75,1.0,13,0,5,1.7442,4,0,1,4,1,RET001603,CUST01402
82,7,4,0.5714,4,42119.25,7027.04,0.8563,0,0,1,2,2483.51,2483.51,1.0,7,0,4,1.4634,13,0,1,4,1,RET001604,CUST01402
103,24,11,0.4583,5,42812.0,4428.85,0.4028,0,3,7,2,3897.58,1897.58,0.4869,11,1,7,3.2039,2,0,1,4,1,RET001605,CUST01402
51,4,2,0.5,2,31996.79,10863.92,0.7363,0,0,0,0,7565.14,7565.14,1.0,12,0,2,1.1765,40,0,1,4,1,RET001606,CUST01402
9,3,0,0.0,0,0.0,11963.52,0.0,0,0,0,0,16111.4,16111.4,1.0,7,0,0,0.0,9,0,1,4,0,RET001607,CUST01402
69,5,3,0.6,3,39561.93,9202.6,0.8598,0,0,1,1,2557.32,2557.32,1.0,13,0,3,1.3043,18,0,1,4,1,RET001608,CUST01402
11,3,1,0.3333,0,0.0,11963.52,0.0,0,1,1,0,15885.39,15885.39,1.0,8,0,1,2.7273,2,0,1,4,1,RET001609,CUST01402
312,1,0,0.0,0,0.0,5302.25,0.0,0,0,0,0,5302.25,2761.44,0.5208,15,0,0,0.0,312,0,1,1,0,RET001610,CUST01404
393,4,1,0.25,0,0.0,2833.11,0.0,0,0,1,0,3519.09,3519.09,1.0,11,0,1,0.0763,12,0,1,1,0,RET001611,CUST01405
381,3,0,0.0,0,0.0,2604.45,0.0,0,0,0,0,1400.45,1400.45,1.0,13,0,0,0.0,381,0,1,1,0,RET001612,CUST01405
14,8,1,0.125,1,1008.72,4959.68,0.0254,0,0,1,1,887.83,887.83,1.0,11,0,1,2.1429,9,0,3,1,0,RET001613,CUST01406
19,11,2,0.1818,1,1008.72,6240.45,0.0147,0,1,2,1,3100.34,3100.34,1.0,10,0,2,3.1579,5,0,3,1,1,RET001614,CUST01406
5,5,0,0.0,0,0.0,6408.0,0.0,0,0,0,0,20406.24,20406.24,1.0,2,0,0,0.0,5,1,3,1,0,RET001615,CUST01406
245,4,0,0.0,0,0.0,2528.31,0.0,0,0,0,0,1458.42,1458.42,1.0,21,0,0,0.0,245,0,1,1,0,RET001616,CUST01407
37,11,2,0.1818,1,635.85,4163.59,0.0139,1,0,2,1,1853.94,1494.36,0.806,4,1,2,1.6216,11,0,1,2,1,RET001617,CUST01408
11,4,0,0.0,0,0.0,5355.5,0.0,2,0,0,0,1027.64,1027.64,1.0,3,0,0,0.0,11,0,1,2,1,RET001618,CUST01408
37,11,2,0.1818,1,635.85,4163.59,0.0139,1,0,2,1,568.55,568.55,1.0,11,1,2,1.6216,11,0,1,2,1,RET001619,CUST01408
26,7,1,0.1429,0,0.0,4989.47,0.0,0,0,1,0,1288.07,635.85,0.4936,13,0,1,1.1538,15,0,1,2,0,RET001620,CUST01408
314,7,1,0.1429,1,1441.38,7618.24,0.027,0,0,0,0,10227.18,10227.18,1.0,21,0,1,0.0955,187,0,1,1,0,RET001621,CUST01409
127,4,0,0.0,0,0.0,9122.52,0.0,0,0,0,0,1441.38,1441.38,1.0,3,0,0,0.0,127,0,1,1,0,RET001622,CUST01409
20,11,1,0.0909,0,0.0,6985.08,0.0,0,0,1,0,1247.78,823.01,0.6596,13,0,1,1.5,14,0,1,1,1,RET001623,CUST01410
28,13,2,0.1538,0,0.0,6298.94,0.0,0,0,2,0,1733.95,1733.95,1.0,6,0,2,2.1429,8,0,1,1,1,RET001624,CUST01410
28,13,2,0.1538,0,0.0,6298.94,0.0,0,0,2,0,3316.43,3316.43,1.0,6,0,2,2.1429,8,0,1,1,1,RET001625,CUST01410
6,3,0,0.0,0,0.0,15038.87,0.0,0,0,0,0,14843.38,14843.38,1.0,4,0,0,0.0,6,0,1,1,0,RET001626,CUST01410
30,3,0,0.0,0,0.0,10690.12,0.0,0,0,0,0,2051.4,2051.4,1.0,29,0,0,0.0,30,0,1,1,0,RET001627,CUST01411
172,5,0,0.0,0,0.0,5119.14,0.0,0,0,0,0,1689.19,1689.19,1.0,22,0,0,0.0,172,0,1,1,0,RET001628,CUST01412
511,5,0,0.0,0,0.0,3878.0,0.0,0,0,0,0,3938.95,2962.15,0.752,7,0,0,0.0,511,0,1,1,0,RET001629,CUST01413
252,1,0,0.0,0,0.0,939.1,0.0,0,0,0,0,939.1,939.1,1.0,14,0,0,0.0,252,0,1,1,0,RET001630,CUST01415
106,4,0,0.0,0,0.0,4713.17,0.0,0,0,0,0,1586.44,1586.44,1.0,17,0,0,0.0,106,0,1,1,0,RET001631,CUST01416
160,1,0,0.0,0,0.0,465.09,0.0,0,0,0,0,465.09,465.09,1.0,3,0,0,0.0,160,0,1,1,0,RET001632,CUST01418
204,7,1,0.1429,1,1889.02,5077.51,0.0531,0,0,0,0,2468.8,2468.8,1.0,12,0,1,0.1471,102,0,1,1,0,RET001633,CUST01421
102,3,0,0.0,0,0.0,1514.45,0.0,0,0,0,0,1889.02,1889.02,1.0,30,0,0,0.0,102,0,1,1,0,RET001634,CUST01421
12,8,3,0.375,1,19881.65,9152.64,0.2715,0,3,3,1,291.52,207.56,0.712,6,1,3,7.5,2,0,1,1,1,RET001635,CUST01425
23,13,5,0.3846,1,19881.65,7634.29,0.2003,1,1,5,1,4379.02,4379.02,1.0,2,1,4,6.5217,4,0,1,1,1,RET001636,CUST01425
27,16,7,0.4375,2,20089.21,7884.9,0.1592,0,2,7,2,2130.84,1141.6,0.5358,7,1,5,7.7778,2,0,1,1,1,RET001637,CUST01425
10,6,0,0.0,0,0.0,4963.13,0.0,0,0,0,0,19881.65,19881.65,1.0,3,0,0,0.0,10,1,1,1,0,RET001638,CUST01425
19,10,4,0.4,1,19881.65,7574.11,0.2625,1,1,4,1,915.68,748.53,0.8175,9,0,3,6.3158,7,0,1,1,1,RET001639,CUST01425
10,6,0,0.0,0,0.0,4963.13,0.0,0,0,0,0,1260.33,1260.33,1.0,7,0,0,0.0,10,0,1,1,0,RET001640,CUST01425
10,6,0,0.0,0,0.0,4963.13,0.0,0,0,0,0,2423.2,2423.2,1.0,4,0,0,0.0,10,0,1,1,0,RET001641,CUST01425
35,20,8,0.4,3,24468.23,9155.08,0.1336,0,0,8,3,2672.29,1261.85,0.4722,7,2,5,6.8571,8,0,1,1,1,RET001642,CUST01425
25,14,6,0.4286,2,20089.21,8675.15,0.1654,0,2,6,2,771.57,771.57,1.0,7,0,4,7.2,2,0,1,1,1,RET001643,CUST01425
36,20,9,0.45,3,24468.23,9155.08,0.1336,0,1,9,3,22206.22,17613.17,0.7932,13,0,5,7.5,1,0,1,1,1,RET001644,CUST01425
39,20,10,0.5,4,25239.8,9155.08,0.1378,0,2,10,4,2407.08,2407.08,1.0,14,1,6,7.6923,3,0,1,1,1,RET001645,CUST01425
155,1,0,0.0,0,0.0,1229.01,0.0,0,0,0,0,1229.01,1229.01,1.0,28,0,0,0.0,155,0,1,1,0,RET001646,CUST01432
407,4,0,0.0,0,0.0,3101.51,0.0,0,0,0,0,5952.49,5952.49,1.0,28,0,0,0.0,407,0,1,2,0,RET001647,CUST01433
311,1,0,0.0,0,0.0,55000.0,0.0,0,0,0,0,55000.0,55000.0,1.0,7,0,0,0.0,311,0,1,1,0,RET001648,CUST01435
44,2,0,0.0,0,0.0,6950.99,0.0,0,0,0,0,12763.78,12763.78,1.0,17,0,0,0.0,44,0,1,1,0,RET001649,CUST01437
99,4,0,0.0,0,0.0,1595.45,0.0,0,0,0,0,1877.43,1877.43,1.0,22,0,0,0.0,99,0,1,1,0,RET001650,CUST01439
210,7,3,0.4286,1,10089.83,17005.81,0.0848,1,2,3,1,28819.11,28819.11,1.0,1,1,3,0.4286,4,0,4,1,1,RET001651,CUST01441
203,6,1,0.1667,1,10089.83,15036.93,0.1118,1,0,1,1,2531.92,2531.92,1.0,7,0,1,0.1478,8,0,4,1,0,RET001652,CUST01441
195,2,0,0.0,0,0.0,25558.52,0.0,0,0,0,0,10089.83,10089.83,1.0,4,0,0,0.0,195,0,4,1,0,RET001653,CUST01441
206,6,2,0.3333,1,10089.83,15036.93,0.1118,0,1,2,1,6000.0,5323.21,0.8872,4,0,2,0.2913,3,0,4,1,1,RET001654,CUST01441
191,6,0,0.0,0,0.0,6046.92,0.0,0,0,0,0,1897.47,1897.47,1.0,20,0,0,0.0,191,0,1,1,0,RET001655,CUST01443
90,16,6,0.375,3,6258.13,5873.36,0.0666,0,0,3,2,2664.71,2664.71,1.0,8,2,2,2.0,8,0,4,3,1,RET001656,CUST01444
70,11,4,0.3636,2,4176.48,5349.45,0.071,0,1,2,1,3886.91,3886.91,1.0,4,2,2,1.7143,3,0,4,3,1,RET001657,CUST01444
94,18,8,0.4444,3,6258.13,5645.87,0.0616,0,2,5,1,2517.52,2517.52,1.0,2,0,2,2.5532,4,0,4,3,0,RET001658,CUST01444
94,18,8,0.4444,3,6258.13,5645.87,0.0616,0,2,5,1,5134.31,2444.27,0.4761,3,0,2,2.5532,4,0,4,3,1,RET001659,CUST01444
82,12,5,0.4167,2,4176.48,5086.32,0.0684,0,0,3,1,2081.65,2081.65,1.0,14,3,2,1.8293,12,0,4,3,1,RET001660,CUST01444
90,16,6,0.375,3,6258.13,5873.36,0.0666,0,0,3,2,1105.26,1105.26,1.0,7,2,2,2.0,8,0,4,3,1,RET001661,CUST01444
23,2,1,0.5,0,0.0,2585.9,0.0,0,1,1,0,3899.12,3899.12,1.0,14,1,1,1.3043,7,0,4,3,1,RET001662,CUST01444
67,9,3,0.3333,2,4176.48,6093.32,0.0762,1,0,1,1,1716.76,1716.76,1.0,9,1,2,1.3433,15,0,4,3,1,RET001663,CUST01444
52,6,2,0.3333,1,3899.12,6130.13,0.106,0,0,1,1,381.0,381.0,1.0,2,0,1,1.1538,29,0,4,3,1,RET001664,CUST01444
16,2,0,0.0,0,0.0,2585.9,0.0,0,0,0,0,1272.68,1272.68,1.0,10,0,0,0.0,16,0,4,3,0,RET001665,CUST01444
276,3,0,0.0,0,0.0,3956.22,0.0,0,0,0,0,2900.69,2900.69,1.0,5,0,0,0.0,276,0,1,1,0,RET001666,CUST01447
381,4,0,0.0,0,0.0,2399.52,0.0,0,0,0,0,3406.82,3406.82,1.0,5,0,0,0.0,381,0,1,1,0,RET001667,CUST01451
59,1,0,0.0,0,0.0,308.0,0.0,0,0,0,0,308.0,308.0,1.0,15,0,0,0.0,59,0,5,2,0,RET001668,CUST01453
114,6,0,0.0,0,0.0,2875.53,0.0,0,0,0,0,1284.6,1284.6,1.0,16,0,0,0.0,114,0,1,1,0,RET001669,CUST01454
36,5,0,0.0,0,0.0,5695.21,0.0,0,0,0,0,1208.84,1208.84,1.0,2,0,0,0.0,36,0,1,3,0,RET001670,CUST01455
39,6,1,0.1667,0,0.0,8099.73,0.0,0,1,1,0,19293.57,19293.57,1.0,14,1,1,0.7692,3,1,1,3,0,RET001671,CUST01455
87,8,2,0.25,2,20502.41,7985.36,0.3209,0,0,0,0,1839.28,1839.28,1.0,14,0,1,0.6897,48,0,1,3,1,RET001672,CUST01455
107,11,3,0.2727,3,22341.69,8375.66,0.2425,0,0,1,1,18498.65,18498.65,1.0,4,0,2,0.8411,20,1,1,3,1,RET001673,CUST01455
330,8,0,0.0,0,0.0,3868.04,0.0,0,0,0,0,1238.14,860.53,0.695,22,0,0,0.0,330,0,1,1,0,RET001674,CUST01458
94,12,4,0.3333,2,20135.28,9538.77,0.1759,1,2,2,2,22893.64,22893.64,1.0,13,0,2,1.2766,1,1,1,1,1,RET001675,CUST01459
89,11,2,0.1818,1,14736.45,8097.93,0.1654,0,0,2,1,8000.0,5398.83,0.6749,8,1,2,0.6742,26,0,1,1,1,RET001676,CUST01459
105,15,5,0.3333,3,39260.05,9552.45,0.274,0,0,3,2,25387.99,23059.5,0.9083,12,0,3,1.4286,11,1,1,1,1,RET001677,CUST01459
93,11,3,0.2727,2,20135.28,8097.93,0.226,0,1,2,2,1769.05,1586.9,0.897,9,1,2,0.9677,4,0,1,1,1,RET001678,CUST01459
63,2,1,0.5,0,0.0,8359.22,0.0,0,1,1,0,1981.98,1981.98,1.0,4,0,1,0.4762,1,0,1,1,0,RET001679,CUST01459
62,2,0,0.0,0,0.0,8359.22,0.0,0,0,0,0,14736.45,14736.45,1.0,3,0,0,0.0,62,0,1,1,0,RET001680,CUST01459
129,17,6,0.3529,3,39260.05,8596.57,0.2686,1,0,1,0,757.88,757.88,1.0,1,0,4,1.3953,24,0,1,1,1,RET001681,CUST01459
336,7,0,0.0,0,0.0,11158.15,0.0,0,0,0,0,2722.4,1964.52,0.7216,13,0,0,0.0,336,0,5,1,0,RET001682,CUST01460
103,3,0,0.0,0,0.0,8778.67,0.0,0,0,0,0,19801.97,19801.97,1.0,21,0,0,0.0,103,1,1,1,0,RET001683,CUST01466
106,9,3,0.3333,3,11144.56,9999.12,0.1238,1,0,0,0,4743.91,4743.91,1.0,1,0,3,0.8491,54,0,1,2,0,RET001684,CUST01468
113,13,4,0.3077,3,11144.56,10456.63,0.082,0,1,1,0,1313.89,1313.89,1.0,4,0,4,1.0619,7,0,1,2,1,RET001685,CUST01468
29,3,0,0.0,0,0.0,19542.94,0.0,0,0,0,0,19547.11,8968.05,0.4588,7,0,0,0.0,29,0,1,2,0,RET001686,CUST01468
34,4,1,0.25,0,0.0,14967.51,0.0,0,1,1,0,1241.2,1241.2,1.0,3,0,1,0.8824,5,0,1,2,0,RET001687,CUST01468
52,5,2,0.4,2,6635.79,12875.76,0.1031,0,0,2,2,4508.77,4508.77,1.0,2,0,2,1.1538,18,0,1,2,0,RET001688,CUST01468
111,5,0,0.0,0,0.0,12794.17,0.0,0,0,0,0,7177.9,7177.9,1.0,9,0,0,0.0,111,0,1,1,0,RET001689,CUST01470
57,3,0,0.0,0,0.0,2475.37,0.0,0,0,0,0,1565.55,1565.55,1.0,14,0,0,0.0,57,0,1,3,0,RET001690,CUST01471
46,3,2,0.6667,1,2293.48,14378.89,0.0532,0,0,2,1,40293.32,40293.32,1.0,15,0,2,1.3043,10,1,1,1,1,RET001691,CUST01472
36,3,0,0.0,0,0.0,14378.89,0.0,0,0,0,0,549.86,549.86,1.0,14,0,0,0.0,36,0,1,1,0,RET001692,CUST01472
84,10,3,0.3,3,43136.66,5966.18,0.723,0,0,0,0,6630.65,6630.65,1.0,9,0,3,1.0714,38,0,1,1,1,RET001693,CUST01472
36,3,0,0.0,0,0.0,14378.89,0.0,0,0,0,0,2293.48,2293.48,1.0,6,0,0,0.0,36,0,1,1,0,RET001694,CUST01472
84,9,0,0.0,0,0.0,8012.78,0.0,0,0,0,0,3678.65,3678.65,1.0,13,0,0,0.0,84,0,1,2,0,RET001695,CUST01473
131,12,1,0.0833,1,3678.65,9657.32,0.0317,0,0,0,0,26816.26,26816.26,1.0,4,0,1,0.229,47,1,1,2,0,RET001696,CUST01473
378,4,0,0.0,0,0.0,5249.68,0.0,0,0,0,0,1268.33,1268.33,1.0,17,0,0,0.0,378,0,1,1,0,RET001697,CUST01476
84,4,0,0.0,0,0.0,16445.38,0.0,0,0,0,0,19304.09,19304.09,1.0,14,0,0,0.0,84,0,5,1,0,RET001698,CUST01479
96,5,1,0.2,1,19304.09,13265.51,0.291,0,0,1,1,546.01,546.01,1.0,4,0,1,0.3125,12,0,5,1,0,RET001699,CUST01479
123,6,2,0.3333,2,19850.1,11678.79,0.2833,0,0,1,1,3745.19,3745.19,1.0,14,0,2,0.4878,27,0,5,1,1,RET001700,CUST01479
149,7,3,0.4286,3,23595.29,13012.55,0.259,0,0,1,1,21015.11,16852.12,0.8019,3,0,3,0.604,26,0,5,1,0,RET001701,CUST01479
90,8,2,0.25,1,17089.55,3874.47,0.5514,0,0,2,1,707.59,707.59,1.0,6,0,2,0.6667,12,0,1,2,1,RET001702,CUST01480
72,7,0,0.0,0,0.0,4326.88,0.0,0,0,0,0,5703.98,5703.98,1.0,3,0,0,0.0,72,0,1,2,0,RET001703,CUST01480
98,9,3,0.3333,2,17797.14,5084.34,0.3889,0,0,3,2,14763.25,14763.25,1.0,6,0,3,0.9184,8,1,1,2,1,RET001704,CUST01480
125,11,4,0.3636,2,17797.14,6918.21,0.2339,0,0,1,0,4344.58,4344.58,1.0,5,1,4,0.96,27,0,1,2,1,RET001705,CUST01480
130,11,5,0.4545,3,22141.72,6918.21,0.291,0,1,1,1,25996.72,25996.72,1.0,11,1,4,1.1538,5,1,1,2,1,RET001706,CUST01480
78,7,1,0.1429,0,0.0,4326.88,0.0,0,1,1,0,17089.55,17089.55,1.0,8,0,1,0.3846,6,1,1,2,0,RET001707,CUST01480
105,24,10,0.4167,6,18087.56,5343.79,0.141,1,0,3,1,3256.22,3256.22,1.0,3,3,5,2.8571,19,0,5,3,1,RET001708,CUST01481
16,6,0,0.0,0,0.0,5190.49,0.0,1,0,0,0,2362.14,2362.14,1.0,1,0,0,0.0,16,0,5,3,0,RET001709,CUST01481
66,11,5,0.4545,4,10793.93,4461.92,0.2199,1,0,1,1,3866.65,3866.65,1.0,3,2,3,2.2727,8,0,5,3,1,RET001710,CUST01481
74,13,6,0.4615,5,14660.58,4162.72,0.2709,0,0,2,2,8634.93,8634.93,1.0,9,3,3,2.4324,8,1,5,3,1,RET001711,CUST01481
81,19,7,0.3684,5,14660.58,5729.57,0.1347,0,1,3,2,5689.06,3426.98,0.6024,4,0,3,2.5926,7,0,5,3,1,RET001712,CUST01481
25,7,3,0.4286,1,3752.51,4598.28,0.1166,0,2,3,1,2801.47,2801.47,1.0,11,1,3,3.6,2,0,5,3,1,RET001713,CUST01481
58,8,4,0.5,3,8916.12,4258.22,0.2617,0,0,0,1,1877.81,1877.81,1.0,9,1,3,2.069,33,0,5,3,1,RET001714,CUST01481
23,7,2,0.2857,1,3752.51,4598.28,0.1166,0,2,2,1,751.49,751.49,1.0,14,0,2,2.6087,3,0,5,3,1,RET001715,CUST01481
81,19,7,0.3684,5,14660.58,5729.57,0.1347,0,1,3,2,4689.6,2889.47,0.6161,12,2,3,2.5926,7,0,5,3,1,RET001716,CUST01481
20,7,1,0.1429,0,0.0,4598.28,0.0,0,1,1,0,3752.51,3752.51,1.0,12,0,1,1.5,4,0,5,3,0,RET001717,CUST01481
86,21,9,0.4286,6,18087.56,5524.82,0.1559,0,2,5,3,31777.58,31777.58,1.0,11,0,4,3.1395,5,1,5,3,1,RET001718,CUST01481
363,10,5,0.5,2,4625.24,8217.06,0.0563,0,1,3,1,26955.69,26955.69,1.0,14,0,4,0.4132,4,1,1,1,1,RET001719,CUST01482
473,19,12,0.6316,9,87306.48,8746.43,0.5254,0,1,4,3,2267.04,2267.04,1.0,3,1,6,0.7611,5,0,1,1,1,RET001720,CUST01482
428,14,7,0.5,5,36641.13,8671.34,0.3018,0,0,1,1,11587.47,11587.47,1.0,5,0,5,0.4907,22,0,1,1,1,RET001721,CUST01482
446,16,9,0.5625,6,48228.6,9149.53,0.3294,0,1,2,1,23581.44,23581.44,1.0,11,4,6,0.6054,1,1,1,1,1,RET001722,CUST01482
292,3,1,0.3333,1,1879.17,2127.27,0.2945,1,0,0,1,826.49,826.49,1.0,1,0,1,0.1027,34,0,1,1,0,RET001723,CUST01482
451,17,10,0.5882,6,48228.6,9137.87,0.3105,0,2,3,1,8951.39,8951.39,1.0,5,5,6,0.6652,5,0,1,1,1,RET001724,CUST01482
468,18,11,0.6111,8,80761.43,9106.4,0.4927,0,0,3,2,8571.34,6545.05,0.7636,9,1,6,0.7051,17,0,1,1,1,RET001725,CUST01482
342,8,2,0.25,1,1879.17,6533.43,0.036,2,0,0,0,13563.69,13563.69,1.0,1,1,2,0.1754,50,1,1,1,0,RET001726,CUST01482
258,1,0,0.0,0,0.0,1879.17,0.0,0,0,0,0,1879.17,1879.17,1.0,8,0,0,0.0,258,0,1,1,0,RET001727,CUST01482
445,16,8,0.5,6,48228.6,9149.53,0.3294,0,0,1,1,1412.16,707.45,0.501,10,3,6,0.5393,17,0,1,1,1,RET001728,CUST01482
359,10,4,0.4,2,4625.24,8217.06,0.0563,0,0,2,1,2947.44,2947.44,1.0,12,0,3,0.3343,15,0,1,1,1,RET001729,CUST01482
406,13,6,0.4615,4,32548.32,8447.03,0.2964,0,0,0,0,4092.81,4092.81,1.0,3,2,5,0.4433,43,0,1,1,1,RET001730,CUST01482
344,8,3,0.375,1,1879.17,6533.43,0.036,0,1,1,0,3117.6,2746.07,0.8808,4,0,2,0.2616,2,0,1,1,1,RET001731,CUST01482
43,10,1,0.1,0,0.0,13559.71,0.0,1,0,1,0,9419.79,9419.79,1.0,11,0,1,0.6977,19,0,1,4,0,RET001732,CUST01484
83,17,2,0.1176,0,0.0,9346.99,0.0,0,0,0,0,3212.3,2177.01,0.6777,2,0,2,0.7229,40,0,1,4,1,RET001733,CUST01484
24,8,0,0.0,0,0.0,13605.63,0.0,0,0,0,0,4052.23,4052.23,1.0,11,0,0,0.0,24,0,1,4,0,RET001734,CUST01484
97,19,4,0.2105,1,2177.01,9233.15,0.0124,0,0,2,1,1133.0,1133.0,1.0,12,1,4,1.2371,10,0,1,4,1,RET001735,CUST01484
87,19,3,0.1579,0,0.0,9233.15,0.0,1,1,1,0,3678.67,3678.67,1.0,13,0,3,1.0345,4,0,1,4,1,RET001736,CUST01484
100,19,5,0.2632,2,2628.96,9233.15,0.015,0,1,3,2,15397.98,15397.98,1.0,14,1,4,1.5,3,0,1,4,1,RET001737,CUST01484
118,2,0,0.0,0,0.0,7067.01,0.0,0,0,0,0,4026.97,4026.97,1.0,7,0,0,0.0,118,0,1,1,0,RET001738,CUST01489
166,2,0,0.0,0,0.0,3686.21,0.0,0,0,0,0,3515.27,3515.27,1.0,21,0,0,0.0,166,0,1,1,0,RET001739,CUST01491
163,6,1,0.1667,1,2145.87,3294.53,0.1086,0,0,0,0,724.82,724.82,1.0,27,0,1,0.184,65,0,1,1,0,RET001740,CUST01492
98,3,0,0.0,0,0.0,1961.6,0.0,0,0,0,0,2431.1,2145.87,0.8827,26,0,0,0.0,98,0,1,1,0,RET001741,CUST01492
460,4,0,0.0,0,0.0,2624.2,0.0,0,0,0,0,2519.87,2519.87,1.0,29,0,0,0.0,460,0,1,1,0,RET001742,CUST01494
556,6,1,0.1667,0,0.0,2061.69,0.0,0,0,0,0,1233.11,1233.11,1.0,11,1,1,0.054,96,0,1,1,0,RET001743,CUST01494
16,3,0,0.0,0,0.0,2545.37,0.0,0,0,0,0,2113.32,932.77,0.4414,11,0,0,0.0,16,0,1,1,0,RET001744,CUST01495
420,3,0,0.0,0,0.0,5137.3,0.0,0,0,0,0,5683.32,3555.55,0.6256,3,0,0,0.0,420,0,1,1,0,RET001745,CUST01497
264,6,0,0.0,0,0.0,5445.91,0.0,0,0,0,0,2553.64,2553.64,1.0,13,0,0,0.0,264,0,1,1,0,RET001746,CUST01498
177,10,4,0.4,0,0.0,3078.69,0.0,0,2,3,0,4156.57,4156.57,1.0,13,1,3,0.678,7,0,2,1,1,RET001747,CUST01503
165,4,1,0.25,0,0.0,5261.85,0.0,2,0,1,0,1684.49,1319.37,0.7832,1,1,1,0.1818,23,0,2,1,1,RET001748,CUST01503
170,9,2,0.2222,0,0.0,3290.84,0.0,1,1,2,0,3565.17,3565.17,1.0,4,0,1,0.3529,5,0,2,1,0,RET001749,CUST01503
179,10,5,0.5,1,4156.57,3078.69,0.135,0,1,4,1,1517.75,1266.18,0.8342,13,0,3,0.838,2,0,2,1,1,RET001750,CUST01503
170,9,2,0.2222,0,0.0,3290.84,0.0,1,1,2,0,1892.33,1087.08,0.5745,1,0,1,0.3529,5,0,2,1,0,RET001751,CUST01503
190,11,6,0.5455,3,8723.51,2848.01,0.2785,0,0,5,3,541.27,541.27,1.0,8,2,4,0.9474,11,0,2,1,1,RET001752,CUST01503
142,1,0,0.0,0,0.0,12872.49,0.0,0,0,0,0,12872.49,12872.49,1.0,7,0,0,0.0,142,0,2,1,0,RET001753,CUST01503
223,12,7,0.5833,4,9264.78,2909.63,0.2653,0,0,0,1,3587.43,3587.43,1.0,6,1,4,0.9417,33,0,2,1,1,RET001754,CUST01503
237,13,8,0.6154,4,9264.78,3707.61,0.1922,0,0,1,0,13283.37,13283.37,1.0,9,3,4,1.0127,14,1,2,1,1,RET001755,CUST01503
379,2,0,0.0,0,0.0,1638.38,0.0,0,0,0,0,1412.58,1165.35,0.825,19,0,0,0.0,379,0,1,1,0,RET001756,CUST01505
154,5,1,0.2,1,10791.52,4206.65,0.5131,0,0,1,1,3023.61,1698.66,0.5618,16,1,1,0.1948,16,0,1,1,1,RET001757,CUST01506
138,3,0,0.0,0,0.0,5383.89,0.0,0,0,0,0,10791.52,10791.52,1.0,12,0,0,0.0,138,1,1,1,0,RET001758,CUST01506
29,2,0,0.0,0,0.0,1187.01,0.0,1,0,0,0,1215.41,506.95,0.4171,13,0,0,0.0,29,0,1,1,0,RET001759,CUST01508
187,11,1,0.0909,0,0.0,2322.33,0.0,0,0,0,0,1664.64,1664.64,1.0,24,0,1,0.1604,36,0,1,1,0,RET001760,CUST01509
151,10,0,0.0,0,0.0,2388.1,0.0,0,0,0,0,2237.76,2237.76,1.0,28,0,0,0.0,151,0,1,1,1,RET001761,CUST01509
77,1,0,0.0,0,0.0,973.34,0.0,0,0,0,0,973.34,973.34,1.0,15,0,0,0.0,77,0,1,1,0,RET001762,CUST01510
13,1,0,0.0,0,0.0,6184.33,0.0,0,0,0,0,6184.33,6184.33,1.0,10,0,0,0.0,13,0,1,1,0,RET001763,CUST01511
334,4,1,0.25,1,3196.9,1743.88,0.4583,0,0,0,0,725.77,645.99,0.8901,3,0,1,0.0898,71,0,1,4,1,RET001764,CUST01514
263,1,0,0.0,0,0.0,3196.9,0.0,0,0,0,0,3196.9,3196.9,1.0,4,0,0,0.0,263,0,1,4,0,RET001765,CUST01514
138,5,1,0.2,0,0.0,2238.12,0.0,0,0,0,0,1161.86,1161.86,1.0,12,1,1,0.2174,116,0,1,1,0,RET001766,CUST01516
22,1,0,0.0,0,0.0,2305.0,0.0,0,0,0,0,2305.0,1280.23,0.5554,18,0,0,0.0,22,0,1,1,0,RET001767,CUST01516
444,3,0,0.0,0,0.0,1524.86,0.0,0,0,0,0,1290.67,1290.67,1.0,30,0,0,0.0,444,0,4,1,0,RET001768,CUST01517
234,4,1,0.25,1,9701.92,3053.91,0.7942,0,0,0,1,1136.35,869.4,0.7651,25,0,1,0.1282,38,0,1,1,1,RET001769,CUST01518
196,3,0,0.0,0,0.0,3693.09,0.0,0,0,0,0,9701.92,9701.92,1.0,27,0,0,0.0,196,1,1,1,0,RET001770,CUST01518
422,6,1,0.1667,1,940.95,3599.66,0.0436,0,0,0,1,2634.13,2634.13,1.0,5,0,1,0.0711,37,0,1,1,0,RET001771,CUST01519
385,4,0,0.0,0,0.0,4491.88,0.0,0,0,0,0,940.95,940.95,1.0,4,0,0,0.0,385,0,1,1,0,RET001772,CUST01519
194,4,0,0.0,0,0.0,6284.59,0.0,0,0,0,0,6002.56,6002.56,1.0,11,0,0,0.0,194,0,1,1,0,RET001773,CUST01521
378,2,1,0.5,0,0.0,884.44,0.0,0,0,0,0,943.4,943.4,1.0,28,0,1,0.0794,51,0,1,1,0,RET001774,CUST01522
327,1,0,0.0,0,0.0,825.48,0.0,0,0,0,0,825.48,825.48,1.0,23,0,0,0.0,327,0,1,1,0,RET001775,CUST01522
417,21,13,0.619,7,63044.82,6293.5,0.477,0,2,9,6,2708.98,2708.98,1.0,14,0,5,0.9353,2,0,1,1,1,RET001776,CUST01524
415,21,12,0.5714,7,63044.82,6293.5,0.477,0,1,10,6,5601.45,5601.45,1.0,13,4,5,0.8675,5,0,1,1,1,RET001777,CUST01524
402,18,9,0.5,3,55205.95,6858.08,0.4472,0,4,7,2,2763.82,2763.82,1.0,13,2,4,0.6716,1,0,1,1,1,RET001778,CUST01524
402,18,9,0.5,3,55205.95,6858.08,0.4472,0,4,7,2,2271.04,2271.04,1.0,8,2,4,0.6716,1,0,1,1,1,RET001779,CUST01524
386,8,3,0.375,1,34963.21,9364.67,0.4667,1,1,1,0,15697.79,15697.79,1.0,7,2,2,0.2332,1,0,1,1,1,RET001780,CUST01524
410,21,11,0.5238,7,63044.82,6293.5,0.477,0,0,9,6,407.75,407.75,1.0,5,0,4,0.8049,8,0,1,1,1,RET001781,CUST01524
398,17,6,0.3529,3,55205.95,6462.71,0.5025,1,2,4,2,518.25,518.25,1.0,9,0,3,0.4523,1,0,1,1,1,RET001782,CUST01524
385,7,2,0.2857,1,34963.21,10428.65,0.4789,1,0,0,0,6705.3,6705.3,1.0,2,1,2,0.1558,52,0,1,1,1,RET001783,CUST01524
393,14,4,0.2857,1,34963.21,6181.78,0.404,1,1,2,0,4544.95,4544.95,1.0,2,0,2,0.3053,7,0,1,1,1,RET001784,CUST01524
398,17,6,0.3529,3,55205.95,6462.71,0.5025,1,2,4,2,1290.65,852.97,0.6609,6,3,3,0.4523,1,0,1,1,1,RET001785,CUST01524
397,16,5,0.3125,3,55205.95,5753.76,0.5997,0,1,3,2,2830.53,2830.53,1.0,13,1,3,0.3778,4,0,1,1,1,RET001786,CUST01524
458,23,15,0.6522,8,68646.27,5873.12,0.5082,0,1,1,0,1896.35,1896.35,1.0,6,5,6,0.9825,4,0,1,1,1,RET001787,CUST01524
319,3,0,0.0,0,0.0,4267.9,0.0,0,0,0,0,8000.0,8000.0,1.0,3,0,0,0.0,319,0,1,1,0,RET001788,CUST01524
454,23,14,0.6087,8,68646.27,5873.12,0.5082,0,0,0,0,1021.77,1021.77,1.0,14,1,6,0.9251,37,0,1,1,1,RET001789,CUST01524
401,18,8,0.4444,3,55205.95,6858.08,0.4472,0,3,6,2,13579.21,13579.21,1.0,3,1,4,0.5985,3,0,1,1,0,RET001790,CUST01524
333,4,1,0.25,0,0.0,11941.73,0.0,0,0,1,0,34963.21,34963.21,1.0,5,0,1,0.0901,14,1,1,1,0,RET001791,CUST01524
150,2,0,0.0,0,0.0,15136.51,0.0,0,0,0,0,26759.63,26759.63,1.0,5,0,0,0.0,150,0,1,1,0,RET001792,CUST01526
375,6,1,0.1667,1,26759.63,14835.52,0.3006,0,0,0,0,55000.0,55000.0,1.0,7,0,1,0.08,225,1,1,1,1,RET001793,CUST01526
177,7,1,0.1429,0,0.0,8549.99,0.0,0,0,0,0,2039.67,2039.67,1.0,6,1,1,0.1695,56,0,1,3,0,RET001794,CUST01527
184,7,2,0.2857,0,0.0,8549.99,0.0,0,1,1,0,14253.51,14253.51,1.0,9,0,1,0.3261,7,0,1,3,0,RET001795,CUST01527
225,9,3,0.3333,1,2039.67,10145.96,0.0223,1,0,0,0,502.35,502.35,1.0,1,0,2,0.4,41,0,1,3,0,RET001796,CUST01527
121,1,0,0.0,0,0.0,11051.39,0.0,0,0,0,0,11051.39,11051.39,1.0,12,0,0,0.0,121,0,1,3,0,RET001797,CUST01527
315,11,4,0.3636,2,2542.02,8617.34,0.0268,0,0,0,0,2581.84,2581.84,1.0,7,1,3,0.381,90,0,1,3,1,RET001798,CUST01527
418,6,0,0.0,0,0.0,6515.69,0.0,0,0,0,0,1005.77,451.87,0.4493,20,0,0,0.0,418,0,1,1,0,RET001799,CUST01528
306,6,0,0.0,0,0.0,4316.11,0.0,0,0,0,0,4490.95,2205.59,0.4911,11,0,0,0.0,306,0,1,1,0,RET001800,CUST01529
223,8,0,0.0,0,0.0,2591.06,0.0,0,0,0,0,2826.91,2826.91,1.0,7,0,0,0.0,223,0,1,1,0,RET001801,CUST01530
152,4,1,0.25,1,3219.08,8870.08,0.0907,1,0,0,0,1825.73,810.39,0.4439,25,0,1,0.1974,108,0,1,1,0,RET001802,CUST01531
44,1,0,0.0,0,0.0,7818.86,0.0,0,0,0,0,7818.86,3219.08,0.4117,20,0,0,0.0,44,0,1,1,0,RET001803,CUST01531
202,2,0,0.0,0,0.0,1196.53,0.0,0,0,0,0,915.22,915.22,1.0,6,0,0,0.0,202,0,1,1,0,RET001804,CUST01536
284,4,0,0.0,0,0.0,7012.0,0.0,0,0,0,0,10321.36,9450.55,0.9156,13,0,0,0.0,284,0,1,1,0,RET001805,CUST01541
121,2,0,0.0,0,0.0,2558.74,0.0,0,0,0,0,3488.62,3488.62,1.0,23,0,0,0.0,121,0,1,1,0,RET001806,CUST01543
172,6,0,0.0,0,0.0,7520.92,0.0,0,0,0,0,611.17,350.75,0.5739,6,0,0,0.0,172,0,1,1,0,RET001807,CUST01550
131,6,1,0.1667,0,0.0,4781.79,0.0,0,0,0,0,3193.37,2376.8,0.7443,13,0,1,0.229,48,0,5,1,0,RET001808,CUST01551
83,4,0,0.0,0,0.0,6253.54,0.0,1,0,0,0,18296.36,18296.36,1.0,26,0,0,0.0,83,1,5,1,0,RET001809,CUST01551
142,5,0,0.0,0,0.0,3731.88,0.0,0,0,0,0,3649.88,3649.88,1.0,29,0,0,0.0,142,0,1,1,0,RET001810,CUST01553
106,2,0,0.0,0,0.0,718.78,0.0,0,0,0,0,410.63,410.63,1.0,25,0,0,0.0,106,0,1,1,0,RET001811,CUST01554
61,14,6,0.4286,2,9281.11,6948.15,0.0954,0,3,6,2,9510.4,9510.4,1.0,8,3,4,2.9508,1,0,4,1,1,RET001812,CUST01555
57,13,4,0.3077,1,8301.87,7319.74,0.0872,0,2,4,1,979.24,979.24,1.0,11,0,3,2.1053,1,0,4,1,1,RET001813,CUST01555
48,9,1,0.1111,1,8301.87,7178.84,0.1285,0,0,1,1,22509.98,22509.98,1.0,4,0,1,0.625,17,1,4,1,0,RET001814,CUST01555
56,13,3,0.2308,1,8301.87,7319.74,0.0872,0,1,3,1,10400.05,10400.05,1.0,8,1,3,1.6071,3,0,4,1,1,RET001815,CUST01555
53,10,2,0.2,1,8301.87,7500.96,0.1107,0,1,2,1,9652.95,9652.95,1.0,12,0,2,1.1321,5,0,4,1,0,RET001816,CUST01555
60,14,5,0.3571,2,9281.11,6948.15,0.0954,0,3,5,2,7501.98,7501.98,1.0,7,2,4,2.5,3,0,4,1,1,RET001817,CUST01555
31,2,0,0.0,0,0.0,5916.59,0.0,0,0,0,0,8301.87,8301.87,1.0,10,0,0,0.0,31,0,4,1,0,RET001818,CUST01555
318,4,0,0.0,0,0.0,7753.68,0.0,0,0,0,0,2427.1,972.45,0.4007,29,0,0,0.0,318,0,1,1,0,RET001819,CUST01556
140,5,0,0.0,0,0.0,3188.45,0.0,0,0,0,0,6390.63,6390.63,1.0,12,0,0,0.0,140,1,1,1,0,RET001820,CUST01560
189,4,1,0.25,1,8000.0,5777.34,0.3462,0,0,1,1,313.13,163.39,0.5218,13,0,1,0.1587,23,0,1,1,1,RET001821,CUST01561
166,3,0,0.0,0,0.0,7598.75,0.0,0,0,0,0,8000.0,8000.0,1.0,3,0,0,0.0,166,0,1,1,0,RET001822,CUST01561
40,4,0,0.0,0,0.0,1722.2,0.0,0,0,0,0,725.6,725.6,1.0,26,0,0,0.0,40,0,1,1,0,RET001823,CUST01563
231,6,0,0.0,0,0.0,3234.0,0.0,0,0,0,0,1034.78,848.72,0.8202,27,0,0,0.0,231,0,1,1,0,RET001824,CUST01566
259,3,0,0.0,0,0.0,8777.11,0.0,0,0,0,0,234.6,234.6,1.0,17,0,0,0.0,259,0,1,1,0,RET001825,CUST01568
87,6,3,0.5,2,18455.45,9425.22,0.3263,0,0,2,1,18502.96,18502.96,1.0,9,1,3,1.0345,11,0,1,1,1,RET001826,CUST01569
76,4,2,0.5,1,8636.78,9246.19,0.2335,0,1,1,0,9818.67,9818.67,1.0,8,0,2,0.7895,6,0,1,1,0,RET001827,CUST01569
92,6,4,0.6667,2,18455.45,9425.22,0.3263,0,1,3,1,1063.59,497.07,0.4674,7,1,3,1.3043,5,0,1,1,1,RET001828,CUST01569
70,4,1,0.25,1,8636.78,9246.19,0.2335,0,0,0,0,1646.09,1646.09,1.0,10,0,1,0.4286,43,0,1,1,0,RET001829,CUST01569
27,1,0,0.0,0,0.0,8636.78,0.0,0,0,0,0,8636.78,8636.78,1.0,4,0,0,0.0,27,0,1,1,0,RET001830,CUST01569
106,5,0,0.0,0,0.0,3096.16,0.0,0,0,0,0,1055.84,486.21,0.4605,7,0,0,0.0,106,0,1,1,0,RET001831,CUST01572
271,1,0,0.0,0,0.0,6000.0,0.0,0,0,0,0,6000.0,6000.0,1.0,19,0,0,0.0,271,0,1,1,0,RET001832,CUST01574
35,7,2,0.2857,1,736.96,7443.93,0.0141,1,0,2,1,1136.48,875.8,0.7706,8,1,2,1.7143,15,0,1,3,0,RET001833,CUST01577
51,12,6,0.5,4,4610.16,5355.81,0.0717,0,1,4,4,1706.85,1706.85,1.0,4,0,4,3.5294,7,0,1,3,1,RET001834,CUST01577
43,9,4,0.4444,2,1612.76,6086.76,0.0294,0,1,4,2,3676.73,3676.73,1.0,9,0,3,2.7907,6,0,1,3,1,RET001835,CUST01577
37,8,3,0.375,1,736.96,6545.36,0.0141,1,1,3,1,1495.06,1495.06,1.0,6,0,2,2.4324,2,0,1,3,1,RET001836,CUST01577
53,12,7,0.5833,4,4610.16,5355.81,0.0717,0,1,5,4,3600.35,3600.35,1.0,10,3,5,3.9623,2,0,1,3,1,RET001837,CUST01577
20,2,1,0.5,0,0.0,10035.61,0.0,0,1,1,0,19334.26,14337.63,0.7416,14,0,1,1.5,4,0,1,3,0,RET001838,CUST01577
16,2,0,0.0,0,0.0,10035.61,0.0,0,0,0,0,736.96,736.96,1.0,3,0,0,0.0,16,0,1,3,0,RET001839,CUST01577
44,10,5,0.5,2,1612.76,5838.12,0.0276,1,2,5,2,2417.95,2417.95,1.0,7,2,4,3.4091,1,0,1,3,1,RET001840,CUST01577
79,4,0,0.0,0,0.0,3824.05,0.0,0,0,0,0,11021.07,11021.07,1.0,6,0,0,0.0,79,1,5,1,1,RET001841,CUST01580
23,5,1,0.2,0,0.0,1781.3,0.0,0,1,1,0,1694.6,1694.6,1.0,4,0,1,1.3043,7,0,1,1,0,RET001842,CUST01582
16,2,0,0.0,0,0.0,1288.1,0.0,0,0,0,0,1369.52,861.93,0.6294,8,0,0,0.0,16,0,1,1,0,RET001843,CUST01582
72,10,2,0.2,1,1694.6,3492.31,0.0485,0,0,0,0,1297.03,838.79,0.6467,7,1,2,0.8333,49,0,1,1,0,RET001844,CUST01582
407,9,0,0.0,0,0.0,5430.06,0.0,0,0,0,0,1315.87,1315.87,1.0,13,0,0,0.0,407,0,3,1,0,RET001845,CUST01583
9,3,0,0.0,0,0.0,7890.67,0.0,0,0,0,0,2991.29,2991.29,1.0,5,0,0,0.0,9,0,3,2,0,RET001846,CUST01584
18,4,1,0.25,0,0.0,6089.89,0.0,0,0,1,0,19032.35,8536.15,0.4485,12,0,1,1.6667,9,0,3,2,0,RET001847,CUST01584
35,7,2,0.2857,1,8536.15,5972.96,0.2042,0,0,2,1,1644.53,1644.53,1.0,7,0,2,1.7143,17,0,3,2,0,RET001848,CUST01584
79,12,4,0.3333,2,10180.68,4200.06,0.202,0,0,1,0,1823.95,1823.95,1.0,12,1,4,1.519,13,0,3,2,1,RET001849,CUST01584
66,10,3,0.3,2,10180.68,4776.76,0.2131,0,0,0,1,974.71,974.71,1.0,8,0,3,1.3636,31,0,3,2,0,RET001850,CUST01584
368,6,0,0.0,0,0.0,3686.06,0.0,0,0,0,0,2822.93,2822.93,1.0,17,0,0,0.0,368,0,1,1,0,RET001851,CUST01586
46,7,0,0.0,0,0.0,9860.88,0.0,0,0,0,0,1358.16,1046.81,0.7708,4,0,0,0.0,46,0,1,4,0,RET001852,CUST01588
48,8,1,0.125,0,0.0,8879.34,0.0,1,1,1,0,34884.7,34884.7,1.0,9,0,1,0.625,2,1,1,4,0,RET001853,CUST01588
80,9,3,0.3333,1,28874.89,11483.27,0.2794,0,0,1,1,32314.71,32314.71,1.0,14,1,3,1.125,23,1,1,4,1,RET001854,CUST01588
84,10,4,0.4,1,28874.89,10463.54,0.276,0,1,2,0,1285.95,821.04,0.6385,3,0,3,1.4286,4,0,1,4,1,RET001855,CUST01588
57,8,2,0.25,1,28874.89,8879.34,0.4065,0,0,2,1,2008.62,2008.62,1.0,10,0,2,1.0526,9,0,1,4,1,RET001856,CUST01588
360,2,0,0.0,0,0.0,647.1,0.0,0,0,0,0,458.96,263.18,0.5734,12,0,0,0.0,360,0,1,1,0,RET001857,CUST01590
132,2,0,0.0,0,0.0,3546.41,0.0,0,0,0,0,4599.88,4599.88,1.0,6,0,0,0.0,132,0,1,1,0,RET001858,CUST01592
35,17,1,0.0588,1,14113.86,4886.66,0.1699,0,0,1,1,1898.46,1898.46,1.0,7,0,1,0.8571,23,0,2,1,1,RET001859,CUST01593
12,7,0,0.0,0,0.0,3918.42,0.0,1,0,0,0,14113.86,14113.86,1.0,7,0,0,0.0,12,1,2,1,1,RET001860,CUST01593
209,5,0,0.0,0,0.0,16702.99,0.0,1,0,0,0,50125.43,27811.27,0.5548,7,0,0,0.0,209,0,1,1,0,RET001861,CUST01594
40,5,1,0.2,1,1592.69,12504.05,0.0255,0,0,1,1,14659.43,14659.43,1.0,6,0,1,0.75,16,0,1,1,0,RET001862,CUST01595
103,13,3,0.2308,2,16252.12,6850.47,0.1825,0,1,1,0,4079.44,4079.44,1.0,4,0,2,0.8738,6,0,1,1,1,RET001863,CUST01595
24,3,0,0.0,0,0.0,15268.48,0.0,3,0,0,0,1592.69,1592.69,1.0,1,0,0,0.0,24,0,1,1,0,RET001864,CUST01595
97,10,2,0.2,2,16252.12,8010.57,0.2029,0,0,0,0,712.33,663.21,0.931,9,1,2,0.6186,57,0,1,1,0,RET001865,CUST01595
127,15,4,0.2667,4,20994.77,6470.37,0.2163,0,0,2,2,5084.71,4507.9,0.8866,14,0,3,0.9449,24,0,1,1,0,RET001866,CUST01595
196,6,1,0.1667,1,13779.62,4832.25,0.4753,2,0,0,0,1379.52,1379.52,1.0,1,0,1,0.1531,43,0,1,4,1,RET001867,CUST01596
230,9,2,0.2222,2,15159.14,4270.59,0.3944,0,0,0,0,4773.07,4773.07,1.0,3,0,2,0.2609,34,0,1,4,1,RET001868,CUST01596
153,2,0,0.0,0,0.0,7396.33,0.0,0,0,0,0,13779.62,13779.62,1.0,14,0,0,0.0,153,0,1,4,0,RET001869,CUST01596
214,4,1,0.25,0,0.0,1461.43,0.0,0,0,0,0,616.64,616.64,1.0,26,0,1,0.1402,150,0,1,1,0,RET001870,CUST01600
64,1,0,0.0,0,0.0,856.58,0.0,0,0,0,0,856.58,856.58,1.0,15,0,0,0.0,64,0,1,1,1,RET001871,CUST01600
192,11,2,0.1818,0,0.0,12576.69,0.0,2,2,2,0,25908.28,25908.28,1.0,10,1,2,0.3125,2,1,1,1,0,RET001872,CUST01601
190,8,1,0.125,0,0.0,14839.84,0.0,1,1,1,0,17178.57,17178.57,1.0,6,0,1,0.1579,1,0,1,1,0,RET001873,CUST01601
189,7,0,0.0,0,0.0,14348.38,0.0,0,0,0,0,29663.73,29663.73,1.0,7,0,0,0.0,189,1,1,1,0,RET001874,CUST01601
202,11,4,0.3636,0,0.0,12576.69,0.0,0,0,4,0,422.38,422.38,1.0,12,2,2,0.5941,10,0,1,1,1,RET001875,CUST01601
192,11,2,0.1818,0,0.0,12576.69,0.0,2,2,2,0,6215.15,6215.15,1.0,8,1,2,0.3125,2,0,1,1,0,RET001876,CUST01601
274,14,5,0.3571,3,32490.94,11764.16,0.1973,0,0,0,0,3166.6,3166.6,1.0,2,0,2,0.5474,72,0,1,1,1,RET001877,CUST01601
37,5,1,0.2,0,0.0,9476.32,0.0,0,0,1,0,2218.62,2218.62,1.0,10,0,1,0.8108,15,0,1,1,0,RET001878,CUST01603
22,3,0,0.0,0,0.0,14890.89,0.0,1,0,0,0,1544.02,1544.02,1.0,2,0,0,0.0,22,0,1,1,0,RET001879,CUST01603
16,12,5,0.4167,0,0.0,8789.26,0.0,1,4,5,0,32158.12,32158.12,1.0,3,2,3,9.375,1,1,2,1,1,RET001880,CUST01605
12,7,1,0.1429,0,0.0,4213.6,0.0,1,0,1,0,2783.01,2783.01,1.0,6,0,1,2.5,8,0,2,1,0,RET001881,CUST01605
15,11,2,0.1818,0,0.0,7361.35,0.0,0,1,2,0,4150.27,4150.27,1.0,4,1,2,4.0,3,0,2,1,1,RET001882,CUST01605
35,17,7,0.4118,5,41780.94,9149.98,0.2686,0,1,6,5,27783.43,27783.43,1.0,14,0,3,6.0,6,1,2,1,1,RET001883,CUST01605
4,3,0,0.0,0,0.0,3688.04,0.0,0,0,0,0,2679.86,1359.59,0.5073,2,0,0,0.0,4,0,2,1,0,RET001884,CUST01605
15,11,2,0.1818,0,0.0,7361.35,0.0,0,1,2,0,10368.79,10368.79,1.0,7,0,2,4.0,3,0,2,1,1,RET001885,CUST01605
15,11,2,0.1818,0,0.0,7361.35,0.0,0,1,2,0,858.14,858.14,1.0,3,1,2,4.0,3,0,2,1,1,RET001886,CUST01605
29,17,6,0.3529,4,17284.63,9149.98,0.1111,0,0,6,4,24496.31,24496.31,1.0,14,3,3,6.2069,13,1,2,1,1,RET001887,CUST01605
115,1,0,0.0,0,0.0,1336.78,0.0,0,0,0,0,1336.78,739.47,0.5532,11,0,0,0.0,115,0,1,1,0,RET001888,CUST01607
61,7,1,0.1429,0,0.0,4307.95,0.0,0,0,0,0,5658.94,5658.94,1.0,13,0,1,0.4918,46,0,1,4,0,RET001889,CUST01608
15,3,0,0.0,0,0.0,2314.95,0.0,1,0,0,0,2815.16,2815.16,1.0,1,0,0,0.0,15,0,1,4,0,RET001890,CUST01608
104,4,0,0.0,0,0.0,1921.38,0.0,0,0,0,0,2933.45,2933.45,1.0,15,0,0,0.0,104,0,1,1,0,RET001891,CUST01619
413,6,0,0.0,0,0.0,5809.82,0.0,0,0,0,0,3154.6,3154.6,1.0,28,0,0,0.0,413,0,1,1,0,RET001892,CUST01620
322,2,0,0.0,0,0.0,12465.46,0.0,0,0,0,0,3051.63,3051.63,1.0,2,0,0,0.0,322,0,1,1,0,RET001893,CUST01621
332,4,0,0.0,0,0.0,3326.94,0.0,0,0,0,0,2549.51,2549.51,1.0,11,0,0,0.0,332,0,1,1,0,RET001894,CUST01623
268,1,0,0.0,0,0.0,1431.77,0.0,0,0,0,0,1431.77,976.84,0.6823,4,0,0,0.0,268,0,1,1,0,RET001895,CUST01624
386,4,1,0.25,1,976.84,2176.45,0.1122,0,0,0,0,1072.86,1072.86,1.0,23,0,1,0.0777,118,0,1,1,0,RET001896,CUST01624
503,6,2,0.3333,2,2049.7,2614.24,0.1307,0,0,0,0,1218.37,1218.37,1.0,5,1,2,0.1193,117,0,1,1,0,RET001897,CUST01624
127,3,0,0.0,0,0.0,6271.55,0.0,0,0,0,0,13506.39,9561.23,0.7079,7,0,0,0.0,127,0,1,1,0,RET001898,CUST01628
290,3,0,0.0,0,0.0,2619.81,0.0,0,0,0,0,6665.81,6665.81,1.0,7,0,0,0.0,290,1,1,1,0,RET001899,CUST01631
65,9,0,0.0,1,602.55,3434.57,0.0195,0,0,0,0,769.72,468.54,0.6087,18,0,0,0.0,65,0,1,1,0,RET001900,CUST01634
82,10,1,0.1,2,1071.09,6640.89,0.0161,0,0,1,1,35497.75,35497.75,1.0,6,0,1,0.3659,17,1,1,1,0,RET001901,CUST01634
91,2,0,0.0,0,0.0,12420.93,0.0,0,0,0,0,22628.51,22628.51,1.0,5,0,0,0.0,91,0,1,1,0,RET001902,CUST01635
120,4,1,0.25,1,2038.53,1859.89,0.274,0,0,0,0,2987.05,2987.05,1.0,2,0,1,0.25,44,0,1,4,1,RET001903,CUST01642
76,3,0,0.0,0,0.0,1484.17,0.0,0,0,0,0,2358.45,2038.53,0.8644,19,0,0,0.0,76,0,1,4,0,RET001904,CUST01642
177,6,0,0.0,0,0.0,2497.38,0.0,1,0,0,0,1318.88,1318.88,1.0,4,0,0,0.0,177,0,1,1,0,RET001905,CUST01643
308,5,0,0.0,0,0.0,5866.93,0.0,0,0,0,0,1141.66,1141.66,1.0,26,0,0,0.0,308,0,1,1,0,RET001906,CUST01645
349,5,0,0.0,0,0.0,1038.68,0.0,0,0,0,0,1545.9,1545.9,1.0,26,0,0,0.0,349,0,1,1,0,RET001907,CUST01648
497,6,0,0.0,0,0.0,7721.3,0.0,0,0,0,0,31054.25,22568.62,0.7267,8,0,0,0.0,497,1,1,1,0,RET001908,CUST01649
189,4,0,0.0,0,0.0,993.86,0.0,0,0,0,0,1179.09,1179.09,1.0,26,0,0,0.0,189,0,1,1,0,RET001909,CUST01655
378,4,0,0.0,0,0.0,5923.98,0.0,0,0,0,0,2104.64,2104.64,1.0,26,0,0,0.0,378,0,1,1,0,RET001910,CUST01656
76,5,1,0.2,0,0.0,15381.77,0.0,0,0,1,0,11935.38,11935.38,1.0,2,0,1,0.3947,22,0,5,1,0,RET001911,CUST01660
122,15,7,0.4667,4,45031.08,8930.27,0.3362,1,0,4,3,1411.63,664.44,0.4707,1,0,5,1.7213,11,0,5,1,1,RET001912,CUST01660
111,13,6,0.4615,3,42421.65,9941.9,0.3282,0,1,4,2,2181.86,2181.86,1.0,3,1,5,1.6216,5,0,5,1,1,RET001913,CUST01660
97,10,3,0.3,1,11935.38,12174.59,0.098,0,1,2,1,14248.2,14248.2,1.0,12,0,2,0.9278,7,0,5,1,1,RET001914,CUST01660
90,8,2,0.25,1,11935.38,12745.08,0.1171,1,0,1,1,441.27,441.27,1.0,1,1,2,0.6667,14,0,5,1,1,RET001915,CUST01660
106,11,5,0.4545,2,26183.58,11438.01,0.2081,0,1,4,2,16238.07,16238.07,1.0,13,0,4,1.4151,4,0,5,1,1,RET001916,CUST01660
102,11,4,0.3636,1,11935.38,11438.01,0.0949,0,1,3,1,3547.13,2609.43,0.7356,11,0,3,1.1765,5,0,5,1,1,RET001917,CUST01660
54,3,0,0.0,0,0.0,15401.56,0.0,0,0,0,0,1238.19,701.56,0.5666,5,0,0,0.0,54,0,5,1,0,RET001918,CUST01660
89,7,0,0.0,0,0.0,3473.23,0.0,0,0,0,0,1428.33,1428.33,1.0,22,0,0,0.0,89,0,1,1,0,RET001919,CUST01661
113,8,1,0.125,0,0.0,3105.59,0.0,0,0,1,0,532.06,532.06,1.0,20,0,1,0.2655,24,0,1,1,1,RET001920,CUST01661
354,4,1,0.25,1,1018.54,8824.53,0.0289,0,0,0,0,20203.09,20203.09,1.0,11,0,1,0.0847,54,1,1,1,0,RET001921,CUST01662
300,2,0,0.0,0,0.0,6840.9,0.0,0,0,0,0,1344.56,1018.54,0.7575,19,0,0,0.0,300,0,1,1,0,RET001922,CUST01662
355,8,0,0.0,0,0.0,2048.56,0.0,0,0,0,0,1883.19,834.44,0.4431,21,0,0,0.0,355,0,1,1,0,RET001923,CUST01664
78,10,2,0.2,1,1601.43,7686.18,0.0208,0,0,1,0,12231.53,12231.53,1.0,9,0,2,0.7692,24,0,5,1,0,RET001924,CUST01669
83,10,3,0.3,2,13832.96,7686.18,0.18,0,1,2,1,8963.38,7228.47,0.8064,7,1,3,1.0843,5,0,5,1,1,RET001925,CUST01669
54,7,1,0.1429,1,1601.43,4039.5,0.0566,1,0,0,0,1234.86,1234.86,1.0,10,0,1,0.5556,44,0,5,1,0,RET001926,CUST01669
103,11,4,0.3636,2,13832.96,8026.55,0.1567,1,0,2,1,11430.21,11430.21,1.0,1,1,3,1.165,20,0,5,1,1,RET001927,CUST01669
10,1,0,0.0,0,0.0,1601.43,0.0,0,0,0,0,1601.43,1601.43,1.0,2,0,0,0.0,10,0,5,1,0,RET001928,CUST01669
111,12,5,0.4167,3,25263.17,7906.45,0.2663,0,0,2,1,6585.41,6585.41,1.0,6,2,3,1.3514,8,0,5,1,1,RET001929,CUST01669
61,2,0,0.0,0,0.0,2876.94,0.0,0,0,0,0,3182.49,2466.03,0.7749,27,0,0,0.0,61,0,1,1,0,RET001930,CUST01672
302,2,0,0.0,0,0.0,3512.87,0.0,0,0,0,0,4896.1,1985.16,0.4055,17,0,0,0.0,302,0,1,1,0,RET001931,CUST01673
381,4,1,0.25,1,1985.16,2697.14,0.184,1,0,0,0,2687.97,2687.97,1.0,7,1,1,0.0787,79,0,1,1,0,RET001932,CUST01673
43,5,2,0.4,2,5533.69,4297.94,0.2575,0,1,1,1,12352.9,12352.9,1.0,4,0,2,1.3953,7,1,1,2,1,RET001933,CUST01674
2,1,0,0.0,0,0.0,3255.91,0.0,1,0,0,0,3255.91,3255.91,1.0,1,0,0,0.0,2,0,1,2,0,RET001934,CUST01674
95,9,3,0.3333,3,17886.59,8685.73,0.2288,1,0,0,0,26228.54,11906.04,0.4539,1,0,3,0.9474,52,0,1,2,0,RET001935,CUST01674
143,13,4,0.3077,4,26675.46,6671.4,0.3076,0,0,0,0,4207.15,4207.15,1.0,12,1,4,0.8392,48,0,1,2,1,RET001936,CUST01674
36,4,1,0.25,1,3255.91,2284.2,0.3564,1,0,0,1,2277.78,2277.78,1.0,1,0,1,0.8333,34,0,1,2,1,RET001937,CUST01674
178,17,5,0.2941,4,26675.46,5571.06,0.2817,1,0,0,0,696.09,696.09,1.0,14,1,4,0.8427,35,0,1,2,0,RET001938,CUST01674
24,1,0,0.0,0,0.0,1455.49,0.0,0,0,0,0,1455.49,1455.49,1.0,16,0,0,0.0,24,0,1,1,0,RET001939,CUST01677
168,4,0,0.0,0,0.0,9345.54,0.0,0,0,0,0,1227.53,1227.53,1.0,26,0,0,0.0,168,0,1,1,0,RET001940,CUST01681
224,5,0,0.0,0,0.0,2529.21,0.0,0,0,0,0,4391.61,4391.61,1.0,24,0,0,0.0,224,0,5,1,0,RET001941,CUST01683
172,2,0,0.0,0,0.0,2192.78,0.0,0,0,0,0,2445.56,2445.56,1.0,22,0,0,0.0,172,0,5,1,0,RET001942,CUST01685
313,3,0,0.0,0,0.0,17413.87,0.0,0,0,0,0,24124.14,24124.14,1.0,26,0,0,0.0,313,0,1,1,0,RET001943,CUST01689
213,6,0,0.0,0,0.0,3626.79,0.0,0,0,0,0,2027.83,2027.83,1.0,14,0,0,0.0,213,0,1,1,0,RET001944,CUST01693
104,6,1,0.1667,0,0.0,2001.8,0.0,0,1,1,0,2436.4,2436.4,1.0,14,0,1,0.2885,4,0,1,1,0,RET001945,CUST01695
163,7,2,0.2857,2,5667.36,4750.62,0.1704,0,0,0,0,21243.52,21243.52,1.0,12,0,2,0.3681,59,1,1,1,0,RET001946,CUST01695
100,6,0,0.0,0,0.0,2001.8,0.0,0,0,0,0,3230.96,3230.96,1.0,23,0,0,0.0,100,0,1,1,0,RET001947,CUST01695
56,9,1,0.1111,1,620.96,7043.58,0.0098,0,0,0,1,1102.32,1102.32,1.0,6,0,1,0.5357,34,0,5,1,0,RET001948,CUST01696
22,2,0,0.0,0,0.0,886.53,0.0,0,0,0,0,953.47,953.47,1.0,6,0,0,0.0,22,0,5,1,0,RET001949,CUST01696
279,5,0,0.0,0,0.0,933.57,0.0,0,0,0,0,219.07,219.07,1.0,27,0,0,0.0,279,0,1,1,0,RET001950,CUST01705
64,10,3,0.3,2,35259.28,14555.54,0.2422,0,1,2,2,6547.2,6547.2,1.0,3,0,2,1.4062,4,0,4,1,1,RET001951,CUST01710
78,17,6,0.3529,3,41806.48,9866.36,0.2493,1,2,4,2,10494.35,10494.35,1.0,8,1,4,2.3077,4,0,4,1,1,RET001952,CUST01710
74,16,5,0.3125,3,41806.48,10411.58,0.251,0,1,3,2,2063.12,2063.12,1.0,3,2,4,2.027,1,0,4,1,1,RET001953,CUST01710
73,16,4,0.25,3,41806.48,10411.58,0.251,0,0,2,3,1961.45,1961.45,1.0,13,0,3,1.6438,9,0,4,1,1,RET001954,CUST01710
16,2,0,0.0,0,0.0,13011.15,0.0,0,0,0,0,6000.0,6000.0,1.0,4,0,0,0.0,16,0,4,1,0,RET001955,CUST01710
60,8,2,0.25,1,16045.58,17130.85,0.1171,0,0,1,1,19213.7,19213.7,1.0,14,1,2,1.0,19,0,4,1,1,RET001956,CUST01710
41,6,1,0.1667,0,0.0,19277.07,0.0,0,0,1,0,16045.58,16045.58,1.0,12,0,1,0.7317,25,0,4,1,0,RET001957,CUST01710
444,7,0,0.0,0,0.0,2339.75,0.0,0,0,0,0,3813.31,3813.31,1.0,30,0,0,0.0,444,0,1,1,0,RET001958,CUST01711
90,3,0,0.0,0,0.0,1183.52,0.0,0,0,0,0,1469.93,1469.93,1.0,13,0,0,0.0,90,0,1,1,0,RET001959,CUST01716
46,3,0,0.0,0,0.0,2095.34,0.0,0,0,0,0,2661.67,2661.67,1.0,3,0,0,0.0,46,0,1,1,0,RET001960,CUST01717
25,11,1,0.0909,1,2845.78,3650.55,0.0709,0,0,1,1,2685.16,2685.16,1.0,3,0,1,1.2,17,0,5,4,1,RET001961,CUST01718
25,11,1,0.0909,1,2845.78,3650.55,0.0709,0,0,1,1,7068.7,7068.7,1.0,2,0,1,1.2,17,0,5,4,1,RET001962,CUST01718
38,18,4,0.2222,3,16273.73,4850.47,0.1864,1,0,4,3,1900.86,1900.86,1.0,8,1,4,3.1579,12,0,5,4,1,RET001963,CUST01718
26,12,3,0.25,1,2845.78,4261.36,0.0557,1,2,3,1,10742.79,10742.79,1.0,12,0,3,3.4615,1,1,5,4,1,RET001964,CUST01718
46,20,6,0.3,4,17337.08,5183.65,0.1672,0,1,5,3,1190.91,1190.91,1.0,11,0,4,3.913,7,0,5,4,1,RET001965,CUST01718
39,20,5,0.25,3,16273.73,5183.65,0.157,2,1,4,3,1872.48,1872.48,1.0,7,1,4,3.8462,1,0,5,4,1,RET001966,CUST01718
8,3,0,0.0,0,0.0,4153.43,0.0,0,0,0,0,2845.78,2845.78,1.0,6,0,0,0.0,8,0,5,4,0,RET001967,CUST01718
56,11,3,0.2727,3,36734.27,7808.65,0.4277,0,0,2,2,1579.52,1437.57,0.9101,8,0,3,1.6071,15,0,5,2,1,RET001968,CUST01720
33,8,1,0.125,1,1111.68,8368.92,0.0166,0,0,1,1,35311.55,35311.55,1.0,13,0,1,0.9091,22,1,5,2,0,RET001969,CUST01720
41,10,2,0.2,2,36423.23,8431.56,0.432,0,0,2,2,311.04,311.04,1.0,11,0,2,1.4634,8,0,5,2,1,RET001970,CUST01720
11,3,0,0.0,0,0.0,2630.95,0.0,0,0,0,0,1111.68,1111.68,1.0,4,0,0,0.0,11,0,5,2,0,RET001971,CUST01720
84,17,4,0.2353,3,36734.27,8257.3,0.2617,1,0,1,0,20767.31,20767.31,1.0,4,1,4,1.4286,28,1,5,2,1,RET001972,CUST01720
190,2,0,0.0,0,0.0,10826.03,0.0,0,0,0,0,2612.05,2612.05,1.0,15,0,0,0.0,190,0,1,1,0,RET001973,CUST01721
146,3,0,0.0,0,0.0,1302.05,0.0,0,0,0,0,1687.84,1687.84,1.0,9,0,0,0.0,146,0,1,1,0,RET001974,CUST01722
304,7,1,0.1429,0,0.0,2175.65,0.0,0,0,0,0,3601.75,3601.75,1.0,3,0,1,0.0987,158,0,1,1,0,RET001975,CUST01722
327,8,2,0.25,1,3601.75,1952.99,0.2305,0,0,1,1,394.4,394.4,1.0,17,0,2,0.1835,23,0,1,1,0,RET001976,CUST01722
89,2,0,0.0,0,0.0,2346.94,0.0,0,0,0,0,921.51,921.51,1.0,22,0,0,0.0,89,0,1,1,0,RET001977,CUST01727
64,9,2,0.2222,2,23419.79,5546.26,0.4692,0,0,2,2,2084.99,2084.99,1.0,7,0,2,0.9375,16,0,1,1,1,RET001978,CUST01728
48,6,1,0.1667,0,0.0,7269.28,0.0,0,1,1,0,21911.01,21911.01,1.0,4,0,1,0.625,3,1,1,1,0,RET001979,CUST01728
45,6,0,0.0,0,0.0,7269.28,0.0,1,0,0,0,1508.78,1508.78,1.0,10,0,0,0.0,45,0,1,1,0,RET001980,CUST01728
28,11,5,0.4545,1,6850.32,3977.53,0.1566,0,2,5,1,6678.62,6678.62,1.0,7,0,3,5.3571,1,0,1,3,1,RET001981,CUST01730
24,11,3,0.2727,1,6850.32,3977.53,0.1566,2,2,3,1,2281.27,2281.27,1.0,1,0,1,3.75,4,0,1,3,1,RET001982,CUST01730
19,7,1,0.1429,1,6850.32,4513.47,0.2168,0,1,1,1,7833.89,7833.89,1.0,4,1,1,1.5789,7,0,1,3,0,RET001983,CUST01730
20,7,2,0.2857,1,6850.32,4513.47,0.2168,0,1,2,1,634.36,634.36,1.0,3,2,1,3.0,1,0,1,3,0,RET001984,CUST01730
51,13,8,0.6154,1,6850.32,3599.92,0.1464,0,1,5,0,896.71,896.71,1.0,8,1,5,4.7059,7,0,1,3,1,RET001985,CUST01730
28,11,5,0.4545,1,6850.32,3977.53,0.1566,0,2,5,1,1298.75,1298.75,1.0,5,0,3,5.3571,1,0,1,3,1,RET001986,CUST01730
44,13,7,0.5385,1,6850.32,3599.92,0.1464,1,0,6,1,2149.43,2149.43,1.0,14,1,5,4.7727,16,0,1,3,1,RET001987,CUST01730
12,1,0,0.0,0,0.0,6850.32,0.0,0,0,0,0,6850.32,6850.32,1.0,11,0,0,0.0,12,0,1,3,0,RET001988,CUST01730
27,11,4,0.3636,1,6850.32,3977.53,0.1566,0,2,4,1,930.66,809.59,0.8699,12,0,2,4.4444,3,0,1,3,1,RET001989,CUST01730
230,4,1,0.25,0,0.0,10433.23,0.0,0,0,0,0,4123.05,4123.05,1.0,16,1,1,0.1304,47,0,1,1,0,RET001990,CUST01732
183,3,0,0.0,0,0.0,12536.63,0.0,0,0,0,0,1557.37,935.41,0.6006,23,0,0,0.0,183,0,1,1,0,RET001991,CUST01732
298,12,4,0.3333,2,6086.91,4651.13,0.1091,0,0,0,0,1246.78,581.47,0.4664,12,1,4,0.4027,61,0,5,1,1,RET001992,CUST01734
171,4,1,0.25,1,5018.89,3458.03,0.3628,0,1,1,1,1068.02,1068.02,1.0,12,0,1,0.1754,5,0,5,1,1,RET001993,CUST01734
166,4,0,0.0,0,0.0,3458.03,0.0,1,0,0,0,5018.89,5018.89,1.0,1,0,0,0.0,166,0,5,1,0,RET001994,CUST01734
237,9,3,0.3333,2,6086.91,5599.68,0.1208,0,0,0,0,3066.84,1283.01,0.4183,5,0,3,0.3797,40,0,5,1,1,RET001995,CUST01734
197,5,2,0.4,2,6086.91,5210.23,0.2337,0,0,1,2,12219.01,12219.01,1.0,9,0,2,0.3046,26,1,5,1,1,RET001996,CUST01734
264,5,0,0.0,0,0.0,8616.54,0.0,0,0,0,0,4008.86,3178.58,0.7929,18,0,0,0.0,264,0,1,1,0,RET001997,CUST01736
42,1,0,0.0,0,0.0,17856.28,0.0,0,0,0,0,17856.28,17856.28,1.0,2,0,0,0.0,42,0,1,1,0,RET001998,CUST01737
362,3,0,0.0,0,0.0,5943.16,0.0,0,0,0,0,16387.49,16387.49,1.0,7,0,0,0.0,362,1,1,1,0,RET001999,CUST01738
286,1,0,0.0,0,0.0,958.1,0.0,0,0,0,0,958.1,958.1,1.0,4,0,0,0.0,286,0,1,1,0,RET002000,CUST01742
358,4,1,0.25,0,0.0,15532.57,0.0,0,0,0,0,25862.82,25862.82,1.0,9,0,1,0.0838,72,0,1,1,0,RET002001,CUST01742
202,9,0,0.0,0,0.0,6351.61,0.0,0,0,0,0,7754.23,7754.23,1.0,4,0,0,0.0,202,0,4,1,0,RET002002,CUST01751
296,15,3,0.2,3,6957.01,5025.28,0.0923,0,1,1,1,2579.61,2579.61,1.0,14,1,3,0.3041,7,0,4,1,0,RET002003,CUST01751
289,15,2,0.1333,2,5584.06,5025.28,0.0741,0,0,0,0,2128.99,1372.95,0.6449,14,0,2,0.2076,75,0,4,1,0,RET002004,CUST01751
214,11,1,0.0909,1,4136.76,5422.12,0.0694,0,0,1,1,1447.3,1447.3,1.0,11,0,1,0.1402,12,0,4,1,0,RET002005,CUST01751
110,11,4,0.3636,2,25379.55,5871.94,0.3929,0,3,4,2,952.55,952.55,1.0,2,2,3,1.0909,1,0,1,4,1,RET002006,CUST01752
104,9,1,0.1111,1,920.84,6801.63,0.015,0,0,1,1,24458.71,24458.71,1.0,3,0,1,0.2885,10,1,1,4,0,RET002007,CUST01752
106,9,2,0.2222,2,25379.55,6801.63,0.4146,0,1,2,2,1002.36,1002.36,1.0,6,0,2,0.566,2,0,1,4,1,RET002008,CUST01752
114,11,5,0.4545,3,27530.68,5871.94,0.4262,0,2,5,3,12730.85,10340.14,0.8122,14,0,3,1.3158,4,0,1,4,1,RET002009,CUST01752
109,11,3,0.2727,2,25379.55,5871.94,0.3929,2,2,3,2,2151.13,2151.13,1.0,10,1,3,0.8257,3,0,1,4,1,RET002010,CUST01752
94,4,0,0.0,0,0.0,3786.42,0.0,0,0,0,0,971.86,920.84,0.9475,12,0,0,0.0,94,0,1,4,0,RET002011,CUST01752
144,12,6,0.5,5,38823.37,6269.98,0.516,0,0,1,2,10648.41,10648.41,1.0,6,3,4,1.25,30,0,1,4,1,RET002012,CUST01752
86,1,0,0.0,0,0.0,3963.1,0.0,0,0,0,0,3963.1,3963.1,1.0,19,0,0,0.0,86,0,1,1,0,RET002013,CUST01753
374,5,0,0.0,0,0.0,3779.21,0.0,0,0,0,0,8253.18,8253.18,1.0,26,0,0,0.0,374,1,1,1,0,RET002014,CUST01754
366,2,0,0.0,0,0.0,3879.55,0.0,0,0,0,0,3717.23,3717.23,1.0,8,0,0,0.0,366,0,1,1,0,RET002015,CUST01758
79,14,4,0.2857,2,23862.42,9522.95,0.179,0,0,1,1,1338.27,1338.27,1.0,8,1,3,1.519,12,0,5,3,1,RET002016,CUST01762
67,13,3,0.2308,1,798.37,10152.54,0.006,0,0,1,1,24306.19,24306.19,1.0,13,0,2,1.3433,24,1,5,3,1,RET002017,CUST01762
18,3,0,0.0,0,0.0,8321.91,0.0,0,0,0,0,11045.55,9444.26,0.855,4,0,0,0.0,18,0,5,3,0,RET002018,CUST01762
32,5,1,0.2,0,0.0,8032.26,0.0,0,0,1,0,798.37,798.37,1.0,13,0,1,0.9375,14,0,5,3,0,RET002019,CUST01762
43,7,2,0.2857,1,798.37,8568.18,0.0133,0,0,2,1,3574.49,3574.49,1.0,2,1,2,1.3953,11,0,5,3,1,RET002020,CUST01762
10,13,4,0.3077,2,2603.12,2343.63,0.0854,3,3,4,2,2108.84,2108.84,1.0,1,0,3,12.0,1,0,1,4,1,RET002021,CUST01765
13,17,5,0.2941,3,7424.8,3295.61,0.1325,0,3,5,3,1920.14,1920.14,1.0,12,1,4,11.5385,3,0,1,4,1,RET002022,CUST01765
5,7,1,0.1429,1,1495.94,2405.02,0.0889,3,1,1,1,2647.6,2647.6,1.0,1,1,1,6.0,4,0,1,4,0,RET002023,CUST01765
1,1,0,0.0,0,0.0,1495.94,0.0,1,0,0,0,1495.94,1495.94,1.0,1,0,0,0.0,1,0,1,4,0,RET002024,CUST01765
14,18,6,0.3333,4,10072.4,3133.12,0.1786,1,3,6,4,1966.01,1966.01,1.0,5,2,4,12.8571,1,0,1,4,1,RET002025,CUST01765
14,18,6,0.3333,4,10072.4,3133.12,0.1786,1,3,6,4,1432.01,1432.01,1.0,3,0,4,12.8571,1,0,1,4,1,RET002026,CUST01765
9,10,3,0.3,1,1495.94,2500.61,0.0598,0,2,3,1,4821.68,4821.68,1.0,3,0,2,10.0,3,0,1,4,1,RET002027,CUST01765
18,18,8,0.4444,5,11393.27,3133.12,0.202,0,3,8,5,370.78,370.78,1.0,5,3,5,13.3333,4,0,1,4,1,RET002028,CUST01765
21,18,9,0.5,5,11393.27,3133.12,0.202,0,3,9,5,2905.18,1971.68,0.6787,11,1,5,12.8571,3,0,1,4,1,RET002029,CUST01765
6,7,2,0.2857,1,1495.94,2405.02,0.0889,0,2,2,1,1600.62,1600.62,1.0,5,0,1,10.0,1,0,1,4,0,RET002030,CUST01765
21,18,9,0.5,5,11393.27,3133.12,0.202,0,3,9,5,1386.25,1386.25,1.0,12,0,5,12.8571,3,0,1,4,1,RET002031,CUST01765
41,7,2,0.2857,1,12374.05,7778.82,0.2272,0,1,2,1,3161.87,3161.87,1.0,4,1,2,1.4634,2,0,3,1,0,RET002032,CUST01766
83,14,3,0.2143,1,12374.05,7270.81,0.1216,0,0,0,0,1292.74,1292.74,1.0,8,0,2,1.0843,42,0,3,1,1,RET002033,CUST01766
19,2,0,0.0,0,0.0,9329.09,0.0,0,0,0,0,16708.41,16708.41,1.0,9,0,0,0.0,19,0,3,1,0,RET002034,CUST01766
39,7,1,0.1429,1,12374.05,7778.82,0.2272,0,0,1,1,19622.14,19622.14,1.0,4,0,1,0.7692,20,1,3,1,0,RET002035,CUST01766
15,2,0,0.0,0,0.0,4355.44,0.0,0,0,0,0,5477.12,5477.12,1.0,10,0,0,0.0,15,0,5,1,0,RET002036,CUST01769
43,5,2,0.4,0,0.0,3392.8,0.0,0,1,2,0,4643.91,2086.06,0.4492,4,1,2,1.3953,6,0,5,1,1,RET002037,CUST01769
99,8,4,0.5,2,12129.57,3761.48,0.4031,0,0,1,1,1674.42,1674.42,1.0,12,1,3,1.2121,21,0,5,1,1,RET002038,CUST01769
78,7,3,0.4286,1,2167.84,4059.64,0.0763,0,0,0,1,9961.73,9961.73,1.0,2,0,2,1.1538,35,1,5,1,1,RET002039,CUST01769
37,4,1,0.25,0,0.0,3080.03,0.0,0,0,1,0,2825.81,2167.84,0.7672,13,0,1,0.8108,22,0,5,1,1,RET002040,CUST01769
267,7,0,0.0,0,0.0,5777.85,0.0,0,0,0,0,3198.47,3198.47,1.0,3,0,0,0.0,267,0,1,1,0,RET002041,CUST01770
31,4,0,0.0,0,0.0,1533.54,0.0,0,0,0,0,2053.59,2053.59,1.0,5,0,0,0.0,31,0,1,1,0,RET002042,CUST01771
226,3,0,0.0,0,0.0,3056.96,0.0,0,0,0,0,1651.83,1651.83,1.0,13,0,0,0.0,226,0,3,1,0,RET002043,CUST01772
370,12,2,0.1667,2,8199.82,5300.22,0.1289,0,0,0,0,2868.9,2868.9,1.0,24,1,2,0.1622,84,0,3,1,0,RET002044,CUST01772
286,6,1,0.1667,1,1651.83,5240.19,0.0525,0,0,0,0,6547.99,6547.99,1.0,29,0,1,0.1049,60,0,3,1,0,RET002045,CUST01772
306,1,0,0.0,0,0.0,1071.09,0.0,0,0,0,0,1071.09,1071.09,1.0,17,0,0,0.0,306,0,1,1,0,RET002046,CUST01773
13,12,3,0.25,1,3308.48,6806.77,0.0405,0,2,3,1,1060.86,1060.86,1.0,8,0,3,6.9231,2,0,1,3,1,RET002047,CUST01776
14,12,4,0.3333,1,3308.48,6806.77,0.0405,0,3,4,1,10452.51,10452.51,1.0,10,0,4,8.5714,1,0,1,3,1,RET002048,CUST01776
10,11,1,0.0909,0,0.0,7151.96,0.0,1,0,1,0,1021.32,1021.32,1.0,2,0,1,3.0,8,0,1,3,1,RET002049,CUST01776
2,2,0,0.0,0,0.0,2238.81,0.0,2,0,0,0,3919.88,3919.88,1.0,1,0,0,0.0,2,0,1,3,0,RET002050,CUST01776
11,11,2,0.1818,0,0.0,7151.96,0.0,0,1,2,0,737.14,545.18,0.7396,9,0,2,5.4545,1,0,1,3,1,RET002051,CUST01776
409,2,0,0.0,0,0.0,9737.68,0.0,0,0,0,0,18829.78,15157.61,0.805,4,0,0,0.0,409,0,1,1,0,RET002052,CUST01778
73,1,0,0.0,0,0.0,4167.29,0.0,0,0,0,0,4167.29,4167.29,1.0,17,0,0,0.0,73,0,1,1,0,RET002053,CUST01780
253,10,1,0.1,0,0.0,10555.6,0.0,0,0,0,0,1554.59,1554.59,1.0,5,0,1,0.1186,60,0,1,4,0,RET002054,CUST01783
193,4,0,0.0,0,0.0,7289.8,0.0,0,0,0,0,2258.17,2258.17,1.0,6,0,0,0.0,193,0,1,4,0,RET002055,CUST01783
44,2,0,0.0,0,0.0,640.15,0.0,0,0,0,0,1155.85,1155.85,1.0,3,0,0,0.0,44,0,1,1,0,RET002056,CUST01784
325,2,0,0.0,0,0.0,4600.93,0.0,0,0,0,0,8000.0,8000.0,1.0,26,0,0,0.0,325,0,1,1,0,RET002057,CUST01786
78,5,0,0.0,0,0.0,6700.4,0.0,1,0,0,0,4421.08,4421.08,1.0,16,0,0,0.0,78,0,1,1,0,RET002058,CUST01789
55,9,1,0.1111,0,0.0,4111.44,0.0,0,1,1,0,2142.58,2142.58,1.0,9,1,1,0.5455,2,0,5,1,0,RET002059,CUST01791
55,9,1,0.1111,0,0.0,4111.44,0.0,0,1,1,0,1079.87,1079.87,1.0,12,1,1,0.5455,2,0,5,1,0,RET002060,CUST01791
53,8,0,0.0,0,0.0,2890.32,0.0,0,0,0,0,5489.87,4256.65,0.7754,7,0,0,0.0,53,0,5,1,0,RET002061,CUST01791
80,13,4,0.3077,2,6399.23,5433.55,0.0906,0,0,4,2,500.86,391.52,0.7817,11,0,2,1.5,8,0,5,1,1,RET002062,CUST01791
72,12,3,0.25,2,6399.23,3469.36,0.1537,0,0,3,2,3473.24,3473.24,1.0,12,0,1,1.25,17,0,5,1,1,RET002063,CUST01791
79,2,0,0.0,0,0.0,3091.7,0.0,0,0,0,0,3303.55,3303.55,1.0,6,0,0,0.0,79,0,1,1,0,RET002064,CUST01794
178,5,1,0.2,1,3303.55,4445.22,0.1486,0,0,0,0,12565.07,12565.07,1.0,14,0,1,0.1685,99,1,1,1,0,RET002065,CUST01794
336,2,0,0.0,0,0.0,17235.22,0.0,0,0,0,0,28470.44,28470.44,1.0,2,0,0,0.0,336,0,1,1,0,RET002066,CUST01795
228,4,0,0.0,0,0.0,1715.16,0.0,0,0,0,0,1537.75,1537.75,1.0,10,0,0,0.0,228,0,1,1,0,RET002067,CUST01796
340,6,0,0.0,0,0.0,7015.54,0.0,0,0,0,0,1362.39,992.14,0.7282,13,0,0,0.0,340,0,1,1,0,RET002068,CUST01798
125,3,0,0.0,0,0.0,589.31,0.0,0,0,0,0,330.34,330.34,1.0,24,0,0,0.0,125,0,1,1,0,RET002069,CUST01801
457,7,0,0.0,0,0.0,6747.87,0.0,0,0,0,0,2089.24,2089.24,1.0,9,0,0,0.0,457,0,1,4,0,RET002070,CUST01803
199,9,1,0.1111,0,0.0,11594.76,0.0,0,1,1,0,30723.87,30723.87,1.0,28,0,1,0.1508,6,1,1,1,0,RET002071,CUST01804
193,9,0,0.0,0,0.0,11594.76,0.0,0,0,0,0,7709.36,4550.49,0.5903,25,0,0,0.0,193,0,1,1,0,RET002072,CUST01804
119,6,0,0.0,0,0.0,7866.56,0.0,0,0,0,0,23535.19,23535.19,1.0,14,0,0,0.0,119,1,1,1,1,RET002073,CUST01807
169,13,2,0.1538,1,3062.28,9136.77,0.0258,0,0,1,0,2410.15,2410.15,1.0,8,0,2,0.355,19,0,1,1,0,RET002074,CUST01811
192,16,5,0.3125,3,19060.16,10508.11,0.1134,0,0,3,2,756.26,756.26,1.0,13,1,4,0.7812,16,0,1,1,0,RET002075,CUST01811
176,14,4,0.2857,2,4826.29,11750.39,0.0293,0,2,3,1,45727.45,45727.45,1.0,3,0,3,0.6818,5,1,1,1,1,RET002076,CUST01811
171,13,3,0.2308,2,4826.29,9136.77,0.0406,0,1,2,1,34609.46,14233.87,0.4113,12,1,3,0.5263,2,0,1,1,0,RET002077,CUST01811
82,5,0,0.0,0,0.0,6423.14,0.0,0,0,0,0,3062.28,3062.28,1.0,13,0,0,0.0,82,0,1,1,0,RET002078,CUST01811
150,8,1,0.125,1,3062.28,4894.54,0.0782,0,0,0,0,2396.5,2396.5,1.0,6,0,1,0.2,68,0,1,1,0,RET002079,CUST01811
140,6,0,0.0,0,0.0,1986.91,0.0,0,0,0,0,1873.16,1873.16,1.0,10,0,0,0.0,140,0,1,1,0,RET002080,CUST01812
70,8,0,0.0,0,0.0,2898.63,0.0,0,0,0,0,831.34,831.34,1.0,2,0,0,0.0,70,0,1,1,0,RET002081,CUST01814
86,13,2,0.1538,1,831.34,7559.61,0.0085,0,1,2,1,5017.8,5017.8,1.0,2,1,2,0.6977,2,0,1,1,1,RET002082,CUST01814
90,14,3,0.2143,2,5849.14,8957.23,0.0466,1,2,3,2,23177.35,23177.35,1.0,7,2,2,1.0,4,1,1,1,1,RET002083,CUST01814
84,12,1,0.0833,1,831.34,7771.43,0.0089,1,0,1,1,20926.77,20926.77,1.0,13,0,1,0.3571,14,1,1,1,1,RET002084,CUST01814
53,3,0,0.0,0,0.0,3210.43,0.0,0,0,0,0,3319.76,3319.76,1.0,10,0,0,0.0,53,0,1,1,0,RET002085,CUST01815
23,5,2,0.4,1,1171.04,5685.64,0.0412,0,0,2,1,2477.9,2161.6,0.8724,12,0,2,2.6087,9,0,5,1,1,RET002086,CUST01817
14,4,1,0.25,0,0.0,6335.76,0.0,0,1,1,0,19037.03,9257.28,0.4863,5,0,1,2.1429,2,0,5,1,1,RET002087,CUST01817
12,4,0,0.0,0,0.0,6335.76,0.0,2,0,0,0,1171.04,1171.04,1.0,6,0,0,0.0,12,0,5,1,0,RET002088,CUST01817
93,5,0,0.0,0,0.0,7602.07,0.0,0,0,0,0,1176.71,1176.71,1.0,9,0,0,0.0,93,0,1,1,0,RET002089,CUST01818
27,3,0,0.0,0,0.0,1525.69,0.0,1,0,0,0,1121.66,1121.66,1.0,9,0,0,0.0,27,0,1,1,0,RET002090,CUST01819
115,7,1,0.1429,1,1121.66,1434.02,0.1117,0,0,0,0,1096.8,812.53,0.7408,6,0,1,0.2609,88,0,1,1,0,RET002091,CUST01819
161,2,0,0.0,0,0.0,2611.62,0.0,0,0,0,0,3594.44,3594.44,1.0,3,0,0,0.0,161,0,1,1,0,RET002092,CUST01823
194,10,1,0.1,1,2723.94,4387.25,0.0621,0,0,0,0,858.28,858.28,1.0,12,0,1,0.1546,110,0,1,1,0,RET002093,CUST01825
219,12,3,0.25,3,8330.8,4694.51,0.1479,0,0,2,2,2692.6,2692.6,1.0,16,0,2,0.411,23,0,1,1,0,RET002094,CUST01825
196,10,2,0.2,1,2723.94,4387.25,0.0621,0,1,1,0,4944.02,4944.02,1.0,9,1,2,0.3061,2,0,1,1,0,RET002095,CUST01825
84,4,0,0.0,0,0.0,1515.3,0.0,0,0,0,0,2723.94,2723.94,1.0,25,0,0,0.0,84,0,1,1,0,RET002096,CUST01825
19,2,0,0.0,0,0.0,11566.53,0.0,0,0,0,0,7220.38,7220.38,1.0,4,0,0,0.0,19,0,4,1,0,RET002097,CUST01828
122,11,3,0.2727,1,7220.38,4334.24,0.1514,0,0,0,0,2330.96,2330.96,1.0,3,0,3,0.7377,31,0,4,1,1,RET002098,CUST01828
29,3,1,0.3333,1,7220.38,8849.97,0.272,0,0,1,1,3416.85,3416.85,1.0,8,0,1,1.0345,10,0,4,1,1,RET002099,CUST01828
91,7,2,0.2857,1,7220.38,5597.02,0.1843,0,0,0,0,5732.27,5732.27,1.0,2,0,2,0.6593,62,0,4,1,1,RET002100,CUST01828
255,6,0,0.0,0,0.0,3558.78,0.0,0,0,0,0,1083.1,1083.1,1.0,22,0,0,0.0,255,0,1,1,0,RET002101,CUST01831
293,10,1,0.1,1,422.6,2580.29,0.0164,0,0,0,0,5433.11,5433.11,1.0,27,0,1,0.1024,149,1,1,1,0,RET002102,CUST01833
144,3,0,0.0,0,0.0,836.02,0.0,0,0,0,0,488.15,488.15,1.0,2,0,0,0.0,144,0,1,1,0,RET002103,CUST01833
323,11,2,0.1818,2,5547.19,2400.31,0.2101,0,0,1,1,600.57,600.57,1.0,29,0,2,0.1858,30,0,1,1,0,RET002104,CUST01833
164,3,0,0.0,0,0.0,1118.05,0.0,0,0,0,0,1234.78,1234.78,1.0,7,0,0,0.0,164,0,1,1,1,RET002105,CUST01834
75,3,0,0.0,0,0.0,4797.89,0.0,0,0,0,0,9430.6,9430.6,1.0,2,0,0,0.0,75,0,1,1,0,RET002106,CUST01843
11,5,0,0.0,0,0.0,6130.37,0.0,0,0,0,0,1550.85,1550.85,1.0,6,0,0,0.0,11,0,1,2,0,RET002107,CUST01844
23,13,1,0.0769,1,1550.85,6023.52,0.0198,2,0,1,1,2094.36,2094.36,1.0,8,0,1,1.3043,12,0,1,2,1,RET002108,CUST01844
25,14,2,0.1429,1,1550.85,5742.06,0.0193,0,1,2,1,15985.94,15985.94,1.0,4,0,2,2.4,2,1,1,2,1,RET002109,CUST01844
328,8,0,0.0,0,0.0,2898.5,0.0,0,0,0,0,1592.58,1592.58,1.0,21,0,0,0.0,328,0,1,1,0,RET002110,CUST01845
16,7,1,0.1429,0,0.0,9416.13,0.0,1,1,1,0,1669.7,785.05,0.4702,4,1,1,1.875,4,0,5,4,0,RET002111,CUST01847
22,8,3,0.375,0,0.0,8608.44,0.0,0,2,3,0,2749.06,1370.41,0.4985,11,1,2,4.0909,3,0,5,4,1,RET002112,CUST01847
12,5,0,0.0,0,0.0,12240.42,0.0,1,0,0,0,1439.39,1439.39,1.0,4,0,0,0.0,12,0,5,4,0,RET002113,CUST01847
19,7,2,0.2857,0,0.0,9416.13,0.0,0,2,2,0,3041.11,3041.11,1.0,4,0,1,3.1579,3,0,5,4,1,RET002114,CUST01847
37,6,1,0.1667,1,3906.36,10964.59,0.0594,1,0,1,1,31447.71,31447.71,1.0,14,1,1,0.8108,12,1,1,3,0,RET002115,CUST01848
38,6,2,0.3333,1,3906.36,10964.59,0.0594,0,1,2,1,23172.12,23172.12,1.0,4,0,1,1.5789,1,1,1,3,1,RET002116,CUST01848
25,3,0,0.0,0,0.0,13250.02,0.0,0,0,0,0,6309.59,3906.36,0.6191,13,0,0,0.0,25,0,1,3,0,RET002117,CUST01848
76,12,4,0.3333,4,62170.81,6962.32,0.7441,1,1,1,3,4537.68,4537.68,1.0,4,1,3,1.5789,7,0,1,3,0,RET002118,CUST01848
69,9,3,0.3333,3,58526.19,8390.56,0.775,0,0,0,2,3644.62,3644.62,1.0,9,0,2,1.3043,31,0,1,3,1,RET002119,CUST01848
120,8,2,0.25,2,3428.0,9143.19,0.0469,0,0,0,0,4516.68,4516.68,1.0,20,0,2,0.5,93,0,3,1,0,RET002120,CUST01849
27,3,1,0.3333,1,2465.03,2940.1,0.2795,0,0,1,1,962.97,962.97,1.0,5,0,1,1.1111,10,0,3,1,0,RET002121,CUST01849
17,2,0,0.0,0,0.0,3928.66,0.0,0,0,0,0,3493.37,2465.03,0.7056,14,0,0,0.0,17,0,3,1,0,RET002122,CUST01849
22,12,1,0.0833,1,16980.68,10696.73,0.1323,1,1,1,1,1872.33,1872.33,1.0,13,0,1,1.3636,4,0,1,1,1,RET002123,CUST01851
18,8,0,0.0,0,0.0,9882.12,0.0,0,0,0,0,16980.68,16980.68,1.0,2,0,0,0.0,18,0,1,1,0,RET002124,CUST01851
25,14,2,0.1429,1,16980.68,9530.83,0.1273,0,2,2,1,40641.41,40641.41,1.0,14,1,2,2.4,3,1,1,1,1,RET002125,CUST01851
27,14,3,0.2143,1,16980.68,9530.83,0.1273,0,2,3,1,2134.4,2134.4,1.0,6,0,2,3.3333,2,0,1,1,1,RET002126,CUST01851
109,6,0,0.0,0,0.0,9840.86,0.0,0,0,0,0,20421.54,20421.54,1.0,5,0,0,0.0,109,1,1,4,0,RET002127,CUST01852
152,9,1,0.1111,0,0.0,7219.47,0.0,0,0,0,0,1587.54,1587.54,1.0,25,0,1,0.1974,43,0,1,4,0,RET002128,CUST01852
38,3,0,0.0,0,0.0,7249.77,0.0,0,0,0,0,2285.71,2285.71,1.0,5,0,0,0.0,38,0,1,1,0,RET002129,CUST01854
81,6,2,0.3333,0,0.0,6135.44,0.0,0,1,1,0,4108.08,4108.08,1.0,5,1,2,0.7407,5,0,1,1,0,RET002130,CUST01854
76,5,1,0.2,0,0.0,6540.91,0.0,0,0,0,0,1054.39,1054.39,1.0,14,0,1,0.3947,38,0,1,1,0,RET002131,CUST01854
116,8,3,0.375,2,5162.47,8247.41,0.0782,0,0,0,1,25801.23,25801.23,1.0,3,0,2,0.7759,35,1,1,1,1,RET002132,CUST01854
120,3,0,0.0,0,0.0,12910.22,0.0,0,0,0,0,31330.28,31330.28,1.0,2,0,0,0.0,120,1,1,1,0,RET002133,CUST01857
66,10,2,0.2,1,3530.31,2559.75,0.1379,0,1,2,1,3136.52,3136.52,1.0,7,0,2,0.9091,5,0,4,4,0,RET002134,CUST01858
143,14,5,0.3571,3,7580.73,2582.43,0.2097,0,0,1,1,1096.65,1096.65,1.0,13,1,5,1.049,16,0,4,4,1,RET002135,CUST01858
127,13,4,0.3077,2,5642.35,2696.72,0.1609,0,0,1,0,1938.38,1938.38,1.0,11,0,4,0.9449,19,0,4,4,1,RET002136,CUST01858
108,12,3,0.25,2,5642.35,2759.92,0.1704,0,0,0,0,4121.46,2638.84,0.6403,7,0,3,0.8333,42,0,4,4,1,RET002137,CUST01858
61,10,1,0.1,1,3530.31,2559.75,0.1379,0,0,1,1,1637.78,1637.78,1.0,9,0,1,0.4918,8,0,4,4,0,RET002138,CUST01858
53,7,0,0.0,0,0.0,2674.73,0.0,1,0,0,0,3833.89,3530.31,0.9208,8,0,0,0.0,53,0,4,4,0,RET002139,CUST01858
223,1,0,0.0,0,0.0,2505.89,0.0,0,0,0,0,2505.89,2505.89,1.0,10,0,0,0.0,223,0,1,1,0,RET002140,CUST01861
206,1,0,0.0,0,0.0,3850.24,0.0,0,0,0,0,3850.24,3850.24,1.0,20,0,0,0.0,206,0,1,1,0,RET002141,CUST01862
42,4,0,0.0,0,0.0,8991.29,0.0,0,0,0,0,749.21,749.21,1.0,7,0,0,0.0,42,0,1,1,0,RET002142,CUST01869
66,8,1,0.125,0,0.0,10030.78,0.0,0,0,1,0,1068.03,1068.03,1.0,10,0,1,0.4545,24,0,1,1,0,RET002143,CUST01869
76,10,2,0.2,1,743.97,8468.66,0.0088,0,0,1,1,2074.25,2074.25,1.0,2,0,2,0.7895,10,0,1,1,0,RET002144,CUST01869
93,12,3,0.25,2,2818.22,7365.22,0.0319,0,0,2,2,2455.57,2455.57,1.0,11,1,3,0.9677,17,0,1,1,1,RET002145,CUST01869
122,13,4,0.3077,3,4224.5,6881.02,0.0472,0,0,1,1,1070.65,1070.65,1.0,14,1,3,0.9836,29,0,1,1,0,RET002146,CUST01869
136,14,5,0.3571,3,4224.5,6595.03,0.0458,0,0,1,0,2877.07,2877.07,1.0,6,2,3,1.1029,14,0,1,1,0,RET002147,CUST01869
21,4,0,0.0,0,0.0,15970.93,0.0,0,0,0,0,13335.91,13335.91,1.0,6,0,0,0.0,21,0,1,1,0,RET002148,CUST01876
130,11,1,0.0909,1,13335.91,9425.12,0.1286,0,0,0,0,1001.17,1001.17,1.0,11,0,1,0.2308,109,0,1,1,0,RET002149,CUST01876
165,4,0,0.0,0,0.0,3904.52,0.0,1,0,0,0,1558.1,1558.1,1.0,5,0,0,0.0,165,0,1,1,0,RET002150,CUST01877
187,4,1,0.25,0,0.0,6691.97,0.0,0,0,0,0,21811.97,21811.97,1.0,21,0,1,0.1604,87,1,1,1,0,RET002151,CUST01878
100,2,0,0.0,0,0.0,1947.76,0.0,0,0,0,0,537.72,537.72,1.0,22,0,0,0.0,100,0,1,1,0,RET002152,CUST01878
231,6,2,0.3333,1,21811.97,5041.88,0.721,0,0,0,0,802.78,802.78,1.0,12,0,2,0.2597,44,0,1,1,1,RET002153,CUST01878
354,3,0,0.0,0,0.0,1490.11,0.0,0,0,0,0,1906.22,1906.22,1.0,27,0,0,0.0,354,0,1,1,0,RET002154,CUST01879
205,5,0,0.0,1,130.39,1656.08,0.0157,0,0,0,0,2601.96,2601.96,1.0,2,0,0,0.0,205,0,1,1,0,RET002155,CUST01880
18,11,2,0.1818,0,0.0,7635.54,0.0,0,2,2,0,18003.87,18003.87,1.0,3,0,2,3.3333,1,1,1,2,1,RET002156,CUST01881
31,17,6,0.3529,2,25818.15,7017.09,0.2164,1,1,6,2,2007.19,2007.19,1.0,9,2,5,5.8065,4,0,1,2,1,RET002157,CUST01881
41,21,7,0.3333,5,36072.08,7798.36,0.2203,0,0,7,5,1129.82,724.6,0.6413,8,3,5,5.122,10,0,1,2,1,RET002158,CUST01881
16,9,0,0.0,0,0.0,7408.05,0.0,1,0,0,0,25011.47,25011.47,1.0,6,0,0,0.0,16,1,1,2,0,RET002159,CUST01881
27,15,5,0.3333,2,25818.15,6299.4,0.2732,0,2,5,2,2729.46,2729.46,1.0,7,1,5,5.5556,4,0,1,2,1,RET002160,CUST01881
17,11,1,0.0909,0,0.0,7635.54,0.0,2,1,1,0,806.68,806.68,1.0,3,0,1,1.7647,1,0,1,2,1,RET002161,CUST01881
23,15,3,0.2,1,25011.47,6299.4,0.2647,1,3,3,1,1391.61,1391.61,1.0,11,0,3,3.913,5,0,1,2,1,RET002162,CUST01881
23,15,3,0.2,1,25011.47,6299.4,0.2647,1,3,3,1,10618.64,6132.86,0.5776,11,0,3,3.913,5,0,1,2,1,RET002163,CUST01881
43,21,8,0.381,6,38079.27,7798.36,0.2325,0,1,8,6,740.54,740.54,1.0,10,1,5,5.5814,2,0,1,2,1,RET002164,CUST01881
94,10,3,0.3,1,916.34,7213.97,0.0127,1,0,1,0,1884.52,1884.52,1.0,10,0,2,0.9574,19,0,4,3,1,RET002165,CUST01884
118,12,5,0.4167,1,916.34,10115.28,0.0075,0,1,2,0,44150.03,44150.03,1.0,10,1,4,1.2712,5,1,4,3,1,RET002166,CUST01884
47,3,1,0.3333,1,916.34,2068.55,0.1477,0,0,1,1,3198.03,3198.03,1.0,10,0,1,0.6383,22,0,4,3,1,RET002167,CUST01884
75,4,2,0.5,1,916.34,6606.49,0.0347,0,0,1,0,20220.33,20220.33,1.0,4,1,2,0.8,28,1,4,3,1,RET002168,CUST01884
113,12,4,0.3333,1,916.34,10115.28,0.0075,0,0,1,0,5093.6,5093.6,1.0,8,0,3,1.0619,19,0,4,3,1,RET002169,CUST01884
25,2,0,0.0,0,0.0,1503.8,0.0,0,0,0,0,1560.56,1560.56,1.0,13,0,0,0.0,25,0,4,3,0,RET002170,CUST01884
23,6,1,0.1667,0,0.0,3093.55,0.0,0,1,1,0,4161.78,4161.78,1.0,10,1,1,1.3043,6,0,1,1,0,RET002171,CUST01885
43,9,2,0.2222,2,6639.52,5759.61,0.1281,0,0,2,2,23103.74,23103.74,1.0,10,0,1,1.3953,20,1,1,1,0,RET002172,CUST01885
58,11,3,0.2727,3,29743.26,4926.81,0.5488,0,0,1,2,1790.26,1654.79,0.9243,13,0,2,1.5517,15,0,1,1,1,RET002173,CUST01885
17,6,0,0.0,0,0.0,3093.55,0.0,1,0,0,0,2477.74,2477.74,1.0,7,0,0,0.0,17,0,1,1,0,RET002174,CUST01885
226,2,0,0.0,0,0.0,24631.8,0.0,0,0,0,0,41064.93,41064.93,1.0,15,0,0,0.0,226,0,1,1,0,RET002175,CUST01886
184,4,1,0.25,1,31669.0,20148.14,0.393,1,0,1,1,38688.05,38688.05,1.0,1,0,1,0.163,18,0,1,4,1,RET002176,CUST01887
166,3,0,0.0,0,0.0,13968.17,0.0,0,0,0,0,39145.28,39145.28,1.0,14,0,0,0.0,166,1,1,4,0,RET002177,CUST01887
75,13,6,0.4615,3,22125.74,9003.08,0.189,0,2,4,1,1757.08,947.89,0.5395,13,1,3,2.4,1,0,1,1,1,RET002178,CUST01888
65,11,3,0.2727,2,1917.04,10097.68,0.0173,1,0,1,0,1045.93,1045.93,1.0,7,1,2,1.3846,15,0,1,1,1,RET002179,CUST01888
78,13,7,0.5385,3,22125.74,9003.08,0.189,0,2,5,1,3538.52,3538.52,1.0,12,2,3,2.6923,3,0,1,1,1,RET002180,CUST01888
74,13,5,0.3846,2,1917.04,9003.08,0.0164,0,1,3,0,2336.86,2336.86,1.0,11,0,2,2.027,6,0,1,1,1,RET002181,CUST01888
68,13,4,0.3077,2,1917.04,9003.08,0.0164,0,1,2,0,27503.19,20208.7,0.7348,12,2,2,1.7647,3,1,1,1,1,RET002182,CUST01888
78,13,7,0.5385,3,22125.74,9003.08,0.189,0,2,5,1,482.41,482.41,1.0,14,3,3,2.6923,3,0,1,1,1,RET002183,CUST01888
88,14,9,0.6429,7,28449.36,9262.32,0.2194,0,0,6,5,12632.51,12632.51,1.0,4,0,3,3.0682,10,0,1,1,1,RET002184,CUST01888
50,4,2,0.5,2,1917.04,5478.41,0.0875,0,0,1,1,18013.26,8908.58,0.4946,11,1,2,1.2,25,0,1,1,0,RET002185,CUST01888
25,2,1,0.5,1,1578.93,958.52,0.8236,0,0,1,1,338.11,338.11,1.0,9,0,1,1.2,12,0,1,1,1,RET002186,CUST01888
13,1,0,0.0,0,0.0,1578.93,0.0,0,0,0,0,1578.93,1578.93,1.0,7,0,0,0.0,13,0,1,1,0,RET002187,CUST01888
23,1,0,0.0,0,0.0,3114.38,0.0,0,0,0,0,3114.38,1263.57,0.4057,8,0,0,0.0,23,0,1,1,0,RET002188,CUST01891
37,8,0,0.0,0,0.0,7389.19,0.0,0,0,0,0,10296.2,10296.2,1.0,22,0,0,0.0,37,0,5,1,0,RET002189,CUST01893
484,6,0,0.0,0,0.0,6053.82,0.0,0,0,0,0,13966.46,13966.46,1.0,26,0,0,0.0,484,1,1,1,0,RET002190,CUST01894
248,2,0,0.0,0,0.0,5202.62,0.0,0,0,0,0,2599.96,2599.96,1.0,23,0,0,0.0,248,0,1,1,0,RET002191,CUST01896
140,6,0,0.0,0,0.0,2897.33,0.0,0,0,0,0,1562.57,1562.57,1.0,20,0,0,0.0,140,0,1,1,0,RET002192,CUST01900
36,8,2,0.25,0,0.0,4450.29,0.0,0,0,2,0,1735.65,1735.65,1.0,11,0,2,1.6667,20,0,1,1,0,RET002193,CUST01901
16,5,1,0.2,0,0.0,5977.8,0.0,0,1,1,0,16357.79,16357.79,1.0,4,0,1,1.875,4,1,1,1,0,RET002194,CUST01901
12,4,0,0.0,0,0.0,3382.8,0.0,0,0,0,0,3579.66,1758.23,0.4912,6,0,0,0.0,12,0,1,1,0,RET002195,CUST01901
93,3,0,0.0,0,0.0,12957.67,0.0,0,0,0,0,1783.73,1783.73,1.0,20,0,0,0.0,93,0,1,1,0,RET002196,CUST01902
225,6,0,0.0,0,0.0,7586.97,0.0,0,0,0,0,12887.94,12887.94,1.0,15,0,0,0.0,225,0,1,1,0,RET002197,CUST01903
334,12,5,0.4167,2,2699.4,4895.27,0.046,0,0,5,2,3332.1,3332.1,1.0,11,0,4,0.4491,12,0,4,1,1,RET002198,CUST01904
311,6,1,0.1667,0,0.0,1994.08,0.0,2,1,1,0,974.6,974.6,1.0,2,0,1,0.0965,2,0,4,1,0,RET002199,CUST01904
316,9,3,0.3333,0,0.0,5802.29,0.0,0,3,3,0,1209.2,1209.2,1.0,7,0,2,0.2848,3,0,4,1,1,RET002200,CUST01904
322,11,4,0.3636,2,2699.4,5037.38,0.0487,1,1,4,2,4997.8,4997.8,1.0,12,0,3,0.3727,6,0,4,1,1,RET002201,CUST01904
313,7,2,0.2857,0,0.0,2128.21,0.0,1,2,2,0,1770.88,1490.2,0.8415,4,1,2,0.1917,2,0,4,1,1,RET002202,CUST01904
309,1,0,0.0,0,0.0,1277.05,0.0,1,0,0,0,1277.05,1277.05,1.0,1,0,0,0.0,309,0,4,1,0,RET002203,CUST01904
418,3,0,0.0,0,0.0,9823.96,0.0,0,0,0,0,777.14,777.14,1.0,26,0,0,0.0,418,0,1,1,0,RET002204,CUST01905
21,9,2,0.2222,2,17049.53,7557.52,0.2507,1,0,2,2,1307.86,1307.86,1.0,3,1,2,2.8571,12,0,1,1,0,RET002205,CUST01906
25,11,4,0.3636,2,17049.53,6484.86,0.239,0,2,4,2,2522.49,2522.49,1.0,8,2,3,4.8,3,0,1,1,1,RET002206,CUST01906
26,11,5,0.4545,2,17049.53,6484.86,0.239,0,3,5,2,2391.06,2391.06,1.0,6,1,3,5.7692,1,0,1,1,1,RET002207,CUST01906
31,14,6,0.4286,2,17049.53,5665.87,0.2149,0,2,6,2,5181.33,5181.33,1.0,4,1,3,5.8065,5,0,1,1,1,RET002208,CUST01906
22,10,3,0.3,2,17049.53,7057.49,0.2416,1,1,3,2,2818.65,2818.65,1.0,3,0,2,4.0909,1,0,1,1,0,RET002209,CUST01906
41,15,7,0.4667,2,17049.53,7424.06,0.1531,0,0,5,2,32038.68,32038.68,1.0,8,0,3,5.122,10,1,1,1,1,RET002210,CUST01906
9,3,0,0.0,0,0.0,5913.29,0.0,0,0,0,0,5049.53,5049.53,1.0,6,0,0,0.0,9,0,1,1,0,RET002211,CUST01906
9,3,0,0.0,0,0.0,5913.29,0.0,0,0,0,0,12000.0,12000.0,1.0,7,0,0,0.0,9,1,1,1,0,RET002212,CUST01906
280,4,0,0.0,0,0.0,1881.49,0.0,0,0,0,0,835.58,835.58,1.0,25,0,0,0.0,280,0,1,1,0,RET002213,CUST01908
285,12,5,0.4167,3,22755.13,11665.22,0.1626,0,2,5,3,40458.09,40458.09,1.0,11,2,4,0.5263,4,1,1,1,1,RET002214,CUST01909
274,5,1,0.2,0,0.0,8134.74,0.0,0,1,1,0,20878.46,20878.46,1.0,2,0,1,0.1095,2,1,1,1,0,RET002215,CUST01909
279,12,3,0.25,1,3678.6,11665.22,0.0263,2,3,3,1,1402.6,638.63,0.4553,3,0,2,0.3226,3,0,1,1,1,RET002216,CUST01909
276,6,2,0.3333,0,0.0,13521.97,0.0,0,2,2,0,3678.6,3678.6,1.0,8,1,2,0.2174,2,0,1,1,0,RET002217,CUST01909
281,12,4,0.3333,1,3678.6,11665.22,0.0263,0,3,4,1,11284.06,11284.06,1.0,11,0,3,0.427,2,0,1,1,1,RET002218,CUST01909
272,3,0,0.0,0,0.0,5860.56,0.0,0,0,0,0,2619.03,2619.03,1.0,8,0,0,0.0,272,0,1,1,0,RET002219,CUST01909
285,12,5,0.4167,3,22755.13,11665.22,0.1626,0,2,5,3,2213.56,2213.56,1.0,13,1,4,0.5263,4,0,1,1,1,RET002220,CUST01909
299,13,7,0.5385,5,74497.28,10971.9,0.5223,0,0,7,5,2652.04,2652.04,1.0,7,2,4,0.7023,14,0,1,1,1,RET002221,CUST01909
52,12,6,0.5,2,21963.06,9886.89,0.1851,2,0,3,1,817.87,817.87,1.0,9,1,6,3.4615,8,0,1,4,1,RET002222,CUST01910
83,21,11,0.5238,3,50093.73,7682.87,0.3105,0,1,4,1,1876.93,1876.93,1.0,2,1,6,3.9759,4,0,1,4,1,RET002223,CUST01910
3,2,0,0.0,0,0.0,28139.24,0.0,0,0,0,0,20934.21,20934.21,1.0,3,0,0,0.0,3,0,1,4,0,RET002224,CUST01910
29,5,4,0.8,2,21963.06,12170.78,0.3609,0,1,4,2,3034.51,3034.51,1.0,7,0,4,4.1379,3,0,1,4,1,RET002225,CUST01910
73,17,9,0.5294,2,21963.06,9072.02,0.1424,1,0,4,0,28130.67,28130.67,1.0,3,1,6,3.6986,9,1,1,4,1,RET002226,CUST01910
8,2,1,0.5,0,0.0,28139.24,0.0,0,1,1,0,35344.26,35344.26,1.0,8,0,1,3.75,5,0,1,4,1,RET002227,CUST01910
26,5,3,0.6,2,21963.06,12170.78,0.3609,0,0,3,2,512.07,371.76,0.726,11,0,3,3.4615,12,0,1,4,1,RET002228,CUST01910
92,24,12,0.5,5,56221.43,8055.44,0.2908,0,0,4,3,380.95,380.95,1.0,13,0,6,3.913,9,0,1,4,1,RET002229,CUST01910
58,12,7,0.5833,2,21963.06,9886.89,0.1851,0,1,3,0,1843.56,957.19,0.5192,7,1,6,3.6207,6,0,1,4,1,RET002230,CUST01910
92,24,12,0.5,5,56221.43,8055.44,0.2908,0,0,4,3,607.27,607.27,1.0,11,0,6,3.913,9,0,1,4,1,RET002231,CUST01910
64,13,8,0.6154,2,21963.06,9212.77,0.1834,1,1,3,0,2406.78,2406.78,1.0,13,2,6,3.75,6,0,1,4,1,RET002232,CUST01910
14,3,2,0.6667,1,20934.21,19102.44,0.3653,1,1,2,1,1028.85,1028.85,1.0,1,0,2,4.2857,6,0,1,4,1,RET002233,CUST01910
44,8,5,0.625,2,21963.06,8753.77,0.3136,1,0,3,1,7093.18,7093.18,1.0,4,0,5,3.4091,15,0,1,4,1,RET002234,CUST01910
79,18,10,0.5556,3,50093.73,8804.17,0.3161,0,1,4,1,4250.77,4250.77,1.0,2,2,6,3.7975,6,0,1,4,1,RET002235,CUST01910
259,3,0,0.0,0,0.0,1968.7,0.0,0,0,0,0,3494.41,2769.82,0.7926,6,0,0,0.0,259,0,1,1,0,RET002236,CUST01911
340,4,0,0.0,0,0.0,3102.0,0.0,0,0,0,0,1068.46,1068.46,1.0,28,0,0,0.0,340,0,1,1,0,RET002237,CUST01921
203,1,0,0.0,0,0.0,1517.7,0.0,0,0,0,0,1517.7,1358.32,0.895,11,0,0,0.0,203,0,1,1,0,RET002238,CUST01922
91,7,1,0.1429,1,2016.1,11324.6,0.0254,0,0,0,1,2222.62,2222.62,1.0,8,0,1,0.3297,35,0,4,1,0,RET002239,CUST01924
56,3,0,0.0,0,0.0,11263.81,0.0,0,0,0,0,2016.1,2016.1,1.0,11,0,0,0.0,56,0,4,1,0,RET002240,CUST01924
216,3,0,0.0,0,0.0,4271.79,0.0,0,0,0,0,2470.93,2470.93,1.0,13,0,0,0.0,216,0,1,1,0,RET002241,CUST01928
25,14,1,0.0714,0,0.0,12703.15,0.0,0,1,1,0,1359.76,1132.65,0.833,10,0,1,1.2,1,0,1,1,1,RET002242,CUST01929
24,14,0,0.0,0,0.0,12703.15,0.0,0,0,0,0,17663.75,17663.75,1.0,5,0,0,0.0,24,0,1,1,1,RET002243,CUST01929
19,4,0,0.0,0,0.0,2764.89,0.0,0,0,0,0,3822.1,3822.1,1.0,6,0,0,0.0,19,0,1,1,0,RET002244,CUST01930
45,7,2,0.2857,1,3822.1,2605.44,0.2096,0,1,2,1,2897.37,2897.37,1.0,9,0,2,1.3333,5,0,1,1,0,RET002245,CUST01930
104,20,8,0.4,7,16792.49,5217.1,0.1609,0,0,3,3,18761.43,18761.43,1.0,6,0,4,2.3077,8,1,1,1,1,RET002246,CUST01930
87,16,5,0.3125,4,9637.35,4967.88,0.1212,1,0,1,1,419.55,419.55,1.0,3,2,4,1.7241,29,0,1,1,1,RET002247,CUST01930
58,10,4,0.4,3,9469.84,2293.53,0.4129,0,1,3,2,400.0,167.51,0.4188,4,1,4,2.069,2,0,1,1,1,RET002248,CUST01930
96,17,7,0.4118,4,9637.35,4833.38,0.1173,0,1,2,1,2681.36,2681.36,1.0,3,1,4,2.1875,7,0,1,1,1,RET002249,CUST01930
56,10,3,0.3,3,9469.84,2293.53,0.4129,0,0,2,2,2711.83,2334.12,0.8607,4,0,3,1.6071,11,0,1,1,1,RET002250,CUST01930
89,16,6,0.375,4,9637.35,4967.88,0.1212,0,1,1,1,4054.23,4054.23,1.0,13,1,4,2.0225,2,0,1,1,1,RET002251,CUST01930
40,7,1,0.1429,1,3822.1,2605.44,0.2096,0,0,1,1,3065.58,3065.58,1.0,2,0,1,0.75,21,0,1,1,0,RET002252,CUST01930
60,15,5,0.3333,3,3401.91,4241.1,0.0535,0,0,3,1,10066.22,10066.22,1.0,10,2,3,2.5,10,1,1,1,1,RET002253,CUST01934
16,3,1,0.3333,1,1368.99,1460.16,0.3125,0,0,1,1,468.15,468.15,1.0,6,0,1,1.875,8,0,1,1,1,RET002254,CUST01934
8,2,0,0.0,0,0.0,1956.16,0.0,0,0,0,0,2249.09,2249.09,1.0,3,0,0,0.0,8,0,1,1,0,RET002255,CUST01934
50,13,4,0.3077,2,1837.14,4080.07,0.0346,0,2,2,1,2325.39,2325.39,1.0,7,1,3,2.4,2,0,1,1,1,RET002256,CUST01934
48,12,2,0.1667,2,1837.14,4346.08,0.0352,0,0,0,1,1564.77,1564.77,1.0,5,0,2,1.25,32,0,1,1,1,RET002257,CUST01934
48,12,2,0.1667,2,1837.14,4346.08,0.0352,0,0,0,1,7568.52,7568.52,1.0,11,1,2,1.25,32,0,1,1,1,RET002258,CUST01934
12,1,0,0.0,0,0.0,1163.84,0.0,0,0,0,0,1163.84,1163.84,1.0,3,0,0,0.0,12,0,1,1,0,RET002259,CUST01937
266,11,0,0.0,0,0.0,4441.19,0.0,0,0,0,0,3118.22,3118.22,1.0,2,0,0,0.0,266,0,1,1,0,RET002260,CUST01941
420,2,0,0.0,0,0.0,2904.9,0.0,0,0,0,0,2437.74,1751.84,0.7186,22,0,0,0.0,420,0,1,1,0,RET002261,CUST01952
105,6,0,0.0,0,0.0,6905.6,0.0,0,0,0,0,6257.14,6257.14,1.0,25,0,0,0.0,105,0,1,1,0,RET002262,CUST01954
17,9,2,0.2222,0,0.0,5823.81,0.0,0,1,2,0,600.0,600.0,1.0,12,0,1,3.5294,1,0,1,1,0,RET002263,CUST01955
16,9,1,0.1111,0,0.0,5823.81,0.0,1,0,1,0,2460.47,2460.47,1.0,8,1,1,1.875,9,0,1,1,0,RET002264,CUST01955
7,5,0,0.0,0,0.0,4071.83,0.0,1,0,0,0,2486.79,2486.79,1.0,6,0,0,0.0,7,0,1,1,0,RET002265,CUST01955
34,13,3,0.2308,2,3060.47,5955.42,0.0395,0,0,3,2,3962.73,3962.73,1.0,14,0,2,2.6471,17,0,1,1,1,RET002266,CUST01955
103,1,0,0.0,0,0.0,8128.92,0.0,0,0,0,0,8128.92,8128.92,1.0,25,0,0,0.0,103,0,1,1,0,RET002267,CUST01958
54,5,1,0.2,1,438.96,1791.95,0.049,0,0,1,1,1711.27,1711.27,1.0,12,0,1,0.5556,27,0,1,1,0,RET002268,CUST01959
27,1,0,0.0,0,0.0,438.96,0.0,0,0,0,0,438.96,438.96,1.0,9,0,0,0.0,27,0,1,1,1,RET002269,CUST01959
21,12,2,0.1667,0,0.0,8222.31,0.0,0,2,2,0,2471.14,2471.14,1.0,8,0,2,2.8571,5,0,5,4,1,RET002270,CUST01960
16,10,0,0.0,0,0.0,9511.02,0.0,0,0,0,0,1757.58,1757.58,1.0,10,0,0,0.0,16,0,5,4,0,RET002271,CUST01960
38,19,5,0.2632,4,21312.06,7403.52,0.1515,0,0,5,4,1017.48,1017.48,1.0,9,1,5,3.9474,8,0,5,4,1,RET002272,CUST01960
16,10,0,0.0,0,0.0,9511.02,0.0,0,0,0,0,15081.36,15081.36,1.0,2,0,0,0.0,16,0,5,4,0,RET002273,CUST01960
30,18,4,0.2222,3,18840.92,7531.03,0.139,1,1,4,3,4979.96,4979.96,1.0,9,0,4,4.0,6,0,5,4,1,RET002274,CUST01960
24,16,3,0.1875,1,15081.36,8288.88,0.1137,0,1,3,1,2001.98,2001.98,1.0,3,0,3,3.75,3,0,5,4,1,RET002275,CUST01960
62,5,0,0.0,0,0.0,9868.91,0.0,0,0,0,0,30398.15,30398.15,1.0,10,0,0,0.0,62,1,1,3,0,RET002276,CUST01961
63,1,0,0.0,0,0.0,1323.47,0.0,0,0,0,0,1323.47,1323.47,1.0,2,0,0,0.0,63,0,1,1,0,RET002277,CUST01962
28,10,1,0.1,0,0.0,11925.84,0.0,0,0,1,0,21485.14,21485.14,1.0,9,0,1,1.0714,9,0,1,1,0,RET002278,CUST01964
37,11,2,0.1818,1,2352.77,10955.68,0.0195,0,0,2,1,33875.06,33875.06,1.0,14,1,2,1.6216,9,1,1,1,1,RET002279,CUST01964
19,6,0,0.0,0,0.0,8292.34,0.0,0,0,0,0,2352.77,2352.77,1.0,5,0,0,0.0,19,0,1,1,0,RET002280,CUST01964
41,13,3,0.2308,1,2352.77,11614.56,0.0156,0,1,3,1,29942.43,29942.43,1.0,3,0,2,2.1951,4,1,1,1,1,RET002281,CUST01964
292,5,1,0.2,1,17624.53,5208.44,0.6768,0,0,1,1,6706.85,5318.38,0.793,26,0,1,0.1027,29,0,1,1,1,RET002282,CUST01966
263,4,0,0.0,0,0.0,4833.84,0.0,0,0,0,0,17624.53,17624.53,1.0,26,0,0,0.0,263,1,1,1,0,RET002283,CUST01966
157,4,0,0.0,0,0.0,9572.81,0.0,0,0,0,0,1181.22,1181.22,1.0,24,0,0,0.0,157,0,1,1,0,RET002284,CUST01968
26,1,0,0.0,0,0.0,3944.24,0.0,0,0,0,0,3944.24,3944.24,1.0,3,0,0,0.0,26,0,1,1,0,RET002285,CUST01971
211,3,1,0.3333,1,5733.08,4088.54,0.4674,0,1,1,1,2682.46,2682.46,1.0,4,1,1,0.1422,3,0,1,4,1,RET002286,CUST01972
245,9,3,0.3333,2,8039.07,6632.06,0.1347,0,0,1,1,2460.03,2460.03,1.0,13,0,1,0.3673,21,0,1,4,1,RET002287,CUST01972
208,3,0,0.0,0,0.0,4088.54,0.0,1,0,0,0,8536.67,5733.08,0.6716,3,0,0,0.0,208,0,1,4,1,RET002288,CUST01972
317,14,4,0.2857,3,10499.1,4837.81,0.155,0,0,0,0,1521.2,1521.2,1.0,14,3,2,0.3785,72,0,1,4,1,RET002289,CUST01972
406,20,9,0.45,7,40345.18,5733.83,0.3518,0,1,3,2,511.22,511.22,1.0,9,4,2,0.665,5,0,1,4,1,RET002290,CUST01972
224,6,2,0.3333,1,5733.08,4007.64,0.2384,0,0,2,1,2305.99,2305.99,1.0,2,2,1,0.2679,13,0,1,4,1,RET002291,CUST01972
433,23,11,0.4783,7,40345.18,5230.4,0.3354,0,0,2,0,762.89,762.89,1.0,12,0,2,0.7621,13,0,1,4,1,RET002292,CUST01972
383,18,6,0.3333,5,13847.21,6209.66,0.1239,0,0,0,0,25193.81,25193.81,1.0,7,4,2,0.47,63,1,1,4,0,RET002293,CUST01972
385,18,7,0.3889,6,39041.02,6209.66,0.3493,0,1,1,1,1663.09,1663.09,1.0,10,2,2,0.5455,2,0,1,4,1,RET002294,CUST01972
320,14,5,0.3571,3,10499.1,4837.81,0.155,0,1,1,0,1826.91,1826.91,1.0,12,1,2,0.4688,3,0,1,4,1,RET002295,CUST01972
401,20,8,0.4,7,40345.18,5733.83,0.3518,0,0,2,2,2391.64,2391.64,1.0,12,3,2,0.5985,16,0,1,4,1,RET002296,CUST01972
420,22,10,0.4545,7,40345.18,5433.47,0.3375,0,0,2,0,1297.92,1297.92,1.0,11,5,2,0.7143,14,0,1,4,1,RET002297,CUST01972
18,2,0,0.0,0,0.0,1851.31,0.0,0,0,0,0,1107.73,1107.73,1.0,13,0,0,0.0,18,0,1,4,0,RET002298,CUST01974
119,7,2,0.2857,2,3005.27,4203.15,0.1021,0,0,1,1,2279.82,1446.45,0.6345,14,1,2,0.5042,25,0,1,4,1,RET002299,CUST01974
94,5,1,0.2,1,1025.2,2056.52,0.0997,0,0,0,0,2226.95,1980.07,0.8891,10,0,1,0.3191,76,0,1,4,0,RET002300,CUST01974
225,20,10,0.5,3,26790.16,5799.14,0.231,0,7,9,2,1571.51,1571.51,1.0,7,3,5,1.3333,2,0,1,3,1,RET002301,CUST01979
221,17,4,0.2353,3,26790.16,6410.0,0.2458,1,1,3,2,21586.49,21586.49,1.0,8,0,3,0.543,3,1,1,3,0,RET002302,CUST01979
223,20,6,0.3,3,26790.16,5799.14,0.231,1,3,5,2,3003.96,3003.96,1.0,3,0,4,0.8072,1,0,1,3,1,RET002303,CUST01979
222,19,5,0.2632,3,26790.16,5934.65,0.2376,2,2,4,2,981.98,981.98,1.0,4,2,4,0.6757,1,0,1,3,0,RET002304,CUST01979
223,20,6,0.3,3,26790.16,5799.14,0.231,1,3,5,2,658.42,658.42,1.0,2,1,4,0.8072,1,0,1,3,1,RET002305,CUST01979
227,20,11,0.55,3,26790.16,5799.14,0.231,0,7,10,2,3129.82,3129.82,1.0,6,4,5,1.4537,2,0,1,3,1,RET002306,CUST01979
218,11,3,0.2727,3,26790.16,8868.46,0.2746,0,1,2,2,2767.37,2767.37,1.0,12,0,2,0.4128,6,0,1,3,0,RET002307,CUST01979
223,20,6,0.3,3,26790.16,5799.14,0.231,1,3,5,2,1125.08,1125.08,1.0,5,1,4,0.8072,1,0,1,3,1,RET002308,CUST01979
223,20,6,0.3,3,26790.16,5799.14,0.231,1,3,5,2,1827.11,1827.11,1.0,12,1,4,0.8072,1,0,1,3,1,RET002309,CUST01979
212,8,2,0.25,2,18068.07,9045.91,0.2497,1,0,1,1,17225.84,17225.84,1.0,5,0,1,0.283,11,0,1,3,0,RET002310,CUST01979
121,2,0,0.0,0,0.0,2300.61,0.0,0,0,0,0,1623.29,1503.67,0.9263,8,0,0,0.0,121,0,1,3,0,RET002311,CUST01979
279,24,13,0.5417,5,51380.61,5394.69,0.3968,0,1,1,0,4713.62,4713.62,1.0,11,2,5,1.3978,4,0,1,3,1,RET002312,CUST01979
201,3,1,0.3333,1,1503.67,7055.21,0.071,0,0,0,0,16564.4,16564.4,1.0,5,1,1,0.1493,80,1,1,3,1,RET002313,CUST01979
313,25,14,0.56,6,56094.23,5441.88,0.4123,0,0,0,1,6574.61,6574.61,1.0,10,5,5,1.3419,34,0,1,3,1,RET002314,CUST01979
275,24,12,0.5,5,51380.61,5394.69,0.3968,0,0,0,0,3912.76,3912.76,1.0,3,1,5,1.3091,48,0,1,3,1,RET002315,CUST01979
6,10,0,0.0,0,0.0,7580.3,0.0,1,0,0,0,965.2,965.2,1.0,4,0,0,0.0,6,0,1,1,0,RET002316,CUST01980
7,12,1,0.0833,0,0.0,6776.68,0.0,2,1,1,0,1309.63,1309.63,1.0,6,0,1,4.2857,1,0,1,1,1,RET002317,CUST01980
10,14,2,0.1429,0,0.0,5940.41,0.0,0,2,2,0,18572.25,18572.25,1.0,10,0,2,6.0,3,1,1,1,0,RET002318,CUST01980
10,14,2,0.1429,0,0.0,5940.41,0.0,0,2,2,0,16114.66,16114.66,1.0,8,0,2,6.0,3,1,1,1,1,RET002319,CUST01980
160,8,0,0.0,0,0.0,12265.64,0.0,0,0,0,0,1374.84,1374.84,1.0,28,0,0,0.0,160,0,1,1,0,RET002320,CUST01982
47,16,3,0.1875,2,3014.74,9368.5,0.0201,0,1,3,2,2654.17,2654.17,1.0,12,0,3,1.9149,7,0,5,3,1,RET002321,CUST01984
40,14,2,0.1429,0,0.0,10462.71,0.0,1,1,2,0,1385.69,1077.45,0.7776,8,0,2,1.5,7,0,5,3,1,RET002322,CUST01984
32,7,0,0.0,0,0.0,16396.43,0.0,0,0,0,0,1937.29,1937.29,1.0,6,0,0,0.0,32,0,5,3,0,RET002323,CUST01984
33,8,1,0.125,0,0.0,14520.09,0.0,1,1,1,0,55000.0,55000.0,1.0,7,0,1,0.9091,1,1,5,3,0,RET002324,CUST01984
212,4,0,0.0,0,0.0,2465.3,0.0,0,0,0,0,781.53,781.53,1.0,23,0,0,0.0,212,0,1,1,0,RET002325,CUST01990
261,3,0,0.0,0,0.0,11659.53,0.0,0,0,0,0,14558.83,14558.83,1.0,13,0,0,0.0,261,0,1,2,0,RET002326,CUST01992
206,7,0,0.0,0,0.0,3513.25,0.0,0,0,0,0,3462.13,3462.13,1.0,27,0,0,0.0,206,0,1,1,0,RET002327,CUST01993
549,7,0,0.0,0,0.0,6422.76,0.0,0,0,0,0,1779.0,1779.0,1.0,19,0,0,0.0,549,0,5,1,0,RET002328,CUST01997
232,3,0,0.0,0,0.0,6616.67,0.0,0,0,0,0,2667.37,2667.37,1.0,12,0,0,0.0,232,0,1,1,0,RET002329,CUST01998
235,3,1,0.3333,0,0.0,6616.67,0.0,0,1,1,0,1230.09,1230.09,1.0,7,0,1,0.1277,3,0,1,1,0,RET002330,CUST01998
191,17,7,0.4118,3,4224.76,9336.99,0.0266,0,1,2,0,2341.28,2341.28,1.0,2,2,4,1.0995,2,0,1,1,1,RET002331,CUST02001
56,7,2,0.2857,1,1013.76,6645.56,0.0218,0,0,0,0,1698.07,1698.07,1.0,7,1,2,1.0714,49,0,1,1,0,RET002332,CUST02001
7,2,1,0.5,0,0.0,1128.95,0.0,0,1,1,0,1013.76,1013.76,1.0,7,0,1,4.2857,2,0,1,1,0,RET002333,CUST02001
114,13,4,0.3077,3,4224.76,5926.78,0.0548,0,0,1,1,1277.83,1277.83,1.0,2,0,3,1.0526,8,0,1,1,1,RET002334,CUST02001
166,15,5,0.3333,3,4224.76,9726.86,0.029,0,0,0,0,32270.17,19509.48,0.6046,7,2,4,0.9036,52,1,1,1,1,RET002335,CUST02001
106,12,3,0.25,2,2711.83,6314.19,0.0358,0,0,0,0,2645.22,2645.22,1.0,4,0,2,0.8491,50,0,1,1,1,RET002336,CUST02001
5,2,0,0.0,0,0.0,1128.95,0.0,1,0,0,0,1244.15,1244.15,1.0,1,0,0,0.0,5,0,1,1,0,RET002337,CUST02001
189,16,6,0.375,3,4224.76,9774.22,0.027,0,0,1,0,10484.63,10484.63,1.0,13,1,4,0.9524,23,0,1,1,1,RET002338,CUST02001
30,2,0,0.0,0,0.0,1218.93,0.0,0,0,0,0,1140.22,1140.22,1.0,10,0,0,0.0,30,0,1,1,0,RET002339,CUST02004
43,3,1,0.3333,1,1140.22,1340.75,0.2835,0,0,1,1,1584.38,1584.38,1.0,12,0,1,0.6977,13,0,1,1,0,RET002340,CUST02004
416,2,0,0.0,0,0.0,2796.51,0.0,0,0,0,0,4231.29,4231.29,1.0,3,0,0,0.0,416,0,1,1,0,RET002341,CUST02005
60,3,0,0.0,0,0.0,2111.53,0.0,0,0,0,0,3473.43,1986.0,0.5718,27,0,0,0.0,60,0,1,1,0,RET002342,CUST02010
99,1,0,0.0,0,0.0,1986.86,0.0,0,0,0,0,1986.86,1986.86,1.0,10,0,0,0.0,99,0,1,1,0,RET002343,CUST02011
436,11,4,0.3636,1,9636.74,4819.01,0.1818,1,0,1,0,5890.48,3631.54,0.6165,1,0,3,0.2752,8,0,5,4,1,RET002344,CUST02015
449,13,5,0.3846,3,16606.78,10101.13,0.1265,0,0,2,2,55000.0,55000.0,1.0,7,1,4,0.3341,13,1,5,4,1,RET002345,CUST02015
428,6,3,0.5,1,9636.74,4726.69,0.3398,1,0,0,0,3338.5,3338.5,1.0,1,0,2,0.2103,93,0,5,4,1,RET002346,CUST02015
264,2,0,0.0,0,0.0,6014.59,0.0,0,0,0,0,9636.74,9636.74,1.0,6,0,0,0.0,264,0,5,4,1,RET002347,CUST02015
318,3,1,0.3333,1,9636.74,7618.59,0.4216,0,0,0,0,10826.6,10826.6,1.0,11,1,1,0.0943,54,0,5,4,1,RET002348,CUST02015
335,4,2,0.5,1,9636.74,5832.31,0.4131,0,0,1,0,473.48,473.48,1.0,13,0,1,0.1791,17,0,5,4,1,RET002349,CUST02015
125,4,0,0.0,0,0.0,2045.41,0.0,0,0,0,0,4172.26,1907.74,0.4572,3,0,0,0.0,125,0,1,1,0,RET002350,CUST02016
204,8,2,0.25,0,0.0,6571.56,0.0,0,0,1,0,11332.12,11332.12,1.0,3,0,2,0.2941,20,0,1,1,1,RET002351,CUST02019
225,17,7,0.4118,2,14416.22,4719.57,0.1797,0,1,5,2,3313.08,3313.08,1.0,11,3,3,0.9333,7,0,1,1,1,RET002352,CUST02019
229,17,8,0.4706,3,16558.23,4719.57,0.2064,0,1,6,3,2156.47,1816.35,0.8423,14,4,3,1.048,4,0,1,1,1,RET002353,CUST02019
218,16,6,0.375,2,14416.22,4727.91,0.1906,0,1,4,2,2142.01,2142.01,1.0,13,1,3,0.8257,3,0,1,1,1,RET002354,CUST02019
215,12,5,0.4167,0,0.0,5177.68,0.0,1,1,3,0,11592.1,8890.03,0.7669,13,2,3,0.6977,5,0,1,1,1,RET002355,CUST02019
207,10,3,0.3,0,0.0,5647.65,0.0,0,1,2,0,3084.1,3084.1,1.0,6,1,3,0.4348,3,0,1,1,0,RET002356,CUST02019
231,18,9,0.5,3,16558.23,4948.64,0.1859,0,2,7,3,4586.04,4586.04,1.0,13,0,3,1.1688,2,0,1,1,1,RET002357,CUST02019
266,20,11,0.55,5,24523.51,5945.06,0.2063,0,0,0,2,3278.89,3278.89,1.0,8,5,4,1.2406,31,0,1,1,1,RET002358,CUST02019
317,23,13,0.5652,6,42142.99,6823.31,0.2685,0,0,1,1,767.7,722.11,0.9406,7,2,4,1.2303,28,0,1,1,1,RET002359,CUST02019
235,18,10,0.5556,3,16558.23,4948.64,0.1859,0,2,7,3,8842.86,6148.93,0.6954,6,1,4,1.2766,4,0,1,1,1,RET002360,CUST02019
289,22,12,0.5455,5,24523.51,7098.56,0.157,0,0,1,0,17619.48,17619.48,1.0,7,2,4,1.2457,23,1,1,1,1,RET002361,CUST02019
210,10,4,0.4,0,0.0,5647.65,0.0,0,2,3,0,17125.59,17125.59,1.0,10,1,3,0.5714,3,1,1,1,1,RET002362,CUST02019
184,2,1,0.5,0,0.0,2394.43,0.0,0,0,1,0,2722.41,2722.41,1.0,7,0,1,0.163,30,0,1,1,0,RET002363,CUST02019
154,1,0,0.0,0,0.0,2066.46,0.0,0,0,0,0,2066.46,2066.46,1.0,10,0,0,0.0,154,0,1,1,0,RET002364,CUST02019
30,9,3,0.3333,2,12684.27,9237.31,0.1526,0,0,3,2,10232.02,10232.02,1.0,11,0,2,3.0,10,0,3,3,0,RET002365,CUST02021
17,6,0,0.0,0,0.0,6209.34,0.0,1,0,0,0,2405.3,2405.3,1.0,3,0,0,0.0,17,0,3,3,0,RET002366,CUST02021
34,10,4,0.4,2,12684.27,8595.8,0.1476,0,1,4,2,19958.23,19958.23,1.0,13,0,3,3.5294,4,1,3,3,1,RET002367,CUST02021
20,8,1,0.125,0,0.0,7897.19,0.0,1,1,1,0,15689.48,15689.48,1.0,3,0,1,1.5,3,0,3,3,0,RET002368,CUST02021
89,23,7,0.3043,4,42874.52,5935.76,0.314,0,0,2,0,2202.04,1507.36,0.6845,2,2,4,2.3596,8,0,3,3,1,RET002369,CUST02021
73,18,5,0.2778,4,42874.52,6960.91,0.3422,0,0,0,0,1724.41,1632.13,0.9465,10,2,4,2.0548,39,0,3,3,1,RET002370,CUST02021
20,8,1,0.125,0,0.0,7897.19,0.0,1,1,1,0,29154.65,29154.65,1.0,4,0,1,1.5,3,1,3,3,0,RET002371,CUST02021
81,22,6,0.2727,4,42874.52,6105.47,0.3192,0,0,1,0,560.78,560.78,1.0,3,1,4,2.2222,8,0,3,3,1,RET002372,CUST02021
41,7,1,0.1429,0,0.0,6638.06,0.0,0,1,1,0,34037.38,34037.38,1.0,9,0,1,0.7317,5,1,1,2,0,RET002373,CUST02022
36,6,0,0.0,0,0.0,7501.14,0.0,0,0,0,0,2470.13,2470.13,1.0,9,0,0,0.0,36,0,1,2,0,RET002374,CUST02022
279,12,0,0.0,0,0.0,2452.43,0.0,0,0,0,0,1801.14,1801.14,1.0,12,0,0,0.0,279,0,5,1,0,RET002375,CUST02024
73,2,0,0.0,0,0.0,475.71,0.0,0,0,0,0,410.12,410.12,1.0,11,0,0,0.0,73,0,1,1,0,RET002376,CUST02025
31,10,5,0.5,3,60489.76,12195.75,0.496,0,1,5,3,1332.29,1332.29,1.0,2,0,3,4.8387,4,0,3,4,1,RET002377,CUST02029
66,15,8,0.5333,6,66058.44,12211.22,0.3606,0,0,2,2,1679.06,1679.06,1.0,10,2,4,3.6364,13,0,3,4,1,RET002378,CUST02029
71,17,10,0.5882,6,66058.44,11189.25,0.3473,1,2,4,1,47617.32,47617.32,1.0,9,3,4,4.2254,2,1,3,4,1,RET002379,CUST02029
85,22,12,0.5455,8,115354.82,11589.08,0.4524,1,1,4,2,14341.38,14341.38,1.0,4,5,4,4.2353,5,0,3,4,1,RET002380,CUST02029
69,16,9,0.5625,6,66058.44,11579.71,0.3565,1,1,3,1,9671.52,9671.52,1.0,8,1,4,3.913,3,0,3,4,1,RET002381,CUST02029
22,7,3,0.4286,0,0.0,14973.03,0.0,0,2,3,0,2431.54,1746.24,0.7182,4,1,2,4.0909,5,0,3,4,1,RET002382,CUST02029
80,18,11,0.6111,8,115354.82,13020.26,0.4922,0,0,4,2,44147.38,44147.38,1.0,9,4,4,4.125,9,1,3,4,1,RET002383,CUST02029
27,8,4,0.5,0,0.0,14766.89,0.0,0,1,4,0,13323.92,9975.47,0.7487,5,0,2,4.4444,5,0,3,4,1,RET002384,CUST02029
6,2,0,0.0,0,0.0,2375.97,0.0,0,0,0,0,3445.27,3445.27,1.0,6,0,0,0.0,6,0,3,4,0,RET002385,CUST02029
41,11,6,0.5455,5,63568.29,11212.89,0.5154,0,0,5,5,2490.15,2490.15,1.0,14,1,4,4.3902,10,0,3,4,1,RET002386,CUST02029
17,6,1,0.1667,0,0.0,17063.27,0.0,1,0,1,0,53587.42,37200.18,0.6942,11,0,1,1.7647,11,1,3,4,0,RET002387,CUST02029
85,22,12,0.5455,8,115354.82,11589.08,0.4524,1,1,4,2,4285.18,4285.18,1.0,5,2,4,4.2353,5,0,3,4,1,RET002388,CUST02029
87,23,14,0.6087,8,115354.82,11120.69,0.451,0,3,6,2,816.02,816.02,1.0,2,6,4,4.8276,2,0,3,4,1,RET002389,CUST02029
17,6,1,0.1667,0,0.0,17063.27,0.0,1,0,1,0,17618.87,13314.11,0.7557,3,1,1,1.7647,11,0,3,4,0,RET002390,CUST02029
53,12,7,0.5833,6,66058.44,10350.03,0.5319,0,0,3,6,858.66,858.66,1.0,5,2,4,3.9623,12,0,3,4,1,RET002391,CUST02029
153,15,7,0.4667,1,16539.9,6725.47,0.164,0,1,4,0,2024.46,2024.46,1.0,14,0,3,1.3725,4,0,3,3,1,RET002392,CUST02033
137,12,5,0.4167,1,16539.9,7855.47,0.1755,1,1,3,0,792.41,602.62,0.7605,1,2,3,1.0949,2,0,3,3,1,RET002393,CUST02033
135,11,4,0.3636,1,16539.9,8497.57,0.1769,0,0,2,0,1714.37,1407.53,0.821,8,1,3,0.8889,12,0,3,3,1,RET002394,CUST02033
149,15,6,0.4,1,16539.9,6725.47,0.164,0,0,4,0,2840.57,2840.57,1.0,7,2,3,1.2081,12,0,3,3,1,RET002395,CUST02033
120,7,2,0.2857,1,16539.9,10166.14,0.2324,0,0,1,0,3203.43,3203.43,1.0,5,1,2,0.5,25,0,3,3,0,RET002396,CUST02033
95,5,1,0.2,1,16539.9,10789.0,0.3066,0,0,0,0,16811.6,10627.34,0.6321,9,0,1,0.3158,58,0,3,3,1,RET002397,CUST02033
37,1,0,0.0,0,0.0,16539.9,0.0,0,0,0,0,16539.9,16539.9,1.0,3,0,0,0.0,37,0,3,3,0,RET002398,CUST02033
123,9,3,0.3333,1,16539.9,9896.21,0.1857,0,1,2,0,2161.37,2161.37,1.0,2,0,2,0.7317,3,0,3,3,0,RET002399,CUST02033
24,9,2,0.2222,0,0.0,5854.98,0.0,0,2,2,0,2127.47,2127.47,1.0,9,1,2,2.5,4,0,3,1,0,RET002400,CUST02037
20,5,1,0.2,0,0.0,4290.03,0.0,1,1,1,0,5615.12,5615.12,1.0,8,0,1,1.5,1,0,3,1,0,RET002401,CUST02037
28,9,3,0.3333,0,0.0,5854.98,0.0,0,1,3,0,2705.77,2705.77,1.0,6,0,2,3.2143,4,0,3,1,0,RET002402,CUST02037
19,4,0,0.0,0,0.0,5228.08,0.0,1,0,0,0,10332.14,10332.14,1.0,2,0,0,0.0,19,0,3,1,0,RET002403,CUST02037
28,9,3,0.3333,0,0.0,5854.98,0.0,0,1,3,0,25076.26,25076.26,1.0,6,0,2,3.2143,4,1,3,1,1,RET002404,CUST02037
44,11,5,0.4545,2,27782.03,5274.38,0.4789,0,0,5,2,2459.92,2459.92,1.0,2,1,4,3.4091,16,0,3,1,1,RET002405,CUST02037
61,12,2,0.1667,2,3622.29,4451.97,0.0678,0,0,2,2,3950.06,3950.06,1.0,13,0,1,0.9836,11,0,1,1,1,RET002406,CUST02038
43,10,0,0.0,0,0.0,4840.61,0.0,0,0,0,0,1430.71,1430.71,1.0,8,0,0,0.0,43,0,1,1,0,RET002407,CUST02038
50,12,1,0.0833,1,800.14,4451.97,0.015,0,1,1,1,2822.15,2822.15,1.0,12,1,1,0.6,7,0,1,1,1,RET002408,CUST02038
87,14,2,0.1429,2,5967.79,3675.74,0.116,1,0,2,2,1247.4,1247.4,1.0,1,1,2,0.6897,17,0,5,1,1,RET002409,CUST02041
95,15,4,0.2667,2,5967.79,3488.93,0.114,0,1,4,2,5865.23,5865.23,1.0,10,0,2,1.2632,4,0,5,1,0,RET002410,CUST02041
69,7,0,0.0,0,0.0,3658.95,0.0,1,0,0,0,2515.06,2515.06,1.0,3,0,0,0.0,69,0,5,1,0,RET002411,CUST02041
70,7,1,0.1429,0,0.0,3658.95,0.0,0,1,1,0,3452.73,3452.73,1.0,7,0,1,0.4286,1,0,5,1,0,RET002412,CUST02041
91,15,3,0.2,2,5967.79,3488.93,0.114,0,1,3,2,1997.06,1774.16,0.8884,10,1,2,0.989,4,0,5,1,1,RET002413,CUST02041
409,2,0,0.0,0,0.0,1813.89,0.0,0,0,0,0,1804.71,1804.71,1.0,17,0,0,0.0,409,0,1,1,0,RET002414,CUST02043
511,4,1,0.25,1,1804.71,5031.1,0.0897,0,0,0,0,1659.64,1659.64,1.0,10,0,1,0.0587,102,0,1,1,0,RET002415,CUST02043
391,7,0,0.0,0,0.0,1786.71,0.0,1,0,0,0,579.68,579.68,1.0,1,0,0,0.0,391,0,1,1,0,RET002416,CUST02044
57,16,7,0.4375,6,47899.42,8855.7,0.3381,1,0,6,5,2096.5,2096.5,1.0,12,3,4,3.6842,8,0,5,2,1,RET002417,CUST02046
35,3,1,0.3333,1,32258.68,12312.47,0.8733,0,0,0,1,1235.09,1235.09,1.0,2,0,1,0.8571,32,0,5,2,1,RET002418,CUST02046
49,11,6,0.5455,3,34565.3,9397.25,0.3344,1,2,5,2,5642.99,5642.99,1.0,8,1,4,3.6735,3,0,5,2,1,RET002419,CUST02046
65,18,9,0.5,6,47899.42,8988.51,0.2961,0,1,8,5,2151.11,944.36,0.439,12,1,5,4.1538,7,0,5,2,1,RET002420,CUST02046
46,10,5,0.5,3,34565.3,10126.4,0.3413,2,2,4,2,4247.48,4247.48,1.0,3,2,4,3.2609,4,0,5,2,0,RET002421,CUST02046
37,4,2,0.5,2,33493.77,17352.46,0.4826,0,1,1,2,32472.41,32472.41,1.0,2,0,2,1.6216,2,0,5,2,1,RET002422,CUST02046
3,1,0,0.0,0,0.0,32258.68,0.0,1,0,0,0,32258.68,32258.68,1.0,1,0,0,0.0,3,0,5,2,0,RET002423,CUST02046
40,5,3,0.6,2,33493.77,14096.27,0.4752,1,2,2,1,1071.53,1071.53,1.0,1,1,3,2.25,3,0,5,2,1,RET002424,CUST02046
67,18,10,0.5556,7,49995.92,8988.51,0.309,0,1,8,5,1340.49,1340.49,1.0,8,4,5,4.4776,2,0,5,2,1,RET002425,CUST02046
58,17,8,0.4706,6,47899.42,9438.39,0.2985,1,1,7,5,2105.8,2105.8,1.0,10,0,4,4.1379,1,0,5,2,1,RET002426,CUST02046
42,6,4,0.6667,2,33493.77,12687.39,0.44,1,3,3,1,3443.65,3443.65,1.0,11,0,3,2.8571,2,0,5,2,1,RET002427,CUST02046
70,18,11,0.6111,7,49995.92,8988.51,0.309,0,2,8,5,18761.45,18761.45,1.0,13,2,5,4.7143,3,1,5,2,1,RET002428,CUST02046
284,7,0,0.0,0,0.0,2602.63,0.0,0,0,0,0,1146.4,1146.4,1.0,18,0,0,0.0,284,0,1,1,0,RET002429,CUST02047
144,2,0,0.0,0,0.0,1945.26,0.0,0,0,0,0,1258.67,1258.67,1.0,7,0,0,0.0,144,0,1,1,0,RET002430,CUST02048
108,6,0,0.0,0,0.0,6495.25,0.0,0,0,0,0,2292.76,2292.76,1.0,12,0,0,0.0,108,0,1,1,0,RET002431,CUST02051
141,3,0,0.0,0,0.0,10274.32,0.0,1,0,0,0,26097.14,26097.14,1.0,22,0,0,0.0,141,1,1,1,0,RET002432,CUST02053
140,4,0,0.0,0,0.0,1849.54,0.0,0,0,0,0,1147.57,1147.57,1.0,27,0,0,0.0,140,0,1,1,0,RET002433,CUST02056
50,16,8,0.5,3,4094.95,6384.72,0.0401,0,4,6,3,2013.42,1308.88,0.6501,6,1,5,4.8,1,0,5,3,1,RET002434,CUST02057
22,5,2,0.4,0,0.0,11185.28,0.0,2,1,2,0,2255.47,2255.47,1.0,1,0,2,2.7273,3,0,5,3,1,RET002435,CUST02057
46,16,4,0.25,3,4094.95,6384.72,0.0401,0,0,3,3,2082.01,2082.01,1.0,2,0,4,2.6087,8,0,5,3,1,RET002436,CUST02057
49,16,6,0.375,3,4094.95,6384.72,0.0401,0,2,5,3,789.99,789.99,1.0,8,1,5,3.6735,2,0,5,3,1,RET002437,CUST02057
38,10,3,0.3,2,2999.1,7654.98,0.0392,0,0,3,2,1095.85,1095.85,1.0,4,0,3,2.3684,16,0,5,3,0,RET002438,CUST02057
19,3,1,0.3333,0,0.0,9682.48,0.0,0,1,1,0,743.63,743.63,1.0,13,0,1,1.5789,5,0,5,3,1,RET002439,CUST02057
53,16,9,0.5625,4,6176.96,6384.72,0.0605,0,5,6,4,17017.72,12760.54,0.7498,12,3,5,5.0943,3,0,5,3,1,RET002440,CUST02057
49,16,6,0.375,3,4094.95,6384.72,0.0401,0,2,5,3,14453.62,14453.62,1.0,14,2,5,3.6735,2,1,5,3,1,RET002441,CUST02057
14,3,0,0.0,0,0.0,9682.48,0.0,0,0,0,0,25600.76,16985.25,0.6635,4,0,0,0.0,14,0,5,3,1,RET002442,CUST02057
47,16,5,0.3125,3,4094.95,6384.72,0.0401,0,1,4,3,2324.82,2324.82,1.0,7,1,5,3.1915,1,0,5,3,1,RET002443,CUST02057
288,9,2,0.2222,1,24452.24,4990.67,0.5444,0,0,0,0,7891.7,7891.7,1.0,5,1,2,0.2083,66,0,5,1,1,RET002444,CUST02058
294,10,3,0.3,1,24452.24,4625.64,0.5286,0,1,1,0,2232.18,2232.18,1.0,8,1,2,0.3061,6,0,5,1,1,RET002445,CUST02058
338,12,4,0.3333,1,24452.24,4347.25,0.4687,0,0,0,0,2782.09,2782.09,1.0,9,0,2,0.355,44,0,5,1,1,RET002446,CUST02058
417,16,5,0.3125,2,27234.33,5508.38,0.309,0,0,0,0,32405.5,32405.5,1.0,9,2,3,0.3597,79,1,5,1,1,RET002447,CUST02058
222,4,1,0.25,0,0.0,7859.27,0.0,0,0,1,0,24452.24,24452.24,1.0,10,0,1,0.1351,15,1,5,1,1,RET002448,CUST02058
207,1,0,0.0,0,0.0,2493.0,0.0,0,0,0,0,2493.0,1048.46,0.4206,11,0,0,0.0,207,0,5,1,0,RET002449,CUST02058
124,7,0,0.0,0,0.0,5485.05,0.0,0,0,0,0,7972.58,7972.58,1.0,16,0,0,0.0,124,0,1,1,0,RET002450,CUST02060
62,6,2,0.3333,0,0.0,1901.6,0.0,1,1,2,0,3790.53,3790.53,1.0,4,1,2,0.9677,5,0,1,1,0,RET002451,CUST02063
71,7,3,0.4286,2,4656.88,2014.47,0.3302,0,0,3,2,2691.72,2425.47,0.9011,8,2,2,1.2676,9,0,1,1,1,RET002452,CUST02063
57,4,1,0.25,0,0.0,1481.59,0.0,0,0,1,0,866.35,866.35,1.0,2,0,1,0.5263,14,0,1,1,0,RET002453,CUST02063
43,2,0,0.0,0,0.0,1343.17,0.0,0,0,0,0,1404.23,1168.93,0.8324,5,0,0,0.0,43,0,1,1,0,RET002454,CUST02063
90,6,0,0.0,0,0.0,5186.22,0.0,0,0,0,0,3359.88,3359.88,1.0,20,0,0,0.0,90,0,1,1,0,RET002455,CUST02064
121,6,0,0.0,0,0.0,1920.63,0.0,1,0,0,0,2466.67,2466.67,1.0,7,0,0,0.0,121,0,1,1,0,RET002456,CUST02070
214,4,0,0.0,0,0.0,2985.28,0.0,1,0,0,0,6464.0,6464.0,1.0,2,0,0,0.0,214,1,2,2,0,RET002457,CUST02071
216,4,1,0.25,0,0.0,2985.28,0.0,0,1,1,0,1691.38,1691.38,1.0,10,0,1,0.1389,2,0,2,2,0,RET002458,CUST02071
234,9,2,0.2222,1,1691.38,5220.55,0.036,0,0,2,1,597.05,597.05,1.0,6,1,2,0.2564,18,0,2,2,0,RET002459,CUST02071
432,18,5,0.2778,3,7139.28,5351.33,0.0741,0,0,0,1,2749.66,2749.66,1.0,14,2,4,0.3472,36,0,2,2,0,RET002460,CUST02071
396,16,4,0.25,2,5829.25,5025.23,0.0725,0,0,1,1,1310.03,1310.03,1.0,7,0,3,0.303,26,0,2,2,0,RET002461,CUST02071
370,13,3,0.2308,1,1691.38,5718.58,0.0228,0,0,0,0,4137.87,4137.87,1.0,7,0,2,0.2432,136,0,2,2,0,RET002462,CUST02071
148,3,0,0.0,0,0.0,5859.1,0.0,0,0,0,0,1516.1,1516.1,1.0,29,0,0,0.0,148,0,1,1,0,RET002463,CUST02072
248,8,2,0.25,2,2304.45,4128.73,0.0698,0,0,0,1,716.91,716.91,1.0,15,0,2,0.2419,39,0,1,1,0,RET002464,CUST02072
209,5,1,0.2,1,1516.1,4015.45,0.0755,0,0,0,0,788.35,788.35,1.0,16,0,1,0.1435,61,0,1,1,1,RET002465,CUST02072
208,10,2,0.2,1,11121.38,8203.2,0.1356,0,0,0,0,22831.25,22831.25,1.0,9,1,2,0.2885,66,1,1,1,0,RET002466,CUST02077
224,11,3,0.2727,1,11121.38,7510.4,0.1346,0,0,1,0,582.46,582.46,1.0,4,0,2,0.4018,16,0,1,1,0,RET002467,CUST02077
142,4,1,0.25,0,0.0,6118.58,0.0,0,0,1,0,11121.38,11121.38,1.0,8,0,1,0.2113,10,0,1,1,0,RET002468,CUST02077
132,2,0,0.0,0,0.0,5364.31,0.0,0,0,0,0,7677.06,7677.06,1.0,11,0,0,0.0,132,0,1,1,0,RET002469,CUST02077
88,10,3,0.3,1,1651.09,4978.72,0.0332,0,0,2,1,2295.36,2295.36,1.0,14,0,2,1.0227,9,0,3,1,0,RET002470,CUST02079
61,5,1,0.2,0,0.0,7021.42,0.0,0,0,1,0,1806.57,1651.09,0.9139,11,0,1,0.4918,22,0,3,1,0,RET002471,CUST02079
79,9,2,0.2222,1,1651.09,5112.68,0.0359,0,0,1,1,1389.61,1389.61,1.0,6,1,2,0.7595,18,0,3,1,0,RET002472,CUST02079
118,14,6,0.4286,1,1651.09,6628.68,0.0178,0,0,3,0,714.47,714.47,1.0,7,1,5,1.5254,29,0,3,1,1,RET002473,CUST02079
39,2,0,0.0,0,0.0,4433.53,0.0,0,0,0,0,6578.86,3308.83,0.5029,7,0,0,0.0,39,0,3,1,0,RET002474,CUST02079
89,11,5,0.4545,1,1651.09,4834.7,0.031,1,2,4,1,3394.56,1407.66,0.4147,1,0,4,1.6854,1,0,3,1,1,RET002475,CUST02079
119,14,7,0.5,1,1651.09,6628.68,0.0178,0,1,2,0,19428.34,19428.34,1.0,5,2,5,1.7647,1,1,3,1,1,RET002476,CUST02079
88,10,3,0.3,1,1651.09,4978.72,0.0332,0,0,2,1,3773.06,3773.06,1.0,3,0,2,1.0227,9,0,3,1,0,RET002477,CUST02079
139,8,0,0.0,0,0.0,2100.26,0.0,0,0,0,0,514.08,514.08,1.0,23,0,0,0.0,139,0,1,1,0,RET002478,CUST02086
376,4,0,0.0,0,0.0,4739.89,0.0,0,0,0,0,7000.67,7000.67,1.0,28,0,0,0.0,376,0,1,1,0,RET002479,CUST02088
122,3,0,0.0,0,0.0,7665.88,0.0,0,0,0,0,1354.27,1354.27,1.0,2,0,0,0.0,122,0,5,1,0,RET002480,CUST02092
69,4,0,0.0,0,0.0,1293.57,0.0,0,0,0,0,285.96,216.62,0.7575,29,0,0,0.0,69,0,1,1,0,RET002481,CUST02095
411,3,0,0.0,0,0.0,2335.85,0.0,0,0,0,0,1264.04,1264.04,1.0,7,0,0,0.0,411,0,1,1,0,RET002482,CUST02096
38,19,6,0.3158,3,4263.82,7189.19,0.0312,0,3,6,3,2524.19,1528.65,0.6056,5,1,5,4.7368,2,0,1,1,1,RET002483,CUST02102
43,22,9,0.4091,4,8207.94,8647.68,0.0431,1,4,9,4,1152.39,1152.39,1.0,11,1,5,6.2791,4,0,1,1,1,RET002484,CUST02102
38,19,6,0.3158,3,4263.82,7189.19,0.0312,0,3,6,3,2499.82,2499.82,1.0,9,2,5,4.7368,2,0,1,1,1,RET002485,CUST02102
36,16,5,0.3125,3,4263.82,7769.76,0.0343,0,2,5,3,3944.12,3944.12,1.0,3,1,5,4.1667,1,0,1,1,1,RET002486,CUST02102
39,19,8,0.4211,3,4263.82,7189.19,0.0312,0,5,8,3,2037.82,2037.82,1.0,3,3,5,6.1538,1,0,1,1,0,RET002487,CUST02102
34,16,3,0.1875,3,4263.82,7769.76,0.0343,3,0,3,3,3368.67,3368.67,1.0,2,0,3,2.6471,13,0,1,1,1,RET002488,CUST02102
49,23,11,0.4783,7,29963.61,8466.24,0.1539,1,2,10,7,7391.53,7391.53,1.0,13,3,5,6.7347,1,0,1,1,1,RET002489,CUST02102
35,16,4,0.25,3,4263.82,7769.76,0.0343,0,1,4,3,16349.18,16349.18,1.0,7,0,4,3.4286,1,1,1,1,1,RET002490,CUST02102
50,23,12,0.5217,7,29963.61,8466.24,0.1539,0,3,10,7,4474.58,4474.58,1.0,2,0,5,7.2,1,0,1,1,1,RET002491,CUST02102
21,3,2,0.6667,0,0.0,1430.72,0.0,0,2,2,0,424.82,424.82,1.0,13,0,2,2.8571,2,0,1,1,0,RET002492,CUST02102
19,3,1,0.3333,0,0.0,1430.72,0.0,0,1,1,0,1500.47,1500.47,1.0,4,0,1,1.5789,1,0,1,1,0,RET002493,CUST02102
18,3,0,0.0,0,0.0,1430.72,0.0,0,0,0,0,2366.88,2366.88,1.0,10,0,0,0.0,18,0,1,1,0,RET002494,CUST02102
48,22,10,0.4545,6,27925.79,8647.68,0.1468,0,1,10,6,5429.62,5429.62,1.0,7,2,5,6.25,5,0,1,1,1,RET002495,CUST02102
66,2,0,0.0,0,0.0,6767.42,0.0,0,0,0,0,2434.58,2434.58,1.0,22,0,0,0.0,66,0,1,1,0,RET002496,CUST02103
210,2,0,0.0,0,0.0,2725.45,0.0,0,0,0,0,3473.33,3473.33,1.0,16,0,0,0.0,210,0,1,1,0,RET002497,CUST02105
270,3,0,0.0,0,0.0,946.59,0.0,0,0,0,0,460.26,460.26,1.0,6,0,0,0.0,270,0,5,1,0,RET002498,CUST02106
146,1,0,0.0,0,0.0,847.25,0.0,0,0,0,0,847.25,423.98,0.5004,30,0,0,0.0,146,0,1,1,0,RET002499,CUST02107
244,6,1,0.1667,1,423.98,1815.98,0.0389,0,0,0,0,2183.57,2183.57,1.0,9,0,1,0.123,98,0,1,1,0,RET002500,CUST02107
20,14,2,0.1429,0,0.0,4053.81,0.0,1,2,2,0,2889.53,1266.21,0.4382,5,0,2,3.0,3,0,1,1,1,RET002501,CUST02108
22,14,3,0.2143,0,0.0,4053.81,0.0,0,3,3,0,484.78,484.78,1.0,5,0,3,4.0909,2,0,1,1,1,RET002502,CUST02108
52,16,6,0.375,4,5591.93,3815.15,0.0916,0,0,3,4,3216.78,3216.78,1.0,13,1,5,3.4615,17,0,1,1,1,RET002503,CUST02108
17,11,1,0.0909,0,0.0,4964.83,0.0,0,1,1,0,3092.56,3092.56,1.0,13,0,1,1.7647,1,0,1,1,1,RET002504,CUST02108
16,11,0,0.0,0,0.0,4964.83,0.0,1,0,0,0,3087.6,3087.6,1.0,2,0,0,0.0,16,0,1,1,1,RET002505,CUST02108
22,14,3,0.2143,0,0.0,4053.81,0.0,0,3,3,0,753.34,753.34,1.0,3,0,3,4.0909,2,0,1,1,1,RET002506,CUST02108
35,15,5,0.3333,4,5591.93,3855.04,0.0967,0,0,5,4,1072.29,1072.29,1.0,8,1,5,4.2857,13,0,1,1,1,RET002507,CUST02108
10,6,1,0.1667,0,0.0,4184.9,0.0,0,1,1,0,12159.93,12159.93,1.0,4,0,1,3.0,1,1,1,2,0,RET002508,CUST02111
11,6,2,0.3333,0,0.0,4184.9,0.0,0,2,2,0,1052.67,903.33,0.8581,9,0,2,5.4545,1,0,1,2,0,RET002509,CUST02111
19,9,5,0.5556,2,5347.3,3716.27,0.1599,0,2,5,2,3554.77,3221.78,0.9063,8,1,5,7.8947,3,0,1,2,1,RET002510,CUST02111
9,6,0,0.0,0,0.0,4184.9,0.0,0,0,0,0,1065.89,1065.89,1.0,7,0,0,0.0,9,0,1,2,0,RET002511,CUST02111
21,9,6,0.6667,2,5347.3,3716.27,0.1599,0,3,6,2,3686.87,3686.87,1.0,9,1,5,8.5714,2,0,1,2,1,RET002512,CUST02111
16,9,4,0.4444,2,5347.3,3716.27,0.1599,0,4,4,2,750.92,750.92,1.0,12,0,4,7.5,2,0,1,2,1,RET002513,CUST02111
14,9,3,0.3333,1,903.33,3716.27,0.027,0,3,3,1,4443.97,4443.97,1.0,8,0,3,6.4286,3,0,1,2,1,RET002514,CUST02111
106,17,11,0.6471,8,29525.18,4280.68,0.4057,0,0,2,1,1188.21,1188.21,1.0,12,0,6,3.1132,22,0,1,2,1,RET002515,CUST02111
84,15,9,0.6,7,28749.67,4087.16,0.4689,0,0,0,1,775.51,775.51,1.0,4,1,6,3.2143,33,0,1,2,1,RET002516,CUST02111
24,9,7,0.7778,3,6098.22,3716.27,0.1823,0,2,7,3,1095.38,942.22,0.8602,12,0,5,8.75,3,0,1,2,1,RET002517,CUST02111
84,15,9,0.6,7,28749.67,4087.16,0.4689,0,0,0,1,1565.38,1442.22,0.9213,3,1,6,3.2143,33,0,1,2,1,RET002518,CUST02111
51,11,8,0.7273,6,13502.19,5088.99,0.2412,0,0,2,4,15247.48,15247.48,1.0,4,2,6,4.7059,27,1,1,2,1,RET002519,CUST02111
136,4,0,0.0,0,0.0,6967.36,0.0,0,0,0,0,2066.63,2066.63,1.0,19,0,0,0.0,136,0,1,1,0,RET002520,CUST02112
47,9,5,0.5556,2,25990.07,4774.86,0.6048,0,2,3,2,2788.16,2788.16,1.0,9,2,3,3.1915,2,0,3,2,1,RET002521,CUST02115
48,9,6,0.6667,3,28498.63,4774.86,0.6632,0,2,4,2,2224.74,2224.74,1.0,12,0,3,3.75,1,0,3,2,1,RET002522,CUST02115
75,12,9,0.75,5,35460.33,4195.98,0.7043,1,2,5,3,3252.88,3252.88,1.0,1,1,5,3.6,4,0,3,2,1,RET002523,CUST02115
14,4,0,0.0,0,0.0,7357.4,0.0,1,0,0,0,2401.41,2277.83,0.9485,13,0,0,0.0,14,0,3,2,0,RET002524,CUST02115
45,9,4,0.4444,2,25990.07,4774.86,0.6048,0,1,3,2,4173.54,4173.54,1.0,2,1,3,2.6667,5,0,3,2,1,RET002525,CUST02115
69,11,7,0.6364,5,35460.33,4281.72,0.7529,0,0,4,3,1598.21,1598.21,1.0,4,0,4,3.0435,21,0,3,2,1,RET002526,CUST02115
71,11,8,0.7273,5,35460.33,4281.72,0.7529,0,1,4,3,2526.95,2526.95,1.0,9,2,5,3.3803,2,0,3,2,1,RET002527,CUST02115
15,4,1,0.25,0,0.0,7357.4,0.0,0,1,1,0,1592.84,1592.84,1.0,3,1,1,2.0,1,0,3,2,0,RET002528,CUST02115
40,8,3,0.375,2,25990.07,4850.03,0.6698,1,0,3,2,2508.56,2508.56,1.0,4,0,2,2.25,16,0,3,2,1,RET002529,CUST02115
24,4,2,0.5,1,1592.84,7357.4,0.0541,0,0,2,1,24397.23,24397.23,1.0,11,0,1,2.5,9,1,3,2,1,RET002530,CUST02115
42,3,1,0.3333,1,10166.35,10025.85,0.338,0,0,1,1,15286.53,15286.53,1.0,4,0,1,0.7143,25,0,1,1,1,RET002531,CUST02118
17,1,0,0.0,0,0.0,13152.14,0.0,0,0,0,0,13152.14,10166.35,0.773,7,0,0,0.0,17,0,1,1,0,RET002532,CUST02118
69,9,3,0.3333,3,27091.76,14045.75,0.2143,0,0,2,2,22933.52,22933.52,1.0,5,0,3,1.3043,19,0,1,1,0,RET002533,CUST02118
50,5,2,0.4,1,10166.35,6554.82,0.3102,1,0,1,1,1638.88,1638.88,1.0,14,0,2,1.2,8,0,1,1,1,RET002534,CUST02118
315,4,0,0.0,0,0.0,9262.72,0.0,1,0,0,0,1686.22,780.4,0.4628,2,0,0,0.0,315,0,1,1,0,RET002535,CUST02122
316,4,1,0.25,0,0.0,9262.72,0.0,0,1,1,0,12612.16,12612.16,1.0,10,0,1,0.0949,1,0,1,1,0,RET002536,CUST02122
437,9,3,0.3333,3,38058.09,10637.87,0.3975,2,0,0,0,8000.0,5515.03,0.6894,1,0,3,0.2059,89,0,1,1,1,RET002537,CUST02122
348,5,2,0.4,2,13392.56,13743.36,0.1949,0,0,0,2,31665.93,24665.53,0.7789,4,0,2,0.1724,32,0,1,1,0,RET002538,CUST02122
447,9,4,0.4444,3,38058.09,10637.87,0.3975,0,0,1,0,1120.69,1120.69,1.0,11,1,4,0.2685,10,0,1,1,1,RET002539,CUST02122
56,13,4,0.3077,2,26668.79,5443.63,0.3769,1,4,4,2,939.69,939.69,1.0,6,1,3,2.1429,4,0,3,4,1,RET002540,CUST02124
68,16,6,0.375,5,31101.35,5755.69,0.3377,1,0,6,5,4040.65,4040.65,1.0,14,2,3,2.6471,12,0,3,4,1,RET002541,CUST02124
51,10,2,0.2,0,0.0,5257.82,0.0,2,2,2,0,1414.08,1021.35,0.7223,4,0,1,1.1765,1,0,3,4,0,RET002542,CUST02124
50,8,0,0.0,0,0.0,6321.25,0.0,0,0,0,0,2908.33,2908.33,1.0,4,0,0,0.0,50,0,3,4,0,RET002543,CUST02124
52,11,3,0.2727,0,0.0,5882.13,0.0,1,3,3,0,15963.22,7001.68,0.4386,6,0,2,1.7308,1,0,3,4,1,RET002544,CUST02124
56,13,4,0.3077,2,26668.79,5443.63,0.3769,1,4,4,2,1068.52,553.05,0.5176,6,1,3,2.1429,4,0,3,4,1,RET002545,CUST02124
50,8,0,0.0,0,0.0,6321.25,0.0,0,0,0,0,19667.11,19667.11,1.0,2,0,0,0.0,50,1,3,4,0,RET002546,CUST02124
81,16,8,0.5,6,32185.62,5755.69,0.3495,0,0,6,6,3927.97,3927.97,1.0,14,3,3,2.963,13,0,3,4,1,RET002547,CUST02124
68,16,6,0.375,5,31101.35,5755.69,0.3377,1,0,6,5,2760.3,1315.95,0.4767,11,3,3,2.6471,12,0,3,4,1,RET002548,CUST02124
277,2,0,0.0,0,0.0,1690.43,0.0,0,0,0,0,2230.86,1697.85,0.7611,12,0,0,0.0,277,0,1,1,0,RET002549,CUST02125
338,1,0,0.0,0,0.0,2656.71,0.0,0,0,0,0,2656.71,2656.71,1.0,5,0,0,0.0,338,0,1,1,0,RET002550,CUST02126
221,8,0,0.0,0,0.0,2248.58,0.0,0,0,0,0,1132.24,1132.24,1.0,6,0,0,0.0,221,0,1,4,0,RET002551,CUST02127
86,8,1,0.125,0,0.0,5406.53,0.0,0,0,0,0,1044.72,1044.72,1.0,11,0,1,0.3488,79,0,2,1,0,RET002552,CUST02128
7,2,0,0.0,0,0.0,2466.44,0.0,1,0,0,0,1698.12,1698.12,1.0,7,0,0,0.0,7,0,2,1,0,RET002553,CUST02128
188,8,1,0.125,1,698.47,5542.57,0.0158,0,0,0,0,4467.15,4467.15,1.0,28,0,1,0.1596,163,0,1,3,0,RET002554,CUST02130
25,1,0,0.0,0,0.0,894.28,0.0,0,0,0,0,894.28,894.28,1.0,4,0,0,0.0,25,0,1,3,1,RET002555,CUST02130
126,4,2,0.5,0,0.0,7559.74,0.0,1,1,2,0,23462.53,23462.53,1.0,2,0,2,0.4762,4,1,1,4,1,RET002556,CUST02132
177,10,7,0.7,1,2273.63,6625.01,0.0343,1,2,3,1,1219.55,1219.55,1.0,1,0,4,1.1864,4,0,1,4,1,RET002557,CUST02132
153,7,4,0.5714,0,0.0,5276.54,0.0,0,0,2,0,2273.63,2273.63,1.0,9,2,3,0.7843,27,0,1,4,1,RET002558,CUST02132
122,2,1,0.5,0,0.0,2767.55,0.0,0,0,1,0,3823.17,3823.17,1.0,6,0,1,0.2459,21,0,1,4,1,RET002559,CUST02132
101,1,0,0.0,0,0.0,1711.92,0.0,0,0,0,0,1711.92,1711.92,1.0,6,0,0,0.0,101,0,1,4,0,RET002560,CUST02132
171,8,5,0.625,1,2273.63,7934.63,0.0358,0,0,1,1,26541.24,26541.24,1.0,14,0,3,0.8772,18,1,1,4,1,RET002561,CUST02132
126,4,2,0.5,0,0.0,7559.74,0.0,1,1,2,0,1241.36,1241.36,1.0,1,0,2,0.4762,4,0,1,4,1,RET002562,CUST02132
173,9,6,0.6667,1,2273.63,7225.62,0.035,1,1,2,1,1553.51,1194.66,0.769,1,1,4,1.0405,2,0,1,4,1,RET002563,CUST02132
21,6,0,0.0,0,0.0,13005.57,0.0,0,0,0,0,33926.11,24916.34,0.7344,8,0,0,0.0,21,0,1,2,0,RET002564,CUST02133
44,15,5,0.3333,3,35876.9,8858.99,0.27,1,3,5,3,1343.26,656.61,0.4888,13,1,4,3.4091,2,0,1,2,1,RET002565,CUST02133
24,7,1,0.1429,0,0.0,12698.66,0.0,1,1,1,0,10857.22,10857.22,1.0,1,0,1,1.25,3,0,1,2,0,RET002566,CUST02133
38,14,2,0.1429,2,35222.56,9334.14,0.2695,0,0,2,2,1272.8,1272.8,1.0,12,0,2,1.5789,14,0,1,2,1,RET002567,CUST02133
42,14,4,0.2857,3,35876.9,9334.14,0.2745,0,2,4,3,511.84,511.84,1.0,12,1,4,2.8571,4,0,1,2,1,RET002568,CUST02133
75,19,7,0.3684,5,37388.49,8277.17,0.2377,0,0,0,2,2782.81,2782.81,1.0,12,1,5,2.8,31,0,1,2,1,RET002569,CUST02133
44,15,5,0.3333,3,35876.9,8858.99,0.27,1,3,5,3,2206.9,999.75,0.453,1,0,4,3.4091,2,0,1,2,1,RET002570,CUST02133
38,14,2,0.1429,2,35222.56,9334.14,0.2695,0,0,2,2,16348.32,7273.87,0.4449,12,0,2,1.5789,14,0,1,2,1,RET002571,CUST02133
58,4,0,0.0,0,0.0,4270.56,0.0,0,0,0,0,1630.93,1630.93,1.0,23,0,0,0.0,58,0,1,1,0,RET002572,CUST02134
137,3,0,0.0,0,0.0,1043.55,0.0,0,0,0,0,536.27,536.27,1.0,7,0,0,0.0,137,0,1,1,0,RET002573,CUST02135
451,4,0,0.0,0,0.0,14900.87,0.0,0,0,0,0,2201.33,2201.33,1.0,2,0,0,0.0,451,0,5,1,0,RET002574,CUST02136
19,7,1,0.1429,0,0.0,6859.44,0.0,1,1,1,0,3612.57,3612.57,1.0,2,0,1,1.5789,5,0,5,2,0,RET002575,CUST02137
26,10,2,0.2,1,702.24,6106.73,0.0115,0,1,2,1,2221.74,1147.42,0.5165,5,0,2,2.3077,7,0,5,2,0,RET002576,CUST02137
14,4,0,0.0,0,0.0,7527.61,0.0,0,0,0,0,702.24,702.24,1.0,5,0,0,0.0,14,0,5,2,1,RET002577,CUST02137
96,14,4,0.2857,3,27918.67,6626.37,0.3009,0,0,0,0,996.82,996.82,1.0,5,1,3,1.25,50,0,5,2,1,RET002578,CUST02137
46,13,3,0.2308,2,1849.66,7059.42,0.0202,0,0,2,2,26069.01,26069.01,1.0,7,1,3,1.9565,20,1,5,2,1,RET002579,CUST02137
219,7,2,0.2857,2,1526.23,2675.82,0.0815,0,0,0,1,822.92,822.92,1.0,30,1,2,0.274,31,0,1,1,0,RET002580,CUST02138
77,2,0,0.0,0,0.0,754.33,0.0,0,0,0,0,1229.16,1229.16,1.0,4,0,0,0.0,77,0,1,1,0,RET002581,CUST02138
188,5,1,0.2,1,1229.16,3314.32,0.0742,0,0,0,0,1318.15,567.41,0.4305,6,0,1,0.1596,111,0,1,1,0,RET002582,CUST02138
364,4,0,0.0,0,0.0,6967.22,0.0,0,0,0,0,2528.9,1384.81,0.5476,18,0,0,0.0,364,0,1,1,0,RET002583,CUST02140
206,2,0,0.0,0,0.0,1806.76,0.0,0,0,0,0,1133.8,1133.8,1.0,28,0,0,0.0,206,0,1,1,0,RET002584,CUST02144
196,3,0,0.0,0,0.0,644.67,0.0,0,0,0,0,670.38,670.38,1.0,23,0,0,0.0,196,0,1,1,0,RET002585,CUST02146
199,3,1,0.3333,0,0.0,644.67,0.0,0,1,1,0,665.09,317.96,0.4781,25,0,1,0.1508,3,0,1,1,1,RET002586,CUST02146
280,1,0,0.0,0,0.0,483.98,0.0,0,0,0,0,483.98,410.15,0.8475,10,0,0,0.0,280,0,1,1,0,RET002587,CUST02147
366,4,1,0.25,1,410.15,7826.9,0.0131,0,0,0,0,29402.04,29402.04,1.0,12,0,1,0.082,86,1,1,1,0,RET002588,CUST02147
23,8,2,0.25,2,6541.13,2711.74,0.3015,0,1,2,2,910.3,910.3,1.0,8,0,1,2.6087,3,0,1,1,1,RET002589,CUST02149
20,7,1,0.1429,1,685.04,2741.15,0.0357,0,0,1,1,5856.09,5856.09,1.0,7,1,1,1.5,16,1,1,1,0,RET002590,CUST02149
4,2,0,0.0,0,0.0,1859.19,0.0,1,0,0,0,685.04,685.04,1.0,2,0,0,0.0,4,0,1,1,0,RET002591,CUST02149
52,3,0,0.0,0,0.0,1587.44,0.0,0,0,0,0,1732.31,1121.36,0.6473,15,0,0,0.0,52,0,1,1,0,RET002592,CUST02150
68,4,0,0.0,0,0.0,1711.01,0.0,0,0,0,0,1761.34,1761.34,1.0,27,0,0,0.0,68,0,1,1,0,RET002593,CUST02151
279,7,0,0.0,0,0.0,4483.7,0.0,0,0,0,0,2273.73,2273.73,1.0,22,0,0,0.0,279,0,3,1,0,RET002594,CUST02153
189,6,0,0.0,0,0.0,11061.84,0.0,0,0,0,0,450.85,450.85,1.0,23,0,0,0.0,189,0,1,1,0,RET002595,CUST02154
122,4,0,0.0,0,0.0,7058.24,0.0,0,0,0,0,20168.51,20168.51,1.0,8,0,0,0.0,122,1,1,1,0,RET002596,CUST02156
216,7,1,0.1429,0,0.0,6914.42,0.0,0,0,0,0,4663.0,2050.03,0.4396,24,0,1,0.1389,94,0,1,1,0,RET002597,CUST02156
298,2,0,0.0,0,0.0,1298.18,0.0,0,0,0,0,564.39,564.39,1.0,25,0,0,0.0,298,0,1,1,0,RET002598,CUST02158
92,11,6,0.5455,2,3817.85,6061.89,0.0573,0,0,2,1,1273.66,1273.66,1.0,3,3,3,1.9565,12,0,1,3,1,RET002599,CUST02162
38,4,2,0.5,1,430.26,5179.05,0.0208,0,1,2,1,1458.38,901.49,0.6181,13,1,2,1.5789,4,0,1,3,0,RET002600,CUST02162
69,8,4,0.5,1,430.26,5416.87,0.0099,0,0,1,0,3387.59,3387.59,1.0,5,2,2,1.7391,14,0,1,3,1,RET002601,CUST02162
34,4,1,0.25,1,430.26,5179.05,0.0208,0,1,1,1,3118.22,3118.22,1.0,4,0,1,0.8824,4,0,1,3,0,RET002602,CUST02162
30,3,0,0.0,0,0.0,5865.99,0.0,0,0,0,0,430.26,430.26,1.0,8,0,0,0.0,30,0,1,3,0,RET002603,CUST02162
80,9,5,0.5556,2,3817.85,7124.68,0.0595,0,0,2,1,20787.16,20787.16,1.0,11,0,2,1.875,11,1,1,3,1,RET002604,CUST02162
55,7,3,0.4286,1,430.26,5706.77,0.0108,0,0,3,1,1887.99,1887.99,1.0,6,1,2,1.6364,17,0,1,3,1,RET002605,CUST02162
135,6,2,0.3333,2,3037.4,2481.65,0.204,0,0,1,1,1375.2,1375.2,1.0,19,1,2,0.4444,20,0,1,1,0,RET002606,CUST02166
115,4,1,0.25,1,818.28,2949.24,0.0694,0,0,0,0,3655.57,2219.12,0.6071,10,0,1,0.2609,111,0,1,1,0,RET002607,CUST02166
4,1,0,0.0,0,0.0,1833.56,0.0,0,0,0,0,1833.56,818.28,0.4463,3,0,0,0.0,4,0,1,1,0,RET002608,CUST02166
57,5,0,0.0,0,0.0,4028.94,0.0,1,0,0,0,12419.98,6511.88,0.5243,7,0,0,0.0,57,0,1,3,0,RET002609,CUST02168
101,13,1,0.0769,1,6511.88,5731.13,0.0874,1,0,0,0,2420.7,2420.7,1.0,4,0,1,0.297,44,0,1,3,1,RET002610,CUST02168
172,16,2,0.125,2,8932.58,6335.56,0.0881,0,0,0,0,3896.86,3896.86,1.0,9,0,2,0.3488,71,0,1,3,0,RET002611,CUST02168
168,16,6,0.375,4,22108.23,7569.76,0.1825,0,0,3,2,1124.1,1124.1,1.0,9,3,2,1.0714,9,0,5,4,1,RET002612,CUST02169
171,16,7,0.4375,5,23232.33,7569.76,0.1918,0,1,4,3,3422.91,3239.75,0.9465,8,4,2,1.2281,3,0,5,4,1,RET002613,CUST02169
159,11,5,0.4545,2,2621.85,7850.33,0.0304,1,1,2,0,1645.99,1146.92,0.6968,1,2,2,0.9434,6,0,5,4,1,RET002614,CUST02169
153,10,4,0.4,2,2621.85,8470.77,0.031,0,1,1,0,6456.47,2661.54,0.4122,6,2,2,0.7843,4,0,5,4,1,RET002615,CUST02169
149,7,3,0.4286,2,2621.85,11289.97,0.0332,0,0,0,0,18339.46,18339.46,1.0,6,1,2,0.604,43,0,5,4,1,RET002616,CUST02169
66,2,0,0.0,0,0.0,16648.93,0.0,0,0,0,0,992.44,737.8,0.7434,8,0,0,0.0,66,0,5,4,0,RET002617,CUST02169
86,4,1,0.25,1,737.8,9279.76,0.0199,1,0,1,1,1884.05,1884.05,1.0,12,0,1,0.3488,20,0,5,4,1,RET002618,CUST02169
106,5,2,0.4,2,2621.85,10846.77,0.0483,0,0,1,1,17114.81,9077.34,0.5304,3,1,2,0.566,20,0,5,4,1,RET002619,CUST02169
171,16,7,0.4375,5,23232.33,7569.76,0.1918,0,1,4,3,18094.78,14645.85,0.8094,5,4,2,1.2281,3,0,5,4,1,RET002620,CUST02169
70,6,0,0.0,0,0.0,1509.56,0.0,0,0,0,0,1587.83,1587.83,1.0,2,0,0,0.0,70,0,3,4,0,RET002621,CUST02171
167,17,4,0.2353,3,5512.88,4609.95,0.0703,1,0,1,1,13488.03,13488.03,1.0,1,1,4,0.7186,15,1,3,4,1,RET002622,CUST02171
86,8,1,0.125,1,1587.83,1288.76,0.154,0,0,1,1,1094.67,1094.67,1.0,12,0,1,0.3488,16,0,3,4,0,RET002623,CUST02171
152,16,3,0.1875,2,2682.5,4055.07,0.0413,1,0,1,0,2830.38,2830.38,1.0,7,0,3,0.5921,29,0,3,4,0,RET002624,CUST02171
123,12,2,0.1667,2,2682.5,3050.36,0.0733,0,0,0,0,17604.48,17604.48,1.0,11,0,2,0.4878,37,1,3,4,0,RET002625,CUST02171
176,18,5,0.2778,3,5512.88,5227.17,0.0586,0,0,2,1,15719.91,15719.91,1.0,3,1,4,0.8523,9,1,3,4,1,RET002626,CUST02171
249,4,2,0.5,2,2027.19,1543.38,0.3284,0,1,1,1,2687.58,2687.58,1.0,8,0,2,0.241,7,0,1,1,1,RET002627,CUST02172
128,1,0,0.0,0,0.0,1185.79,0.0,0,0,0,0,1185.79,1185.79,1.0,13,0,0,0.0,128,0,1,1,0,RET002628,CUST02172
242,4,1,0.25,1,1185.79,1543.38,0.1921,1,0,0,0,841.4,841.4,1.0,2,0,1,0.124,114,0,1,1,0,RET002629,CUST02172
88,2,0,0.0,0,0.0,1075.19,0.0,0,0,0,0,810.54,810.54,1.0,17,0,0,0.0,88,0,1,1,0,RET002630,CUST02174
93,13,6,0.4615,3,4998.08,9105.67,0.0422,0,2,2,0,2178.32,1153.31,0.5294,12,0,3,1.9355,1,0,1,3,1,RET002631,CUST02175
11,1,0,0.0,0,0.0,1945.69,0.0,0,0,0,0,1945.69,1945.69,1.0,11,0,0,0.0,11,0,1,3,0,RET002632,CUST02175
87,13,4,0.3077,3,4998.08,9105.67,0.0422,0,0,0,2,9474.1,7909.45,0.8348,4,0,2,1.3793,31,0,1,3,1,RET002633,CUST02175
117,17,7,0.4118,4,5883.72,9023.82,0.0384,0,0,3,1,5738.05,5738.05,1.0,10,1,4,1.7949,24,0,1,3,1,RET002634,CUST02175
56,6,3,0.5,1,1945.69,5187.66,0.0625,0,1,2,0,2358.84,2358.84,1.0,14,2,2,1.6071,4,0,1,3,1,RET002635,CUST02175
36,3,1,0.3333,1,1945.69,8896.29,0.0729,0,0,1,1,2046.37,2046.37,1.0,5,0,1,0.8333,25,0,1,3,0,RET002636,CUST02175
92,13,5,0.3846,3,4998.08,9105.67,0.0422,0,1,1,1,3802.6,3802.6,1.0,13,1,3,1.6304,5,0,1,3,1,RET002637,CUST02175
52,6,2,0.3333,1,1945.69,5187.66,0.0625,0,0,1,0,693.55,693.55,1.0,5,1,2,1.1538,16,0,1,3,0,RET002638,CUST02175
217,4,0,0.0,0,0.0,6293.34,0.0,0,0,0,0,4104.94,3417.22,0.8325,21,0,0,0.0,217,0,1,1,0,RET002639,CUST02180
28,6,2,0.3333,1,1133.94,9118.63,0.0207,0,0,2,1,2107.78,2107.78,1.0,14,1,2,2.1429,14,0,1,2,0,RET002640,CUST02181
14,3,1,0.3333,0,0.0,16581.15,0.0,1,1,1,0,3259.37,1870.39,0.5739,1,0,1,2.1429,5,0,1,2,0,RET002641,CUST02181
9,2,0,0.0,0,0.0,23242.03,0.0,1,0,0,0,23318.15,23318.15,1.0,1,0,0,0.0,9,0,1,2,0,RET002642,CUST02181
409,5,1,0.2,1,1767.35,6194.34,0.0571,0,0,0,0,2631.25,2631.25,1.0,9,0,1,0.0733,86,0,1,4,0,RET002643,CUST02186
469,9,3,0.3333,2,7172.99,6036.69,0.132,0,0,1,1,8888.54,8888.54,1.0,6,2,2,0.1919,18,0,1,4,1,RET002644,CUST02186
451,8,2,0.25,1,1767.35,5680.21,0.0389,0,0,0,0,5405.64,5405.64,1.0,2,1,2,0.133,42,0,1,4,1,RET002645,CUST02186
323,3,0,0.0,0,0.0,9055.3,0.0,0,0,0,0,1767.35,1767.35,1.0,9,0,0,0.0,323,0,1,4,0,RET002646,CUST02186
106,4,0,0.0,0,0.0,4593.49,0.0,0,0,0,0,8046.6,8046.6,1.0,6,0,0,0.0,106,0,1,1,0,RET002647,CUST02187
177,1,0,0.0,0,0.0,6660.87,0.0,0,0,0,0,6660.87,6660.87,1.0,24,0,0,0.0,177,0,1,1,0,RET002648,CUST02189
146,2,0,0.0,0,0.0,15516.21,0.0,0,0,0,0,30086.53,18668.06,0.6205,23,0,0,0.0,146,0,1,1,0,RET002649,CUST02193
43,10,3,0.3,1,1522.86,4173.99,0.0365,0,1,2,1,2766.15,2128.18,0.7694,10,0,3,2.093,3,0,1,1,0,RET002650,CUST02194
55,12,5,0.4167,2,2592.18,3985.26,0.0542,0,1,4,2,4193.9,4193.9,1.0,9,1,5,2.7273,6,0,1,1,1,RET002651,CUST02194
32,4,1,0.25,0,0.0,5944.02,0.0,0,0,1,0,1522.86,1522.86,1.0,5,0,1,0.9375,29,0,1,1,0,RET002652,CUST02194
49,12,4,0.3333,1,1522.86,3985.26,0.0318,0,1,3,1,4482.05,4482.05,1.0,14,0,4,2.449,6,0,1,1,1,RET002653,CUST02194
40,10,2,0.2,1,1522.86,4173.99,0.0365,1,0,1,1,2201.78,1069.32,0.4857,12,0,2,1.5,8,0,1,1,0,RET002654,CUST02194
3,1,0,0.0,0,0.0,2248.48,0.0,0,0,0,0,2248.48,2248.48,1.0,3,0,0,0.0,3,0,1,1,0,RET002655,CUST02194
68,14,6,0.4286,3,6786.08,3812.65,0.1271,0,0,4,3,2734.58,2734.58,1.0,2,1,5,2.6471,13,0,1,1,1,RET002656,CUST02194
121,3,0,0.0,0,0.0,3831.99,0.0,0,0,0,0,1040.67,809.72,0.7781,28,0,0,0.0,121,0,1,1,0,RET002657,CUST02197
125,5,0,0.0,0,0.0,13697.91,0.0,0,0,0,0,4184.18,4184.18,1.0,2,0,0,0.0,125,0,1,1,0,RET002658,CUST02200
178,6,1,0.1667,1,4184.18,11773.09,0.0592,0,0,0,0,2149.01,1059.77,0.4931,3,1,1,0.1685,53,0,1,1,0,RET002659,CUST02200
180,3,0,0.0,0,0.0,7900.24,0.0,0,0,0,0,17796.36,17796.36,1.0,22,0,0,0.0,180,1,1,1,0,RET002660,CUST02201
184,3,1,0.3333,1,17796.36,7900.24,0.7509,0,1,1,1,755.05,755.05,1.0,30,0,1,0.163,4,0,1,1,1,RET002661,CUST02201
255,1,0,0.0,0,0.0,3603.71,0.0,0,0,0,0,3603.71,3603.71,1.0,10,0,0,0.0,255,0,1,1,0,RET002662,CUST02203
300,4,0,0.0,0,0.0,2076.62,0.0,0,0,0,0,3322.87,3322.87,1.0,17,0,0,0.0,300,0,1,1,0,RET002663,CUST02205
8,1,0,0.0,0,0.0,17831.84,0.0,0,0,0,0,17831.84,17831.84,1.0,6,0,0,0.0,8,0,3,4,0,RET002664,CUST02206
60,10,5,0.5,1,17038.93,7180.86,0.2373,0,3,4,1,19431.61,19431.61,1.0,12,1,3,2.5,1,1,3,4,1,RET002665,CUST02206
63,10,6,0.6,2,36470.54,7180.86,0.5079,0,2,5,2,2626.96,1876.26,0.7142,12,0,3,2.8571,3,0,3,4,1,RET002666,CUST02206
53,8,2,0.25,1,17038.93,8357.86,0.2548,0,0,1,1,4928.58,4928.58,1.0,2,0,1,1.1321,19,0,3,4,1,RET002667,CUST02206
54,8,3,0.375,1,17038.93,8357.86,0.2548,0,1,2,1,1962.22,1036.83,0.5284,7,0,2,1.6667,1,0,3,4,1,RET002668,CUST02206
94,13,9,0.6923,6,43888.18,6884.33,0.4904,0,1,2,3,14236.6,14236.6,1.0,12,1,5,2.8723,3,1,3,4,1,RET002669,CUST02206
64,10,7,0.7,3,37276.23,7180.86,0.5191,0,3,6,3,1064.64,1064.64,1.0,10,2,4,3.2812,1,0,3,4,1,RET002670,CUST02206
34,4,1,0.25,0,0.0,9478.38,0.0,0,0,1,0,17038.93,17038.93,1.0,3,1,1,0.8824,26,0,3,4,1,RET002671,CUST02206
91,13,8,0.6154,6,43888.18,6884.33,0.4904,0,0,2,5,1331.22,748.82,0.5625,13,0,4,2.6374,27,0,3,4,1,RET002672,CUST02206
59,10,4,0.4,1,17038.93,7180.86,0.2373,0,2,3,1,3881.09,3881.09,1.0,3,2,3,2.0339,5,0,3,4,1,RET002673,CUST02206
336,3,0,0.0,0,0.0,1794.11,0.0,0,0,0,0,2429.22,2429.22,1.0,5,0,0,0.0,336,0,1,1,0,RET002674,CUST02209
27,1,0,0.0,0,0.0,5220.28,0.0,0,0,0,0,5220.28,5220.28,1.0,11,0,0,0.0,27,0,3,1,0,RET002675,CUST02212
61,10,2,0.2,2,16820.01,9130.36,0.1842,0,0,1,2,1360.19,1360.19,1.0,7,0,1,0.9836,16,0,4,3,0,RET002676,CUST02216
68,11,3,0.2727,2,16820.01,8844.53,0.1729,0,1,2,1,1137.14,1137.14,1.0,10,0,2,1.3235,7,0,4,3,1,RET002677,CUST02216
45,4,1,0.25,1,15156.03,12574.05,0.3013,0,0,1,1,1663.98,1663.98,1.0,13,1,1,0.6667,21,0,4,3,1,RET002678,CUST02216
24,1,0,0.0,0,0.0,15156.03,0.0,0,0,0,0,15156.03,15156.03,1.0,14,0,0,0.0,24,0,4,3,0,RET002679,CUST02216
128,14,4,0.2857,4,19317.34,9158.26,0.1507,0,0,0,0,17272.57,17272.57,1.0,6,2,3,0.9375,60,0,4,3,1,RET002680,CUST02216
21,10,3,0.3,1,10935.46,6312.5,0.1732,1,1,3,1,2724.27,2724.27,1.0,7,0,2,4.2857,3,0,5,1,1,RET002681,CUST02217
30,10,5,0.5,1,10935.46,6312.5,0.1732,0,0,5,1,2525.45,2525.45,1.0,14,0,4,5.0,8,0,5,1,1,RET002682,CUST02217
5,1,0,0.0,0,0.0,18072.94,0.0,0,0,0,0,18072.94,14824.9,0.8203,4,0,0,0.0,5,0,5,1,0,RET002683,CUST02217
22,10,4,0.4,1,10935.46,6312.5,0.1732,0,2,4,1,2161.49,2161.49,1.0,5,0,3,5.4545,1,0,5,1,1,RET002684,CUST02217
10,4,1,0.25,0,0.0,11112.56,0.0,1,1,1,0,7446.05,7446.05,1.0,3,1,1,3.0,5,0,5,1,1,RET002685,CUST02217
18,9,2,0.2222,1,10935.46,6805.21,0.1785,1,0,2,1,1253.57,561.51,0.4479,9,0,1,3.3333,8,0,5,1,0,RET002686,CUST02217
21,6,1,0.1667,0,0.0,6610.34,0.0,0,1,1,0,26191.43,26191.43,1.0,3,0,1,1.4286,2,1,2,1,0,RET002687,CUST02218
19,6,0,0.0,0,0.0,6610.34,0.0,1,0,0,0,6011.11,6011.11,1.0,11,0,0,0.0,19,0,2,1,0,RET002688,CUST02218
31,3,0,0.0,0,0.0,1569.38,0.0,0,0,0,0,421.4,421.4,1.0,4,0,0,0.0,31,0,1,1,0,RET002689,CUST02230
106,3,0,0.0,0,0.0,2871.37,0.0,0,0,0,0,6451.2,4602.8,0.7135,29,0,0,0.0,106,0,1,4,0,RET002690,CUST02231
47,7,1,0.1429,0,0.0,5046.96,0.0,1,0,1,0,1891.07,1379.4,0.7294,2,1,1,0.6383,30,0,4,1,0,RET002691,CUST02237
56,14,4,0.2857,2,21561.78,7476.6,0.206,0,1,3,2,2899.55,2899.55,1.0,11,4,1,2.1429,4,0,4,1,1,RET002692,CUST02237
48,7,2,0.2857,0,0.0,5046.96,0.0,0,1,1,0,6172.95,6172.95,1.0,3,2,1,1.25,1,0,4,1,1,RET002693,CUST02237
52,13,3,0.2308,0,0.0,7871.88,0.0,2,2,2,0,15388.83,15388.83,1.0,3,3,1,1.7308,4,0,4,1,1,RET002694,CUST02237
64,15,5,0.3333,3,24461.33,7016.97,0.2324,1,0,4,3,582.13,582.13,1.0,1,0,1,2.3438,8,0,4,1,1,RET002695,CUST02237
17,1,0,0.0,0,0.0,16598.29,0.0,0,0,0,0,16598.29,11549.66,0.6958,10,0,0,0.0,17,0,4,1,0,RET002696,CUST02237
92,19,8,0.4211,4,26799.28,7296.81,0.1933,0,0,3,1,13029.43,13029.43,1.0,3,0,4,2.6087,11,0,4,1,1,RET002697,CUST02237
64,15,5,0.3333,3,24461.33,7016.97,0.2324,1,0,4,3,2337.95,2337.95,1.0,12,0,1,2.3438,8,0,4,1,1,RET002698,CUST02237
107,20,9,0.45,5,39828.71,7769.55,0.2563,0,0,2,1,16751.58,16751.58,1.0,13,5,5,2.5234,15,1,4,1,1,RET002699,CUST02237
81,17,7,0.4118,4,26799.28,7320.62,0.2153,0,0,4,4,1879.65,1879.65,1.0,13,0,3,2.5926,17,0,4,1,1,RET002700,CUST02237
146,6,0,0.0,0,0.0,7387.79,0.0,0,0,0,0,20083.67,20083.67,1.0,23,0,0,0.0,146,1,2,1,0,RET002701,CUST02238
235,5,1,0.2,0,0.0,5974.7,0.0,0,0,0,0,3208.17,3208.17,1.0,12,0,1,0.1277,33,0,1,1,0,RET002702,CUST02239
202,3,0,0.0,0,0.0,4069.67,0.0,0,0,0,0,1974.38,1974.38,1.0,4,0,0,0.0,202,0,1,1,0,RET002703,CUST02239
223,1,0,0.0,0,0.0,1775.81,0.0,0,0,0,0,1775.81,1775.81,1.0,22,0,0,0.0,223,0,1,1,0,RET002704,CUST02241
88,3,0,0.0,0,0.0,2331.16,0.0,0,0,0,0,3172.11,3172.11,1.0,8,0,0,0.0,88,0,1,1,0,RET002705,CUST02242
170,4,0,0.0,0,0.0,1629.56,0.0,0,0,0,0,3061.9,3061.9,1.0,16,0,0,0.0,170,0,1,1,0,RET002706,CUST02243
182,1,0,0.0,0,0.0,1501.71,0.0,0,0,0,0,1501.71,1501.71,1.0,5,0,0,0.0,182,0,1,1,0,RET002707,CUST02245
72,10,0,0.0,0,0.0,9118.53,0.0,0,0,0,0,609.25,609.25,1.0,3,0,0,0.0,72,0,3,1,0,RET002708,CUST02248
83,18,4,0.2222,1,4995.51,7066.6,0.0393,1,3,4,1,2226.55,1175.15,0.5278,2,0,3,1.4458,3,0,3,1,1,RET002709,CUST02248
77,12,1,0.0833,0,0.0,7903.42,0.0,1,1,1,0,6724.31,6724.31,1.0,8,0,1,0.3896,5,0,3,1,1,RET002710,CUST02248
91,19,7,0.3684,4,8580.71,6812.21,0.0663,0,2,7,4,9285.16,9285.16,1.0,13,0,4,2.3077,6,0,3,1,1,RET002711,CUST02248
84,19,5,0.2632,1,4995.51,6812.21,0.0386,1,4,5,1,1045.07,1045.07,1.0,11,1,4,1.7857,1,0,3,1,1,RET002712,CUST02248
85,19,6,0.3158,2,6170.66,6812.21,0.0477,0,4,6,2,1364.98,1364.98,1.0,3,2,4,2.1176,1,0,3,1,1,RET002713,CUST02248
80,15,3,0.2,0,0.0,8127.68,0.0,0,2,3,0,16045.74,16045.74,1.0,2,0,2,1.125,1,0,3,1,1,RET002714,CUST02248
79,15,2,0.1333,0,0.0,8127.68,0.0,3,2,2,0,2610.63,2610.63,1.0,3,1,2,0.7595,2,0,3,1,1,RET002715,CUST02248
101,20,8,0.4,4,8580.71,6538.46,0.0656,0,0,8,4,1337.13,1337.13,1.0,8,2,5,2.3762,10,0,3,1,1,RET002716,CUST02248
114,23,10,0.4348,6,15033.64,6405.69,0.102,0,1,5,5,12407.77,6613.45,0.533,13,1,5,2.6316,7,0,3,1,1,RET002717,CUST02248
107,22,9,0.4091,6,15033.64,6559.24,0.1042,1,1,8,6,1126.46,1126.46,1.0,1,3,5,2.5234,6,0,3,1,1,RET002718,CUST02248
35,2,0,0.0,0,0.0,1132.27,0.0,0,0,0,0,463.6,208.59,0.4499,30,0,0,0.0,35,0,5,1,0,RET002719,CUST02250
223,8,1,0.125,1,2163.19,3120.12,0.0867,0,0,0,0,11953.22,11953.22,1.0,19,1,1,0.1345,42,1,1,1,0,RET002720,CUST02252
181,5,0,0.0,0,0.0,1674.3,0.0,0,0,0,0,2163.19,2163.19,1.0,10,0,0,0.0,181,0,1,1,0,RET002721,CUST02252
103,12,2,0.1667,0,0.0,10020.07,0.0,0,1,1,0,6441.75,6441.75,1.0,14,1,2,0.5825,5,0,1,1,1,RET002722,CUST02257
98,11,1,0.0909,0,0.0,9561.43,0.0,0,0,0,0,908.9,908.9,1.0,13,0,1,0.3061,37,0,1,1,1,RET002723,CUST02257
233,15,3,0.2,1,6441.75,10853.74,0.0396,0,0,0,0,37931.12,37931.12,1.0,6,0,2,0.3863,130,1,1,1,0,RET002724,CUST02257
61,1,0,0.0,0,0.0,737.09,0.0,0,0,0,0,737.09,737.09,1.0,8,0,0,0.0,61,0,1,1,0,RET002725,CUST02257
44,9,2,0.2222,1,1586.09,7420.6,0.0237,1,0,1,1,1223.65,1223.65,1.0,1,1,2,1.3636,30,0,1,3,0,RET002726,CUST02260
14,4,1,0.25,0,0.0,3850.1,0.0,0,1,1,0,1586.09,1586.09,1.0,13,0,1,2.1429,3,0,1,3,0,RET002727,CUST02260
85,15,4,0.2667,3,6074.37,7122.16,0.0569,1,0,0,0,1539.99,1095.55,0.7114,1,0,3,1.4118,40,0,1,3,1,RET002728,CUST02260
11,4,0,0.0,0,0.0,3850.1,0.0,0,0,0,0,1995.93,1995.93,1.0,10,0,0,0.0,11,0,1,3,0,RET002729,CUST02260
45,9,3,0.3333,1,1586.09,7420.6,0.0237,0,1,1,1,3264.63,3264.63,1.0,12,0,2,2.0,1,0,1,3,0,RET002730,CUST02260
139,11,3,0.2727,1,1696.74,4735.12,0.0326,1,0,0,0,2868.76,2868.76,1.0,11,0,3,0.6475,75,0,5,3,1,RET002731,CUST02263
40,3,0,0.0,0,0.0,3811.23,0.0,0,0,0,0,9943.84,9943.84,1.0,9,0,0,0.0,40,1,5,3,0,RET002732,CUST02263
152,11,4,0.3636,2,4565.5,4735.12,0.0877,0,0,1,1,5933.57,5933.57,1.0,14,0,4,0.7895,13,0,5,3,1,RET002733,CUST02263
60,7,1,0.1429,0,0.0,4624.66,0.0,0,0,1,0,3526.52,1696.74,0.4811,9,0,1,0.5,20,0,5,3,0,RET002734,CUST02263
64,8,2,0.25,1,1696.74,5236.21,0.0405,1,1,2,1,9517.1,9517.1,1.0,1,0,2,0.9375,4,0,5,3,1,RET002735,CUST02263
382,6,0,0.0,0,0.0,8133.76,0.0,0,0,0,0,4051.62,4051.62,1.0,16,0,0,0.0,382,0,1,1,0,RET002736,CUST02264
69,7,2,0.2857,1,740.39,6556.18,0.0161,0,0,1,0,1631.91,1631.91,1.0,20,1,2,0.8696,9,0,1,1,0,RET002737,CUST02265
19,2,0,0.0,0,0.0,1631.42,0.0,1,0,0,0,740.39,740.39,1.0,6,0,0,0.0,19,0,1,1,0,RET002738,CUST02265
60,6,1,0.1667,1,740.39,7210.6,0.0171,0,0,0,0,17119.42,17119.42,1.0,18,0,1,0.5,41,1,1,1,0,RET002739,CUST02265
84,9,2,0.2222,2,22210.7,13040.23,0.1892,0,0,1,2,5372.01,5372.01,1.0,14,0,2,0.7143,10,0,1,1,0,RET002740,CUST02267
46,4,0,0.0,0,0.0,8087.83,0.0,0,0,0,0,1688.07,1688.07,1.0,25,0,0,0.0,46,0,1,1,0,RET002741,CUST02267
74,8,1,0.125,1,1165.1,14588.8,0.01,0,0,1,1,21045.6,21045.6,1.0,13,0,1,0.4054,28,0,1,1,0,RET002742,CUST02267
118,16,8,0.5,6,41002.51,5775.6,0.4437,0,0,3,2,1270.08,1270.08,1.0,14,0,5,2.0339,26,0,5,1,1,RET002743,CUST02269
90,13,5,0.3846,4,15969.85,5503.91,0.2232,0,0,2,3,11815.1,11815.1,1.0,12,1,4,1.6667,25,1,5,1,1,RET002744,CUST02269
63,8,3,0.375,2,9721.44,5000.58,0.243,1,1,2,1,3636.14,3636.14,1.0,1,1,3,1.4286,5,0,5,1,1,RET002745,CUST02269
90,13,5,0.3846,4,15969.85,5503.91,0.2232,0,0,2,3,2000.6,2000.6,1.0,12,1,4,1.6667,25,0,5,1,1,RET002746,CUST02269
92,13,7,0.5385,4,15969.85,5503.91,0.2232,0,2,4,3,13217.56,13217.56,1.0,11,0,4,2.2826,2,1,5,1,1,RET002747,CUST02269
14,2,0,0.0,0,0.0,4863.19,0.0,0,0,0,0,8345.09,8345.09,1.0,10,0,0,0.0,14,0,5,1,0,RET002748,CUST02269
58,6,2,0.3333,1,8345.09,5626.04,0.2472,0,1,1,0,1376.35,1376.35,1.0,7,0,2,1.0345,7,0,5,1,1,RET002749,CUST02269
51,5,1,0.2,1,8345.09,6475.98,0.2577,0,0,0,1,4300.36,4058.0,0.9436,7,0,1,0.5882,37,0,5,1,0,RET002750,CUST02269
65,8,4,0.5,3,13357.58,5000.58,0.3339,0,2,3,2,2612.27,2612.27,1.0,6,0,3,1.8462,2,0,5,1,1,RET002751,CUST02269
73,7,0,0.0,0,0.0,2049.89,0.0,1,0,0,0,2722.71,2722.71,1.0,21,0,0,0.0,73,0,1,1,0,RET002752,CUST02271
36,11,1,0.0909,0,0.0,12093.61,0.0,0,1,1,0,4498.86,4498.86,1.0,12,0,1,0.8333,5,0,1,1,1,RET002753,CUST02274
31,11,0,0.0,0,0.0,12093.61,0.0,1,0,0,0,1034.05,1034.05,1.0,1,0,0,0.0,31,0,1,1,1,RET002754,CUST02274
66,12,2,0.1667,1,3821.25,11948.44,0.0267,0,0,1,1,10351.68,10351.68,1.0,4,1,2,0.9091,30,0,1,1,1,RET002755,CUST02274
86,15,3,0.2,1,3821.25,11461.77,0.0222,0,0,1,0,4615.71,4615.71,1.0,10,0,2,1.0465,20,0,1,1,1,RET002756,CUST02274
134,7,1,0.1429,1,3093.35,7594.62,0.0582,0,0,0,0,1225.55,1225.55,1.0,26,0,1,0.2239,60,0,1,1,0,RET002757,CUST02277
74,4,0,0.0,0,0.0,11264.89,0.0,0,0,0,0,3093.35,3093.35,1.0,25,0,0,0.0,74,0,1,1,0,RET002758,CUST02277
51,3,0,0.0,0,0.0,2341.39,0.0,0,0,0,0,2060.26,2060.26,1.0,17,0,0,0.0,51,0,1,1,0,RET002759,CUST02280
407,6,1,0.1667,1,884.79,2760.42,0.0534,0,0,0,0,1186.48,1077.94,0.9085,18,0,1,0.0737,182,0,1,1,0,RET002760,CUST02281
225,3,0,0.0,0,0.0,2847.33,0.0,0,0,0,0,884.79,884.79,1.0,15,0,0,0.0,225,0,1,1,0,RET002761,CUST02281
227,8,4,0.5,3,6052.98,6655.85,0.1137,1,1,1,1,15719.34,15719.34,1.0,1,1,3,0.5286,3,1,2,1,1,RET002762,CUST02282
250,14,6,0.4286,5,28191.62,9303.72,0.2164,0,0,3,3,874.45,874.45,1.0,10,3,3,0.72,19,0,2,1,1,RET002763,CUST02282
224,6,3,0.5,2,4458.73,3383.86,0.2196,1,0,0,0,1594.25,1594.25,1.0,1,1,3,0.4018,88,0,2,1,1,RET002764,CUST02282
231,11,5,0.4545,3,6052.98,9247.23,0.0595,0,2,2,1,1436.1,1234.5,0.8596,2,2,3,0.6494,4,0,2,1,1,RET002765,CUST02282
136,4,2,0.5,1,1017.34,1860.64,0.1367,0,0,1,0,3441.39,3441.39,1.0,7,0,2,0.4412,25,0,2,1,0,RET002766,CUST02282
111,3,1,0.3333,1,1017.34,1333.73,0.2543,0,0,0,0,1720.93,1720.93,1.0,14,0,1,0.2703,41,0,2,1,0,RET002767,CUST02282
277,16,7,0.4375,6,29066.07,8283.9,0.2193,0,0,1,1,1333.57,1333.57,1.0,12,2,3,0.7581,27,0,2,1,1,RET002768,CUST02282
70,1,0,0.0,0,0.0,1017.34,0.0,0,0,0,0,1017.34,1017.34,1.0,8,0,0,0.0,70,0,2,1,0,RET002769,CUST02282
135,2,1,0.5,0,0.0,2436.82,0.0,0,0,1,0,2528.95,2528.95,1.0,9,0,1,0.2222,10,0,1,1,0,RET002770,CUST02283
125,1,0,0.0,0,0.0,2344.69,0.0,0,0,0,0,2344.69,2344.69,1.0,27,0,0,0.0,125,0,1,1,0,RET002771,CUST02283
344,3,0,0.0,0,0.0,12672.97,0.0,0,0,0,0,33978.45,33978.45,1.0,27,0,0,0.0,344,1,1,1,0,RET002772,CUST02284
285,3,0,0.0,0,0.0,4127.35,0.0,0,0,0,0,8050.53,8050.53,1.0,16,0,0,0.0,285,0,1,1,0,RET002773,CUST02292
332,4,0,0.0,0,0.0,3665.42,0.0,0,0,0,0,1575.62,1575.62,1.0,3,0,0,0.0,332,0,1,1,0,RET002774,CUST02293
179,4,0,0.0,0,0.0,2674.34,0.0,0,0,0,0,3310.68,3310.68,1.0,21,0,0,0.0,179,0,1,1,0,RET002775,CUST02294
22,10,1,0.1,1,3209.55,5115.43,0.0627,1,0,1,1,5369.95,5369.95,1.0,3,0,1,1.3636,8,0,5,1,0,RET002776,CUST02296
41,17,6,0.3529,3,19217.54,5323.05,0.2124,0,2,6,3,1428.9,1428.9,1.0,13,0,4,4.3902,4,0,5,1,1,RET002777,CUST02296
14,6,0,0.0,0,0.0,3780.49,0.0,0,0,0,0,3209.55,3209.55,1.0,13,0,0,0.0,14,0,5,1,0,RET002778,CUST02296
25,12,3,0.25,1,3209.55,5983.37,0.0447,1,2,3,1,738.21,738.21,1.0,14,0,3,3.6,2,0,5,1,1,RET002779,CUST02296
37,17,5,0.2941,2,16785.72,5323.05,0.1855,0,1,5,2,1637.97,1637.97,1.0,13,1,4,4.0541,2,0,5,1,1,RET002780,CUST02296
23,11,2,0.1818,1,3209.55,6378.4,0.0457,1,1,2,1,19008.13,13576.17,0.7142,1,0,2,2.6087,1,1,5,1,1,RET002781,CUST02296
35,17,4,0.2353,2,16785.72,5323.05,0.1855,0,0,4,2,3354.89,2431.82,0.7249,9,1,4,3.4286,10,0,5,1,1,RET002782,CUST02296
244,8,0,0.0,0,0.0,7123.32,0.0,1,0,0,0,16780.8,16780.8,1.0,3,0,0,0.0,244,1,3,1,0,RET002783,CUST02300
253,9,2,0.2222,0,0.0,7510.55,0.0,0,0,2,0,4089.3,4089.3,1.0,11,0,2,0.2372,9,0,3,1,0,RET002784,CUST02300
276,12,3,0.25,0,0.0,8348.39,0.0,0,0,1,0,19841.85,19841.85,1.0,12,0,3,0.3261,23,1,3,1,0,RET002785,CUST02300
244,8,0,0.0,0,0.0,7123.32,0.0,1,0,0,0,2093.65,1156.63,0.5524,1,0,0,0.0,244,0,3,1,0,RET002786,CUST02300
359,14,5,0.3571,2,39070.86,10776.46,0.259,0,0,1,1,31460.74,31460.74,1.0,8,1,5,0.4178,18,1,3,1,1,RET002787,CUST02300
341,13,4,0.3077,1,19841.85,9185.36,0.1662,0,0,0,0,19229.01,19229.01,1.0,11,0,4,0.3519,65,1,3,1,1,RET002788,CUST02300
116,9,3,0.3333,2,26859.63,10303.74,0.2896,0,0,0,1,1265.99,1265.99,1.0,11,2,2,0.7759,35,0,1,1,0,RET002789,CUST02301
81,7,2,0.2857,0,0.0,12698.95,0.0,0,2,2,0,26663.82,26663.82,1.0,8,0,1,0.7407,3,1,1,1,1,RET002790,CUST02301
78,7,1,0.1429,0,0.0,12698.95,0.0,1,1,1,0,2874.41,2874.41,1.0,7,1,1,0.3846,1,0,1,1,0,RET002791,CUST02301
77,6,0,0.0,0,0.0,7661.4,0.0,1,0,0,0,1100.41,1100.41,1.0,1,0,0,0.0,77,0,1,1,0,RET002792,CUST02301
208,13,5,0.3846,2,2938.72,5993.28,0.0377,0,1,4,2,2667.98,1076.79,0.4036,13,2,3,0.7212,4,0,1,4,1,RET002793,CUST02303
193,7,2,0.2857,0,0.0,8079.42,0.0,0,0,1,0,19325.23,19325.23,1.0,2,1,2,0.3109,15,1,1,4,1,RET002794,CUST02303
193,7,2,0.2857,0,0.0,8079.42,0.0,0,0,1,0,1690.5,1524.28,0.9017,5,0,2,0.3109,15,0,1,4,1,RET002795,CUST02303
204,13,4,0.3077,1,1524.28,5993.28,0.0196,0,0,3,1,2492.04,2492.04,1.0,10,1,3,0.5882,11,0,1,4,1,RET002796,CUST02303
69,1,0,0.0,0,0.0,19291.19,0.0,1,0,0,0,19291.19,19291.19,1.0,1,0,0,0.0,69,0,1,4,0,RET002797,CUST02303
178,3,1,0.3333,0,0.0,10833.78,0.0,0,0,0,0,2548.35,2548.35,1.0,11,0,1,0.1685,109,0,1,4,1,RET002798,CUST02303
41,5,2,0.4,2,18882.27,5126.01,0.7367,2,0,1,1,2788.11,2788.11,1.0,1,0,2,1.4634,23,0,1,1,1,RET002799,CUST02304
5,1,0,0.0,0,0.0,17555.83,0.0,0,0,0,0,17555.83,17555.83,1.0,2,0,0,0.0,5,0,1,1,0,RET002800,CUST02304
18,2,1,0.5,1,17555.83,9441.14,0.9298,0,0,1,1,1326.44,1326.44,1.0,10,0,1,1.6667,13,0,1,1,1,RET002801,CUST02304
67,9,3,0.3333,2,18882.27,6289.46,0.3336,0,0,1,0,1075.4,1075.4,1.0,5,1,3,1.3433,26,0,1,1,1,RET002802,CUST02304
17,4,1,0.25,1,1210.9,11685.47,0.0259,0,1,1,1,27627.48,27627.48,1.0,10,0,1,1.7647,7,1,1,1,0,RET002803,CUST02305
29,9,2,0.2222,2,28838.38,6221.58,0.515,0,0,2,2,693.07,693.07,1.0,10,0,2,2.069,12,0,1,1,1,RET002804,CUST02305
10,3,0,0.0,0,0.0,10621.1,0.0,0,0,0,0,1640.36,1210.9,0.7382,4,0,0,0.0,10,0,1,1,0,RET002805,CUST02305
29,9,2,0.2222,2,28838.38,6221.58,0.515,0,0,2,2,1524.75,1379.4,0.9047,2,1,2,2.069,12,0,1,1,1,RET002806,CUST02305
86,4,0,0.0,0,0.0,1847.47,0.0,0,0,0,0,2943.39,2444.45,0.8305,25,0,0,0.0,86,0,1,1,0,RET002807,CUST02307
416,7,1,0.1429,0,0.0,12845.65,0.0,0,0,1,0,3444.48,3444.48,1.0,7,0,1,0.0721,16,0,1,4,0,RET002808,CUST02308
400,4,0,0.0,0,0.0,7510.78,0.0,0,0,0,0,1816.52,1816.52,1.0,4,0,0,0.0,400,0,1,4,0,RET002809,CUST02308
33,10,3,0.3,0,0.0,2393.46,0.0,0,2,3,0,3185.65,3185.65,1.0,9,0,3,2.7273,1,0,4,1,1,RET002810,CUST02310
21,3,0,0.0,0,0.0,2840.83,0.0,0,0,0,0,1394.08,1394.08,1.0,7,0,0,0.0,21,0,4,1,0,RET002811,CUST02310
32,10,2,0.2,0,0.0,2393.46,0.0,0,1,2,0,1282.31,1282.31,1.0,6,0,2,1.875,1,0,4,1,0,RET002812,CUST02310
31,10,1,0.1,0,0.0,2393.46,0.0,0,0,1,0,4016.15,4016.15,1.0,10,0,1,0.9677,10,0,4,1,0,RET002813,CUST02310
53,12,4,0.3333,0,0.0,2215.64,0.0,0,0,3,0,1052.05,1052.05,1.0,8,1,4,2.2642,20,0,4,1,1,RET002814,CUST02310
61,8,1,0.125,0,0.0,8823.46,0.0,0,1,1,0,5877.01,5877.01,1.0,6,0,1,0.4918,2,0,1,3,0,RET002815,CUST02311
87,10,3,0.3,2,15122.36,7442.34,0.2032,0,1,3,2,2177.11,2177.11,1.0,14,0,3,1.0345,1,0,1,3,1,RET002816,CUST02311
86,10,2,0.2,2,15122.36,7442.34,0.2032,1,0,2,2,1658.64,1658.64,1.0,1,0,2,0.6977,25,0,1,3,0,RET002817,CUST02311
59,8,0,0.0,0,0.0,8823.46,0.0,0,0,0,0,9245.35,9245.35,1.0,9,0,0,0.0,59,0,1,3,0,RET002818,CUST02311
393,13,6,0.4615,0,0.0,9942.65,0.0,0,0,1,0,25497.82,25497.82,1.0,10,1,4,0.458,25,1,1,3,1,RET002819,CUST02314
483,24,12,0.5,4,30861.89,7779.79,0.1653,0,0,1,1,287.25,287.25,1.0,9,4,5,0.7453,18,0,1,3,1,RET002820,CUST02314
396,14,7,0.5,0,0.0,9371.7,0.0,0,1,2,0,1949.37,1949.37,1.0,3,2,4,0.5303,3,0,1,3,1,RET002821,CUST02314
347,9,4,0.4444,0,0.0,9733.76,0.0,0,0,1,0,3977.0,3977.0,1.0,8,0,3,0.3458,21,0,1,3,0,RET002822,CUST02314
326,7,3,0.4286,0,0.0,7483.83,0.0,0,0,1,0,17390.16,14293.18,0.8219,9,0,2,0.2761,23,0,1,3,1,RET002823,CUST02314
368,11,5,0.4545,0,0.0,9345.45,0.0,0,0,1,0,5956.31,5190.59,0.8714,8,1,4,0.4076,21,0,1,3,1,RET002824,CUST02314
465,22,11,0.5,3,29385.16,7461.84,0.179,1,0,1,0,1902.77,1476.73,0.7761,1,0,4,0.7097,29,0,1,3,1,RET002825,CUST02314
436,20,10,0.5,3,29385.16,7136.95,0.2059,0,0,2,2,2799.5,2799.5,1.0,12,2,4,0.6881,13,0,1,3,1,RET002826,CUST02314
421,18,8,0.4444,2,27447.19,7690.37,0.1983,0,0,2,2,2440.29,2440.29,1.0,2,2,4,0.5701,25,0,1,3,1,RET002827,CUST02314
285,4,1,0.25,0,0.0,4562.3,0.0,0,0,1,0,7127.8,7127.8,1.0,4,1,1,0.1053,23,0,1,3,0,RET002828,CUST02314
303,6,2,0.3333,0,0.0,5832.78,0.0,0,0,1,0,2313.73,2313.73,1.0,9,0,1,0.198,18,0,1,3,0,RET002829,CUST02314
423,18,9,0.5,2,27447.19,7690.37,0.1983,0,1,3,2,1884.01,1884.01,1.0,13,3,4,0.6383,2,0,1,3,1,RET002830,CUST02314
262,2,0,0.0,0,0.0,4580.69,0.0,1,0,0,0,7948.37,7948.37,1.0,1,0,0,0.0,262,0,1,3,0,RET002831,CUST02314
20,2,0,0.0,0,0.0,2641.13,0.0,0,0,0,0,4162.75,4162.75,1.0,11,0,0,0.0,20,0,1,1,0,RET002832,CUST02320
38,3,0,0.0,0,0.0,22280.41,0.0,0,0,0,0,21286.63,21286.63,1.0,16,0,0,0.0,38,0,1,1,0,RET002833,CUST02321
131,4,0,0.0,0,0.0,1827.14,0.0,0,0,0,0,1923.95,1279.01,0.6648,9,0,0,0.0,131,0,1,1,0,RET002834,CUST02322
175,4,0,0.0,0,0.0,2319.14,0.0,0,0,0,0,2035.9,2035.9,1.0,27,0,0,0.0,175,0,1,1,0,RET002835,CUST02323
61,3,0,0.0,0,0.0,2393.11,0.0,0,0,0,0,254.58,254.58,1.0,30,0,0,0.0,61,0,5,1,0,RET002836,CUST02327
145,4,0,0.0,0,0.0,2637.07,0.0,0,0,0,0,1989.4,1989.4,1.0,24,0,0,0.0,145,0,1,1,1,RET002837,CUST02328
44,5,0,0.0,0,0.0,3861.34,0.0,0,0,0,0,1386.31,1386.31,1.0,5,0,0,0.0,44,0,1,1,0,RET002838,CUST02329
77,7,1,0.1429,0,0.0,3143.14,0.0,0,0,0,0,1753.91,1753.91,1.0,3,0,1,0.3896,33,0,1,1,0,RET002839,CUST02329
102,9,2,0.2222,1,1482.93,2900.42,0.0568,0,0,1,1,2039.94,2039.94,1.0,4,0,2,0.5882,25,0,1,1,0,RET002840,CUST02329
37,12,1,0.0833,0,0.0,9667.61,0.0,2,0,1,0,23276.07,23276.07,1.0,8,0,1,0.8108,19,1,3,4,1,RET002841,CUST02331
45,12,3,0.25,0,0.0,9667.61,0.0,0,1,3,0,20390.25,20390.25,1.0,11,0,3,2.0,5,1,3,4,1,RET002842,CUST02331
45,12,3,0.25,0,0.0,9667.61,0.0,0,1,3,0,2996.93,2996.93,1.0,9,1,3,2.0,5,0,3,4,1,RET002843,CUST02331
40,12,2,0.1667,0,0.0,9667.61,0.0,0,1,2,0,2375.88,2375.88,1.0,14,0,2,1.5,3,0,3,4,1,RET002844,CUST02331
57,14,5,0.3571,2,15127.42,8633.91,0.1251,0,0,4,2,1838.19,1838.19,1.0,8,0,4,2.6316,12,0,3,4,1,RET002845,CUST02331
18,1,0,0.0,0,0.0,1889.25,0.0,0,0,0,0,1889.25,1889.25,1.0,7,0,0,0.0,18,0,3,4,0,RET002846,CUST02331
74,16,7,0.4375,3,16965.61,9031.53,0.1174,0,1,4,3,631.13,631.13,1.0,7,1,6,2.8378,1,0,3,4,1,RET002847,CUST02331
73,16,6,0.375,3,16965.61,9031.53,0.1174,0,0,3,3,22998.68,22998.68,1.0,4,0,5,2.4658,16,1,3,4,1,RET002848,CUST02331
260,1,0,0.0,0,0.0,417.62,0.0,0,0,0,0,417.62,417.62,1.0,3,0,0,0.0,260,0,1,1,0,RET002849,CUST02335
143,12,4,0.3333,2,30594.48,8229.08,0.3098,0,2,3,2,1060.18,1060.18,1.0,10,0,3,0.8392,1,0,1,1,1,RET002850,CUST02338
128,4,1,0.25,1,918.81,8379.92,0.0274,0,0,1,1,29675.67,29675.67,1.0,5,0,1,0.2344,24,1,1,1,0,RET002851,CUST02338
139,12,2,0.1667,2,30594.48,8229.08,0.3098,0,0,1,2,17520.37,14378.06,0.8206,6,0,2,0.4317,11,0,1,1,1,RET002852,CUST02338
142,12,3,0.25,2,30594.48,8229.08,0.3098,0,1,2,2,3234.6,2084.67,0.6445,11,1,3,0.6338,3,0,1,1,1,RET002853,CUST02338
104,2,0,0.0,0,0.0,1377.95,0.0,0,0,0,0,1455.84,918.81,0.6311,8,0,0,0.0,104,0,1,1,0,RET002854,CUST02338
295,4,0,0.0,0,0.0,3591.03,0.0,0,0,0,0,2325.92,2325.92,1.0,27,0,0,0.0,295,0,1,1,0,RET002855,CUST02339
32,8,0,0.0,0,0.0,9825.57,0.0,0,0,0,0,17904.36,17904.36,1.0,8,0,0,0.0,32,0,1,1,0,RET002856,CUST02340
53,2,1,0.5,0,0.0,3025.66,0.0,0,0,1,0,2613.31,2613.31,1.0,22,0,1,0.566,23,0,1,1,0,RET002857,CUST02343
30,1,0,0.0,0,0.0,3438.02,0.0,0,0,0,0,3438.02,3438.02,1.0,18,0,0,0.0,30,0,1,1,0,RET002858,CUST02343
281,5,1,0.2,1,11762.2,3742.04,0.6287,0,0,1,1,1045.69,732.7,0.7007,11,0,1,0.1068,27,0,1,1,1,RET002859,CUST02345
254,4,0,0.0,0,0.0,4416.13,0.0,0,0,0,0,11762.2,11762.2,1.0,18,0,0,0.0,254,1,1,1,0,RET002860,CUST02345
301,2,0,0.0,0,0.0,1472.74,0.0,0,0,0,0,1598.65,1393.03,0.8714,16,0,0,0.0,301,0,1,1,0,RET002861,CUST02347
57,3,0,0.0,0,0.0,11136.63,0.0,0,0,0,0,28471.43,28471.43,1.0,20,0,0,0.0,57,1,4,1,0,RET002862,CUST02348
10,5,0,0.0,0,0.0,13601.78,0.0,2,0,0,0,29527.25,29527.25,1.0,4,0,0,0.0,10,1,4,1,1,RET002863,CUST02350
14,9,1,0.1111,0,0.0,10308.47,0.0,1,1,1,0,1331.83,538.02,0.404,3,0,1,2.1429,4,0,4,1,0,RET002864,CUST02350
19,7,2,0.2857,1,14855.32,4024.67,0.5273,0,1,2,1,1614.5,1614.5,1.0,12,0,2,3.1579,5,0,1,1,1,RET002865,CUST02352
22,7,3,0.4286,1,14855.32,4024.67,0.5273,0,1,3,1,3021.18,3021.18,1.0,14,1,3,4.0909,3,0,1,1,1,RET002866,CUST02352
30,8,4,0.5,3,18896.13,3815.27,0.6191,0,0,4,3,2349.43,1808.64,0.7698,7,1,3,4.0,8,0,1,1,1,RET002867,CUST02352
9,6,0,0.0,0,0.0,4439.55,0.0,1,0,0,0,14855.32,14855.32,1.0,3,0,0,0.0,9,1,1,1,0,RET002868,CUST02352
14,7,1,0.1429,0,0.0,4024.67,0.0,0,1,1,0,2969.53,2969.53,1.0,8,0,1,2.1429,5,0,1,1,0,RET002869,CUST02352
70,5,2,0.4,1,1801.91,13140.71,0.0274,0,0,1,1,2446.32,2446.32,1.0,3,0,2,0.8571,29,0,1,3,0,RET002870,CUST02355
129,11,4,0.3636,2,3635.89,10229.1,0.0323,0,0,1,1,10386.42,10386.42,1.0,7,1,4,0.9302,23,0,1,3,1,RET002871,CUST02355
41,4,1,0.25,0,0.0,15814.3,0.0,0,0,1,0,1801.91,1801.91,1.0,12,0,1,0.7317,30,0,1,3,0,RET002872,CUST02355
106,9,3,0.3333,1,1801.91,11045.99,0.0181,0,0,0,0,1833.98,1833.98,1.0,2,0,3,0.8491,36,0,1,3,0,RET002873,CUST02355
11,2,0,0.0,0,0.0,15901.72,0.0,0,0,0,0,2586.58,2586.58,1.0,4,0,0,0.0,11,0,1,3,0,RET002874,CUST02355
247,12,3,0.25,3,4949.98,6534.99,0.0631,0,0,1,2,21742.53,21742.53,1.0,2,0,3,0.3644,27,1,3,1,0,RET002875,CUST02357
212,8,1,0.125,1,1001.27,6025.94,0.0208,0,0,0,0,1285.89,1285.89,1.0,11,0,1,0.1415,85,0,3,1,0,RET002876,CUST02357
127,2,0,0.0,0,0.0,1708.8,0.0,0,0,0,0,1595.19,1001.27,0.6277,5,0,0,0.0,127,0,3,1,0,RET002877,CUST02357
220,8,2,0.25,1,1001.27,6025.94,0.0208,0,0,1,0,2662.82,2662.82,1.0,10,0,2,0.2727,8,0,3,1,0,RET002878,CUST02357
53,11,2,0.1818,2,20332.34,10558.12,0.1751,1,0,2,2,10663.99,10663.99,1.0,8,2,1,1.1321,17,0,4,2,1,RET002879,CUST02358
54,12,3,0.25,2,20332.34,12323.77,0.1375,1,1,3,2,31745.95,31745.95,1.0,1,3,1,1.6667,1,1,4,2,1,RET002880,CUST02358
63,13,4,0.3077,4,62742.28,11451.86,0.4214,1,0,3,4,2585.79,2585.79,1.0,11,0,1,1.9048,9,0,4,2,1,RET002881,CUST02358
124,25,8,0.32,7,80193.08,11557.63,0.2775,0,0,1,1,28609.37,20703.47,0.7237,7,5,4,1.9355,24,0,4,2,1,RET002882,CUST02358
32,5,0,0.0,0,0.0,15122.1,0.0,0,0,0,0,17274.59,17274.59,1.0,3,0,0,0.0,32,0,4,2,0,RET002883,CUST02358
100,20,7,0.35,6,79227.11,12037.04,0.3291,1,0,2,2,1550.62,965.97,0.623,1,4,4,2.1,24,0,4,2,1,RET002884,CUST02358
36,6,1,0.1667,0,0.0,13111.38,0.0,1,1,1,0,3057.75,3057.75,1.0,1,1,1,0.8333,4,0,4,2,0,RET002885,CUST02358
76,16,5,0.3125,4,62742.28,10435.93,0.3758,0,0,3,2,13662.36,13662.36,1.0,10,0,2,1.9737,13,0,4,2,1,RET002886,CUST02358
76,16,5,0.3125,4,62742.28,10435.93,0.3758,0,0,3,2,2822.47,2822.47,1.0,6,0,2,1.9737,13,0,4,2,1,RET002887,CUST02358
120,4,0,0.0,0,0.0,4373.36,0.0,0,0,0,0,11022.55,11022.55,1.0,18,0,0,0.0,120,1,1,2,0,RET002888,CUST02364
36,2,0,0.0,0,0.0,2464.97,0.0,0,0,0,0,2394.89,1084.9,0.453,20,0,0,0.0,36,0,1,1,0,RET002889,CUST02365
154,3,0,0.0,0,0.0,2558.91,0.0,0,0,0,0,1310.67,1008.52,0.7695,23,0,0,0.0,154,0,1,1,0,RET002890,CUST02369
305,6,1,0.1667,0,0.0,4466.35,0.0,0,0,0,0,1346.35,1250.73,0.929,12,0,1,0.0984,151,0,1,1,0,RET002891,CUST02369
298,3,0,0.0,0,0.0,2773.85,0.0,0,0,0,0,4847.64,4847.64,1.0,16,0,0,0.0,298,0,1,1,0,RET002892,CUST02371
35,15,2,0.1333,2,5128.87,9485.03,0.036,0,0,2,2,1340.55,1340.55,1.0,11,0,2,1.7143,13,0,1,1,1,RET002893,CUST02373
18,7,0,0.0,0,0.0,11825.67,0.0,0,0,0,0,2210.14,2210.14,1.0,13,0,0,0.0,18,0,1,1,0,RET002894,CUST02373
22,11,1,0.0909,1,2210.14,11119.33,0.0181,1,1,1,1,3998.17,3998.17,1.0,9,0,1,1.3636,4,0,1,1,1,RET002895,CUST02373
244,4,0,0.0,0,0.0,6501.04,0.0,0,0,0,0,5366.98,5051.63,0.9412,12,0,0,0.0,244,0,1,1,0,RET002896,CUST02374
63,3,0,0.0,0,0.0,13847.09,0.0,0,0,0,0,9967.83,9967.83,1.0,19,0,0,0.0,63,0,1,1,0,RET002897,CUST02383
283,4,0,0.0,0,0.0,7182.44,0.0,0,0,0,0,3515.1,3515.1,1.0,28,0,0,0.0,283,0,1,4,0,RET002898,CUST02390
32,5,0,0.0,0,0.0,4913.4,0.0,0,0,0,0,2497.05,1061.29,0.425,26,0,0,0.0,32,0,1,4,0,RET002899,CUST02392
14,4,1,0.25,1,21299.01,11912.03,0.447,0,1,1,1,1944.67,1123.29,0.5776,10,0,1,2.1429,3,0,4,1,1,RET002900,CUST02395
11,4,0,0.0,0,0.0,11912.03,0.0,0,0,0,0,21299.01,21299.01,1.0,5,0,0,0.0,11,0,4,1,0,RET002901,CUST02395
135,16,4,0.25,3,24621.31,8323.12,0.1849,0,0,0,0,2367.4,2367.4,1.0,11,1,3,0.8889,68,0,4,1,1,RET002902,CUST02395
19,5,2,0.4,1,21299.01,9825.12,0.4336,0,1,2,1,1477.46,1477.46,1.0,3,1,2,3.1579,5,0,4,1,1,RET002903,CUST02395
67,10,3,0.3,2,21947.64,6631.52,0.331,0,0,0,0,4198.88,4198.88,1.0,10,0,2,1.3433,48,0,4,1,1,RET002904,CUST02395
71,4,0,0.0,0,0.0,2719.8,0.0,0,0,0,0,2317.24,2317.24,1.0,19,0,0,0.0,71,0,1,1,0,RET002905,CUST02398
282,22,8,0.3636,6,79674.45,10976.28,0.3299,0,0,3,2,1670.46,1670.46,1.0,7,1,6,0.8511,9,0,5,3,1,RET002906,CUST02401
272,16,6,0.375,4,57454.12,11153.68,0.3219,1,0,1,0,1481.07,1481.07,1.0,1,0,4,0.6618,19,0,5,3,1,RET002907,CUST02401
285,22,10,0.4545,6,79674.45,10976.28,0.3299,0,2,4,2,6433.26,6433.26,1.0,12,2,6,1.0526,1,0,5,3,1,RET002908,CUST02401
273,19,7,0.3684,4,57454.12,12153.28,0.2488,3,1,2,0,20739.26,20739.26,1.0,8,0,5,0.7692,1,0,5,3,1,RET002909,CUST02401
284,22,9,0.4091,6,79674.45,10976.28,0.3299,0,1,3,2,2462.11,2462.11,1.0,9,1,6,0.9507,2,0,5,3,1,RET002910,CUST02401
326,23,11,0.4783,8,87778.17,11316.92,0.3372,0,0,0,0,18811.08,18811.08,1.0,5,2,6,1.0123,41,0,5,3,1,RET002911,CUST02401
172,4,2,0.5,2,5995.64,8940.98,0.1676,0,0,1,1,26647.38,26647.38,1.0,12,0,2,0.3488,9,1,5,3,1,RET002912,CUST02401
163,4,1,0.25,1,1189.95,8940.98,0.0333,0,0,0,0,6000.0,4805.69,0.8009,7,0,1,0.184,47,0,5,3,1,RET002913,CUST02401
215,9,4,0.4444,3,55025.71,10851.98,0.5634,0,0,1,1,2428.41,2428.41,1.0,9,1,3,0.5581,13,0,5,3,1,RET002914,CUST02401
253,11,5,0.4545,4,57454.12,9805.09,0.5327,0,0,0,0,1094.83,1094.83,1.0,6,0,3,0.5929,38,0,5,3,1,RET002915,CUST02401
202,7,3,0.4286,2,5995.64,12566.93,0.0682,0,0,1,0,49030.07,49030.07,1.0,5,1,3,0.4455,30,1,5,3,1,RET002916,CUST02401
116,1,0,0.0,0,0.0,1189.95,0.0,0,0,0,0,1189.95,1189.95,1.0,13,0,0,0.0,116,0,5,3,0,RET002917,CUST02401
206,3,0,0.0,0,0.0,2125.87,0.0,0,0,0,0,1312.37,1312.37,1.0,21,0,0,0.0,206,0,1,1,0,RET002918,CUST02404
283,4,0,0.0,0,0.0,4975.04,0.0,0,0,0,0,5842.8,3923.85,0.6716,9,0,0,0.0,283,0,1,1,0,RET002919,CUST02405
161,7,0,0.0,0,0.0,9239.45,0.0,0,0,0,0,2650.18,2650.18,1.0,30,0,0,0.0,161,0,1,1,0,RET002920,CUST02406
266,9,0,0.0,0,0.0,6978.53,0.0,0,0,0,0,770.62,770.62,1.0,11,0,0,0.0,266,0,1,1,0,RET002921,CUST02407
55,9,2,0.2222,0,0.0,9050.82,0.0,0,0,2,0,1748.67,1748.67,1.0,2,0,2,1.0909,20,0,1,4,1,RET002922,CUST02411
58,9,3,0.3333,0,0.0,9050.82,0.0,0,1,2,0,5197.83,5197.83,1.0,12,0,3,1.5517,3,0,1,4,1,RET002923,CUST02411
79,11,4,0.3636,0,0.0,10220.16,0.0,0,0,2,0,12866.39,12866.39,1.0,12,1,4,1.519,21,0,1,4,1,RET002924,CUST02411
35,5,1,0.2,0,0.0,12350.62,0.0,0,0,1,0,32163.21,32163.21,1.0,11,0,1,0.8571,8,1,1,4,0,RET002925,CUST02411
27,3,0,0.0,0,0.0,19851.87,0.0,0,0,0,0,2274.13,2274.13,1.0,8,0,0,0.0,27,0,1,4,0,RET002926,CUST02411
92,2,0,0.0,0,0.0,2366.64,0.0,0,0,0,0,2110.72,2110.72,1.0,10,0,0,0.0,92,0,1,1,0,RET002927,CUST02412
316,1,0,0.0,0,0.0,5065.15,0.0,0,0,0,0,5065.15,5065.15,1.0,21,0,0,0.0,316,0,1,1,0,RET002928,CUST02415
461,5,1,0.2,1,5065.15,7947.25,0.1275,0,0,0,0,28171.91,14331.61,0.5087,15,0,1,0.0651,145,0,1,1,0,RET002929,CUST02415
25,9,0,0.0,0,0.0,11986.03,0.0,1,0,0,0,16236.67,16236.67,1.0,6,0,0,0.0,25,0,1,1,0,RET002930,CUST02418
43,16,3,0.1875,1,16236.67,9979.38,0.1017,1,0,3,1,2038.04,2038.04,1.0,7,2,2,2.093,8,0,1,1,1,RET002931,CUST02418
28,13,1,0.0769,1,16236.67,9777.94,0.1277,1,1,1,1,17437.89,17437.89,1.0,11,0,1,1.0714,3,0,1,1,1,RET002932,CUST02418
55,16,4,0.25,1,16236.67,9979.38,0.1017,0,0,4,1,1337.09,826.88,0.6184,13,3,2,2.1818,12,0,1,1,0,RET002933,CUST02418
35,13,2,0.1538,1,16236.67,9777.94,0.1277,0,1,2,1,14087.93,14087.93,1.0,10,1,2,1.7143,7,0,1,1,1,RET002934,CUST02418
326,7,0,0.0,0,0.0,4520.11,0.0,0,0,0,0,3829.41,3829.41,1.0,12,0,0,0.0,326,0,1,4,0,RET002935,CUST02423
22,2,0,0.0,0,0.0,11087.39,0.0,0,0,0,0,1437.7,1437.7,1.0,5,0,0,0.0,22,0,1,1,0,RET002936,CUST02424
53,4,2,0.5,1,20737.07,7081.23,0.7321,0,0,1,1,2063.77,2063.77,1.0,3,2,1,1.1321,30,0,1,1,1,RET002937,CUST02424
23,2,1,0.5,0,0.0,11087.39,0.0,0,1,1,0,20737.07,20737.07,1.0,9,1,1,1.3043,1,0,1,1,0,RET002938,CUST02424
509,8,0,0.0,0,0.0,4694.76,0.0,0,0,0,0,5026.54,5026.54,1.0,28,0,0,0.0,509,0,1,4,0,RET002939,CUST02425
164,1,0,0.0,0,0.0,4042.68,0.0,0,0,0,0,4042.68,4042.68,1.0,14,0,0,0.0,164,0,1,1,0,RET002940,CUST02426
292,13,1,0.0769,0,0.0,12091.37,0.0,0,1,1,0,2416.79,2416.79,1.0,2,0,1,0.1027,5,0,5,1,0,RET002941,CUST02429
287,12,0,0.0,0,0.0,12897.58,0.0,0,0,0,0,9434.55,9434.55,1.0,14,0,0,0.0,287,0,5,1,0,RET002942,CUST02429
308,14,2,0.1429,1,9434.55,11400.44,0.0591,0,0,2,1,2418.35,2418.35,1.0,4,1,2,0.1948,16,0,5,1,0,RET002943,CUST02429
67,5,2,0.4,2,17751.85,4923.7,0.7211,0,1,2,2,3105.55,3105.55,1.0,6,0,2,0.8955,3,0,5,1,1,RET002944,CUST02431
64,5,1,0.2,1,13965.18,4923.7,0.5673,0,0,1,1,4752.99,3786.67,0.7967,11,0,1,0.4688,19,0,5,1,1,RET002945,CUST02431
45,2,0,0.0,0,0.0,7209.87,0.0,0,0,0,0,13965.18,13965.18,1.0,20,0,0,0.0,45,0,5,1,0,RET002946,CUST02431
378,5,0,0.0,0,0.0,2213.6,0.0,0,0,0,0,1100.84,548.54,0.4983,17,0,0,0.0,378,0,1,1,0,RET002947,CUST02434
125,5,0,0.0,0,0.0,3397.57,0.0,0,0,0,0,1558.34,1558.34,1.0,26,0,0,0.0,125,0,5,1,0,RET002948,CUST02435
247,1,0,0.0,0,0.0,4468.04,0.0,0,0,0,0,4468.04,1989.22,0.4452,7,0,0,0.0,247,0,1,1,0,RET002949,CUST02436
406,5,1,0.2,0,0.0,2886.55,0.0,0,0,0,0,2173.21,2173.21,1.0,14,0,1,0.0739,159,0,1,1,0,RET002950,CUST02436
103,2,0,0.0,0,0.0,1167.05,0.0,0,0,0,0,773.5,773.5,1.0,10,0,0,0.0,103,0,1,1,0,RET002951,CUST02437
116,6,0,0.0,0,0.0,5712.86,0.0,0,0,0,0,2142.78,2142.78,1.0,26,0,0,0.0,116,0,3,1,0,RET002952,CUST02440
34,13,3,0.2308,2,4987.91,7439.7,0.0516,0,1,3,2,1622.38,1622.38,1.0,5,2,2,2.6471,3,0,1,1,1,RET002953,CUST02446
24,9,0,0.0,0,0.0,4815.48,0.0,1,0,0,0,3585.87,3585.87,1.0,3,0,0,0.0,24,0,1,1,0,RET002954,CUST02446
31,13,2,0.1538,2,4987.91,7439.7,0.0516,0,2,2,2,24168.79,24168.79,1.0,7,1,2,1.9355,6,1,1,1,1,RET002955,CUST02446
25,10,1,0.1,0,0.0,6750.81,0.0,1,1,1,0,1503.08,1503.08,1.0,10,0,1,1.2,1,0,1,1,0,RET002956,CUST02446
357,3,0,0.0,0,0.0,1274.6,0.0,1,0,0,0,520.79,520.79,1.0,16,0,0,0.0,357,0,1,1,0,RET002957,CUST02447
37,1,0,0.0,0,0.0,24478.31,0.0,0,0,0,0,24478.31,24478.31,1.0,24,0,0,0.0,37,0,1,1,0,RET002958,CUST02453
127,3,0,0.0,0,0.0,11415.38,0.0,0,0,0,0,2766.83,1482.71,0.5359,13,0,0,0.0,127,0,1,1,0,RET002959,CUST02456
24,11,6,0.5455,4,38341.62,5647.95,0.6171,1,2,6,4,655.48,655.48,1.0,13,0,4,7.5,5,0,1,3,1,RET002960,CUST02461
10,6,0,0.0,0,0.0,4068.58,0.0,0,0,0,0,1192.61,1192.61,1.0,5,0,0,0.0,10,0,1,3,0,RET002961,CUST02461
15,9,3,0.3333,1,1192.61,6440.89,0.0206,0,3,3,1,32456.6,32456.6,1.0,5,1,3,6.0,1,1,1,3,1,RET002962,CUST02461
11,7,1,0.1429,0,0.0,8124.01,0.0,1,1,1,0,748.3,681.81,0.9111,4,0,1,2.7273,1,0,1,3,0,RET002963,CUST02461
19,9,5,0.5556,2,1734.38,6440.89,0.0299,0,3,5,2,444.41,444.41,1.0,6,1,4,7.8947,1,0,1,3,1,RET002964,CUST02461
14,9,2,0.2222,1,1192.61,6440.89,0.0206,1,2,2,1,3103.53,2590.23,0.8346,13,0,2,4.2857,3,0,1,3,0,RET002965,CUST02461
27,11,7,0.6364,5,40931.85,5647.95,0.6588,0,1,7,5,1844.54,1637.33,0.8877,5,2,5,7.7778,3,0,1,3,1,RET002966,CUST02461
58,16,8,0.5,7,42884.16,6690.29,0.4006,0,0,0,2,3133.76,3133.76,1.0,12,3,5,4.1379,31,0,1,3,1,RET002967,CUST02461
18,9,4,0.4444,1,1192.61,6440.89,0.0206,0,3,4,1,4150.64,4150.64,1.0,14,0,3,6.6667,3,0,1,3,1,RET002968,CUST02461
57,3,0,0.0,0,0.0,9138.8,0.0,0,0,0,0,1240.37,1240.37,1.0,14,0,0,0.0,57,0,1,1,0,RET002969,CUST02462
112,6,1,0.1667,1,1240.37,6530.57,0.0317,0,0,0,0,3304.87,3304.87,1.0,23,0,1,0.2679,55,0,1,1,0,RET002970,CUST02462
29,9,0,0.0,0,0.0,6013.02,0.0,0,0,0,0,1719.04,1719.04,1.0,2,0,0,0.0,29,0,1,1,0,RET002971,CUST02463
30,10,1,0.1,0,0.0,5584.62,0.0,1,1,1,0,1728.97,1639.61,0.9483,1,1,1,1.0,1,0,1,1,0,RET002972,CUST02463
54,3,0,0.0,0,0.0,2299.1,0.0,0,0,0,0,2518.61,2518.61,1.0,26,0,0,0.0,54,0,1,1,0,RET002973,CUST02470
12,5,0,0.0,0,0.0,7811.05,0.0,1,0,0,0,1955.67,1955.67,1.0,4,0,0,0.0,12,0,1,1,0,RET002974,CUST02471
21,6,1,0.1667,0,0.0,7081.95,0.0,0,0,1,0,1180.43,1180.43,1.0,14,0,1,1.4286,9,0,1,1,0,RET002975,CUST02471
262,6,0,0.0,0,0.0,7643.95,0.0,0,0,0,0,804.4,804.4,1.0,26,0,0,0.0,262,0,1,1,0,RET002976,CUST02472
17,2,0,0.0,0,0.0,9750.32,0.0,0,0,0,0,18412.07,18412.07,1.0,10,0,0,0.0,17,0,1,1,0,RET002977,CUST02473
25,6,2,0.3333,0,0.0,9860.65,0.0,0,1,2,0,15450.11,15450.11,1.0,6,0,1,2.4,3,0,1,1,0,RET002978,CUST02473
22,6,1,0.1667,0,0.0,9860.65,0.0,0,1,1,0,1088.57,1088.57,1.0,13,1,1,1.3636,5,0,1,1,0,RET002979,CUST02473
291,4,0,0.0,0,0.0,3419.76,0.0,0,0,0,0,6891.39,6891.39,1.0,7,0,0,0.0,291,1,1,1,0,RET002980,CUST02474
89,7,0,0.0,0,0.0,3955.6,0.0,0,0,0,0,2513.67,2513.67,1.0,2,0,0,0.0,89,0,1,1,0,RET002981,CUST02475
145,14,2,0.1429,2,12998.95,7850.91,0.1183,0,0,1,1,683.06,683.06,1.0,3,0,2,0.4138,24,0,1,1,0,RET002982,CUST02475
121,10,1,0.1,1,1485.11,6020.66,0.0247,0,0,0,1,11513.84,11513.84,1.0,3,0,1,0.2479,32,0,1,1,0,RET002983,CUST02475
126,8,0,0.0,0,0.0,7261.11,0.0,0,0,0,0,3607.72,3607.72,1.0,26,0,0,0.0,126,0,1,2,0,RET002984,CUST02477
19,5,0,0.0,0,0.0,3193.53,0.0,0,0,0,0,4000.0,3448.88,0.8622,13,0,0,0.0,19,0,1,1,0,RET002985,CUST02480
282,4,0,0.0,0,0.0,2744.81,0.0,0,0,0,0,699.48,329.65,0.4713,14,0,0,0.0,282,0,1,1,0,RET002986,CUST02482
231,4,1,0.25,1,2557.19,14792.69,0.0432,0,0,0,0,55000.0,55000.0,1.0,21,0,1,0.1299,63,1,1,1,0,RET002987,CUST02483
168,2,0,0.0,0,0.0,1720.64,0.0,0,0,0,0,2986.29,2557.19,0.8563,27,0,0,0.0,168,0,1,1,0,RET002988,CUST02483
201,4,0,0.0,0,0.0,4654.2,0.0,0,0,0,0,833.35,833.35,1.0,16,0,0,0.0,201,0,1,1,0,RET002989,CUST02486
249,2,0,0.0,0,0.0,11720.65,0.0,0,0,0,0,22558.67,22558.67,1.0,19,0,0,0.0,249,0,1,1,0,RET002990,CUST02489
308,1,0,0.0,0,0.0,3280.46,0.0,0,0,0,0,3280.46,3280.46,1.0,3,0,0,0.0,308,0,1,1,0,RET002991,CUST02492
32,9,4,0.4444,0,0.0,4603.31,0.0,0,3,4,0,1521.53,650.98,0.4278,3,1,3,3.75,3,0,5,1,1,RET002992,CUST02494
39,15,5,0.3333,2,4368.63,3598.79,0.0809,1,1,5,2,1866.58,1866.58,1.0,4,2,3,3.8462,7,0,5,1,1,RET002993,CUST02494
29,6,3,0.5,0,0.0,4358.24,0.0,0,2,3,0,2629.06,1580.05,0.601,7,0,2,3.1034,2,0,5,1,1,RET002994,CUST02494
27,6,1,0.1667,0,0.0,4358.24,0.0,0,1,1,0,14648.23,12849.95,0.8772,3,1,1,1.1111,6,1,5,1,0,RET002995,CUST02494
21,3,0,0.0,0,0.0,2490.36,0.0,0,0,0,0,2788.58,2788.58,1.0,2,0,0,0.0,21,0,5,1,0,RET002996,CUST02494
40,15,7,0.4667,3,17218.58,3598.79,0.319,0,2,7,3,293.1,293.1,1.0,3,2,4,5.25,1,0,5,1,1,RET002997,CUST02494
39,15,5,0.3333,2,4368.63,3598.79,0.0809,1,1,5,2,11674.08,11674.08,1.0,9,0,3,3.8462,7,1,5,1,1,RET002998,CUST02494
27,6,1,0.1667,0,0.0,4358.24,0.0,0,1,1,0,3195.45,3195.45,1.0,14,0,1,1.1111,6,0,5,1,0,RET002999,CUST02494
346,7,0,0.0,0,0.0,2308.98,0.0,0,0,0,0,766.33,766.33,1.0,17,0,0,0.0,346,0,1,1,0,RET003000,CUST02495
172,1,0,0.0,0,0.0,861.67,0.0,0,0,0,0,861.67,696.26,0.808,10,0,0,0.0,172,0,1,1,0,RET003001,CUST02497
276,6,1,0.1667,0,0.0,3208.09,0.0,0,0,0,0,7823.18,3579.77,0.4576,25,0,1,0.1087,104,0,1,1,0,RET003002,CUST02497
28,14,4,0.2857,1,1085.26,4303.25,0.018,2,2,4,1,4383.71,3454.22,0.788,6,0,4,4.2857,1,0,1,1,1,RET003003,CUST02499
32,14,5,0.3571,1,1085.26,4303.25,0.018,0,2,5,1,12651.31,12651.31,1.0,5,1,5,4.6875,4,1,1,1,1,RET003004,CUST02499
35,14,6,0.4286,1,1085.26,4303.25,0.018,0,2,6,1,4312.01,4312.01,1.0,12,2,5,5.1429,3,0,1,1,1,RET003005,CUST02499
24,12,2,0.1667,1,1085.26,3912.47,0.0231,2,0,2,1,6024.17,6024.17,1.0,10,0,2,2.5,10,0,1,1,1,RET003006,CUST02499
38,15,7,0.4667,3,14211.74,4120.24,0.2299,0,2,6,3,1558.13,1558.13,1.0,3,3,5,5.5263,3,0,1,1,1,RET003007,CUST02499
14,3,1,0.3333,0,0.0,1627.54,0.0,1,1,1,0,1085.26,1085.26,1.0,9,0,1,2.1429,7,0,1,1,0,RET003008,CUST02499
27,12,3,0.25,1,1085.26,3912.47,0.0231,0,1,3,1,475.17,475.17,1.0,13,0,3,3.3333,3,0,1,1,1,RET003009,CUST02499
55,17,8,0.4706,4,15769.87,3824.61,0.2425,0,0,5,3,1367.62,1367.62,1.0,12,4,5,4.3636,17,0,1,1,1,RET003010,CUST02499
7,2,0,0.0,0,0.0,1940.36,0.0,0,0,0,0,2795.47,2795.47,1.0,3,0,0,0.0,7,0,1,1,1,RET003011,CUST02499
49,2,0,0.0,0,0.0,7990.44,0.0,0,0,0,0,13560.86,13560.86,1.0,4,0,0,0.0,49,0,1,1,0,RET003012,CUST02504
79,8,0,0.0,0,0.0,1463.5,0.0,0,0,0,0,1788.83,1788.83,1.0,18,0,0,0.0,79,0,1,1,0,RET003013,CUST02507
107,5,0,0.0,0,0.0,8345.59,0.0,0,0,0,0,9582.32,9582.32,1.0,10,0,0,0.0,107,0,1,1,0,RET003014,CUST02514
150,1,0,0.0,0,0.0,1394.95,0.0,0,0,0,0,1394.95,1394.95,1.0,5,0,0,0.0,150,0,1,1,0,RET003015,CUST02515
297,3,0,0.0,0,0.0,4312.93,0.0,0,0,0,0,1382.36,1382.36,1.0,10,0,0,0.0,297,0,1,1,0,RET003016,CUST02517
359,6,1,0.1667,1,1382.36,4178.64,0.0551,0,0,0,0,2714.81,2714.81,1.0,15,0,1,0.0836,62,0,1,1,0,RET003017,CUST02517
36,4,0,0.0,0,0.0,5888.07,0.0,0,0,0,0,1518.06,1518.06,1.0,5,0,0,0.0,36,0,1,1,0,RET003018,CUST02519
151,14,3,0.2143,1,830.6,14247.28,0.0042,0,0,1,0,30394.87,30394.87,1.0,12,1,3,0.596,21,1,1,1,0,RET003019,CUST02519
130,12,2,0.1667,1,830.6,13698.08,0.0051,0,0,0,0,26047.74,26047.74,1.0,9,0,2,0.4615,35,0,1,1,0,RET003020,CUST02519
95,8,1,0.125,1,830.6,9641.24,0.0108,0,0,0,0,895.26,895.26,1.0,4,0,1,0.3158,59,0,1,1,0,RET003021,CUST02519
414,6,0,0.0,0,0.0,5942.16,0.0,0,0,0,0,1303.34,1063.53,0.816,29,0,0,0.0,414,0,1,1,0,RET003022,CUST02520
95,8,0,0.0,0,0.0,2306.36,0.0,0,0,0,0,2304.58,2304.58,1.0,26,0,0,0.0,95,0,1,1,0,RET003023,CUST02522
103,9,1,0.1111,0,0.0,4408.47,0.0,0,0,1,0,638.4,638.4,1.0,28,0,1,0.2913,8,0,1,1,0,RET003024,CUST02522
8,2,0,0.0,0,0.0,1174.62,0.0,0,0,0,0,960.51,644.86,0.6714,2,0,0,0.0,8,0,3,1,0,RET003025,CUST02523
126,2,0,0.0,0,0.0,3254.59,0.0,0,0,0,0,509.19,509.19,1.0,13,0,0,0.0,126,0,1,1,0,RET003026,CUST02526
294,5,1,0.2,0,0.0,2525.03,0.0,0,0,0,0,381.71,381.71,1.0,12,0,1,0.102,168,0,1,1,0,RET003027,CUST02526
122,3,0,0.0,0,0.0,13266.65,0.0,0,0,0,0,26565.82,26565.82,1.0,25,0,0,0.0,122,1,1,1,0,RET003028,CUST02528
91,4,0,0.0,0,0.0,6099.62,0.0,0,0,0,0,482.85,482.85,1.0,20,0,0,0.0,91,0,1,1,0,RET003029,CUST02529
300,8,1,0.125,1,314.53,8491.2,0.0046,1,0,1,1,17962.08,17962.08,1.0,1,0,1,0.1,23,1,5,4,0,RET003030,CUST02530
277,6,0,0.0,0,0.0,8214.64,0.0,0,0,0,0,314.53,314.53,1.0,14,0,0,0.0,277,0,5,4,0,RET003031,CUST02530
384,12,2,0.1667,2,18276.61,6469.19,0.2354,0,0,0,0,1966.96,1966.96,1.0,8,0,2,0.1562,84,0,5,4,0,RET003032,CUST02530
84,1,0,0.0,0,0.0,3398.22,0.0,0,0,0,0,3398.22,3398.22,1.0,15,0,0,0.0,84,0,1,1,0,RET003033,CUST02531
313,2,0,0.0,0,0.0,1743.8,0.0,0,0,0,0,2306.73,2306.73,1.0,30,0,0,0.0,313,0,1,1,0,RET003034,CUST02533
116,4,0,0.0,0,0.0,2460.07,0.0,1,0,0,0,1033.51,1033.51,1.0,8,0,0,0.0,116,0,1,1,0,RET003035,CUST02536
164,4,1,0.25,0,0.0,5125.59,0.0,0,0,0,0,1955.5,1955.5,1.0,11,0,1,0.1829,44,0,1,1,0,RET003036,CUST02538
120,1,0,0.0,0,0.0,4320.85,0.0,0,0,0,0,4320.85,4320.85,1.0,20,0,0,0.0,120,0,1,1,0,RET003037,CUST02538
11,3,0,0.0,0,0.0,10221.91,0.0,0,0,0,0,20130.38,20130.38,1.0,3,0,0,0.0,11,0,1,1,0,RET003038,CUST02540
19,6,1,0.1667,1,20130.38,9663.19,0.3472,1,0,1,1,17637.13,12376.26,0.7017,4,0,1,1.5789,8,0,1,1,1,RET003039,CUST02540
46,8,2,0.25,1,20130.38,7865.01,0.3199,0,0,1,0,1604.41,1604.41,1.0,10,1,2,1.3043,27,0,1,1,1,RET003040,CUST02540
107,14,6,0.4286,5,34506.73,6034.77,0.4084,1,1,1,2,869.6,869.6,1.0,14,0,4,1.6822,1,0,3,1,1,RET003041,CUST02541
14,1,0,0.0,0,0.0,1578.59,0.0,0,0,0,0,1578.59,1578.59,1.0,9,0,0,0.0,14,0,3,1,0,RET003042,CUST02541
66,8,2,0.25,2,2001.52,5619.84,0.0445,0,0,0,0,14575.37,14575.37,1.0,12,0,2,0.9091,35,1,3,1,0,RET003043,CUST02541
106,13,5,0.3846,5,34506.73,5768.69,0.4601,0,0,0,2,10092.62,10092.62,1.0,4,2,4,1.4151,31,0,3,1,1,RET003044,CUST02541
75,9,4,0.4444,3,16576.89,6812.27,0.2704,1,1,2,1,16351.71,16351.71,1.0,1,0,3,1.6,5,1,3,1,1,RET003045,CUST02541
70,8,3,0.375,2,2001.52,5619.84,0.0445,0,1,1,0,1578.13,1578.13,1.0,9,1,3,1.2857,4,0,3,1,1,RET003046,CUST02541
31,3,1,0.3333,1,1578.59,1087.57,0.4838,1,0,1,1,422.93,422.93,1.0,8,0,1,0.9677,17,0,3,1,1,RET003047,CUST02541
336,9,1,0.1111,0,0.0,13440.21,0.0,0,0,0,0,12756.12,12756.12,1.0,9,0,1,0.0893,140,0,1,1,0,RET003048,CUST02542
196,1,0,0.0,0,0.0,22844.07,0.0,0,0,0,0,22844.07,22844.07,1.0,2,0,0,0.0,196,0,1,1,0,RET003049,CUST02542
160,4,0,0.0,0,0.0,1849.32,0.0,0,0,0,0,1391.08,1391.08,1.0,29,0,0,0.0,160,0,1,1,0,RET003050,CUST02546
38,10,2,0.2,1,2475.91,7003.77,0.0354,2,1,2,1,2832.6,2832.6,1.0,2,0,2,1.5789,3,0,1,1,0,RET003051,CUST02549
35,7,1,0.1429,1,2475.91,7111.52,0.0497,0,0,1,1,1324.1,1324.1,1.0,13,0,1,0.8571,18,0,1,1,0,RET003052,CUST02549
44,11,3,0.2727,3,6246.48,6527.12,0.087,0,1,3,3,2076.25,2076.25,1.0,12,1,3,2.0455,6,0,1,1,1,RET003053,CUST02549
95,15,4,0.2667,4,8322.73,5686.74,0.0976,0,0,0,0,10547.47,10547.47,1.0,12,1,3,1.2632,51,0,1,1,0,RET003054,CUST02549
17,1,0,0.0,0,0.0,2475.91,0.0,0,0,0,0,2475.91,2475.91,1.0,12,0,0,0.0,17,0,1,1,0,RET003055,CUST02549
41,6,3,0.5,2,29278.6,6146.57,0.7939,1,0,3,2,441.24,441.24,1.0,4,1,3,2.1951,14,0,3,1,1,RET003056,CUST02550
55,8,4,0.5,3,29719.84,5403.08,0.6876,0,0,2,2,4460.4,4460.4,1.0,13,0,3,2.1818,14,0,3,1,1,RET003057,CUST02550
14,1,0,0.0,0,0.0,2475.73,0.0,0,0,0,0,2475.73,1738.24,0.7021,10,0,0,0.0,14,0,3,1,0,RET003058,CUST02550
27,3,2,0.6667,2,29278.6,10600.9,0.9206,1,0,2,2,1786.61,1786.61,1.0,1,0,2,2.2222,8,0,3,1,1,RET003059,CUST02550
19,2,1,0.5,0,0.0,15008.05,0.0,1,1,1,0,27540.36,27540.36,1.0,1,0,1,1.5789,5,0,3,1,0,RET003060,CUST02550
156,11,5,0.4545,4,34180.24,6514.63,0.477,0,0,0,0,2992.46,2992.46,1.0,2,0,4,0.9615,101,0,3,1,1,RET003061,CUST02550
220,6,0,0.0,0,0.0,990.87,0.0,0,0,0,0,392.5,392.5,1.0,14,0,0,0.0,220,0,1,1,0,RET003062,CUST02553
112,7,0,0.0,0,0.0,4437.72,0.0,0,0,0,0,1225.32,1225.32,1.0,23,0,0,0.0,112,0,2,1,0,RET003063,CUST02554
344,5,0,0.0,0,0.0,3007.82,0.0,0,0,0,0,2466.43,2466.43,1.0,2,0,0,0.0,344,0,1,1,1,RET003064,CUST02555
42,13,2,0.1538,1,778.95,8717.49,0.0069,1,0,2,1,2722.01,1796.79,0.6601,2,0,2,1.4286,15,0,5,2,1,RET003065,CUST02556
43,13,3,0.2308,1,778.95,8717.49,0.0069,0,1,3,1,10184.92,10184.92,1.0,14,0,3,2.093,1,0,5,2,1,RET003066,CUST02556
44,14,4,0.2857,2,2455.84,8250.55,0.0213,1,2,4,2,28343.47,28343.47,1.0,8,1,4,2.7273,1,1,5,2,1,RET003067,CUST02556
25,5,0,0.0,0,0.0,6235.53,0.0,0,0,0,0,4020.52,4020.52,1.0,8,0,0,0.0,25,0,5,2,0,RET003068,CUST02556
27,5,1,0.2,0,0.0,6235.53,0.0,0,1,1,0,778.95,778.95,1.0,6,0,1,1.1111,2,0,5,2,0,RET003069,CUST02556
107,17,6,0.3529,4,40984.23,7173.09,0.3361,0,0,1,0,2432.5,2432.5,1.0,3,1,5,1.6822,14,0,5,2,1,RET003070,CUST02556
93,15,5,0.3333,4,40984.23,7881.34,0.3467,0,0,0,0,2712.32,2712.32,1.0,5,0,4,1.6129,49,0,5,2,1,RET003071,CUST02556
77,3,0,0.0,0,0.0,6197.26,0.0,0,0,0,0,15931.01,15931.01,1.0,2,0,0,0.0,77,1,5,1,0,RET003072,CUST02558
106,9,1,0.1111,1,15931.01,7265.79,0.2436,0,0,1,1,8532.59,8532.59,1.0,3,0,1,0.283,29,0,5,1,0,RET003073,CUST02558
306,7,0,0.0,0,0.0,1601.64,0.0,0,0,0,0,4007.95,4007.95,1.0,22,0,0,0.0,306,1,1,1,0,RET003074,CUST02560
271,7,1,0.1429,1,954.57,5880.06,0.0232,0,0,0,0,7022.73,7022.73,1.0,23,0,1,0.1107,53,0,1,1,0,RET003075,CUST02561
218,5,0,0.0,0,0.0,6423.52,0.0,0,0,0,0,1699.99,1699.99,1.0,2,0,0,0.0,218,0,1,1,0,RET003076,CUST02561
18,8,3,0.375,2,4266.11,6131.67,0.087,0,1,3,2,5017.97,5017.97,1.0,6,2,2,5.0,2,0,1,1,1,RET003077,CUST02562
27,10,4,0.4,2,4266.11,7571.62,0.0563,0,0,4,2,1896.22,1896.22,1.0,14,0,2,4.4444,9,0,1,1,1,RET003078,CUST02562
5,3,0,0.0,0,0.0,2093.39,0.0,0,0,0,0,2961.85,2961.85,1.0,3,0,0,0.0,5,0,1,1,0,RET003079,CUST02562
16,7,2,0.2857,2,4266.11,6382.74,0.0955,0,0,2,2,18316.39,18316.39,1.0,8,0,1,3.75,9,1,1,1,1,RET003080,CUST02562
28,10,5,0.5,3,9284.08,7571.62,0.1226,0,1,5,3,1463.48,1463.48,1.0,6,0,3,5.3571,1,0,1,1,1,RET003081,CUST02562
7,3,1,0.3333,0,0.0,2093.39,0.0,0,1,1,0,1304.26,1304.26,1.0,7,1,1,4.2857,2,0,1,1,0,RET003082,CUST02562
60,3,0,0.0,0,0.0,2160.06,0.0,0,0,0,0,2785.88,2785.88,1.0,13,0,0,0.0,60,0,1,1,0,RET003083,CUST02566
134,8,2,0.25,1,2785.88,10317.86,0.0338,0,0,1,0,52549.16,52549.16,1.0,13,0,2,0.4478,19,1,1,1,0,RET003084,CUST02566
115,5,1,0.2,1,2785.88,2057.38,0.2708,0,0,0,0,617.82,617.82,1.0,10,0,1,0.2609,55,0,1,1,0,RET003085,CUST02566
34,4,0,0.0,0,0.0,16332.15,0.0,1,0,0,0,42491.46,42491.46,1.0,8,0,0,0.0,34,1,1,3,0,RET003086,CUST02568
403,7,0,0.0,0,0.0,6910.32,0.0,0,0,0,0,15070.28,11732.03,0.7785,5,0,0,0.0,403,0,2,1,0,RET003087,CUST02570
25,6,0,0.0,0,0.0,12903.85,0.0,1,0,0,0,6461.66,6461.66,1.0,1,0,0,0.0,25,0,5,1,0,RET003088,CUST02571
20,24,9,0.375,5,26490.87,7943.37,0.139,0,4,9,5,721.92,721.92,1.0,5,2,7,13.5,2,0,3,1,1,RET003089,CUST02572
18,24,8,0.3333,3,8440.11,7943.37,0.0443,1,4,8,3,5640.02,5640.02,1.0,8,1,7,13.3333,1,0,3,1,1,RET003090,CUST02572
15,18,6,0.3333,1,2339.23,6072.3,0.0214,0,4,6,1,1271.58,1271.58,1.0,5,0,6,12.0,1,0,3,1,1,RET003091,CUST02572
22,24,11,0.4583,6,30065.88,7943.37,0.1577,0,5,11,6,665.38,665.38,1.0,10,1,7,15.0,2,0,3,1,1,RET003092,CUST02572
22,24,11,0.4583,6,30065.88,7943.37,0.1577,0,5,11,6,33696.6,33696.6,1.0,6,1,7,15.0,2,1,3,1,1,RET003093,CUST02572
12,15,4,0.2667,1,2339.23,6967.37,0.0224,0,3,4,1,2378.9,2378.9,1.0,5,0,4,10.0,3,0,3,1,1,RET003094,CUST02572
5,7,1,0.1429,0,0.0,3434.69,0.0,2,1,1,0,11806.3,11806.3,1.0,2,0,1,6.0,3,1,3,1,0,RET003095,CUST02572
20,24,9,0.375,5,26490.87,7943.37,0.139,0,4,9,5,912.52,912.52,1.0,13,1,7,13.5,2,0,3,1,1,RET003096,CUST02572
9,11,3,0.2727,0,0.0,6983.7,0.0,0,3,3,0,898.03,898.03,1.0,5,0,3,10.0,1,0,3,1,1,RET003097,CUST02572
24,24,13,0.5417,6,30065.88,7943.37,0.1577,0,6,13,6,2638.42,2638.42,1.0,12,2,7,16.25,2,0,3,1,1,RET003098,CUST02572
2,1,0,0.0,0,0.0,1226.01,0.0,1,0,0,0,1226.01,1226.01,1.0,1,0,0,0.0,2,0,3,1,0,RET003099,CUST02572
14,18,5,0.2778,1,2339.23,6072.3,0.0214,1,3,5,1,3721.98,3721.98,1.0,12,0,5,10.7143,2,0,3,1,1,RET003100,CUST02572
8,11,2,0.1818,0,0.0,6983.7,0.0,2,2,2,0,2339.23,2339.23,1.0,5,0,2,7.5,3,0,3,1,1,RET003101,CUST02572
17,23,7,0.3043,2,4718.13,8175.55,0.0251,2,3,7,2,17152.73,17152.73,1.0,7,1,7,12.3529,2,1,3,1,1,RET003102,CUST02572
201,2,0,0.0,0,0.0,1415.67,0.0,0,0,0,0,1265.78,1265.78,1.0,28,0,0,0.0,201,0,1,1,0,RET003103,CUST02575
421,3,0,0.0,0,0.0,1882.71,0.0,0,0,0,0,1546.74,1546.74,1.0,27,0,0,0.0,421,0,1,1,0,RET003104,CUST02579
254,1,0,0.0,0,0.0,1315.68,0.0,0,0,0,0,1315.68,1315.68,1.0,28,0,0,0.0,254,0,1,1,0,RET003105,CUST02580
73,13,4,0.3077,1,1237.5,2993.79,0.0318,0,0,2,1,1924.86,1924.86,1.0,13,1,3,1.6438,24,0,1,1,1,RET003106,CUST02583
49,9,3,0.3333,0,0.0,3283.02,0.0,0,1,1,0,3394.63,2682.48,0.7902,6,0,2,1.8367,3,0,1,1,0,RET003107,CUST02583
46,9,2,0.2222,0,0.0,3283.02,0.0,2,0,1,0,1593.15,1237.5,0.7768,5,0,1,1.3043,30,0,1,1,0,RET003108,CUST02583
89,14,5,0.3571,1,1237.5,2909.83,0.0304,0,0,1,0,1818.35,1818.35,1.0,14,0,3,1.6854,16,0,1,1,1,RET003109,CUST02583
16,2,1,0.5,0,0.0,1602.56,0.0,1,1,1,0,1866.4,1866.4,1.0,1,1,1,1.875,2,0,1,1,0,RET003110,CUST02583
14,1,0,0.0,0,0.0,1338.72,0.0,0,0,0,0,1338.72,1338.72,1.0,11,0,0,0.0,14,0,1,1,0,RET003111,CUST02583
51,2,0,0.0,0,0.0,2125.06,0.0,0,0,0,0,1878.32,1383.97,0.7368,2,0,0,0.0,51,0,1,1,0,RET003112,CUST02584
165,5,0,0.0,0,0.0,2846.97,0.0,0,0,0,0,1087.37,1087.37,1.0,13,0,0,0.0,165,0,1,1,0,RET003113,CUST02585
301,3,0,0.0,0,0.0,1552.86,0.0,0,0,0,0,2501.74,2501.74,1.0,8,0,0,0.0,301,0,1,1,0,RET003114,CUST02587
219,5,0,0.0,0,0.0,5284.16,0.0,0,0,0,0,3289.37,3289.37,1.0,29,0,0,0.0,219,0,1,1,0,RET003115,CUST02589
7,2,0,0.0,0,0.0,2528.94,0.0,0,0,0,0,3550.27,3550.27,1.0,5,0,0,0.0,7,0,5,2,0,RET003116,CUST02590
8,4,0,0.0,0,0.0,4326.44,0.0,1,0,0,0,400.0,400.0,1.0,1,0,0,0.0,8,0,1,1,1,RET003117,CUST02593
13,8,1,0.125,0,0.0,6583.69,0.0,0,1,1,0,2021.55,2021.55,1.0,12,1,1,2.3077,5,0,1,1,0,RET003118,CUST02593
19,8,2,0.25,1,400.0,6583.69,0.0076,0,1,2,1,19513.07,14381.27,0.737,9,0,1,3.1579,6,1,1,1,0,RET003119,CUST02593
22,9,3,0.3333,2,2421.55,8311.99,0.0324,1,1,3,2,1275.5,1275.5,1.0,12,0,2,4.0909,3,0,1,1,1,RET003120,CUST02593
25,10,4,0.4,2,2421.55,7811.15,0.031,0,2,4,2,22138.43,15312.79,0.6917,4,1,3,4.8,3,0,1,1,1,RET003121,CUST02593
33,5,0,0.0,0,0.0,10586.75,0.0,0,0,0,0,4331.48,4331.48,1.0,2,0,0,0.0,33,0,1,1,0,RET003122,CUST02594
322,4,0,0.0,0,0.0,2180.41,0.0,0,0,0,0,1373.67,1373.67,1.0,16,0,0,0.0,322,0,1,1,0,RET003123,CUST02595
221,2,0,0.0,0,0.0,1853.32,0.0,0,0,0,0,1302.1,1302.1,1.0,2,0,0,0.0,221,0,1,1,0,RET003124,CUST02600
225,4,0,0.0,0,0.0,7769.24,0.0,0,0,0,0,411.0,411.0,1.0,21,0,0,0.0,225,0,1,1,0,RET003125,CUST02604
44,11,4,0.3636,1,3086.96,5260.05,0.0534,0,2,4,1,1073.7,1073.7,1.0,13,0,3,2.7273,3,0,1,1,1,RET003126,CUST02610
41,11,2,0.1818,1,3086.96,5260.05,0.0534,0,0,2,1,13099.35,13099.35,1.0,12,0,2,1.4634,8,1,1,1,1,RET003127,CUST02610
41,11,2,0.1818,1,3086.96,5260.05,0.0534,0,0,2,1,1544.58,1544.58,1.0,7,1,2,1.4634,8,0,1,1,1,RET003128,CUST02610
23,5,0,0.0,0,0.0,6659.66,0.0,1,0,0,0,5260.91,5260.91,1.0,3,0,0,0.0,23,0,1,1,0,RET003129,CUST02610
33,9,1,0.1111,1,3086.96,6066.86,0.0565,1,0,1,1,8130.61,8130.61,1.0,13,0,1,0.9091,10,0,1,1,0,RET003130,CUST02610
541,6,1,0.1667,1,14433.38,4360.28,0.5517,0,0,0,0,736.99,736.99,1.0,18,0,1,0.0555,100,0,1,1,1,RET003131,CUST02611
441,3,0,0.0,0,0.0,5961.03,0.0,0,0,0,0,14433.38,14433.38,1.0,2,0,0,0.0,441,1,1,1,0,RET003132,CUST02611
23,3,0,0.0,0,0.0,3082.19,0.0,0,0,0,0,399.05,399.05,1.0,17,0,0,0.0,23,0,1,1,0,RET003133,CUST02614
39,4,1,0.25,0,0.0,3487.69,0.0,0,0,1,0,6000.0,3623.13,0.6039,28,0,1,0.7692,16,0,1,1,0,RET003134,CUST02614
85,9,2,0.2222,2,2404.49,8552.51,0.0312,2,0,1,1,9145.55,9145.55,1.0,7,0,2,0.7059,17,0,1,1,0,RET003135,CUST02617
41,3,0,0.0,0,0.0,1901.84,0.0,0,0,0,0,537.92,537.92,1.0,9,0,0,0.0,41,0,1,1,0,RET003136,CUST02617
101,13,3,0.2308,3,11550.04,8522.43,0.1043,0,0,1,2,3131.18,3131.18,1.0,11,0,3,0.8911,16,0,1,1,1,RET003137,CUST02617
108,13,4,0.3077,3,11550.04,8522.43,0.1043,0,1,2,2,27344.26,27344.26,1.0,9,0,4,1.1111,7,1,1,1,1,RET003138,CUST02617
68,5,1,0.2,1,537.92,5006.25,0.0215,0,0,1,1,1866.57,1866.57,1.0,3,0,1,0.4412,27,0,1,1,0,RET003139,CUST02617
220,7,0,0.0,0,0.0,9493.9,0.0,1,0,0,0,2145.16,1837.37,0.8565,22,0,0,0.0,220,0,1,1,0,RET003140,CUST02618
231,8,1,0.125,1,1837.37,8564.54,0.0268,0,0,1,1,1560.49,1560.49,1.0,12,0,1,0.1299,11,0,1,1,0,RET003141,CUST02618
200,2,0,0.0,0,0.0,2224.65,0.0,0,0,0,0,2335.22,2335.22,1.0,23,0,0,0.0,200,0,1,1,0,RET003142,CUST02620
236,2,0,0.0,0,0.0,1632.97,0.0,0,0,0,0,1733.97,1733.97,1.0,19,0,0,0.0,236,0,5,1,0,RET003143,CUST02622
196,7,1,0.1429,1,1998.72,9702.88,0.0294,0,0,0,1,2470.23,2470.23,1.0,15,0,1,0.1531,37,0,1,1,0,RET003144,CUST02623
159,6,0,0.0,0,0.0,10908.32,0.0,0,0,0,0,3533.16,3533.16,1.0,11,0,0,0.0,159,0,1,1,0,RET003145,CUST02623
67,10,1,0.1,1,22195.95,6636.43,0.3345,0,0,0,0,480.27,480.27,1.0,5,0,1,0.4478,38,0,1,1,1,RET003146,CUST02627
29,4,0,0.0,0,0.0,9305.16,0.0,0,0,0,0,22195.95,22195.95,1.0,13,0,0,0.0,29,1,1,1,0,RET003147,CUST02627
332,5,0,0.0,0,0.0,5074.34,0.0,0,0,0,0,1059.36,745.95,0.7042,19,0,0,0.0,332,0,1,1,0,RET003148,CUST02628
352,4,0,0.0,0,0.0,8045.6,0.0,0,0,0,0,650.23,650.23,1.0,28,0,0,0.0,352,0,1,1,0,RET003149,CUST02630
86,5,0,0.0,0,0.0,4932.05,0.0,0,0,0,0,20134.35,20134.35,1.0,16,0,0,0.0,86,1,1,1,0,RET003150,CUST02633
62,3,0,0.0,0,0.0,1490.25,0.0,0,0,0,0,826.0,826.0,1.0,22,0,0,0.0,62,0,1,1,0,RET003151,CUST02634
262,7,1,0.1429,1,711.94,7590.53,0.0134,0,0,0,1,1281.55,1281.55,1.0,22,0,1,0.1145,39,0,1,1,0,RET003152,CUST02636
223,5,0,0.0,0,0.0,6296.02,0.0,0,0,0,0,1015.52,711.94,0.7011,21,0,0,0.0,223,0,1,1,0,RET003153,CUST02636
78,1,0,0.0,0,0.0,745.38,0.0,0,0,0,0,745.38,745.38,1.0,4,0,0,0.0,78,0,1,1,0,RET003154,CUST02640
138,7,0,0.0,0,0.0,2435.29,0.0,0,0,0,0,6116.08,6116.08,1.0,16,0,0,0.0,138,1,1,1,0,RET003155,CUST02642
46,23,8,0.3478,4,54900.73,5958.68,0.4006,0,0,5,4,2349.96,2349.96,1.0,11,1,5,5.2174,14,0,4,3,1,RET003156,CUST02644
14,12,2,0.1667,0,0.0,7396.56,0.0,1,2,2,0,3337.21,3337.21,1.0,6,2,1,4.2857,1,0,4,3,1,RET003157,CUST02644
17,12,3,0.25,0,0.0,7396.56,0.0,0,3,3,0,32727.54,32727.54,1.0,8,0,1,5.2941,3,1,4,3,1,RET003158,CUST02644
20,12,5,0.4167,1,3337.21,7396.56,0.0376,0,4,5,1,16846.54,16846.54,1.0,7,1,3,7.5,1,1,4,3,1,RET003159,CUST02644
32,20,7,0.35,3,52911.29,5773.66,0.4582,2,1,7,3,3023.39,3023.39,1.0,1,0,4,6.5625,1,0,4,3,1,RET003160,CUST02644
12,11,0,0.0,0,0.0,6537.47,0.0,2,0,0,0,2556.84,2556.84,1.0,4,0,0,0.0,12,0,4,3,1,RET003161,CUST02644
19,12,4,0.3333,1,3337.21,7396.56,0.0376,0,4,4,1,4897.28,4897.28,1.0,13,0,2,6.3158,2,0,4,3,0,RET003162,CUST02644
13,11,1,0.0909,0,0.0,6537.47,0.0,0,1,1,0,1952.83,1952.83,1.0,11,1,1,2.3077,1,0,4,3,0,RET003163,CUST02644
31,18,6,0.3333,3,52911.29,6220.72,0.4725,3,0,6,3,12966.93,8395.67,0.6475,3,0,3,5.8065,11,0,4,3,1,RET003164,CUST02644
21,2,0,0.0,0,0.0,8758.8,0.0,0,0,0,0,1157.91,1157.91,1.0,18,0,0,0.0,21,0,1,1,0,RET003165,CUST02647
54,10,3,0.3,3,41213.13,12911.72,0.3192,0,1,2,2,5928.5,5928.5,1.0,9,1,3,1.6667,5,0,1,1,1,RET003166,CUST02648
56,11,4,0.3636,3,41213.13,12044.46,0.3111,1,2,3,2,6607.7,6607.7,1.0,14,0,3,2.1429,2,0,1,1,1,RET003167,CUST02648
49,8,2,0.25,1,39940.68,11370.16,0.4391,0,1,1,1,1052.0,1052.0,1.0,2,0,2,1.2245,7,0,1,1,1,RET003168,CUST02648
42,4,1,0.25,1,39940.68,15787.38,0.6325,1,0,1,1,288.83,288.83,1.0,8,0,1,0.7143,27,0,1,1,1,RET003169,CUST02648
15,1,0,0.0,0,0.0,39940.68,0.0,0,0,0,0,39940.68,39940.68,1.0,7,0,0,0.0,15,0,1,1,1,RET003170,CUST02648
95,14,6,0.4286,6,54420.93,11905.26,0.3265,0,0,1,1,32737.32,32737.32,1.0,3,0,4,1.8947,30,1,1,1,1,RET003171,CUST02648
65,12,5,0.4167,5,53749.33,11084.44,0.4041,0,0,4,4,951.42,671.6,0.7059,13,2,4,2.3077,9,0,1,1,1,RET003172,CUST02648
104,1,0,0.0,0,0.0,3660.96,0.0,0,0,0,0,3660.96,3159.57,0.863,24,0,0,0.0,104,0,1,1,0,RET003173,CUST02649
85,13,6,0.4615,3,4680.83,4082.22,0.0882,0,2,4,2,3519.81,3519.81,1.0,9,0,4,2.1176,4,0,1,1,1,RET003174,CUST02651
81,13,5,0.3846,2,4060.95,4082.22,0.0765,0,1,3,1,955.28,619.88,0.6489,13,0,3,1.8519,2,0,1,1,1,RET003175,CUST02651
79,13,4,0.3077,2,4060.95,4082.22,0.0765,0,0,3,1,6551.1,6551.1,1.0,3,0,2,1.519,12,0,1,1,1,RET003176,CUST02651
67,8,3,0.375,1,1270.45,2318.95,0.0685,0,1,2,1,2762.98,2762.98,1.0,4,1,2,1.3433,2,0,1,1,1,RET003177,CUST02651
49,2,1,0.5,1,1270.45,2444.09,0.2599,0,0,1,1,3617.74,2023.09,0.5592,10,0,1,0.6122,18,0,1,1,0,RET003178,CUST02651
65,8,2,0.25,1,1270.45,2318.95,0.0685,0,0,1,1,2790.5,2790.5,1.0,4,1,2,0.9231,16,0,1,1,0,RET003179,CUST02651
31,1,0,0.0,0,0.0,1270.45,0.0,0,0,0,0,1270.45,1270.45,1.0,11,0,0,0.0,31,0,1,1,0,RET003180,CUST02651
448,7,0,0.0,0,0.0,3023.39,0.0,0,0,0,0,1767.11,1767.11,1.0,24,0,0,0.0,448,0,1,1,0,RET003181,CUST02653
134,2,0,0.0,0,0.0,4227.09,0.0,0,0,0,0,5692.09,2691.93,0.4729,7,0,0,0.0,134,0,1,1,0,RET003182,CUST02656
150,3,1,0.3333,1,2691.93,3587.7,0.2501,0,0,1,1,2308.94,2308.94,1.0,16,1,1,0.2,16,0,1,1,0,RET003183,CUST02656
399,6,0,0.0,0,0.0,6508.95,0.0,0,0,0,0,17259.48,9502.19,0.5505,27,0,0,0.0,399,0,1,1,0,RET003184,CUST02657
66,15,4,0.2667,2,12252.4,11537.8,0.0708,0,1,2,2,1686.34,1686.34,1.0,14,0,3,1.8182,5,0,5,3,1,RET003185,CUST02658
61,14,3,0.2143,1,2949.56,12294.49,0.0171,0,0,2,1,9302.84,9302.84,1.0,4,1,3,1.4754,23,0,5,3,1,RET003186,CUST02658
30,10,0,0.0,0,0.0,14470.55,0.0,2,0,0,0,37996.44,35741.82,0.9407,1,0,0,0.0,30,1,5,3,0,RET003187,CUST02658
32,10,1,0.1,0,0.0,14470.55,0.0,0,1,1,0,18798.29,18798.29,1.0,9,0,1,0.9375,2,0,5,3,0,RET003188,CUST02658
38,11,2,0.1818,0,0.0,13423.19,0.0,0,1,2,0,2949.56,2949.56,1.0,6,0,2,1.5789,6,0,5,3,1,RET003189,CUST02658
184,5,0,0.0,0,0.0,2605.25,0.0,0,0,0,0,2927.36,2927.36,1.0,21,0,0,0.0,184,0,1,1,0,RET003190,CUST02659
90,5,0,0.0,0,0.0,6515.59,0.0,0,0,0,0,7120.09,7120.09,1.0,16,0,0,0.0,90,0,1,1,0,RET003191,CUST02661
322,3,0,0.0,0,0.0,3429.87,0.0,0,0,0,0,4530.46,4530.46,1.0,17,0,0,0.0,322,0,1,1,0,RET003192,CUST02663
21,8,0,0.0,0,0.0,4896.01,0.0,0,0,0,0,1840.01,1840.01,1.0,13,0,0,0.0,21,0,5,1,0,RET003193,CUST02674
81,10,1,0.1,1,1115.04,6395.99,0.0174,0,0,0,0,22899.0,22899.0,1.0,7,1,1,0.3704,60,1,5,1,0,RET003194,CUST02674
109,13,2,0.1538,2,24014.04,8805.92,0.2098,0,0,1,1,1461.56,1461.56,1.0,6,2,1,0.5505,28,0,5,1,0,RET003195,CUST02674
139,14,3,0.2143,3,25475.6,8223.2,0.2213,0,0,1,1,647.87,647.87,1.0,13,0,1,0.6475,30,0,5,1,1,RET003196,CUST02674
303,3,0,0.0,0,0.0,13727.25,0.0,1,0,0,0,37157.89,37157.89,1.0,10,0,0,0.0,303,1,1,2,0,RET003197,CUST02675
433,7,1,0.1429,0,0.0,6714.78,0.0,1,0,0,0,1488.96,1488.96,1.0,11,0,1,0.0693,130,0,1,2,0,RET003198,CUST02675
277,1,0,0.0,0,0.0,9544.66,0.0,0,0,0,0,9544.66,9544.66,1.0,18,0,0,0.0,277,0,1,1,0,RET003199,CUST02677
75,1,0,0.0,0,0.0,4200.33,0.0,0,0,0,0,4200.33,4200.33,1.0,8,0,0,0.0,75,0,1,1,0,RET003200,CUST02678
188,2,0,0.0,0,0.0,10940.98,0.0,0,0,0,0,2505.73,2505.73,1.0,19,0,0,0.0,188,0,1,1,0,RET003201,CUST02679
125,3,0,0.0,0,0.0,1465.36,0.0,0,0,0,0,2693.52,2693.52,1.0,11,0,0,0.0,125,0,1,1,0,RET003202,CUST02680
194,5,1,0.2,1,4057.04,9121.33,0.089,0,0,0,0,12269.09,12269.09,1.0,2,0,1,0.1546,92,0,5,1,0,RET003203,CUST02681
201,12,2,0.1667,2,16326.13,9143.85,0.1488,1,1,1,1,665.36,665.36,1.0,1,0,2,0.2985,7,0,5,1,0,RET003204,CUST02681
102,2,0,0.0,0,0.0,14123.4,0.0,1,0,0,0,4057.04,4057.04,1.0,6,0,0,0.0,102,0,5,1,0,RET003205,CUST02681
205,13,3,0.2308,2,16326.13,8751.95,0.1435,0,1,2,1,1946.74,1946.74,1.0,9,1,3,0.439,4,0,5,1,1,RET003206,CUST02681
148,4,1,0.25,1,9337.4,5750.81,0.4059,0,0,0,1,7341.21,7341.21,1.0,26,0,1,0.2027,36,0,1,1,1,RET003207,CUST02686
112,2,0,0.0,0,0.0,5831.01,0.0,0,0,0,0,9337.4,9337.4,1.0,27,0,0,0.0,112,0,1,1,0,RET003208,CUST02686
84,5,1,0.2,1,3914.35,6182.74,0.1266,0,0,0,0,11207.38,7730.11,0.6897,5,0,1,0.3571,33,0,3,1,0,RET003209,CUST02687
94,7,2,0.2857,1,3914.35,4885.42,0.1145,0,0,1,0,2051.01,1433.7,0.699,3,1,2,0.6383,10,0,3,1,0,RET003210,CUST02687
51,2,0,0.0,0,0.0,2974.51,0.0,0,0,0,0,3914.35,3914.35,1.0,10,0,0,0.0,51,0,3,1,0,RET003211,CUST02687
101,8,3,0.375,3,9862.46,4484.35,0.2749,0,1,2,2,1676.88,1307.31,0.7796,2,0,2,0.8911,7,0,3,1,1,RET003212,CUST02687
462,3,0,0.0,0,0.0,10352.79,0.0,0,0,0,0,27006.97,27006.97,1.0,5,0,0,0.0,462,1,1,1,0,RET003213,CUST02688
446,3,0,0.0,0,0.0,2325.42,0.0,0,0,0,0,2565.82,2565.82,1.0,20,0,0,0.0,446,0,1,1,0,RET003214,CUST02689
139,22,8,0.3636,7,13785.66,5929.85,0.1057,0,0,3,3,3268.32,3268.32,1.0,7,0,3,1.7266,10,0,3,3,1,RET003215,CUST02691
63,10,2,0.2,2,1746.7,5904.76,0.0296,0,1,1,1,2052.13,2052.13,1.0,11,0,2,0.9524,6,0,3,3,0,RET003216,CUST02691
57,10,1,0.1,1,1222.5,5904.76,0.0207,0,0,0,0,1371.65,945.96,0.6897,9,0,1,0.5263,46,0,3,3,0,RET003217,CUST02691
115,17,6,0.3529,5,10369.42,4542.32,0.1343,0,1,3,2,3016.94,3016.94,1.0,6,2,3,1.5652,5,0,3,3,0,RET003218,CUST02691
110,17,5,0.2941,4,4340.87,4542.32,0.0562,1,1,2,1,1243.73,1243.73,1.0,2,1,3,1.3636,6,0,3,3,1,RET003219,CUST02691
85,13,3,0.2308,3,3798.83,4995.99,0.0585,1,0,2,2,1136.63,542.04,0.4769,1,1,3,1.0588,22,0,3,3,1,RET003220,CUST02691
104,15,4,0.2667,4,4340.87,4863.91,0.0595,0,0,1,2,6028.55,6028.55,1.0,5,1,3,1.1538,19,0,3,3,1,RET003221,CUST02691
129,20,7,0.35,7,13785.66,5211.4,0.1323,0,0,3,3,20263.77,20263.77,1.0,10,2,3,1.6279,14,1,3,3,1,RET003222,CUST02691
11,3,0,0.0,0,0.0,7726.4,0.0,0,0,0,0,1955.61,1222.5,0.6251,5,0,0,0.0,11,0,3,3,0,RET003223,CUST02691
247,4,0,0.0,0,0.0,2460.43,0.0,1,0,0,0,3377.53,1765.54,0.5227,30,0,0,0.0,247,0,1,1,0,RET003224,CUST02693
293,2,0,0.0,0,0.0,1360.99,0.0,0,0,0,0,1449.85,1449.85,1.0,19,0,0,0.0,293,0,1,1,0,RET003225,CUST02694
349,5,1,0.2,0,0.0,5788.52,0.0,0,0,0,0,2286.41,2286.41,1.0,12,0,1,0.086,56,0,1,1,0,RET003226,CUST02694
41,7,1,0.1429,0,0.0,15915.92,0.0,0,0,1,0,2938.11,2938.11,1.0,2,0,1,0.7317,9,0,1,1,0,RET003227,CUST02695
58,9,2,0.2222,1,2242.82,12794.2,0.0195,0,0,2,1,1217.0,1217.0,1.0,14,1,2,1.0345,17,0,1,1,0,RET003228,CUST02695
32,3,0,0.0,0,0.0,19842.36,0.0,0,0,0,0,40852.11,40852.11,1.0,14,0,0,0.0,32,1,1,1,0,RET003229,CUST02695
329,7,0,0.0,0,0.0,2440.33,0.0,0,0,0,0,2414.68,2414.68,1.0,22,0,0,0.0,329,0,1,1,0,RET003230,CUST02697
128,13,2,0.1538,2,6794.36,5043.77,0.1036,0,0,1,1,1385.88,727.55,0.525,9,2,1,0.4688,24,0,1,1,0,RET003231,CUST02698
62,6,0,0.0,0,0.0,5082.6,0.0,0,0,0,0,3999.4,3999.4,1.0,9,0,0,0.0,62,0,1,1,0,RET003232,CUST02698
104,9,1,0.1111,1,3999.4,6300.96,0.0705,0,0,0,0,2794.96,2794.96,1.0,2,1,1,0.2885,42,0,1,1,0,RET003233,CUST02698
320,3,0,0.0,0,0.0,1038.11,0.0,0,0,0,0,663.15,663.15,1.0,21,0,0,0.0,320,0,1,1,0,RET003234,CUST02699
194,1,0,0.0,0,0.0,4482.12,0.0,0,0,0,0,4482.12,4482.12,1.0,29,0,0,0.0,194,0,1,1,0,RET003235,CUST02702
17,7,1,0.1429,0,0.0,4808.12,0.0,0,0,1,0,8000.0,8000.0,1.0,8,0,1,1.7647,15,0,5,2,1,RET003236,CUST02703
2,1,0,0.0,0,0.0,2280.31,0.0,1,0,0,0,2280.31,1397.94,0.613,1,0,0,0.0,2,0,5,2,0,RET003237,CUST02703
53,21,9,0.4286,2,7208.03,12195.6,0.0281,0,3,6,2,1466.75,1466.75,1.0,8,0,5,5.0943,3,0,5,2,1,RET003238,CUST02703
18,7,2,0.2857,0,0.0,4808.12,0.0,0,1,2,0,8194.84,8194.84,1.0,14,1,2,3.3333,1,0,5,2,1,RET003239,CUST02703
49,16,7,0.4375,2,7208.03,12281.08,0.0367,0,2,4,2,29018.24,29018.24,1.0,12,0,4,4.2857,1,1,5,2,1,RET003240,CUST02703
28,9,4,0.4444,0,0.0,7950.73,0.0,0,1,4,0,2151.39,2151.39,1.0,9,2,3,4.2857,3,0,5,2,1,RET003241,CUST02703
50,18,8,0.4444,2,7208.03,12813.65,0.0313,2,3,5,2,6000.0,6000.0,1.0,1,1,5,4.8,1,0,5,2,1,RET003242,CUST02703
56,22,10,0.4545,3,9888.29,11747.79,0.0383,0,3,6,3,4000.0,4000.0,1.0,6,2,6,5.3571,3,0,5,2,1,RET003243,CUST02703
45,15,5,0.3333,2,7208.03,13002.03,0.037,1,0,4,2,2680.26,2680.26,1.0,8,0,3,3.3333,17,0,5,2,1,RET003244,CUST02703
62,24,12,0.5,6,37063.71,10862.57,0.1422,0,2,7,5,2343.81,2343.81,1.0,9,3,7,5.8065,5,0,5,2,1,RET003245,CUST02703
57,23,11,0.4783,3,9888.29,11297.12,0.0381,1,3,7,3,20431.23,20431.23,1.0,6,0,6,5.7895,1,0,5,2,1,RET003246,CUST02703
48,16,6,0.375,2,7208.03,12281.08,0.0367,0,1,4,2,55000.0,42533.91,0.7733,11,1,4,3.75,3,1,5,2,1,RET003247,CUST02703
25,9,3,0.3333,0,0.0,7950.73,0.0,0,1,3,0,596.03,596.03,1.0,12,0,2,3.6,7,0,5,2,1,RET003248,CUST02703
16,3,1,0.3333,0,0.0,1449.97,0.0,0,1,1,0,847.63,847.63,1.0,7,0,1,1.875,4,0,1,4,1,RET003249,CUST02704
35,11,4,0.3636,2,2910.02,4775.31,0.0554,0,1,4,2,3068.53,3068.53,1.0,4,0,4,3.4286,1,0,1,4,1,RET003250,CUST02704
82,21,10,0.4762,6,10092.54,4972.07,0.0967,0,1,3,3,2184.56,2184.56,1.0,5,1,6,3.6585,2,0,1,4,1,RET003251,CUST02704
51,13,6,0.4615,3,3757.52,4377.18,0.066,0,0,3,2,802.83,802.83,1.0,6,0,5,3.5294,11,0,1,4,1,RET003252,CUST02704
34,11,3,0.2727,2,2910.02,4775.31,0.0554,0,0,3,2,847.5,847.5,1.0,10,0,3,2.6471,14,0,1,4,1,RET003253,CUST02704
90,21,11,0.5238,6,10092.54,4972.07,0.0967,0,0,3,2,9230.23,9230.23,1.0,14,2,6,3.6667,8,0,1,4,0,RET003254,CUST02704
64,16,8,0.5,5,8013.1,5346.23,0.0937,0,1,5,3,2079.44,2079.44,1.0,11,1,6,3.75,6,0,1,4,1,RET003255,CUST02704
20,6,2,0.3333,1,847.63,1755.28,0.0805,1,1,2,1,2062.39,2062.39,1.0,1,0,2,3.0,4,0,1,4,1,RET003256,CUST02704
40,11,5,0.4545,2,2910.02,4775.31,0.0554,0,2,5,2,25466.14,22402.43,0.8797,13,1,5,3.75,5,1,1,4,1,RET003257,CUST02704
12,2,0,0.0,0,0.0,1659.3,0.0,0,0,0,0,2470.97,2470.97,1.0,12,0,0,0.0,12,0,1,4,0,RET003258,CUST02704
80,20,9,0.45,6,10092.54,5117.48,0.0986,0,0,3,3,1517.95,1517.95,1.0,5,1,6,3.375,16,0,1,4,1,RET003259,CUST02704
58,16,7,0.4375,4,4440.95,5346.23,0.0519,0,1,4,3,3572.15,3572.15,1.0,10,2,6,3.6207,7,0,1,4,1,RET003260,CUST02704
243,3,0,0.0,0,0.0,5680.64,0.0,0,0,0,0,11962.7,11962.7,1.0,25,0,0,0.0,243,1,1,1,0,RET003261,CUST02708
131,5,1,0.2,1,753.16,2369.5,0.0636,0,0,1,1,1725.59,1545.99,0.8959,13,0,1,0.229,19,0,1,1,0,RET003262,CUST02722
112,3,0,0.0,0,0.0,2942.64,0.0,0,0,0,0,753.16,753.16,1.0,13,0,0,0.0,112,0,1,1,0,RET003263,CUST02722
256,3,0,0.0,0,0.0,4602.1,0.0,0,0,0,0,4252.41,4252.41,1.0,14,0,0,0.0,256,0,1,1,0,RET003264,CUST02723
494,3,0,0.0,0,0.0,935.92,0.0,0,0,0,0,459.89,459.89,1.0,19,0,0,0.0,494,0,1,1,0,RET003265,CUST02727
237,8,0,0.0,0,0.0,6856.06,0.0,0,0,0,0,1320.58,579.61,0.4389,18,0,0,0.0,237,0,5,1,0,RET003266,CUST02729
464,3,1,0.3333,0,0.0,1904.66,0.0,0,0,0,0,667.73,667.73,1.0,7,0,1,0.0647,113,0,1,3,0,RET003267,CUST02733
351,1,0,0.0,0,0.0,2502.97,0.0,0,0,0,0,2502.97,2502.97,1.0,24,0,0,0.0,351,0,1,3,0,RET003268,CUST02733
106,7,1,0.1429,1,2121.33,5941.0,0.051,0,0,0,0,7600.96,7600.96,1.0,14,0,1,0.283,99,0,4,4,0,RET003269,CUST02734
7,1,0,0.0,0,0.0,2631.01,0.0,0,0,0,0,2631.01,2121.33,0.8063,7,0,0,0.0,7,0,4,4,0,RET003270,CUST02734
25,7,1,0.1429,0,0.0,6382.05,0.0,2,1,1,0,3515.78,1870.88,0.5321,4,0,1,1.2,4,0,4,1,0,RET003271,CUST02736
32,12,3,0.25,0,0.0,4702.35,0.0,0,2,3,0,7892.63,7892.63,1.0,13,1,3,2.8125,5,0,4,1,1,RET003272,CUST02736
36,14,5,0.3571,1,1870.88,4439.95,0.0301,1,2,5,1,3825.08,3825.08,1.0,7,1,4,4.1667,2,0,4,1,1,RET003273,CUST02736
27,9,2,0.2222,0,0.0,5453.05,0.0,1,2,2,0,4539.36,4539.36,1.0,3,0,2,2.2222,2,0,4,1,1,RET003274,CUST02736
34,13,4,0.3077,0,0.0,4438.07,0.0,1,2,4,0,1493.68,1493.68,1.0,9,0,3,3.5294,2,0,4,1,1,RET003275,CUST02736
21,3,0,0.0,0,0.0,6881.24,0.0,0,0,0,0,4413.71,4413.71,1.0,4,0,0,0.0,21,0,4,1,0,RET003276,CUST02736
74,20,11,0.55,4,12379.53,4116.34,0.1504,0,0,3,2,545.45,545.45,1.0,5,1,5,4.4595,11,0,4,1,1,RET003277,CUST02736
63,19,9,0.4737,3,10258.2,4304.28,0.1254,1,0,5,3,2799.44,1120.68,0.4003,4,0,4,4.2857,17,0,4,1,1,RET003278,CUST02736
63,19,9,0.4737,3,10258.2,4304.28,0.1254,1,0,5,3,2121.33,2121.33,1.0,1,2,4,4.2857,17,0,4,1,1,RET003279,CUST02736
42,17,6,0.3529,2,3364.56,4521.21,0.0438,1,1,6,2,1266.76,1266.76,1.0,9,1,4,4.2857,6,0,4,1,1,RET003280,CUST02736
43,17,7,0.4118,2,3364.56,4521.21,0.0438,0,2,7,2,1399.83,1399.83,1.0,4,2,4,4.8837,1,0,4,1,1,RET003281,CUST02736
46,17,8,0.4706,2,3364.56,4521.21,0.0438,0,2,8,2,12391.27,6893.64,0.5563,9,3,4,5.2174,3,0,4,1,1,RET003282,CUST02736
62,11,4,0.3636,2,2857.15,4518.72,0.0575,2,0,2,2,2221.59,2221.59,1.0,1,0,4,1.9355,20,0,1,1,1,RET003283,CUST02738
40,3,2,0.6667,0,0.0,1644.31,0.0,0,0,1,0,1826.3,1826.3,1.0,3,0,2,1.5,11,0,1,1,0,RET003284,CUST02738
42,4,3,0.75,0,0.0,1490.95,0.0,0,1,2,0,1030.85,1030.85,1.0,2,0,3,2.1429,2,0,1,1,1,RET003285,CUST02738
8,1,0,0.0,0,0.0,2698.09,0.0,0,0,0,0,2698.09,2698.09,1.0,4,0,0,0.0,8,0,1,1,0,RET003286,CUST02738
29,2,1,0.5,0,0.0,1553.32,0.0,0,0,1,0,408.55,408.55,1.0,4,0,1,1.0345,21,0,1,1,1,RET003287,CUST02738
499,3,0,0.0,0,0.0,2076.23,0.0,0,0,0,0,2201.38,2201.38,1.0,29,0,0,0.0,499,0,1,1,0,RET003288,CUST02739
92,14,5,0.3571,5,11409.49,8027.58,0.1015,0,0,1,3,1877.6,1877.6,1.0,2,1,4,1.6304,19,0,1,1,1,RET003289,CUST02740
124,18,9,0.5,6,13287.09,9376.01,0.0787,0,1,3,1,814.54,475.25,0.5835,9,2,5,2.1774,5,0,1,1,1,RET003290,CUST02740
55,12,2,0.1667,2,4738.7,9123.63,0.0433,0,0,0,0,5277.76,5008.69,0.949,10,0,2,1.0909,43,0,1,1,1,RET003291,CUST02740
12,2,1,0.5,0,0.0,2970.28,0.0,0,1,1,0,2675.36,2675.36,1.0,8,0,1,2.5,2,0,1,1,0,RET003292,CUST02740
61,12,3,0.25,2,4738.7,9123.63,0.0433,0,1,1,0,1203.1,1203.1,1.0,12,1,3,1.4754,6,0,1,1,1,RET003293,CUST02740
113,16,7,0.4375,6,13287.09,10264.62,0.0809,0,1,2,1,50456.19,50456.19,1.0,9,2,5,1.8584,2,1,1,1,1,RET003294,CUST02740
119,18,8,0.4444,6,13287.09,9376.01,0.0787,0,1,3,1,3719.7,3719.7,1.0,3,1,5,2.0168,6,0,1,1,1,RET003295,CUST02740
111,16,6,0.375,6,13287.09,10264.62,0.0809,0,0,1,1,1391.6,1391.6,1.0,5,0,4,1.6216,19,0,1,1,1,RET003296,CUST02740
73,13,4,0.3077,3,9747.39,8500.65,0.0882,0,0,2,1,1024.9,621.47,0.6064,6,0,3,1.6438,12,0,1,1,1,RET003297,CUST02740
10,2,0,0.0,0,0.0,2970.28,0.0,0,0,0,0,3265.2,3265.2,1.0,6,0,0,0.0,10,0,1,1,0,RET003298,CUST02740
68,9,3,0.3333,0,0.0,8170.92,0.0,0,3,3,0,25754.24,25754.24,1.0,10,1,2,1.3235,4,1,5,1,1,RET003299,CUST02744
63,9,0,0.0,0,0.0,8170.92,0.0,1,0,0,0,1476.39,1311.74,0.8885,1,0,0,0.0,63,0,5,1,0,RET003300,CUST02744
64,9,2,0.2222,0,0.0,8170.92,0.0,0,2,2,0,962.67,962.67,1.0,4,1,2,0.9375,1,0,5,1,1,RET003301,CUST02744
63,9,0,0.0,0,0.0,8170.92,0.0,1,0,0,0,11076.37,11076.37,1.0,14,0,0,0.0,63,0,5,1,0,RET003302,CUST02744
399,2,0,0.0,0,0.0,4384.53,0.0,0,0,0,0,4653.45,4653.45,1.0,21,0,0,0.0,399,0,1,1,0,RET003303,CUST02746
202,11,3,0.2727,3,26458.48,8408.79,0.286,0,0,1,1,2682.65,2682.65,1.0,13,0,2,0.4455,25,0,5,1,1,RET003304,CUST02749
177,9,2,0.2222,2,25692.26,6941.67,0.4112,1,0,0,0,1213.33,766.22,0.6315,1,1,2,0.339,43,0,5,1,1,RET003305,CUST02749
134,6,1,0.1667,1,24143.6,9152.03,0.4397,1,0,1,1,1548.66,1548.66,1.0,1,0,1,0.2239,11,0,5,1,1,RET003306,CUST02749
123,5,0,0.0,0,0.0,10672.71,0.0,1,0,0,0,24143.6,24143.6,1.0,9,0,0,0.0,123,1,5,1,0,RET003307,CUST02749
57,17,3,0.1765,1,728.82,8938.43,0.0048,2,0,2,1,642.26,339.71,0.5289,2,0,3,1.5789,12,0,5,1,0,RET003308,CUST02754
64,18,5,0.2778,3,40338.28,8557.59,0.2619,0,2,3,2,2083.36,2083.36,1.0,6,0,4,2.3438,1,0,5,1,1,RET003309,CUST02754
20,3,0,0.0,0,0.0,12904.09,0.0,0,0,0,0,1477.99,842.28,0.5699,6,0,0,0.0,20,0,5,1,0,RET003310,CUST02754
90,20,6,0.3,4,42421.64,7856.42,0.27,0,0,2,2,1769.82,1769.82,1.0,10,1,5,2.0,26,0,5,1,1,RET003311,CUST02754
31,6,1,0.1667,0,0.0,8038.9,0.0,0,0,1,0,1321.38,728.82,0.5516,14,0,1,0.9677,11,0,5,1,0,RET003312,CUST02754
45,8,2,0.25,1,728.82,13378.92,0.0068,0,0,2,1,39269.75,39269.75,1.0,12,0,2,1.3333,14,1,5,1,1,RET003313,CUST02754
90,20,6,0.3,4,42421.64,7856.42,0.27,0,0,2,2,1322.03,1322.03,1.0,8,1,5,2.0,26,0,5,1,1,RET003314,CUST02754
63,18,4,0.2222,3,40338.28,8557.59,0.2619,0,1,2,3,5272.43,5272.43,1.0,8,1,4,1.9048,6,0,5,1,1,RET003315,CUST02754
20,12,2,0.1667,1,1204.02,10638.62,0.0094,0,1,2,1,1225.5,1225.5,1.0,8,0,2,3.0,4,0,4,4,1,RET003316,CUST02756
25,13,3,0.2308,1,1204.02,9920.05,0.0093,0,1,3,1,10022.61,10022.61,1.0,8,0,3,3.6,5,0,4,4,1,RET003317,CUST02756
12,3,0,0.0,0,0.0,19322.44,0.0,0,0,0,0,1893.38,1701.35,0.8986,2,0,0,0.0,12,0,4,4,0,RET003318,CUST02756
16,9,1,0.1111,0,0.0,10916.82,0.0,2,1,1,0,1073.93,1073.93,1.0,11,0,1,1.875,4,0,4,4,0,RET003319,CUST02756
27,13,4,0.3077,1,1204.02,9920.05,0.0093,0,2,4,1,17139.08,17139.08,1.0,11,0,4,4.4444,2,0,4,4,1,RET003320,CUST02756
40,17,7,0.4118,3,28365.71,9889.79,0.1687,0,1,7,3,2776.5,2776.5,1.0,6,1,5,5.25,2,0,4,4,1,RET003321,CUST02756
31,14,5,0.3571,1,1204.02,9776.41,0.0088,0,2,5,1,1297.16,1297.16,1.0,8,1,5,4.8387,4,0,4,4,1,RET003322,CUST02756
38,16,6,0.375,3,28365.71,10407.98,0.1703,0,1,6,3,7909.17,6721.44,0.8498,10,1,5,4.7368,7,0,4,4,1,RET003323,CUST02756
259,3,0,0.0,0,0.0,18506.95,0.0,0,0,0,0,20563.99,20563.99,1.0,26,0,0,0.0,259,0,1,1,0,RET003324,CUST02759
219,1,0,0.0,0,0.0,996.85,0.0,0,0,0,0,996.85,996.85,1.0,25,0,0,0.0,219,0,1,1,0,RET003325,CUST02760
259,3,1,0.3333,1,996.85,7259.41,0.0458,0,0,0,1,19531.06,19531.06,1.0,24,0,1,0.1158,40,1,1,1,1,RET003326,CUST02760
109,5,0,0.0,0,0.0,6520.32,0.0,0,0,0,0,3660.77,3660.77,1.0,12,0,0,0.0,109,0,1,1,0,RET003327,CUST02763
50,12,3,0.25,2,873.03,3104.38,0.0234,0,0,2,1,5019.28,5019.28,1.0,10,0,2,1.8,11,0,3,1,1,RET003328,CUST02764
61,13,4,0.3077,4,4852.09,2993.32,0.1247,0,0,2,3,1660.59,1660.59,1.0,5,1,3,1.9672,11,0,3,1,1,RET003329,CUST02764
39,10,2,0.2,2,873.03,3057.12,0.0286,0,0,1,1,945.64,945.64,1.0,2,0,1,1.5385,10,0,3,1,0,RET003330,CUST02764
1,1,0,0.0,0,0.0,607.1,0.0,1,0,0,0,607.1,607.1,1.0,1,0,0,0.0,1,0,3,1,0,RET003331,CUST02764
29,7,1,0.1429,1,607.1,1914.82,0.0453,1,0,1,1,544.25,265.93,0.4886,1,1,1,1.0345,28,0,3,1,0,RET003332,CUST02764
99,1,0,0.0,0,0.0,3472.6,0.0,0,0,0,0,3472.6,3472.6,1.0,27,0,0,0.0,99,0,1,1,0,RET003333,CUST02766
40,3,0,0.0,0,0.0,1717.28,0.0,0,0,0,0,595.2,448.11,0.7529,7,0,0,0.0,40,0,1,1,0,RET003334,CUST02767
17,5,0,0.0,0,0.0,1788.39,0.0,0,0,0,0,1470.25,1470.25,1.0,5,0,0,0.0,17,0,1,1,0,RET003335,CUST02768
48,12,3,0.25,2,2185.65,2976.3,0.0612,0,0,2,2,765.32,765.32,1.0,11,2,2,1.875,15,0,1,1,1,RET003336,CUST02768
33,10,2,0.2,1,1470.25,3292.69,0.0447,0,1,2,1,3714.06,3714.06,1.0,6,0,1,1.8182,2,0,1,1,0,RET003337,CUST02768
31,10,1,0.1,1,1470.25,3292.69,0.0447,0,0,1,1,715.4,715.4,1.0,6,1,1,0.9677,14,0,1,1,1,RET003338,CUST02768
49,12,4,0.3333,2,2185.65,2976.3,0.0612,0,1,3,2,2023.42,2023.42,1.0,4,0,2,2.449,1,0,1,1,1,RET003339,CUST02768
67,2,0,0.0,0,0.0,1666.55,0.0,0,0,0,0,1530.57,1530.57,1.0,14,0,0,0.0,67,0,1,1,0,RET003340,CUST02770
279,6,0,0.0,0,0.0,4670.16,0.0,0,0,0,0,399.85,243.07,0.6079,29,0,0,0.0,279,0,1,1,0,RET003341,CUST02776
379,8,1,0.125,1,243.07,3662.09,0.0083,0,0,0,0,145.22,145.22,1.0,29,0,1,0.0792,100,0,1,1,0,RET003342,CUST02776
155,6,0,0.0,0,0.0,7548.63,0.0,0,0,0,0,33037.98,33037.98,1.0,23,0,0,0.0,155,1,1,1,0,RET003343,CUST02777
68,5,1,0.2,1,1682.48,6468.54,0.052,0,0,0,0,2441.88,2441.88,1.0,6,1,1,0.4412,50,0,5,3,0,RET003344,CUST02778
106,9,2,0.2222,2,4124.36,4634.58,0.0989,0,0,0,0,3745.08,3745.08,1.0,8,0,1,0.566,38,0,5,3,1,RET003345,CUST02778
18,1,0,0.0,0,0.0,1682.48,0.0,0,0,0,0,1682.48,1682.48,1.0,14,0,0,0.0,18,0,5,3,0,RET003346,CUST02778
115,12,2,0.1667,1,1163.32,5047.94,0.0192,0,1,2,1,2358.86,2358.86,1.0,13,0,2,0.5217,4,0,1,1,1,RET003347,CUST02779
111,12,1,0.0833,1,1163.32,5047.94,0.0192,2,0,1,1,1720.19,1720.19,1.0,1,0,1,0.2703,12,0,1,1,1,RET003348,CUST02779
99,5,0,0.0,0,0.0,8880.14,0.0,0,0,0,0,3499.81,2197.42,0.6279,6,0,0,0.0,99,0,1,1,0,RET003349,CUST02779
14,4,1,0.25,0,0.0,1377.12,0.0,0,1,1,0,2061.71,2061.71,1.0,3,0,1,2.1429,1,0,1,1,0,RET003350,CUST02783
49,8,5,0.625,4,4714.82,5858.48,0.1006,0,0,1,2,12888.63,7774.09,0.6032,4,1,3,3.0612,25,0,1,1,1,RET003351,CUST02783
76,11,6,0.5455,5,12488.91,7045.94,0.1611,0,0,1,1,6559.47,6559.47,1.0,11,0,3,2.3684,27,0,1,1,1,RET003352,CUST02783
18,4,2,0.5,1,740.66,1377.12,0.1345,0,2,2,1,1682.02,1682.02,1.0,11,1,2,3.3333,4,0,1,1,0,RET003353,CUST02783
13,4,0,0.0,0,0.0,1377.12,0.0,0,0,0,0,740.66,740.66,1.0,2,0,0,0.0,13,0,1,1,0,RET003354,CUST02783
18,4,2,0.5,1,740.66,1377.12,0.1345,0,2,2,1,1024.1,1024.1,1.0,14,1,2,3.3333,4,0,1,1,0,RET003355,CUST02783
84,12,7,0.5833,7,21215.61,6880.16,0.257,0,0,1,3,5056.58,5056.58,1.0,4,1,4,2.5,8,0,1,1,1,RET003356,CUST02783
114,16,8,0.5,8,26010.71,6271.94,0.2592,0,0,1,1,2343.07,2343.07,1.0,3,0,4,2.1053,30,0,1,1,1,RET003357,CUST02783
24,5,4,0.8,3,3826.47,4940.09,0.1549,0,2,4,3,19191.98,19191.98,1.0,4,0,2,5.0,6,1,1,1,1,RET003358,CUST02783
25,6,0,0.0,0,0.0,7209.18,0.0,2,0,0,0,3563.86,3563.86,1.0,1,0,0,0.0,25,0,1,4,1,RET003359,CUST02784
45,3,0,0.0,0,0.0,841.06,0.0,0,0,0,0,1384.99,584.19,0.4218,2,0,0,0.0,45,0,1,1,0,RET003360,CUST02785
228,1,0,0.0,0,0.0,1754.53,0.0,0,0,0,0,1754.53,1754.53,1.0,10,0,0,0.0,228,0,1,1,0,RET003361,CUST02786
332,4,0,0.0,0,0.0,1981.62,0.0,0,0,0,0,1690.73,1690.73,1.0,14,0,0,0.0,332,0,1,1,0,RET003362,CUST02788
315,5,0,0.0,0,0.0,10052.43,0.0,0,0,0,0,43148.3,36946.2,0.8563,27,0,0,0.0,315,1,1,1,0,RET003363,CUST02789
99,4,0,0.0,0,0.0,11180.71,0.0,0,0,0,0,2542.39,2542.39,1.0,17,0,0,0.0,99,0,1,1,0,RET003364,CUST02791
25,5,1,0.2,0,0.0,10866.46,0.0,0,1,1,0,9203.86,9203.86,1.0,8,0,1,1.2,6,0,1,1,0,RET003365,CUST02792
48,8,2,0.25,2,18516.15,8282.1,0.2795,1,0,2,2,2485.73,2485.73,1.0,1,1,2,1.25,23,0,1,1,0,RET003366,CUST02792
19,5,0,0.0,0,0.0,10866.46,0.0,0,0,0,0,9312.29,9312.29,1.0,5,0,0,0.0,19,0,1,1,0,RET003367,CUST02792
71,10,3,0.3,3,21001.88,10125.71,0.2074,0,0,1,1,22822.54,11812.3,0.5176,8,0,2,1.2676,23,0,1,1,0,RET003368,CUST02792
17,7,1,0.1429,1,4662.58,9497.08,0.0701,1,0,1,1,23450.8,17447.27,0.744,1,0,1,1.7647,9,0,1,1,0,RET003369,CUST02795
34,10,3,0.3,1,4662.58,9346.9,0.0499,0,0,3,1,9365.02,9365.02,1.0,11,1,2,2.6471,15,0,1,1,0,RET003370,CUST02795
19,9,2,0.2222,1,4662.58,9344.89,0.0554,1,1,2,1,1535.6,902.32,0.5876,2,1,2,3.1579,2,0,1,1,0,RET003371,CUST02795
8,2,0,0.0,0,0.0,16953.65,0.0,0,0,0,0,4958.2,4958.2,1.0,8,0,0,0.0,8,0,1,1,0,RET003372,CUST02795
229,8,0,0.0,0,0.0,4174.81,0.0,0,0,0,0,3756.82,3756.82,1.0,30,0,0,0.0,229,0,1,1,0,RET003373,CUST02796
204,7,0,0.0,0,0.0,3945.7,0.0,0,0,0,0,1244.34,1055.0,0.8478,28,0,0,0.0,204,0,1,1,0,RET003374,CUST02797
153,6,0,0.0,0,0.0,2834.38,0.0,0,0,0,0,1146.41,1146.41,1.0,11,0,0,0.0,153,0,1,2,0,RET003375,CUST02798
122,3,0,0.0,0,0.0,2524.19,0.0,0,0,0,0,2537.12,1617.97,0.6377,13,0,0,0.0,122,0,1,1,0,RET003376,CUST02799
86,3,0,0.0,0,0.0,3562.52,0.0,0,0,0,0,7476.43,7476.43,1.0,4,0,0,0.0,86,1,1,1,0,RET003377,CUST02801
100,5,0,0.0,1,1018.44,4801.22,0.0424,0,0,0,1,14637.14,14637.14,1.0,30,0,0,0.0,100,1,1,1,0,RET003378,CUST02802
18,10,1,0.1,0,0.0,8291.52,0.0,1,1,1,0,7554.12,5693.83,0.7537,8,0,1,1.6667,1,0,1,1,0,RET003379,CUST02805
17,9,0,0.0,0,0.0,8712.05,0.0,0,0,0,0,28944.57,28944.57,1.0,11,0,0,0.0,17,1,1,1,0,RET003380,CUST02805
176,3,0,0.0,0,0.0,2710.33,0.0,0,0,0,0,2414.23,1258.59,0.5213,16,0,0,0.0,176,0,1,1,0,RET003381,CUST02807
24,13,5,0.3846,0,0.0,3809.47,0.0,0,3,5,0,3351.82,3351.82,1.0,4,0,4,6.25,1,0,4,4,1,RET003382,CUST02809
10,4,0,0.0,0,0.0,1341.43,0.0,1,0,0,0,673.99,334.65,0.4965,1,0,0,0.0,10,0,4,4,0,RET003383,CUST02809
28,15,7,0.4667,1,3351.82,4597.53,0.0486,1,3,7,1,1962.12,1962.12,1.0,12,0,5,7.5,1,0,4,4,1,RET003384,CUST02809
29,15,8,0.5333,1,3351.82,4597.53,0.0486,0,4,8,1,18159.78,18159.78,1.0,12,2,6,8.2759,1,1,4,4,0,RET003385,CUST02809
27,14,6,0.4286,1,3351.82,3806.29,0.0629,0,2,6,1,4173.31,4173.31,1.0,9,1,5,6.6667,3,0,4,4,1,RET003386,CUST02809
13,6,1,0.1667,0,0.0,2583.58,0.0,2,1,1,0,1381.72,1099.23,0.7956,7,0,1,2.3077,3,0,4,4,0,RET003387,CUST02809
19,12,2,0.1667,0,0.0,3847.6,0.0,1,1,2,0,2655.52,2655.52,1.0,3,0,2,3.1579,6,0,4,4,1,RET003388,CUST02809
41,18,10,0.5556,7,35553.26,4003.51,0.4934,0,0,9,7,1426.18,1426.18,1.0,6,3,6,7.3171,12,0,4,4,1,RET003389,CUST02809
23,13,4,0.3077,0,0.0,3809.47,0.0,0,2,4,0,5550.8,5550.8,1.0,11,1,4,5.2174,4,0,4,4,1,RET003390,CUST02809
29,15,8,0.5333,1,3351.82,4597.53,0.0486,0,4,8,1,799.56,799.56,1.0,13,2,6,8.2759,1,0,4,4,1,RET003391,CUST02809
19,12,2,0.1667,0,0.0,3847.6,0.0,1,1,2,0,2919.48,2919.48,1.0,3,0,2,3.1579,6,0,4,4,1,RET003392,CUST02809
116,1,0,0.0,0,0.0,1405.9,0.0,0,0,0,0,1405.9,1405.9,1.0,12,0,0,0.0,116,0,1,1,0,RET003393,CUST02812
51,9,1,0.1111,0,0.0,1779.52,0.0,0,0,1,0,3320.05,3320.05,1.0,6,1,1,0.5882,28,0,5,4,0,RET003394,CUST02813
63,15,5,0.3333,0,0.0,2823.86,0.0,0,2,4,0,6000.0,6000.0,1.0,11,2,3,2.381,7,1,5,4,1,RET003395,CUST02813
56,15,3,0.2,0,0.0,2823.86,0.0,0,2,2,0,2785.12,2785.12,1.0,3,0,2,1.6071,1,0,5,4,1,RET003396,CUST02813
55,15,2,0.1333,0,0.0,2823.86,0.0,2,1,1,0,3281.68,3281.68,1.0,3,0,1,1.0909,4,0,5,4,1,RET003397,CUST02813
23,4,0,0.0,0,0.0,1761.45,0.0,0,0,0,0,1421.66,577.36,0.4061,14,0,0,0.0,23,0,5,4,0,RET003398,CUST02813
65,15,6,0.4,0,0.0,2823.86,0.0,0,1,5,0,711.97,650.65,0.9139,11,0,3,2.7692,2,0,5,4,1,RET003399,CUST02813
56,15,3,0.2,0,0.0,2823.86,0.0,0,2,2,0,11224.51,5018.77,0.4471,2,1,2,1.6071,1,0,5,4,1,RET003400,CUST02813
35,3,0,0.0,0,0.0,1883.5,0.0,0,0,0,0,3257.97,2978.03,0.9141,11,0,0,0.0,35,0,1,1,0,RET003401,CUST02814
164,8,2,0.25,1,2805.65,1702.0,0.2061,0,0,0,0,1649.46,1247.96,0.7566,13,1,2,0.3659,52,0,1,1,0,RET003402,CUST02814
112,5,1,0.2,0,0.0,1810.04,0.0,0,0,0,0,2805.65,2805.65,1.0,4,0,1,0.2679,77,0,1,1,0,RET003403,CUST02814
264,8,1,0.125,1,5412.23,4601.46,0.147,0,0,0,0,691.92,361.01,0.5218,15,0,1,0.1136,142,0,1,1,0,RET003404,CUST02818
122,5,0,0.0,0,0.0,6241.41,0.0,0,0,0,0,5412.23,5412.23,1.0,29,0,0,0.0,122,0,1,1,0,RET003405,CUST02818
17,2,0,0.0,0,0.0,1378.26,0.0,0,0,0,0,1375.36,1375.36,1.0,17,0,0,0.0,17,0,1,1,0,RET003406,CUST02819
52,1,0,0.0,0,0.0,3122.68,0.0,0,0,0,0,3122.68,3122.68,1.0,21,0,0,0.0,52,0,4,1,0,RET003407,CUST02820
100,6,0,0.0,0,0.0,6910.08,0.0,0,0,0,0,2650.54,2650.54,1.0,19,0,0,0.0,100,0,1,1,0,RET003408,CUST02821
111,9,0,0.0,0,0.0,2376.51,0.0,1,0,0,0,1103.64,1103.64,1.0,22,0,0,0.0,111,0,1,1,0,RET003409,CUST02823
146,11,1,0.0909,1,1103.64,2371.75,0.0423,0,0,0,0,2183.19,1551.04,0.7104,24,0,1,0.2055,35,0,1,1,0,RET003410,CUST02823
418,7,1,0.1429,1,1313.24,7174.42,0.0261,0,0,0,0,2090.18,2090.18,1.0,23,0,1,0.0718,111,0,1,1,0,RET003411,CUST02824
307,3,0,0.0,0,0.0,1499.77,0.0,0,0,0,0,1822.28,1313.24,0.7207,12,0,0,0.0,307,0,1,1,0,RET003412,CUST02824
86,2,0,0.0,0,0.0,9731.99,0.0,0,0,0,0,3973.55,3973.55,1.0,11,0,0,0.0,86,0,1,1,0,RET003413,CUST02825
152,6,0,0.0,0,0.0,2413.26,0.0,0,0,0,0,1642.9,1642.9,1.0,25,0,0,0.0,152,0,5,1,0,RET003414,CUST02826
38,1,0,0.0,0,0.0,2379.99,0.0,0,0,0,0,2379.99,2379.99,1.0,28,0,0,0.0,38,0,1,1,0,RET003415,CUST02832
61,4,0,0.0,0,0.0,7004.77,0.0,0,0,0,0,9706.17,9706.17,1.0,25,0,0,0.0,61,0,1,1,0,RET003416,CUST02833
103,4,0,0.0,0,0.0,6042.89,0.0,0,0,0,0,1151.37,1151.37,1.0,21,0,0,0.0,103,0,1,1,0,RET003417,CUST02840
17,18,5,0.2778,0,0.0,3837.64,0.0,0,1,5,0,5466.12,5466.12,1.0,9,1,3,8.8235,4,0,1,1,1,RET003418,CUST02842
6,7,1,0.1429,0,0.0,2787.1,0.0,0,1,1,0,871.85,871.85,1.0,5,1,1,5.0,1,0,1,1,0,RET003419,CUST02842
5,7,0,0.0,0,0.0,2787.1,0.0,1,0,0,0,1923.95,1923.95,1.0,4,0,0,0.0,5,0,1,1,0,RET003420,CUST02842
8,12,2,0.1667,0,0.0,2702.26,0.0,2,2,2,0,654.64,654.64,1.0,2,0,1,7.5,2,0,1,1,1,RET003421,CUST02842
8,12,2,0.1667,0,0.0,2702.26,0.0,2,2,2,0,1305.14,1305.14,1.0,1,0,1,7.5,2,0,1,1,1,RET003422,CUST02842
18,18,6,0.3333,0,0.0,3837.64,0.0,0,2,6,0,1349.37,1349.37,1.0,12,0,3,10.0,1,0,1,1,1,RET003423,CUST02842
21,21,7,0.3333,1,871.85,5392.17,0.0077,1,2,7,1,1204.46,649.88,0.5396,9,0,4,10.0,3,0,1,1,1,RET003424,CUST02842
13,18,4,0.2222,0,0.0,3837.64,0.0,1,3,4,0,8853.85,8853.85,1.0,2,2,3,9.2308,5,1,1,1,1,RET003425,CUST02842
24,22,8,0.3636,2,6337.97,5158.72,0.0558,0,3,8,2,19202.82,19202.82,1.0,13,0,5,10.0,3,1,1,1,1,RET003426,CUST02842
453,6,0,0.0,0,0.0,5012.89,0.0,0,0,0,0,1424.91,1424.91,1.0,5,0,0,0.0,453,0,1,1,0,RET003427,CUST02843
5,1,0,0.0,0,0.0,1867.64,0.0,0,0,0,0,1867.64,1867.64,1.0,5,0,0,0.0,5,0,1,4,0,RET003428,CUST02845
25,10,3,0.3,1,1867.64,6473.26,0.0289,0,2,3,1,1937.58,1937.58,1.0,5,1,3,3.6,5,0,1,4,1,RET003429,CUST02845
20,8,2,0.25,1,1867.64,5013.73,0.0466,0,1,2,1,2641.67,2641.67,1.0,13,0,2,3.0,1,0,1,4,1,RET003430,CUST02845
19,8,1,0.125,1,1867.64,5013.73,0.0466,1,0,1,1,1674.19,1674.19,1.0,1,0,1,1.5789,14,0,1,4,0,RET003431,CUST02845
157,8,1,0.125,0,0.0,5966.32,0.0,0,0,0,0,1199.52,1199.52,1.0,21,0,1,0.1911,57,0,1,1,0,RET003432,CUST02846
100,5,0,0.0,0,0.0,5838.6,0.0,0,0,0,0,1500.0,1500.0,1.0,18,0,0,0.0,100,0,1,1,0,RET003433,CUST02846
109,11,2,0.1818,2,3520.18,4419.25,0.0724,1,0,1,1,2659.53,2659.53,1.0,1,0,1,0.5505,27,0,3,1,1,RET003434,CUST02850
82,6,1,0.1667,1,892.1,3934.37,0.0378,0,0,0,0,2628.08,2628.08,1.0,9,1,1,0.3659,59,0,3,1,0,RET003435,CUST02850
23,2,0,0.0,0,0.0,901.65,0.0,0,0,0,0,892.1,892.1,1.0,14,0,0,0.0,23,0,3,1,0,RET003436,CUST02850
144,13,3,0.2308,2,3520.18,7060.33,0.0384,0,0,0,0,12149.7,12149.7,1.0,8,0,2,0.625,35,0,3,1,0,RET003437,CUST02850
96,2,0,0.0,0,0.0,1734.55,0.0,0,0,0,0,333.82,173.12,0.5186,16,0,0,0.0,96,0,1,1,0,RET003438,CUST02851
131,4,0,0.0,0,0.0,4037.56,0.0,0,0,0,0,13485.79,13485.79,1.0,24,0,0,0.0,131,1,1,1,0,RET003439,CUST02853
175,3,0,0.0,0,0.0,2788.98,0.0,0,0,0,0,1274.63,557.14,0.4371,30,0,0,0.0,175,0,1,1,1,RET003440,CUST02859
215,7,2,0.2857,1,3132.05,3531.77,0.1267,1,1,2,1,3670.75,3670.75,1.0,2,1,2,0.2791,3,0,1,1,0,RET003441,CUST02862
243,11,7,0.6364,6,18355.18,3168.13,0.5267,0,0,5,5,1399.87,1399.87,1.0,13,0,3,0.8642,11,0,1,1,1,RET003442,CUST02862
212,5,1,0.2,1,3132.05,3980.28,0.1574,1,0,1,1,7036.06,7036.06,1.0,7,0,1,0.1415,21,0,1,1,0,RET003443,CUST02862
232,11,6,0.5455,5,17263.47,3168.13,0.4954,0,0,5,5,1330.61,1091.71,0.8205,5,2,3,0.7759,8,0,1,1,1,RET003444,CUST02862
224,9,5,0.5556,3,12324.66,3568.77,0.3837,0,1,4,3,3788.58,3788.58,1.0,4,2,3,0.6696,2,0,1,1,1,RET003445,CUST02862
216,7,3,0.4286,2,8653.91,3531.77,0.35,0,2,3,2,5928.82,5928.82,1.0,7,0,2,0.4167,1,0,1,1,1,RET003446,CUST02862
319,15,9,0.6,7,19755.05,6088.2,0.2163,0,0,0,0,3425.17,3425.17,1.0,4,3,4,0.8464,45,0,1,1,1,RET003447,CUST02862
191,1,0,0.0,0,0.0,3132.05,0.0,0,0,0,0,3132.05,3132.05,1.0,2,0,0,0.0,191,0,1,1,0,RET003448,CUST02862
369,17,10,0.5882,8,23180.22,7108.44,0.1918,1,0,0,0,1123.0,948.38,0.8445,1,1,4,0.813,50,0,1,1,1,RET003449,CUST02862
274,13,8,0.6154,7,19755.05,6603.03,0.2301,0,0,0,1,3893.24,3893.24,1.0,4,1,4,0.8759,31,0,1,1,1,RET003450,CUST02862
222,9,4,0.4444,2,8653.91,3568.77,0.2694,0,2,3,2,1150.23,1150.23,1.0,8,1,3,0.5405,6,0,1,1,1,RET003451,CUST02862
91,5,1,0.2,1,2214.03,6107.98,0.0725,0,0,1,1,24108.07,15852.98,0.6576,22,0,1,0.3297,27,1,1,1,0,RET003452,CUST02863
64,3,0,0.0,0,0.0,1728.6,0.0,0,0,0,0,2214.03,2214.03,1.0,21,0,0,0.0,64,0,1,1,0,RET003453,CUST02863
115,22,10,0.4545,4,12903.8,9500.76,0.0617,0,3,4,1,3696.08,3696.08,1.0,9,2,6,2.6087,2,0,5,2,1,RET003454,CUST02865
44,9,4,0.4444,2,11884.83,8011.46,0.1648,0,1,4,2,445.18,276.05,0.6201,14,1,4,2.7273,1,0,5,2,1,RET003455,CUST02865
50,13,5,0.3846,2,11884.83,6799.32,0.1345,0,2,5,2,27973.14,27973.14,1.0,11,2,4,3.0,6,1,5,2,1,RET003456,CUST02865
43,9,3,0.3333,2,11884.83,8011.46,0.1648,0,0,3,2,1814.59,1009.01,0.5561,6,0,3,2.093,12,0,5,2,1,RET003457,CUST02865
113,22,9,0.4091,4,12903.8,9500.76,0.0617,0,2,3,1,23207.66,23207.66,1.0,5,1,6,2.3894,1,1,5,2,1,RET003458,CUST02865
112,22,8,0.3636,4,12903.8,9500.76,0.0617,0,1,2,1,10611.78,10611.78,1.0,3,1,6,2.1429,3,0,5,2,1,RET003459,CUST02865
24,4,0,0.0,0,0.0,9457.01,0.0,0,0,0,0,15496.51,15496.51,1.0,8,0,0,0.0,24,0,5,2,0,RET003460,CUST02865
31,6,2,0.3333,0,0.0,6811.39,0.0,2,2,2,0,1491.81,1491.81,1.0,14,0,2,1.9355,6,0,5,2,1,RET003461,CUST02865
25,4,1,0.25,0,0.0,9457.01,0.0,0,1,1,0,10567.79,10567.79,1.0,8,0,1,1.2,1,0,5,2,1,RET003462,CUST02865
109,21,7,0.3333,4,12903.8,9447.86,0.065,1,0,1,1,34470.04,13813.05,0.4007,9,0,5,1.9266,22,0,5,2,1,RET003463,CUST02865
130,25,11,0.44,6,30412.93,8442.97,0.1441,0,0,4,2,1427.49,1427.49,1.0,10,1,6,2.5385,15,0,5,2,1,RET003464,CUST02865
87,16,6,0.375,3,12160.88,6043.73,0.1258,1,0,0,0,742.92,742.92,1.0,1,0,4,2.069,37,0,5,2,1,RET003465,CUST02865
17,2,0,0.0,0,0.0,7388.6,0.0,0,0,0,0,1688.8,1688.8,1.0,5,0,0,0.0,17,0,1,3,0,RET003466,CUST02868
27,8,1,0.125,1,1688.8,5346.74,0.0395,0,0,1,1,8650.99,8650.99,1.0,9,0,1,1.1111,10,0,1,3,0,RET003467,CUST02868
85,13,2,0.1538,2,10339.79,6290.03,0.1264,0,0,0,0,1835.73,1554.7,0.8469,9,0,2,0.7059,58,0,1,3,1,RET003468,CUST02868
40,2,0,0.0,0,0.0,1342.71,0.0,0,0,0,0,1698.62,1698.62,1.0,2,0,0,0.0,40,0,1,1,0,RET003469,CUST02869
92,2,0,0.0,0,0.0,13279.01,0.0,0,0,0,0,16185.29,16185.29,1.0,24,0,0,0.0,92,0,1,1,0,RET003470,CUST02871
426,4,0,0.0,0,0.0,7468.25,0.0,0,0,0,0,1404.27,1404.27,1.0,10,0,0,0.0,426,0,1,1,1,RET003471,CUST02875
43,1,0,0.0,0,0.0,419.3,0.0,0,0,0,0,419.3,419.3,1.0,4,0,0,0.0,43,0,1,1,0,RET003472,CUST02876
317,3,0,0.0,0,0.0,3032.07,0.0,0,0,0,0,3864.53,3864.53,1.0,22,0,0,0.0,317,0,2,1,0,RET003473,CUST02877
58,4,0,0.0,0,0.0,2672.89,0.0,0,0,0,0,1598.84,1598.84,1.0,29,0,0,0.0,58,0,1,1,0,RET003474,CUST02879
29,3,0,0.0,0,0.0,1788.4,0.0,0,0,0,0,1731.72,851.17,0.4915,16,0,0,0.0,29,0,1,1,0,RET003475,CUST02882
74,6,1,0.1667,0,0.0,1836.52,0.0,0,0,0,0,904.98,904.98,1.0,20,0,1,0.4054,45,0,1,1,0,RET003476,CUST02882
127,5,0,0.0,0,0.0,4615.92,0.0,0,0,0,0,2526.33,2526.33,1.0,14,0,0,0.0,127,0,1,1,0,RET003477,CUST02885
120,4,1,0.25,0,0.0,1705.15,0.0,0,1,1,0,1655.13,1655.13,1.0,5,0,1,0.25,5,0,1,1,0,RET003478,CUST02886
115,3,0,0.0,0,0.0,1721.83,0.0,0,0,0,0,1903.1,1903.1,1.0,24,0,0,0.0,115,0,1,1,0,RET003479,CUST02886
367,5,0,0.0,0,0.0,1923.62,0.0,0,0,0,0,1566.9,1566.9,1.0,5,0,0,0.0,367,0,1,1,0,RET003480,CUST02887
77,6,0,0.0,0,0.0,5155.06,0.0,0,0,0,0,906.06,906.06,1.0,4,0,0,0.0,77,0,1,1,0,RET003481,CUST02888
10,8,2,0.25,1,2088.98,6264.41,0.0417,2,2,2,1,9974.57,6446.16,0.6463,4,0,2,6.0,1,0,1,2,0,RET003482,CUST02890
9,6,1,0.1667,1,2088.98,4239.63,0.0821,3,1,1,1,2036.15,2036.15,1.0,1,0,1,3.3333,5,0,1,2,0,RET003483,CUST02890
23,15,5,0.3333,2,8535.14,5946.81,0.0957,1,1,5,2,2588.57,2588.57,1.0,9,0,4,6.5217,5,0,1,2,1,RET003484,CUST02890
10,8,2,0.25,1,2088.98,6264.41,0.0417,2,2,2,1,3014.75,3014.75,1.0,2,1,2,6.0,1,0,1,2,0,RET003485,CUST02890
18,14,4,0.2857,2,8535.14,5626.94,0.1083,1,0,4,2,4759.96,2072.54,0.4354,13,0,3,6.6667,8,0,1,2,1,RET003486,CUST02890
4,1,0,0.0,0,0.0,2088.98,0.0,0,0,0,0,2088.98,2088.98,1.0,2,0,0,0.0,4,0,1,2,0,RET003487,CUST02890
193,5,2,0.4,1,1488.99,9787.52,0.0304,2,0,0,0,4165.05,4165.05,1.0,1,0,2,0.3109,54,0,5,2,1,RET003488,CUST02891
206,8,3,0.375,2,5654.04,10327.98,0.0684,0,0,1,1,621.37,621.37,1.0,14,0,3,0.4369,13,0,5,2,1,RET003489,CUST02891
310,11,4,0.3636,3,6275.41,7947.34,0.0718,0,0,0,0,1397.08,635.96,0.4552,3,1,4,0.3871,104,0,5,2,1,RET003490,CUST02891
108,1,0,0.0,0,0.0,1488.99,0.0,0,0,0,0,1488.99,1488.99,1.0,8,0,0,0.0,108,0,5,2,0,RET003491,CUST02891
139,2,1,0.5,1,1488.99,8692.68,0.0856,0,0,0,1,15896.37,7401.2,0.4656,14,0,1,0.2158,31,0,5,2,1,RET003492,CUST02891
168,3,0,0.0,0,0.0,12597.99,0.0,0,0,0,0,1093.88,1093.88,1.0,30,0,0,0.0,168,0,1,2,1,RET003493,CUST02893
32,7,2,0.2857,0,0.0,1543.25,0.0,0,1,2,0,962.14,962.14,1.0,12,0,1,1.875,1,0,1,1,0,RET003494,CUST02901
23,7,0,0.0,0,0.0,1543.25,0.0,0,0,0,0,1930.1,1930.1,1.0,14,0,0,0.0,23,0,1,1,0,RET003495,CUST02901
40,11,3,0.2727,1,759.37,4563.45,0.0151,0,0,3,1,13320.92,13320.92,1.0,5,0,2,2.25,8,1,1,1,1,RET003496,CUST02901
31,7,1,0.1429,0,0.0,1543.25,0.0,0,0,1,0,770.37,770.37,1.0,12,1,1,0.9677,8,0,1,1,0,RET003497,CUST02901
49,11,4,0.3636,2,13189.13,4563.45,0.2627,0,0,4,2,18499.2,18499.2,1.0,11,0,3,2.449,9,1,1,1,1,RET003498,CUST02901
382,6,0,0.0,0,0.0,3550.09,0.0,0,0,0,0,12000.0,12000.0,1.0,25,0,0,0.0,382,1,1,1,0,RET003499,CUST02904
416,7,1,0.1429,1,12000.0,3467.01,0.4945,0,0,0,1,2968.51,2968.51,1.0,22,1,1,0.0721,34,0,1,1,1,RET003500,CUST02904
354,3,0,0.0,0,0.0,2384.2,0.0,0,0,0,0,4856.44,4856.44,1.0,10,0,0,0.0,354,1,1,1,0,RET003501,CUST02905
142,2,0,0.0,0,0.0,3752.41,0.0,0,0,0,0,5469.88,5469.88,1.0,28,0,0,0.0,142,0,1,4,0,RET003502,CUST02909
58,1,0,0.0,0,0.0,2184.99,0.0,0,0,0,0,2184.99,2184.99,1.0,5,0,0,0.0,58,0,1,1,0,RET003503,CUST02912
130,4,0,0.0,0,0.0,3438.93,0.0,0,0,0,0,2900.66,2900.66,1.0,24,0,0,0.0,130,0,1,1,0,RET003504,CUST02913
325,7,0,0.0,0,0.0,3795.7,0.0,0,0,0,0,1234.3,1234.3,1.0,13,0,0,0.0,325,0,1,1,0,RET003505,CUST02914
160,8,2,0.25,0,0.0,2654.87,0.0,0,0,0,0,1447.87,1447.87,1.0,22,1,2,0.375,63,0,1,1,0,RET003506,CUST02917
23,2,0,0.0,0,0.0,1965.77,0.0,0,0,0,0,3137.5,3137.5,1.0,11,0,0,0.0,23,0,1,1,0,RET003507,CUST02917
97,5,1,0.2,0,0.0,2573.6,0.0,0,0,0,0,6162.02,6162.02,1.0,2,0,1,0.3093,74,1,1,1,0,RET003508,CUST02917
168,8,3,0.375,1,1447.87,2654.87,0.0682,0,0,1,1,2192.84,2192.84,1.0,17,1,2,0.5357,8,0,1,1,1,RET003509,CUST02917
28,16,7,0.4375,3,6167.0,4461.03,0.0864,0,4,7,3,10179.78,10179.78,1.0,12,0,5,7.5,1,1,1,2,1,RET003510,CUST02918
29,16,8,0.5,4,9166.86,4461.03,0.1284,0,5,8,4,7795.12,4899.24,0.6285,9,2,6,8.2759,1,0,1,2,1,RET003511,CUST02918
17,8,2,0.25,1,2779.73,3419.93,0.1016,3,1,2,1,2999.86,2999.86,1.0,2,0,2,3.5294,4,0,1,2,0,RET003512,CUST02918
22,13,3,0.2308,2,4568.74,3545.64,0.0991,1,1,3,2,568.29,568.29,1.0,6,0,3,4.0909,5,0,1,2,1,RET003513,CUST02918
30,16,9,0.5625,4,9166.86,4461.03,0.1284,0,4,9,4,1852.12,1852.12,1.0,12,1,6,9.0,1,0,1,2,1,RET003514,CUST02918
27,16,6,0.375,2,4568.74,4461.03,0.064,0,3,6,2,917.53,917.53,1.0,4,1,5,6.6667,3,0,1,2,1,RET003515,CUST02918
22,13,3,0.2308,2,4568.74,3545.64,0.0991,1,1,3,2,2560.68,2560.68,1.0,6,0,3,4.0909,5,0,1,2,1,RET003516,CUST02918
42,20,10,0.5,7,22408.9,4879.58,0.2296,1,0,9,7,1312.9,1086.02,0.8272,11,1,6,7.1429,12,0,1,2,1,RET003517,CUST02918
58,21,11,0.5238,8,23494.92,5588.67,0.2002,0,0,4,5,19770.46,19770.46,1.0,13,3,6,5.6897,16,1,1,2,1,RET003518,CUST02918
3,1,0,0.0,0,0.0,2779.73,0.0,0,0,0,0,2779.73,2779.73,1.0,2,0,0,0.0,3,0,1,2,0,RET003519,CUST02918
13,2,1,0.5,1,2779.73,2334.06,0.5955,0,0,1,1,1888.39,1789.01,0.9474,9,0,1,2.3077,10,0,1,2,1,RET003520,CUST02918
24,16,5,0.3125,2,4568.74,4461.03,0.064,2,3,5,2,1598.26,1598.26,1.0,9,1,5,6.25,2,0,1,2,1,RET003521,CUST02918
326,6,2,0.3333,1,1842.89,2479.9,0.1239,0,0,2,1,4069.56,3627.54,0.8914,7,0,1,0.184,28,0,5,4,1,RET003522,CUST02919
297,4,0,0.0,0,0.0,2016.12,0.0,0,0,0,0,2642.35,1653.24,0.6257,5,0,0,0.0,297,0,5,4,0,RET003523,CUST02919
298,4,1,0.25,0,0.0,2016.12,0.0,0,1,1,0,1842.89,1842.89,1.0,8,1,1,0.1007,1,0,5,4,1,RET003524,CUST02919
426,14,3,0.2143,1,1842.89,4488.56,0.0293,0,0,0,0,3978.78,3978.78,1.0,7,2,2,0.2113,100,0,5,4,0,RET003525,CUST02919
331,7,0,0.0,0,0.0,2823.48,0.0,0,0,0,0,1784.52,1784.52,1.0,28,0,0,0.0,331,0,1,4,0,RET003526,CUST02923
119,4,0,0.0,0,0.0,1496.05,0.0,0,0,0,0,165.53,165.53,1.0,4,0,0,0.0,119,0,1,1,0,RET003527,CUST02926
11,10,1,0.1,0,0.0,4893.76,0.0,0,1,1,0,683.8,279.45,0.4087,10,1,1,2.7273,1,0,1,4,0,RET003528,CUST02931
10,10,0,0.0,0,0.0,4893.76,0.0,1,0,0,0,11506.18,11506.18,1.0,6,0,0,0.0,10,1,1,4,0,RET003529,CUST02931
14,13,2,0.1538,1,279.45,5743.02,0.0037,1,2,2,1,1031.72,1031.72,1.0,3,0,1,4.2857,3,0,1,4,1,RET003530,CUST02931
149,1,0,0.0,0,0.0,970.33,0.0,0,0,0,0,970.33,970.33,1.0,5,0,0,0.0,149,0,1,1,0,RET003531,CUST02932
55,6,2,0.3333,0,0.0,5132.02,0.0,0,1,1,0,1852.59,1852.59,1.0,10,0,2,1.0909,5,0,1,2,0,RET003532,CUST02934
69,9,3,0.3333,1,1852.59,6460.6,0.0319,0,0,2,1,6815.7,6815.7,1.0,12,1,3,1.3043,14,0,1,2,0,RET003533,CUST02934
50,6,1,0.1667,0,0.0,5132.02,0.0,0,0,0,0,814.3,814.3,1.0,5,0,1,0.6,41,0,1,2,0,RET003534,CUST02934
9,2,0,0.0,0,0.0,5998.33,0.0,0,0,0,0,628.4,628.4,1.0,7,0,0,0.0,9,0,1,2,0,RET003535,CUST02934
23,7,1,0.1429,1,1148.01,5767.16,0.0284,0,0,1,1,9560.41,9560.41,1.0,2,0,1,1.3043,18,0,1,1,0,RET003536,CUST02936
34,16,4,0.25,3,3150.9,4176.75,0.0471,0,1,4,3,24300.79,17061.57,0.7021,13,0,4,3.5294,7,1,1,1,1,RET003537,CUST02936
36,17,6,0.3529,4,12711.31,4017.43,0.1861,1,2,5,4,1369.66,1067.61,0.7795,9,1,6,5.0,1,0,1,1,1,RET003538,CUST02936
27,10,3,0.3,1,1148.01,4447.27,0.0258,1,2,3,1,1356.76,1152.57,0.8495,2,0,3,3.3333,3,0,1,1,0,RET003539,CUST02936
35,16,5,0.3125,3,3150.9,4176.75,0.0471,0,1,5,3,717.94,717.94,1.0,4,0,5,4.2857,1,0,1,1,1,RET003540,CUST02936
24,7,2,0.2857,1,1148.01,5767.16,0.0284,0,1,2,1,920.39,850.32,0.9239,8,0,2,2.5,1,0,1,1,0,RET003541,CUST02936
5,1,0,0.0,0,0.0,1148.01,0.0,0,0,0,0,1148.01,1148.01,1.0,3,0,0,0.0,5,0,1,1,0,RET003542,CUST02936
54,21,8,0.381,6,23361.38,5042.31,0.2206,0,0,6,5,3089.45,3089.45,1.0,6,1,6,4.4444,10,0,1,1,1,RET003543,CUST02936
44,18,7,0.3889,5,13778.92,4749.68,0.1612,0,0,6,4,17197.95,17197.95,1.0,6,1,6,4.7727,8,1,1,1,1,RET003544,CUST02936
260,1,0,0.0,0,0.0,2989.93,0.0,0,0,0,0,2989.93,2989.93,1.0,29,0,0,0.0,260,0,1,1,0,RET003545,CUST02937
370,2,0,0.0,0,0.0,1768.48,0.0,0,0,0,0,3130.24,3130.24,1.0,10,0,0,0.0,370,0,1,1,0,RET003546,CUST02938
109,2,0,0.0,0,0.0,4100.24,0.0,0,0,0,0,1930.84,1930.84,1.0,14,0,0,0.0,109,0,1,1,0,RET003547,CUST02939
370,2,0,0.0,0,0.0,1985.63,0.0,0,0,0,0,1335.92,857.78,0.6421,28,0,0,0.0,370,0,1,1,0,RET003548,CUST02947
510,8,0,0.0,0,0.0,2314.28,0.0,0,0,0,0,3925.47,3925.47,1.0,21,0,0,0.0,510,0,1,1,0,RET003549,CUST02951
166,6,0,0.0,0,0.0,8269.47,0.0,0,0,0,0,483.03,483.03,1.0,16,0,0,0.0,166,0,1,1,0,RET003550,CUST02952
266,7,1,0.1429,1,483.03,7186.16,0.0096,0,0,0,0,686.26,686.26,1.0,16,0,1,0.1128,100,0,1,1,0,RET003551,CUST02952
289,12,1,0.0833,1,27522.89,8992.9,0.255,0,0,0,0,2159.24,2159.24,1.0,5,0,1,0.1038,104,0,1,1,0,RET003552,CUST02962
185,9,0,0.0,0,0.0,9175.75,0.0,1,0,0,0,27522.89,27522.89,1.0,10,0,0,0.0,185,1,1,1,0,RET003553,CUST02962
304,5,0,0.0,0,0.0,4828.46,0.0,0,0,0,0,2463.27,2463.27,1.0,9,0,0,0.0,304,0,1,1,0,RET003554,CUST02964
169,6,0,0.0,0,0.0,2267.87,0.0,0,0,0,0,2707.58,2707.58,1.0,23,0,0,0.0,169,0,1,1,0,RET003555,CUST02965
94,7,1,0.1429,0,0.0,4581.04,0.0,0,0,0,0,4464.57,4464.57,1.0,13,1,1,0.3191,79,0,5,4,0,RET003556,CUST02968
15,1,0,0.0,0,0.0,1173.08,0.0,1,0,0,0,1173.08,1173.08,1.0,1,0,0,0.0,15,0,5,4,0,RET003557,CUST02968
199,11,2,0.1818,0,0.0,7803.08,0.0,0,0,2,0,1780.07,1780.07,1.0,6,0,2,0.3015,8,0,3,4,0,RET003558,CUST02970
209,11,3,0.2727,1,2156.13,7803.08,0.0251,0,0,3,1,11733.36,11733.36,1.0,12,1,3,0.4306,10,0,3,4,0,RET003559,CUST02970
189,4,0,0.0,0,0.0,8406.22,0.0,0,0,0,0,9946.14,7912.55,0.7955,6,0,0,0.0,189,0,3,4,0,RET003560,CUST02970
279,16,7,0.4375,4,32528.03,9257.34,0.2196,0,0,1,0,28124.44,28124.44,1.0,7,1,4,0.7527,17,1,3,4,1,RET003561,CUST02970
239,14,5,0.3571,3,15669.56,8396.75,0.1333,0,1,2,2,16858.47,16858.47,1.0,7,1,4,0.6276,1,1,3,4,1,RET003562,CUST02970
262,15,6,0.4,4,32528.03,7999.54,0.2711,0,0,2,1,2438.51,2438.51,1.0,8,2,4,0.687,23,0,3,4,1,RET003563,CUST02970
191,4,1,0.25,0,0.0,8406.22,0.0,0,1,1,0,2156.13,2156.13,1.0,5,0,1,0.1571,2,0,3,4,1,RET003564,CUST02970
238,14,4,0.2857,3,15669.56,8396.75,0.1333,0,0,1,2,2125.41,2125.41,1.0,6,0,3,0.5042,29,0,3,4,1,RET003565,CUST02970
107,6,0,0.0,0,0.0,5211.31,0.0,0,0,0,0,1974.65,1974.65,1.0,8,0,0,0.0,107,0,1,1,0,RET003566,CUST02971
117,3,0,0.0,0,0.0,4962.0,0.0,0,0,0,0,4347.1,4347.1,1.0,27,0,0,0.0,117,0,1,1,0,RET003567,CUST02972
104,3,0,0.0,0,0.0,7651.89,0.0,0,0,0,0,1571.9,1571.9,1.0,23,0,0,0.0,104,0,1,1,0,RET003568,CUST02973
403,5,0,0.0,0,0.0,3110.57,0.0,0,0,0,0,2874.78,2874.78,1.0,6,0,0,0.0,403,0,1,1,0,RET003569,CUST02975
391,4,0,0.0,0,0.0,8860.5,0.0,0,0,0,0,25339.29,25339.29,1.0,5,0,0,0.0,391,1,1,1,0,RET003570,CUST02976
128,3,0,0.0,0,0.0,2290.78,0.0,0,0,0,0,1805.62,1805.62,1.0,20,0,0,0.0,128,0,1,1,0,RET003571,CUST02978
149,5,0,0.0,0,0.0,9446.51,0.0,0,0,0,0,2784.25,2784.25,1.0,23,0,0,0.0,149,0,5,1,0,RET003572,CUST02980
136,4,0,0.0,0,0.0,1322.55,0.0,1,0,0,0,2031.83,1376.69,0.6776,19,0,0,0.0,136,0,1,1,0,RET003573,CUST02981
235,1,0,0.0,0,0.0,821.31,0.0,0,0,0,0,821.31,821.31,1.0,27,0,0,0.0,235,0,1,1,0,RET003574,CUST02982
81,1,0,0.0,0,0.0,1092.28,0.0,0,0,0,0,1092.28,1092.28,1.0,23,0,0,0.0,81,0,1,1,0,RET003575,CUST02983
404,5,0,0.0,0,0.0,4877.77,0.0,0,0,0,0,1311.28,1311.28,1.0,5,0,0,0.0,404,0,1,1,0,RET003576,CUST02985
51,9,1,0.1111,1,24830.24,9406.71,0.2933,0,1,1,1,42636.2,42636.2,1.0,9,0,1,0.5882,5,1,1,1,0,RET003577,CUST02986
56,10,2,0.2,1,24830.24,8738.28,0.2842,0,1,2,1,2071.61,2071.61,1.0,8,0,2,1.0714,5,0,1,1,0,RET003578,CUST02986
67,11,3,0.2727,2,26901.85,9883.61,0.2474,0,0,3,2,2722.33,2722.33,1.0,14,0,3,1.3433,11,0,1,1,1,RET003579,CUST02986
46,7,0,0.0,0,0.0,11493.75,0.0,0,0,0,0,24830.24,24830.24,1.0,5,0,0,0.0,46,1,1,1,0,RET003580,CUST02986
282,3,0,0.0,1,785.54,4472.16,0.0586,0,0,0,0,7406.68,4784.46,0.646,29,0,0,0.0,282,0,1,4,0,RET003581,CUST02987
50,1,0,0.0,0,0.0,1192.57,0.0,0,0,0,0,1192.57,1192.57,1.0,14,0,0,0.0,50,0,1,1,0,RET003582,CUST02988
288,6,0,0.0,0,0.0,3886.74,0.0,0,0,0,0,1274.97,1274.97,1.0,27,0,0,0.0,288,0,1,1,0,RET003583,CUST02990
8,4,0,0.0,0,0.0,8042.95,0.0,1,0,0,0,4795.58,4795.58,1.0,3,0,0,0.0,8,0,3,2,0,RET003584,CUST02999
29,13,3,0.2308,2,14504.91,3488.46,0.3198,0,1,3,2,3573.12,3573.12,1.0,14,0,3,3.1034,2,0,3,2,1,RET003585,CUST02999
34,14,5,0.3571,2,14504.91,3430.78,0.302,0,3,5,2,1206.19,1206.19,1.0,9,1,4,4.4118,1,0,3,2,1,RET003586,CUST02999
63,19,8,0.4211,8,26480.07,3040.41,0.4584,0,0,4,6,1608.39,1608.39,1.0,12,0,5,3.8095,9,0,3,2,1,RET003587,CUST02999
54,19,7,0.3684,7,24933.06,3040.41,0.4316,0,0,5,5,1547.01,1547.01,1.0,6,0,4,3.8889,10,0,3,2,1,RET003588,CUST02999
27,12,2,0.1667,2,14504.91,3666.27,0.3297,0,0,2,2,2061.31,2061.31,1.0,7,0,2,2.2222,14,0,3,2,1,RET003589,CUST02999
33,14,4,0.2857,2,14504.91,3430.78,0.302,0,2,4,2,1354.65,906.49,0.6692,6,1,4,3.6364,4,0,3,2,1,RET003590,CUST02999
44,16,6,0.375,6,22252.02,3301.66,0.4212,1,0,4,5,2681.04,2681.04,1.0,14,2,4,4.0909,10,0,3,2,1,RET003591,CUST02999
13,4,1,0.25,1,4795.58,8042.95,0.1491,0,1,1,1,14238.18,9709.33,0.6819,7,0,1,2.3077,5,0,3,2,0,RET003592,CUST02999
309,18,5,0.2778,3,10601.3,6257.3,0.0941,0,1,4,3,3571.45,3571.45,1.0,13,0,4,0.4854,4,0,2,4,1,RET003593,CUST03001
299,18,3,0.1667,1,988.81,6257.3,0.0088,0,2,2,1,13686.22,13686.22,1.0,5,0,2,0.301,2,1,2,4,0,RET003594,CUST03001
305,18,4,0.2222,2,9094.54,6257.3,0.0807,0,1,3,2,3807.01,3219.16,0.8456,12,0,3,0.3934,6,0,2,4,1,RET003595,CUST03001
295,14,1,0.0714,0,0.0,5979.04,0.0,2,0,0,0,988.81,988.81,1.0,3,1,1,0.1017,71,0,2,4,0,RET003596,CUST03001
297,18,2,0.1111,0,0.0,6257.3,0.0,1,1,1,0,1506.76,1506.76,1.0,6,0,1,0.202,2,0,2,4,0,RET003597,CUST03001
315,19,6,0.3158,5,16477.31,6774.27,0.128,1,1,5,5,16079.81,16079.81,1.0,1,1,5,0.5714,6,1,2,4,1,RET003598,CUST03001
224,2,0,0.0,0,0.0,3232.91,0.0,0,0,0,0,2890.99,2890.99,1.0,9,0,0,0.0,224,0,2,4,0,RET003599,CUST03001
329,20,7,0.35,5,16477.31,6608.17,0.1247,0,0,4,4,3452.09,3452.09,1.0,13,2,5,0.6383,14,0,2,4,1,RET003600,CUST03001
69,12,2,0.1667,1,4070.11,8324.6,0.0407,0,0,2,1,1146.72,461.77,0.4027,10,0,2,0.8696,14,0,1,4,1,RET003601,CUST03003
55,8,1,0.125,0,0.0,5990.75,0.0,0,0,1,0,4070.11,4070.11,1.0,11,0,1,0.5455,9,0,1,4,0,RET003602,CUST03003
46,8,0,0.0,0,0.0,5990.75,0.0,0,0,0,0,3915.14,1744.37,0.4455,10,0,0,0.0,46,0,1,4,0,RET003603,CUST03003
71,12,3,0.25,1,4070.11,8324.6,0.0407,0,1,3,1,43701.0,43701.0,1.0,14,1,3,1.2676,2,1,1,4,1,RET003604,CUST03003
84,15,4,0.2667,2,4531.88,7459.08,0.0405,0,0,3,2,475.87,346.7,0.7286,5,2,3,1.4286,13,0,1,4,1,RET003605,CUST03003
91,15,5,0.3333,3,4878.58,7459.08,0.0436,0,1,3,2,885.42,885.42,1.0,13,0,3,1.6484,7,0,1,4,1,RET003606,CUST03003
33,2,0,0.0,0,0.0,2893.45,0.0,0,0,0,0,2840.56,2840.56,1.0,5,0,0,0.0,33,0,1,4,0,RET003607,CUST03004
150,8,1,0.125,0,0.0,9636.88,0.0,1,0,0,0,2134.09,2134.09,1.0,1,0,1,0.2,117,0,1,4,0,RET003608,CUST03004
152,9,2,0.2222,0,0.0,10609.12,0.0,1,1,1,0,18386.99,18386.99,1.0,1,1,2,0.3947,2,0,1,4,1,RET003609,CUST03004
194,12,3,0.25,2,20521.08,8344.51,0.2049,0,0,0,0,2136.28,2013.01,0.9423,6,2,2,0.4639,42,0,1,4,1,RET003610,CUST03004
91,8,1,0.125,1,1437.98,2461.48,0.073,1,0,0,0,4154.33,4154.33,1.0,7,1,1,0.3297,65,0,1,1,0,RET003611,CUST03006
26,2,0,0.0,0,0.0,1276.66,0.0,0,0,0,0,1861.57,1437.98,0.7725,9,0,0,0.0,26,0,1,1,0,RET003612,CUST03006
405,2,0,0.0,0,0.0,3039.49,0.0,0,0,0,0,5544.11,5544.11,1.0,18,0,0,0.0,405,0,1,1,0,RET003613,CUST03009
65,2,0,0.0,0,0.0,9951.14,0.0,0,0,0,0,17499.9,17499.9,1.0,13,0,0,0.0,65,0,1,1,0,RET003614,CUST03010
179,7,0,0.0,0,0.0,4553.04,0.0,0,0,0,0,8700.64,8700.64,1.0,12,0,0,0.0,179,0,1,1,0,RET003615,CUST03014
478,8,0,0.0,0,0.0,5471.87,0.0,0,0,0,0,2663.69,2663.69,1.0,19,0,0,0.0,478,0,1,1,0,RET003616,CUST03015
139,7,0,0.0,0,0.0,1443.08,0.0,0,0,0,0,3507.52,3507.52,1.0,30,0,0,0.0,139,1,1,1,0,RET003617,CUST03017
36,2,0,0.0,0,0.0,1496.65,0.0,0,0,0,0,593.89,593.89,1.0,4,0,0,0.0,36,0,1,1,0,RET003618,CUST03018
56,2,0,0.0,0,0.0,2323.65,0.0,0,0,0,0,1425.5,1425.5,1.0,23,0,0,0.0,56,0,1,1,0,RET003619,CUST03020
57,2,0,0.0,0,0.0,23344.64,0.0,0,0,0,0,41633.04,41633.04,1.0,26,0,0,0.0,57,0,1,1,0,RET003620,CUST03021
65,16,5,0.3125,4,9790.94,4638.35,0.1319,0,0,2,2,601.6,601.6,1.0,11,0,3,2.3077,19,0,4,1,1,RET003621,CUST03023
28,7,2,0.2857,1,2757.75,4100.2,0.0961,0,1,2,1,1698.06,1698.06,1.0,7,0,2,2.1429,6,0,4,1,1,RET003622,CUST03023
46,12,4,0.3333,3,7558.96,4175.41,0.1509,1,1,3,3,1894.84,1894.84,1.0,14,1,3,2.6087,3,0,4,1,1,RET003623,CUST03023
22,7,1,0.1429,1,2757.75,4100.2,0.0961,2,0,1,1,4518.74,4518.74,1.0,1,0,1,1.3636,9,0,4,1,0,RET003624,CUST03023
69,16,6,0.375,4,9790.94,4638.35,0.1319,0,1,3,1,1342.91,1342.91,1.0,8,2,4,2.6087,4,0,4,1,1,RET003625,CUST03023
43,10,3,0.3,3,7558.96,3547.38,0.2131,1,0,3,3,2231.98,2231.98,1.0,1,1,3,2.093,15,0,4,1,1,RET003626,CUST03023
13,4,0,0.0,0,0.0,5219.76,0.0,1,0,0,0,2757.75,2757.75,1.0,1,0,0,0.0,13,0,4,1,0,RET003627,CUST03023
113,3,0,0.0,0,0.0,1684.3,0.0,0,0,0,0,3252.35,3252.35,1.0,12,0,0,0.0,113,0,1,1,0,RET003628,CUST03025
195,6,1,0.1667,0,0.0,5933.45,0.0,0,0,0,0,12663.05,12663.05,1.0,24,0,1,0.1538,82,1,1,1,0,RET003629,CUST03025
380,8,1,0.125,0,0.0,5853.81,0.0,0,0,0,0,1128.08,1128.08,1.0,21,0,1,0.0789,78,0,1,1,0,RET003630,CUST03027
302,6,0,0.0,0,0.0,5348.06,0.0,0,0,0,0,1238.95,675.28,0.545,17,0,0,0.0,302,0,1,1,0,RET003631,CUST03027
47,16,4,0.25,2,4994.81,8317.99,0.0375,0,2,4,2,15845.66,11505.4,0.7261,14,0,4,2.5532,3,0,1,3,1,RET003632,CUST03028
25,9,0,0.0,0,0.0,10234.58,0.0,0,0,0,0,3403.32,3403.32,1.0,10,0,0,0.0,25,0,1,3,0,RET003633,CUST03028
44,16,3,0.1875,2,4994.81,8317.99,0.0375,2,2,3,2,2021.73,2021.73,1.0,2,0,3,2.0455,4,0,1,3,1,RET003634,CUST03028
38,13,1,0.0769,1,3403.32,8938.5,0.0293,0,0,1,1,4740.58,4740.58,1.0,5,0,1,0.7895,13,0,1,3,1,RET003635,CUST03028
40,13,2,0.1538,1,3403.32,8938.5,0.0293,0,1,2,1,1591.49,1591.49,1.0,13,0,2,1.5,2,0,1,3,1,RET003636,CUST03028
119,13,2,0.1538,2,4616.88,5438.22,0.0653,0,0,1,1,20324.75,20324.75,1.0,3,1,2,0.5042,15,1,4,4,1,RET003637,CUST03030
104,11,1,0.0909,1,3264.76,4362.03,0.068,0,0,1,1,1572.16,1352.12,0.86,6,0,1,0.2885,24,0,4,4,1,RET003638,CUST03030
80,9,0,0.0,0,0.0,4623.17,0.0,0,0,0,0,3264.76,3264.76,1.0,10,0,0,0.0,80,0,4,4,0,RET003639,CUST03030
163,17,3,0.1765,3,24941.63,5187.31,0.2828,0,0,0,0,1933.49,1933.49,1.0,13,0,2,0.5521,44,0,4,4,0,RET003640,CUST03030
199,1,0,0.0,0,0.0,26091.39,0.0,0,0,0,0,26091.39,26091.39,1.0,9,0,0,0.0,199,0,1,1,0,RET003641,CUST03032
103,7,0,0.0,0,0.0,5050.51,0.0,0,0,0,0,7988.84,7988.84,1.0,24,0,0,0.0,103,0,1,1,0,RET003642,CUST03033
90,1,0,0.0,0,0.0,856.97,0.0,0,0,0,0,856.97,856.97,1.0,4,0,0,0.0,90,0,1,1,0,RET003643,CUST03034
265,1,0,0.0,0,0.0,13598.83,0.0,0,0,0,0,13598.83,5839.81,0.4294,22,0,0,0.0,265,0,1,1,0,RET003644,CUST03035
60,9,3,0.3333,3,7827.6,9148.84,0.0951,0,0,3,3,531.93,531.93,1.0,3,1,3,1.5,12,0,3,1,0,RET003645,CUST03036
71,10,4,0.4,4,8163.97,8444.96,0.0967,0,0,4,4,2634.52,2634.52,1.0,13,1,3,1.6901,11,0,3,1,1,RET003646,CUST03036
48,4,2,0.5,0,0.0,2824.71,0.0,0,2,2,0,3097.65,3097.65,1.0,5,0,2,1.25,1,0,3,1,0,RET003647,CUST03036
41,3,0,0.0,0,0.0,2733.73,0.0,0,0,0,0,3052.57,3052.57,1.0,6,0,0,0.0,41,0,3,1,0,RET003648,CUST03036
47,4,1,0.25,0,0.0,2824.71,0.0,0,1,1,0,2596.94,1677.38,0.6459,9,0,1,0.6383,6,0,3,1,0,RET003649,CUST03036
101,4,0,0.0,0,0.0,2887.37,0.0,0,0,0,0,1719.7,1719.7,1.0,15,0,0,0.0,101,0,1,1,0,RET003650,CUST03042
392,4,0,0.0,0,0.0,3729.07,0.0,1,0,0,0,1224.76,870.81,0.711,3,0,0,0.0,392,0,1,1,0,RET003651,CUST03044
16,18,5,0.2778,0,0.0,10286.54,0.0,2,4,5,0,3979.8,3979.8,1.0,13,1,5,9.375,2,0,1,2,0,RET003652,CUST03045
10,12,1,0.0833,0,0.0,3924.68,0.0,3,1,1,0,585.72,503.61,0.8598,5,0,1,3.0,7,0,1,2,1,RET003653,CUST03045
22,19,8,0.4211,2,2406.61,9846.01,0.0129,0,3,8,2,2158.49,2158.49,1.0,12,1,6,10.9091,4,0,1,2,1,RET003654,CUST03045
22,19,8,0.4211,2,2406.61,9846.01,0.0129,0,3,8,2,2024.69,2024.69,1.0,12,3,6,10.9091,4,0,1,2,1,RET003655,CUST03045
14,16,4,0.25,0,0.0,5879.5,0.0,1,3,4,0,1059.71,1059.71,1.0,6,0,4,8.5714,1,0,1,2,1,RET003656,CUST03045
13,15,3,0.2,0,0.0,3724.54,0.0,0,2,3,0,1903.0,1903.0,1.0,4,0,3,6.9231,3,0,1,2,0,RET003657,CUST03045
17,18,6,0.3333,0,0.0,10286.54,0.0,0,5,6,0,1228.56,1228.56,1.0,8,0,5,10.5882,1,0,1,2,1,RET003658,CUST03045
32,22,12,0.5455,5,7578.14,8631.5,0.0399,0,2,12,5,805.09,343.79,0.427,4,4,6,11.25,5,0,1,2,1,RET003659,CUST03045
27,20,11,0.55,4,6805.69,9395.79,0.0362,1,3,11,4,841.74,841.74,1.0,1,1,6,12.2222,2,0,1,2,1,RET003660,CUST03045
3,2,0,0.0,0,0.0,2760.75,0.0,1,0,0,0,3849.32,3849.32,1.0,1,0,0,0.0,3,0,1,2,0,RET003661,CUST03045
40,24,13,0.5417,8,12105.11,8074.96,0.0625,0,0,12,8,2229.08,1176.32,0.5277,6,5,6,9.75,8,0,1,2,1,RET003662,CUST03045
10,12,1,0.0833,0,0.0,3924.68,0.0,3,1,1,0,943.44,943.44,1.0,4,0,1,3.0,7,0,1,2,1,RET003663,CUST03045
18,18,7,0.3889,0,0.0,10286.54,0.0,0,4,7,0,772.45,772.45,1.0,10,2,6,11.6667,1,0,1,2,1,RET003664,CUST03045
44,24,14,0.5833,8,12105.11,8074.96,0.0625,0,1,10,8,1677.18,1677.18,1.0,11,3,6,9.5455,4,0,1,2,1,RET003665,CUST03045
25,19,10,0.5263,4,6805.69,9846.01,0.0364,0,3,10,4,38203.77,38203.77,1.0,12,2,6,12.0,3,1,1,2,1,RET003666,CUST03045
15,6,1,0.1667,0,0.0,10186.9,0.0,0,1,1,0,1609.51,1609.51,1.0,6,0,1,2.0,1,0,1,1,0,RET003667,CUST03048
33,11,4,0.3636,1,2327.21,11492.83,0.0184,1,1,4,1,21202.67,21202.67,1.0,1,2,3,3.6364,7,0,1,1,1,RET003668,CUST03048
14,6,0,0.0,0,0.0,10186.9,0.0,3,0,0,0,4140.13,2996.28,0.7237,1,0,0,0.0,14,0,1,1,0,RET003669,CUST03048
26,8,3,0.375,1,2327.21,9671.51,0.0301,0,0,3,1,2032.21,2032.21,1.0,13,0,2,3.4615,10,0,1,1,1,RET003670,CUST03048
16,7,2,0.2857,0,0.0,9513.13,0.0,1,2,2,0,11089.17,11089.17,1.0,10,1,2,3.75,1,0,1,1,0,RET003671,CUST03048
73,15,5,0.3333,3,24950.68,12186.94,0.1365,0,0,0,1,3224.62,3224.62,1.0,12,1,3,2.0548,40,0,1,1,1,RET003672,CUST03048
534,7,1,0.1429,1,1886.81,5672.73,0.0475,0,0,0,0,719.21,719.21,1.0,30,0,1,0.0562,111,0,2,1,0,RET003673,CUST03049
423,5,0,0.0,0,0.0,7129.6,0.0,0,0,0,0,1886.81,1886.81,1.0,19,0,0,0.0,423,0,2,1,0,RET003674,CUST03049
356,7,0,0.0,0,0.0,2605.39,0.0,0,0,0,0,2625.43,2625.43,1.0,2,0,0,0.0,356,0,1,1,0,RET003675,CUST03050
13,2,0,0.0,0,0.0,1040.83,0.0,0,0,0,0,1074.58,1074.58,1.0,6,0,0,0.0,13,0,1,1,0,RET003676,CUST03051
24,4,1,0.25,0,0.0,8329.63,0.0,0,0,1,0,28901.32,28901.32,1.0,11,1,1,1.25,11,1,1,1,0,RET003677,CUST03051
54,5,2,0.4,0,0.0,10283.58,0.0,0,0,1,0,18099.37,18099.37,1.0,2,0,1,1.1111,30,0,1,1,0,RET003678,CUST03051
44,17,4,0.2353,3,3358.16,8783.81,0.0225,0,1,4,3,841.32,841.32,1.0,14,0,2,2.7273,7,0,3,1,1,RET003679,CUST03054
17,6,0,0.0,0,0.0,9659.05,0.0,1,0,0,0,923.88,923.88,1.0,1,0,0,0.0,17,0,3,1,0,RET003680,CUST03054
37,16,3,0.1875,2,2088.41,9229.64,0.0141,0,1,3,2,30118.89,30118.89,1.0,10,1,2,2.4324,6,1,3,1,0,RET003681,CUST03054
29,12,1,0.0833,1,923.88,9834.63,0.0078,0,0,1,1,1164.53,1164.53,1.0,3,1,1,1.0345,12,0,3,1,1,RET003682,CUST03054
57,19,6,0.3158,4,4199.48,8927.7,0.0248,0,0,5,3,19313.34,16071.43,0.8321,6,0,3,3.1579,12,0,3,1,1,RET003683,CUST03054
31,15,2,0.1333,2,2088.41,9156.45,0.0152,2,1,2,2,1269.75,1269.75,1.0,9,0,1,1.9355,2,0,3,1,1,RET003684,CUST03054
45,17,5,0.2941,3,3358.16,8783.81,0.0225,0,1,5,3,10327.46,4875.43,0.4721,11,2,3,3.3333,1,0,3,1,1,RET003685,CUST03054
144,4,0,0.0,0,0.0,1882.6,0.0,0,0,0,0,1345.54,1345.54,1.0,29,0,0,0.0,144,0,1,1,0,RET003686,CUST03058
120,5,1,0.2,1,1201.25,13248.72,0.0181,1,0,1,1,1316.97,1316.97,1.0,18,0,1,0.25,19,0,1,1,0,RET003687,CUST03060
130,6,2,0.3333,2,2518.22,11264.95,0.0373,0,0,2,2,1346.14,1346.14,1.0,10,0,2,0.4615,10,0,1,1,0,RET003688,CUST03060
101,3,0,0.0,0,0.0,21218.68,0.0,0,0,0,0,1201.25,1201.25,1.0,15,0,0,0.0,101,0,1,1,0,RET003689,CUST03060
58,7,1,0.1429,0,0.0,7560.39,0.0,1,1,1,0,4014.71,4014.71,1.0,9,0,1,0.5172,3,0,1,1,0,RET003690,CUST03061
135,10,2,0.2,1,4014.71,7921.89,0.0507,0,0,0,0,1126.09,1126.09,1.0,11,0,2,0.4444,77,0,1,1,0,RET003691,CUST03061
55,5,0,0.0,0,0.0,5940.3,0.0,0,0,0,0,5770.09,5770.09,1.0,4,0,0,0.0,55,0,1,1,0,RET003692,CUST03061
210,4,0,0.0,0,0.0,12212.15,0.0,1,0,0,0,33855.04,26381.49,0.7792,1,0,0,0.0,210,1,1,4,0,RET003693,CUST03068
219,9,3,0.3333,1,19832.15,10797.9,0.2041,0,2,3,1,2362.04,2362.04,1.0,8,0,2,0.411,3,0,1,4,1,RET003694,CUST03068
212,6,1,0.1667,0,0.0,11092.79,0.0,2,1,1,0,6880.28,6880.28,1.0,5,0,1,0.1415,2,0,1,4,0,RET003695,CUST03068
228,9,4,0.4444,3,42058.55,10797.9,0.4328,0,0,4,3,4247.01,4247.01,1.0,14,0,3,0.5263,9,0,1,4,1,RET003696,CUST03068
216,7,2,0.2857,0,0.0,10114.82,0.0,0,2,2,0,15346.12,15346.12,1.0,5,1,2,0.2778,4,0,1,4,1,RET003697,CUST03068
250,11,5,0.4545,4,46305.56,9009.27,0.4673,0,0,1,3,1164.4,851.71,0.7315,4,0,4,0.6,22,0,1,4,1,RET003698,CUST03068
374,8,0,0.0,0,0.0,3674.51,0.0,0,0,0,0,1175.93,1175.93,1.0,12,0,0,0.0,374,0,1,1,0,RET003699,CUST03077
374,7,0,0.0,0,0.0,3327.28,0.0,0,0,0,0,261.03,261.03,1.0,15,0,0,0.0,374,0,1,1,0,RET003700,CUST03078
53,17,7,0.4118,2,5160.97,6159.21,0.0493,0,2,5,2,782.75,782.75,1.0,13,3,4,3.9623,1,0,2,1,1,RET003701,CUST03079
39,9,3,0.3333,0,0.0,5573.55,0.0,1,1,3,0,2230.59,2230.59,1.0,11,1,3,2.3077,6,0,2,1,0,RET003702,CUST03079
41,11,4,0.3636,0,0.0,4970.36,0.0,2,1,4,0,2930.38,2930.38,1.0,6,0,3,2.9268,2,0,2,1,1,RET003703,CUST03079
21,3,0,0.0,0,0.0,10543.93,0.0,1,0,0,0,1465.6,1465.6,1.0,1,0,0,0.0,21,0,2,1,0,RET003704,CUST03079
66,20,9,0.45,3,14783.33,5636.01,0.1312,0,0,6,3,2028.54,2028.54,1.0,10,0,4,4.0909,8,0,2,1,1,RET003705,CUST03079
22,3,1,0.3333,0,0.0,10543.93,0.0,0,1,1,0,12174.73,12174.73,1.0,11,0,1,1.3636,1,0,2,1,0,RET003706,CUST03079
48,16,5,0.3125,0,0.0,6304.04,0.0,0,1,5,0,21270.27,21270.27,1.0,2,1,4,3.125,7,1,2,1,0,RET003707,CUST03079
70,21,10,0.4762,4,15786.71,6259.13,0.1201,0,1,6,4,1879.6,1879.6,1.0,10,0,5,4.2857,4,0,2,1,1,RET003708,CUST03079
58,19,8,0.4211,2,5160.97,5833.72,0.0466,1,2,6,2,4105.53,4105.53,1.0,1,4,4,4.1379,5,0,2,1,1,RET003709,CUST03079
52,17,6,0.3529,2,5160.97,6159.21,0.0493,0,1,5,2,9622.36,9622.36,1.0,14,2,4,3.4615,4,0,2,1,1,RET003710,CUST03079
33,5,2,0.4,0,0.0,7075.27,0.0,0,0,2,0,1513.98,1513.98,1.0,2,0,2,1.8182,11,0,2,1,0,RET003711,CUST03079
122,3,0,0.0,0,0.0,13865.12,0.0,1,0,0,0,38317.65,38317.65,1.0,1,0,0,0.0,122,1,1,4,0,RET003712,CUST03081
86,6,1,0.1667,0,0.0,7695.95,0.0,0,1,1,0,2182.65,2182.65,1.0,11,0,1,0.3488,2,0,5,1,0,RET003713,CUST03082
84,6,0,0.0,0,0.0,7695.95,0.0,1,0,0,0,1344.8,1050.47,0.7811,1,0,0,0.0,84,0,5,1,0,RET003714,CUST03082
121,8,2,0.25,0,0.0,7693.42,0.0,0,0,0,0,13343.06,13343.06,1.0,2,1,2,0.4959,35,0,5,1,1,RET003715,CUST03082
30,3,2,0.6667,1,5882.83,6230.73,0.3147,0,1,2,1,1482.21,1482.21,1.0,2,1,2,2.0,1,0,5,1,1,RET003716,CUST03083
38,5,3,0.6,1,5882.83,6177.36,0.1905,1,0,3,1,3270.47,1833.0,0.5605,1,0,2,2.3684,8,0,5,1,1,RET003717,CUST03083
70,12,7,0.5833,5,12755.97,5152.31,0.2063,0,0,3,3,11112.86,7471.08,0.6723,7,0,3,3.0,11,0,5,1,1,RET003718,CUST03083
59,11,6,0.5455,3,9101.42,4610.44,0.1795,0,2,5,2,6692.64,3277.45,0.4897,11,1,3,3.0508,6,0,5,1,1,RET003719,CUST03083
29,3,1,0.3333,1,5882.83,6230.73,0.3147,1,0,1,1,11327.15,11327.15,1.0,11,0,1,1.0345,19,0,5,1,1,RET003720,CUST03083
53,10,5,0.5,3,9101.42,4890.03,0.1861,1,1,4,2,821.7,706.89,0.8603,1,1,3,2.8302,1,0,5,1,1,RET003721,CUST03083
52,9,4,0.4444,3,9101.42,5342.07,0.1893,0,0,3,2,5237.03,5237.03,1.0,12,2,3,2.3077,14,0,5,1,1,RET003722,CUST03083
10,1,0,0.0,0,0.0,5882.83,0.0,0,0,0,0,5882.83,5882.83,1.0,2,0,0,0.0,10,0,5,1,0,RET003723,CUST03083
113,1,0,0.0,0,0.0,2673.19,0.0,0,0,0,0,2673.19,2394.86,0.8959,24,0,0,0.0,113,0,1,1,0,RET003724,CUST03086
34,4,1,0.25,1,29221.78,17835.46,0.4096,0,0,1,1,34803.15,34803.15,1.0,3,0,1,0.8824,15,0,1,1,1,RET003725,CUST03089
50,9,2,0.2222,1,29221.78,12974.15,0.2503,0,0,1,1,18719.65,18719.65,1.0,2,1,2,1.2,16,0,1,1,0,RET003726,CUST03089
93,10,3,0.3,2,47941.43,11841.15,0.4049,0,0,0,0,1644.19,1284.16,0.781,8,0,2,0.9677,43,0,1,1,1,RET003727,CUST03089
19,3,0,0.0,0,0.0,12179.56,0.0,0,0,0,0,29221.78,29221.78,1.0,7,0,0,0.0,19,1,1,1,0,RET003728,CUST03089
456,6,0,0.0,0,0.0,3817.16,0.0,0,0,0,0,2213.77,2213.77,1.0,12,0,0,0.0,456,0,1,1,0,RET003729,CUST03090
186,3,1,0.3333,0,0.0,2728.18,0.0,0,0,0,0,1129.25,1129.25,1.0,24,0,1,0.1613,167,0,1,2,0,RET003730,CUST03091
19,1,0,0.0,0,0.0,5016.35,0.0,0,0,0,0,5016.35,2660.75,0.5304,5,0,0,0.0,19,0,1,2,0,RET003731,CUST03091
298,8,0,0.0,0,0.0,3395.03,0.0,0,0,0,0,10227.24,10227.24,1.0,2,0,0,0.0,298,1,1,1,0,RET003732,CUST03092
41,1,0,0.0,0,0.0,3849.63,0.0,0,0,0,0,3849.63,3849.63,1.0,14,0,0,0.0,41,0,1,1,0,RET003733,CUST03094
193,6,0,0.0,0,0.0,10708.89,0.0,0,0,0,0,1022.13,1022.13,1.0,17,0,0,0.0,193,0,1,1,0,RET003734,CUST03095
336,6,0,0.0,0,0.0,6501.68,0.0,0,0,0,0,1239.63,1239.63,1.0,19,0,0,0.0,336,0,1,1,0,RET003735,CUST03097
262,5,1,0.2,1,10984.69,3486.84,0.6301,0,0,0,0,3506.77,3506.77,1.0,23,0,1,0.1145,117,0,1,1,1,RET003736,CUST03101
145,1,0,0.0,0,0.0,10984.69,0.0,0,0,0,0,10984.69,10984.69,1.0,20,0,0,0.0,145,0,1,1,0,RET003737,CUST03101
22,5,0,0.0,0,0.0,14431.94,0.0,0,0,0,0,31892.14,31892.14,1.0,8,0,0,0.0,22,1,1,4,0,RET003738,CUST03104
31,7,1,0.1429,1,31892.14,13931.23,0.327,0,0,1,1,18298.32,18298.32,1.0,9,0,1,0.9677,9,0,1,4,1,RET003739,CUST03104
59,11,3,0.2727,1,31892.14,11699.81,0.2478,0,0,2,0,3260.89,3260.89,1.0,3,1,3,1.5254,26,0,1,4,1,RET003740,CUST03104
33,7,2,0.2857,1,31892.14,13931.23,0.327,0,1,2,1,7060.57,7060.57,1.0,7,0,2,1.8182,2,0,1,4,1,RET003741,CUST03104
106,5,0,0.0,0,0.0,2627.9,0.0,0,0,0,0,2722.36,2083.46,0.7653,23,0,0,0.0,106,0,1,1,0,RET003742,CUST03105
302,3,0,0.0,0,0.0,1168.3,0.0,0,0,0,0,2055.08,1866.34,0.9082,2,0,0,0.0,302,0,1,4,0,RET003743,CUST03107
334,8,1,0.125,1,2295.34,6475.67,0.0443,0,0,0,0,19184.64,19184.64,1.0,7,0,1,0.0898,163,1,1,1,0,RET003744,CUST03108
171,4,0,0.0,0,0.0,1977.53,0.0,0,0,0,0,2295.34,2295.34,1.0,29,0,0,0.0,171,0,1,1,0,RET003745,CUST03108
48,8,3,0.375,1,11746.97,5118.24,0.2869,0,1,3,1,255.76,119.66,0.4679,5,0,1,1.875,3,0,1,3,1,RET003746,CUST03109
45,8,2,0.25,1,11746.97,5118.24,0.2869,1,1,2,1,3236.62,2506.75,0.7745,3,2,1,1.3333,6,0,1,3,0,RET003747,CUST03109
51,11,4,0.3636,2,14253.72,5489.48,0.236,0,2,4,2,1580.08,1580.08,1.0,3,0,2,2.3529,3,0,1,3,1,RET003748,CUST03109
54,12,5,0.4167,3,15833.8,6438.01,0.205,1,2,5,3,1504.79,797.98,0.5303,10,3,3,2.7778,3,0,1,3,1,RET003749,CUST03109
35,4,0,0.0,0,0.0,8488.92,0.0,0,0,0,0,13026.49,11746.97,0.9018,6,0,0,0.0,35,0,1,3,0,RET003750,CUST03109
60,12,7,0.5833,4,15953.46,6438.01,0.2065,0,2,7,4,2439.53,1067.83,0.4377,11,0,4,3.5,5,0,1,3,1,RET003751,CUST03109
39,4,1,0.25,0,0.0,8488.92,0.0,0,1,1,0,2461.96,2461.96,1.0,7,1,1,0.7692,4,0,1,3,0,RET003752,CUST03109
55,12,6,0.5,4,15953.46,6438.01,0.2065,0,3,6,4,16871.81,13878.31,0.8226,2,0,3,3.2727,1,1,1,3,1,RET003753,CUST03109
91,14,8,0.5714,4,15953.46,5721.29,0.1992,0,0,0,0,1078.85,1078.85,1.0,12,4,5,2.6374,31,0,1,3,1,RET003754,CUST03109
231,2,0,0.0,0,0.0,3109.53,0.0,0,0,0,0,2466.39,2466.39,1.0,24,0,0,0.0,231,0,1,3,0,RET003755,CUST03110
105,3,0,0.0,0,0.0,3059.72,0.0,0,0,0,0,1718.13,1718.13,1.0,14,0,0,0.0,105,0,1,1,0,RET003756,CUST03112
145,4,0,0.0,0,0.0,4328.65,0.0,0,0,0,0,1092.07,437.03,0.4002,23,0,0,0.0,145,0,1,1,0,RET003757,CUST03115
70,10,1,0.1,1,2088.97,3216.79,0.0649,0,0,0,0,1365.73,1365.73,1.0,12,1,1,0.4286,44,0,1,1,0,RET003758,CUST03116
88,12,2,0.1667,2,3454.7,2828.21,0.1018,0,0,1,1,925.34,925.34,1.0,6,2,1,0.6818,18,0,1,1,1,RET003759,CUST03116
26,4,0,0.0,0,0.0,4266.77,0.0,0,0,0,0,2088.97,2088.97,1.0,13,0,0,0.0,26,0,1,1,0,RET003760,CUST03116
6,2,0,0.0,0,0.0,1107.32,0.0,1,0,0,0,1068.4,605.06,0.5663,5,0,0,0.0,6,0,1,1,0,RET003761,CUST03120
183,7,1,0.1429,1,605.06,2221.08,0.0389,0,0,0,0,1559.17,1559.17,1.0,16,0,1,0.1639,177,0,1,1,0,RET003762,CUST03120
52,12,5,0.4167,4,39505.86,8364.17,0.3936,0,0,4,3,3727.49,3727.49,1.0,11,2,3,2.8846,13,0,5,1,1,RET003763,CUST03121
39,10,4,0.4,2,13533.46,8732.94,0.155,0,1,4,2,25006.98,25006.98,1.0,13,1,3,3.0769,5,1,5,1,1,RET003764,CUST03121
18,2,0,0.0,0,0.0,16301.88,0.0,0,0,0,0,11774.88,11774.88,1.0,13,0,0,0.0,18,0,5,1,0,RET003765,CUST03121
64,15,6,0.4,4,39505.86,10271.34,0.2564,0,0,3,2,9581.91,9581.91,1.0,7,2,3,2.8125,12,0,5,1,1,RET003766,CUST03121
34,9,3,0.3333,2,13533.46,7612.0,0.1975,0,2,3,2,899.75,372.82,0.4144,12,1,3,2.6471,4,0,5,1,1,RET003767,CUST03121
30,7,1,0.1429,1,11774.88,9101.01,0.1848,0,0,1,1,965.42,965.42,1.0,3,0,1,1.0,12,0,5,1,0,RET003768,CUST03121
30,7,1,0.1429,1,11774.88,9101.01,0.1848,0,0,1,1,1758.58,1758.58,1.0,9,0,1,1.0,12,0,5,1,0,RET003769,CUST03121
175,2,0,0.0,0,0.0,3114.09,0.0,0,0,0,0,668.74,668.74,1.0,8,0,0,0.0,175,0,1,1,0,RET003770,CUST03122
441,3,0,0.0,0,0.0,1455.09,0.0,0,0,0,0,2370.09,2370.09,1.0,24,0,0,0.0,441,0,1,1,0,RET003771,CUST03126
26,2,0,0.0,0,0.0,7554.85,0.0,1,0,0,0,14215.14,10834.78,0.7622,1,0,0,0.0,26,0,1,1,0,RET003772,CUST03128
64,3,1,0.3333,0,0.0,5794.47,0.0,0,0,0,0,2273.7,2151.22,0.9461,12,0,1,0.4688,38,0,1,1,0,RET003773,CUST03128
241,2,0,0.0,0,0.0,7251.21,0.0,0,0,0,0,13461.74,13461.74,1.0,6,0,0,0.0,241,0,1,1,0,RET003774,CUST03129
15,4,0,0.0,0,0.0,6713.38,0.0,2,0,0,0,7413.04,7413.04,1.0,1,0,0,0.0,15,0,1,1,0,RET003775,CUST03130
20,4,1,0.25,0,0.0,6713.38,0.0,0,1,1,0,13528.2,13528.2,1.0,6,0,1,1.5,5,1,1,1,0,RET003776,CUST03130
29,7,2,0.2857,0,0.0,7350.05,0.0,0,0,2,0,21527.93,21527.93,1.0,4,0,2,2.069,9,1,1,1,1,RET003777,CUST03130
109,15,4,0.2667,1,2177.53,5438.1,0.0267,0,0,1,1,11500.02,11500.02,1.0,3,1,3,1.1009,24,1,1,1,1,RET003778,CUST03130
85,13,3,0.2308,0,0.0,5278.86,0.0,0,0,0,0,2177.53,2177.53,1.0,13,1,3,1.0588,56,0,1,1,1,RET003779,CUST03130
18,7,0,0.0,0,0.0,7943.84,0.0,2,0,0,0,831.95,831.95,1.0,10,0,0,0.0,18,0,1,3,0,RET003780,CUST03131
33,10,1,0.1,1,453.36,7400.06,0.0061,0,0,1,1,15168.51,15168.51,1.0,12,0,1,0.9091,15,1,1,3,0,RET003781,CUST03131
213,4,0,0.0,0,0.0,6325.68,0.0,0,0,0,0,3461.19,3461.19,1.0,13,0,0,0.0,213,0,1,1,0,RET003782,CUST03132
9,7,1,0.1429,0,0.0,3784.72,0.0,0,1,1,0,1578.65,1578.65,1.0,8,1,1,3.3333,2,0,1,3,0,RET003783,CUST03135
7,7,0,0.0,0,0.0,3784.72,0.0,2,0,0,0,3076.74,3076.74,1.0,5,0,0,0.0,7,0,1,3,0,RET003784,CUST03135
14,16,4,0.25,0,0.0,9885.44,0.0,1,4,4,0,18535.84,18535.84,1.0,3,3,2,8.5714,3,0,1,3,1,RET003785,CUST03135
18,19,5,0.2632,2,14852.19,8727.63,0.0896,2,3,5,2,1960.84,1960.84,1.0,6,0,2,8.3333,4,0,1,3,1,RET003786,CUST03135
11,9,2,0.2222,0,0.0,5094.62,0.0,0,2,2,0,11608.22,11608.22,1.0,11,2,1,5.4545,2,1,1,3,0,RET003787,CUST03135
36,25,8,0.32,4,17561.3,8670.68,0.081,0,1,8,4,1640.0,1640.0,1.0,9,0,3,6.6667,3,0,1,3,1,RET003788,CUST03135
24,22,6,0.2727,3,16430.84,8673.48,0.0861,0,1,6,3,38952.4,23214.24,0.596,11,1,3,7.5,6,1,1,3,1,RET003789,CUST03135
11,9,2,0.2222,0,0.0,5094.62,0.0,0,2,2,0,2122.45,2122.45,1.0,5,0,1,5.4545,2,0,1,3,0,RET003790,CUST03135
33,25,7,0.28,4,17561.3,8670.68,0.081,1,0,7,4,4040.27,4040.27,1.0,11,1,3,6.3636,9,0,1,3,1,RET003791,CUST03135
51,6,3,0.5,1,1016.06,12428.49,0.0136,0,1,3,1,23227.29,23227.29,1.0,2,0,2,1.7647,5,0,1,1,1,RET003792,CUST03136
42,4,1,0.25,1,1016.06,12089.8,0.021,1,0,1,1,16398.67,16398.67,1.0,4,1,1,0.7143,8,0,1,1,0,RET003793,CUST03136
46,5,2,0.4,1,1016.06,10268.73,0.0198,0,1,2,1,15888.12,15888.12,1.0,5,0,1,1.3043,4,0,1,1,0,RET003794,CUST03136
126,13,7,0.5385,6,45557.45,8645.82,0.4053,0,0,1,1,2576.49,2576.49,1.0,7,0,3,1.6667,25,0,1,1,1,RET003795,CUST03136
34,1,0,0.0,0,0.0,1114.73,0.0,0,0,0,0,1114.73,1016.06,0.9115,3,0,0,0.0,34,0,1,1,0,RET003796,CUST03136
51,6,3,0.5,1,1016.06,12428.49,0.0136,0,1,3,1,2984.47,2984.47,1.0,9,1,2,1.7647,5,0,1,1,1,RET003797,CUST03136
101,10,6,0.6,5,42241.37,10648.28,0.3967,0,0,1,1,3316.08,3316.08,1.0,13,1,3,1.7822,27,0,1,1,1,RET003798,CUST03136
74,8,5,0.625,4,32960.7,12455.85,0.3308,0,0,3,3,9280.67,9280.67,1.0,10,2,3,2.027,23,0,1,1,1,RET003799,CUST03136
83,4,0,0.0,0,0.0,3041.32,0.0,0,0,0,0,3536.19,3536.19,1.0,29,0,0,0.0,83,0,1,1,0,RET003800,CUST03138
94,23,9,0.3913,5,32642.88,7292.05,0.1946,0,1,6,4,18845.82,18845.82,1.0,11,2,4,2.8723,7,1,5,4,1,RET003801,CUST03139
78,15,6,0.4,3,21661.6,6506.3,0.222,1,2,5,2,1838.49,1838.49,1.0,12,1,4,2.3077,2,0,5,4,1,RET003802,CUST03139
84,21,7,0.3333,4,31030.36,7553.35,0.1956,1,1,6,3,1832.36,1832.36,1.0,4,1,4,2.5,6,0,5,4,1,RET003803,CUST03139
76,14,5,0.3571,2,6827.68,6929.16,0.0704,1,2,4,1,2135.34,1612.52,0.7552,10,1,4,1.9737,4,0,5,4,1,RET003804,CUST03139
70,10,3,0.3,2,6827.68,5452.72,0.1252,1,0,2,1,9368.76,9368.76,1.0,1,1,3,1.2857,8,0,5,4,1,RET003805,CUST03139
58,4,1,0.25,1,1987.52,3289.78,0.151,0,0,1,1,4944.96,4944.96,1.0,11,0,1,0.5172,23,0,5,4,1,RET003806,CUST03139
103,25,11,0.44,6,51488.7,6900.03,0.2985,0,1,6,4,2365.81,2365.81,1.0,3,3,4,3.2039,4,0,5,4,1,RET003807,CUST03139
35,2,0,0.0,0,0.0,1687.01,0.0,0,0,0,0,1987.52,1987.52,1.0,11,0,0,0.0,35,0,5,4,0,RET003808,CUST03139
87,22,8,0.3636,5,32642.88,7283.9,0.2037,0,1,7,4,3265.74,3265.74,1.0,8,2,4,2.7586,3,0,5,4,1,RET003809,CUST03139
72,12,4,0.3333,2,6827.68,6231.78,0.0913,1,1,3,1,14833.92,14833.92,1.0,14,0,3,1.6667,2,1,5,4,1,RET003810,CUST03139
62,5,2,0.4,1,1987.52,5598.61,0.071,0,1,2,1,4840.16,4840.16,1.0,10,0,2,0.9677,4,0,5,4,1,RET003811,CUST03139
99,23,10,0.4348,5,32642.88,7292.05,0.1946,0,1,7,3,7471.39,7471.39,1.0,9,3,4,3.0303,5,0,5,4,1,RET003812,CUST03139
162,2,0,0.0,0,0.0,7790.07,0.0,0,0,0,0,2003.12,2003.12,1.0,26,0,0,0.0,162,0,1,1,0,RET003813,CUST03142
25,13,0,0.0,0,0.0,3995.64,0.0,0,0,0,0,1847.95,770.55,0.417,4,0,0,0.0,25,0,1,1,0,RET003814,CUST03143
34,17,3,0.1765,0,0.0,4810.26,0.0,0,1,3,0,2209.96,2209.96,1.0,14,0,2,2.6471,2,0,1,1,1,RET003815,CUST03143
32,17,2,0.1176,0,0.0,4810.26,0.0,0,2,2,0,17075.39,10881.49,0.6373,4,1,2,1.875,7,1,1,1,1,RET003816,CUST03143
25,13,0,0.0,0,0.0,3995.64,0.0,0,0,0,0,809.76,809.76,1.0,13,0,0,0.0,25,0,1,1,1,RET003817,CUST03143
407,8,0,0.0,0,0.0,2264.61,0.0,0,0,0,0,2411.4,1477.66,0.6128,19,0,0,0.0,407,0,1,1,0,RET003818,CUST03147
146,8,1,0.125,1,4765.63,2195.74,0.2713,0,0,0,0,3897.21,3897.21,1.0,11,1,1,0.2055,88,0,2,1,0,RET003819,CUST03150
58,4,0,0.0,0,0.0,2400.18,0.0,0,0,0,0,4765.63,4765.63,1.0,4,0,0,0.0,58,0,2,1,0,RET003820,CUST03150
129,7,1,0.1429,1,675.03,9862.14,0.0098,0,0,0,0,24152.69,24152.69,1.0,20,0,1,0.2326,63,1,1,1,0,RET003821,CUST03158
66,5,0,0.0,0,0.0,3209.19,0.0,0,0,0,0,949.29,675.03,0.7111,27,0,0,0.0,66,0,1,1,1,RET003822,CUST03158
93,2,0,0.0,0,0.0,15975.2,0.0,0,0,0,0,568.04,568.04,1.0,10,0,0,0.0,93,0,1,1,0,RET003823,CUST03160
182,5,1,0.2,1,3666.3,3304.13,0.2219,0,0,1,1,3210.06,3210.06,1.0,4,0,1,0.1648,15,0,1,1,0,RET003824,CUST03161
167,3,0,0.0,0,0.0,3819.94,0.0,0,0,0,0,3666.3,3666.3,1.0,30,0,0,0.0,167,0,1,1,0,RET003825,CUST03161
163,4,1,0.25,0,0.0,1474.91,0.0,0,0,1,0,340.37,340.37,1.0,13,0,1,0.184,19,0,2,3,0,RET003826,CUST03162
246,9,2,0.2222,0,0.0,6090.57,0.0,0,0,0,0,1939.29,1112.62,0.5737,9,1,2,0.2439,83,0,2,3,0,RET003827,CUST03162
370,15,4,0.2667,2,2417.39,8197.53,0.0197,0,0,0,0,21893.45,21893.45,1.0,8,0,3,0.3243,53,1,2,3,1,RET003828,CUST03162
144,2,0,0.0,0,0.0,1187.43,0.0,0,0,0,0,1378.34,1378.34,1.0,3,0,0,0.0,144,0,2,3,0,RET003829,CUST03162
317,13,3,0.2308,1,1112.62,6355.29,0.0135,0,0,0,0,2776.76,1304.77,0.4699,11,0,2,0.2839,71,0,2,3,0,RET003830,CUST03162
103,4,0,0.0,0,0.0,11395.95,0.0,0,0,0,0,12628.14,12628.14,1.0,23,0,0,0.0,103,0,1,1,0,RET003831,CUST03165
66,2,0,0.0,0,0.0,14573.48,0.0,0,0,0,0,1692.44,1009.21,0.5963,24,0,0,0.0,66,0,1,1,0,RET003832,CUST03167
330,4,0,0.0,0,0.0,3939.63,0.0,0,0,0,0,1409.2,754.28,0.5353,26,0,0,0.0,330,0,1,1,0,RET003833,CUST03171
173,4,0,0.0,0,0.0,1554.26,0.0,1,0,0,0,3581.94,3581.94,1.0,30,0,0,0.0,173,1,1,1,0,RET003834,CUST03176
231,7,1,0.1429,0,0.0,2004.26,0.0,0,0,0,0,2842.82,2842.82,1.0,12,0,1,0.1299,58,0,1,1,0,RET003835,CUST03176
26,1,0,0.0,0,0.0,1484.35,0.0,0,0,0,0,1484.35,1484.35,1.0,16,0,0,0.0,26,0,1,1,0,RET003836,CUST03178
305,8,0,0.0,0,0.0,4097.69,0.0,0,0,0,0,1819.25,1819.25,1.0,29,0,0,0.0,305,0,1,1,0,RET003837,CUST03179
274,3,0,0.0,0,0.0,1816.03,0.0,0,0,0,0,2268.02,2268.02,1.0,3,0,0,0.0,274,0,1,1,0,RET003838,CUST03180
76,3,0,0.0,0,0.0,3880.49,0.0,0,0,0,0,4190.61,4190.61,1.0,25,0,0,0.0,76,0,1,1,0,RET003839,CUST03181
63,1,0,0.0,0,0.0,5206.48,0.0,0,0,0,0,5206.48,2434.3,0.4676,5,0,0,0.0,63,0,1,1,0,RET003840,CUST03182
34,3,1,0.3333,0,0.0,2880.98,0.0,0,1,1,0,1680.24,1382.47,0.8228,28,0,1,0.8824,6,0,1,4,1,RET003841,CUST03183
28,3,0,0.0,0,0.0,2880.98,0.0,0,0,0,0,5347.21,5347.21,1.0,28,0,0,0.0,28,0,1,4,0,RET003842,CUST03183
345,6,0,0.0,0,0.0,4276.56,0.0,0,0,0,0,6591.3,6591.3,1.0,14,0,0,0.0,345,0,1,1,0,RET003843,CUST03185
154,5,1,0.2,0,0.0,6419.21,0.0,0,0,0,0,10793.57,10793.57,1.0,3,0,1,0.1948,143,0,5,1,0,RET003844,CUST03187
187,9,2,0.2222,0,0.0,9367.87,0.0,1,0,0,0,2907.88,2907.88,1.0,9,0,2,0.3209,33,0,5,1,1,RET003845,CUST03187
11,1,0,0.0,0,0.0,5643.35,0.0,0,0,0,0,5643.35,5643.35,1.0,5,0,0,0.0,11,0,5,1,0,RET003846,CUST03187
25,5,0,0.0,0,0.0,2124.22,0.0,0,0,0,0,2334.35,2334.35,1.0,7,0,0,0.0,25,0,1,1,0,RET003847,CUST03188
81,10,1,0.1,1,2334.35,4626.64,0.0505,0,0,0,0,1253.89,1253.89,1.0,24,0,1,0.3704,56,0,1,1,0,RET003848,CUST03188
324,2,0,0.0,0,0.0,2152.53,0.0,0,0,0,0,305.05,305.05,1.0,18,0,0,0.0,324,0,1,1,0,RET003849,CUST03192
460,4,0,0.0,0,0.0,5492.06,0.0,0,0,0,0,1742.89,1742.89,1.0,22,0,0,0.0,460,0,1,1,0,RET003850,CUST03193
283,1,0,0.0,0,0.0,1822.2,0.0,0,0,0,0,1822.2,1641.83,0.901,16,0,0,0.0,283,0,1,1,0,RET003851,CUST03195
306,4,0,0.0,0,0.0,10797.66,0.0,0,0,0,0,38031.34,38031.34,1.0,13,0,0,0.0,306,1,1,2,0,RET003852,CUST03196
21,15,2,0.1333,1,2543.68,7077.69,0.024,0,0,2,1,24114.23,24114.23,1.0,9,0,2,2.8571,10,1,5,1,1,RET003853,CUST03197
11,10,1,0.1,1,2543.68,7733.11,0.0329,0,1,1,1,11326.14,11326.14,1.0,4,0,1,2.7273,5,0,5,1,0,RET003854,CUST03197
6,6,0,0.0,0,0.0,7619.23,0.0,1,0,0,0,2543.68,2543.68,1.0,3,0,0,0.0,6,0,5,1,0,RET003855,CUST03197
297,1,0,0.0,0,0.0,639.82,0.0,0,0,0,0,639.82,639.82,1.0,30,0,0,0.0,297,0,1,1,0,RET003856,CUST03199
274,6,0,0.0,0,0.0,14033.72,0.0,0,0,0,0,46983.17,46983.17,1.0,8,0,0,0.0,274,1,1,1,0,RET003857,CUST03200
29,10,4,0.4,1,908.16,4131.63,0.022,0,1,4,1,1267.17,1267.17,1.0,5,3,2,4.1379,1,0,1,3,1,RET003858,CUST03201
28,10,3,0.3,1,908.16,4131.63,0.022,0,1,3,1,2750.03,2750.03,1.0,6,2,2,3.2143,7,0,1,3,0,RET003859,CUST03201
21,7,2,0.2857,0,0.0,2798.39,0.0,0,2,2,0,908.16,908.16,1.0,2,1,2,2.8571,1,0,1,3,0,RET003860,CUST03201
20,7,1,0.1429,0,0.0,2798.39,0.0,1,1,1,0,1407.84,1407.84,1.0,3,0,1,1.5,4,0,1,3,0,RET003861,CUST03201
16,3,0,0.0,0,0.0,2190.95,0.0,0,0,0,0,1475.62,746.07,0.5056,3,0,0,0.0,16,0,1,3,0,RET003862,CUST03201
82,14,6,0.4286,4,11210.31,4694.1,0.1706,0,0,1,1,3296.9,3296.9,1.0,5,0,3,2.1951,27,0,1,3,1,RET003863,CUST03201
86,14,7,0.5,4,11210.31,4694.1,0.1706,0,1,1,1,11605.57,11605.57,1.0,11,1,4,2.4419,4,1,1,3,1,RET003864,CUST03201
55,12,5,0.4167,3,4925.36,4234.58,0.0969,0,0,2,3,7028.43,6284.95,0.8942,13,0,2,2.7273,26,0,1,3,1,RET003865,CUST03201
62,8,0,0.0,0,0.0,4097.67,0.0,0,0,0,0,2121.88,2121.88,1.0,13,0,0,0.0,62,0,5,1,0,RET003866,CUST03202
72,9,1,0.1111,1,2121.88,4129.36,0.0571,0,0,1,1,4382.89,3182.51,0.7261,5,0,1,0.4167,10,0,5,1,0,RET003867,CUST03202
55,2,0,0.0,0,0.0,10010.83,0.0,0,0,0,0,3560.58,3560.58,1.0,5,0,0,0.0,55,0,1,3,0,RET003868,CUST03205
68,21,13,0.619,4,8180.73,7130.05,0.0546,0,6,12,3,563.61,511.82,0.9081,14,1,6,5.7353,1,0,1,1,1,RET003869,CUST03212
57,18,5,0.2778,1,1581.51,7996.72,0.011,3,3,4,0,3652.13,3652.13,1.0,1,0,3,2.6316,2,0,1,1,1,RET003870,CUST03212
67,21,12,0.5714,4,8180.73,7130.05,0.0546,0,6,11,3,1534.87,1534.87,1.0,11,1,6,5.3731,2,0,1,1,1,RET003871,CUST03212
62,21,7,0.3333,4,8180.73,7130.05,0.0546,0,3,6,3,17691.47,17691.47,1.0,9,0,5,3.3871,2,1,1,1,1,RET003872,CUST03212
48,6,1,0.1667,1,1581.51,11356.06,0.0232,1,0,0,0,5643.02,4734.11,0.8389,5,0,1,0.625,46,0,1,1,0,RET003873,CUST03212
64,21,9,0.4286,4,8180.73,7130.05,0.0546,0,4,8,3,1240.45,1240.45,1.0,4,2,6,4.2188,2,0,1,1,1,RET003874,CUST03212
64,21,9,0.4286,4,8180.73,7130.05,0.0546,0,4,8,3,1324.29,1324.29,1.0,8,1,6,4.2188,2,0,1,1,1,RET003875,CUST03212
54,11,3,0.2727,1,1581.51,8286.78,0.0173,1,2,2,0,1577.35,1263.87,0.8013,6,1,3,1.6667,3,0,1,1,1,RET003876,CUST03212
62,21,7,0.3333,4,8180.73,7130.05,0.0546,0,3,6,3,1427.09,1427.09,1.0,11,1,5,3.3871,2,0,1,1,1,RET003877,CUST03212
65,21,11,0.5238,4,8180.73,7130.05,0.0546,0,5,10,3,2639.76,2639.76,1.0,10,2,6,5.0769,1,0,1,1,1,RET003878,CUST03212
2,1,0,0.0,0,0.0,1581.51,0.0,0,0,0,0,1581.51,1581.51,1.0,2,0,0,0.0,2,0,1,1,0,RET003879,CUST03212
51,9,2,0.2222,1,1581.51,8004.0,0.022,0,1,1,0,1215.43,1215.43,1.0,2,0,2,1.1765,3,0,1,1,0,RET003880,CUST03212
60,19,6,0.3158,3,7531.05,7646.33,0.0518,0,3,5,2,1375.22,1375.22,1.0,6,0,4,3.0,3,0,1,1,1,RET003881,CUST03212
55,13,4,0.3077,1,1581.51,7161.03,0.017,2,3,3,0,1861.24,1861.24,1.0,8,2,3,2.1818,1,0,1,1,1,RET003882,CUST03212
115,2,1,0.5,1,1275.96,1197.67,0.5327,0,0,0,0,1119.38,1119.38,1.0,2,1,1,0.2609,95,0,1,1,1,RET003883,CUST03213
20,1,0,0.0,0,0.0,1275.96,0.0,0,0,0,0,1275.96,1275.96,1.0,13,0,0,0.0,20,0,1,1,0,RET003884,CUST03213
67,14,0,0.0,0,0.0,4886.32,0.0,0,0,0,0,927.38,927.38,1.0,14,0,0,0.0,67,0,1,1,1,RET003885,CUST03215
74,15,3,0.2,0,0.0,4759.26,0.0,0,3,3,0,3458.04,3458.04,1.0,14,1,3,1.2162,3,0,1,1,1,RET003886,CUST03215
71,15,2,0.1333,0,0.0,4759.26,0.0,1,2,2,0,1179.26,1179.26,1.0,6,0,2,0.8451,2,0,1,1,1,RET003887,CUST03215
69,14,1,0.0714,0,0.0,4886.32,0.0,0,1,1,0,21409.97,17526.2,0.8186,14,0,1,0.4348,2,1,1,1,1,RET003888,CUST03215
87,16,4,0.25,2,18048.31,4569.27,0.2469,0,0,4,2,1719.47,1719.47,1.0,11,1,3,1.3793,13,0,1,1,1,RET003889,CUST03215
181,2,0,0.0,0,0.0,1659.73,0.0,0,0,0,0,2920.54,2920.54,1.0,5,0,0,0.0,181,0,1,1,0,RET003890,CUST03217
65,2,0,0.0,0,0.0,2243.06,0.0,0,0,0,0,1928.04,1928.04,1.0,8,0,0,0.0,65,0,1,1,0,RET003891,CUST03218
138,5,0,0.0,0,0.0,1709.89,0.0,0,0,0,0,2207.59,2207.59,1.0,27,0,0,0.0,138,0,1,1,0,RET003892,CUST03219
284,3,1,0.3333,2,11713.4,6778.82,0.576,0,0,0,0,3541.28,3541.28,1.0,5,0,1,0.1056,112,0,1,1,1,RET003893,CUST03220
172,2,0,0.0,1,333.91,8397.58,0.0199,0,0,0,0,15404.4,15404.4,1.0,14,0,0,0.0,172,0,1,1,0,RET003894,CUST03220
50,6,3,0.5,3,6516.73,4930.43,0.2203,0,0,2,2,18012.61,18012.61,1.0,5,0,2,1.8,13,1,1,2,1,RET003895,CUST03223
37,4,2,0.5,2,5529.62,1925.51,0.7179,0,0,1,2,987.11,987.11,1.0,11,1,2,1.6216,12,0,1,2,1,RET003896,CUST03223
25,3,1,0.3333,1,4480.47,2238.31,0.6672,0,0,1,1,1049.15,1049.15,1.0,11,0,1,1.2,19,0,1,2,1,RET003897,CUST03223
72,9,4,0.4444,4,18250.85,4296.62,0.472,0,0,1,2,198.73,198.73,1.0,7,1,3,1.6667,22,0,1,2,1,RET003898,CUST03223
6,1,0,0.0,0,0.0,4480.47,0.0,0,0,0,0,4480.47,4480.47,1.0,5,0,0,0.0,6,0,1,2,0,RET003899,CUST03223
88,10,5,0.5,5,18449.58,4022.92,0.4586,0,0,1,1,1559.68,779.37,0.4997,13,1,3,1.7045,16,0,1,2,1,RET003900,CUST03223
87,9,2,0.2222,2,37362.28,5915.29,0.7018,0,1,2,2,731.27,731.27,1.0,11,0,2,0.6897,4,0,1,4,1,RET003901,CUST03224
77,8,0,0.0,0,0.0,5822.13,0.0,1,0,0,0,10009.52,10009.52,1.0,12,0,0,0.0,77,0,1,4,0,RET003902,CUST03224
83,9,1,0.1111,0,0.0,5915.29,0.0,0,1,1,0,27352.76,27352.76,1.0,13,0,1,0.3614,6,1,1,4,0,RET003903,CUST03224
65,10,1,0.1,1,4357.05,9531.03,0.0457,0,0,0,1,3460.06,1461.72,0.4225,12,1,1,0.4615,36,0,1,4,0,RET003904,CUST03227
67,12,2,0.1667,1,4357.05,10692.53,0.034,1,1,1,0,13811.88,11673.6,0.8452,11,0,1,0.8955,2,0,1,4,1,RET003905,CUST03227
123,13,3,0.2308,3,15147.75,11528.67,0.1011,0,0,0,0,21562.37,21562.37,1.0,6,0,2,0.7317,56,0,1,4,1,RET003906,CUST03227
29,2,0,0.0,0,0.0,3696.99,0.0,0,0,0,0,6123.25,4357.05,0.7116,7,0,0,0.0,29,0,1,4,0,RET003907,CUST03227
194,4,0,0.0,0,0.0,14582.56,0.0,0,0,0,0,25345.64,25345.64,1.0,24,0,0,0.0,194,0,1,1,0,RET003908,CUST03229
60,6,0,0.0,0,0.0,4542.99,0.0,0,0,0,0,3056.76,3056.76,1.0,16,0,0,0.0,60,0,3,1,0,RET003909,CUST03234
386,5,1,0.2,1,1833.28,1621.85,0.2261,0,0,0,0,1348.57,999.87,0.7414,21,0,1,0.0777,34,0,1,1,0,RET003910,CUST03236
352,4,0,0.0,0,0.0,1690.17,0.0,0,0,0,0,1833.28,1833.28,1.0,20,0,0,0.0,352,0,1,1,0,RET003911,CUST03236
416,6,2,0.3333,2,2833.15,1571.34,0.3005,0,0,1,1,1318.78,1318.78,1.0,6,0,2,0.1442,30,0,1,1,1,RET003912,CUST03236
58,4,1,0.25,1,1268.2,1186.93,0.2671,0,0,0,0,282.04,187.47,0.6647,22,0,1,0.5172,55,0,1,1,0,RET003913,CUST03237
3,1,0,0.0,0,0.0,1268.2,0.0,0,0,0,0,1268.2,1268.2,1.0,2,0,0,0.0,3,0,1,1,0,RET003914,CUST03237
78,6,2,0.3333,2,1455.67,4694.47,0.0517,0,0,1,1,2177.65,2177.65,1.0,8,1,2,0.7692,20,0,1,1,0,RET003915,CUST03237
8,2,0,0.0,0,0.0,12378.82,0.0,0,0,0,0,1904.46,953.36,0.5006,8,0,0,0.0,8,0,1,1,0,RET003916,CUST03239
69,16,2,0.125,0,0.0,6275.08,0.0,1,0,0,0,15576.99,15576.99,1.0,6,1,2,0.8696,35,1,1,1,0,RET003917,CUST03239
71,16,3,0.1875,0,0.0,6275.08,0.0,0,1,1,0,1124.6,1124.6,1.0,12,0,2,1.2676,2,0,1,1,1,RET003918,CUST03239
34,7,1,0.1429,0,0.0,6463.5,0.0,1,0,1,0,14170.7,14170.7,1.0,2,0,1,0.8824,26,1,1,1,0,RET003919,CUST03239
283,5,0,0.0,0,0.0,12925.18,0.0,0,0,0,0,16699.68,11197.25,0.6705,13,0,0,0.0,283,0,1,1,0,RET003920,CUST03240
267,1,0,0.0,0,0.0,1623.29,0.0,0,0,0,0,1623.29,767.67,0.4729,6,0,0,0.0,267,0,1,1,0,RET003921,CUST03242
349,3,1,0.3333,0,0.0,1332.82,0.0,0,0,0,0,890.94,821.66,0.9222,17,0,1,0.086,82,0,1,1,1,RET003922,CUST03242
51,7,2,0.2857,1,2664.25,6063.7,0.0628,0,1,1,0,3706.05,3706.05,1.0,11,0,2,1.1765,2,0,1,4,1,RET003923,CUST03243
49,7,1,0.1429,1,2664.25,6063.7,0.0628,0,0,0,0,6519.91,6519.91,1.0,13,0,1,0.6122,34,0,1,4,0,RET003924,CUST03243
56,8,3,0.375,2,9184.16,5763.36,0.1992,0,2,2,1,3661.01,3661.01,1.0,3,0,3,1.6071,5,0,1,4,1,RET003925,CUST03243
15,2,0,0.0,0,0.0,2971.9,0.0,0,0,0,0,2664.25,2664.25,1.0,6,0,0,0.0,15,0,1,4,0,RET003926,CUST03243
82,12,4,0.3333,2,9184.16,7283.74,0.1051,0,0,1,1,3622.7,3622.7,1.0,9,1,4,1.4634,26,0,1,4,1,RET003927,CUST03243
173,3,0,0.0,0,0.0,1127.69,0.0,0,0,0,0,2394.17,2394.17,1.0,28,0,0,0.0,173,1,1,1,0,RET003928,CUST03245
107,2,0,0.0,0,0.0,1144.86,0.0,0,0,0,0,1210.46,1210.46,1.0,20,0,0,0.0,107,0,1,1,0,RET003929,CUST03248
419,6,0,0.0,0,0.0,3361.13,0.0,0,0,0,0,2707.91,2707.91,1.0,3,0,0,0.0,419,0,1,1,0,RET003930,CUST03249
122,6,0,0.0,0,0.0,1640.65,0.0,0,0,0,0,1061.04,772.81,0.7284,25,0,0,0.0,122,0,1,1,0,RET003931,CUST03257
58,11,3,0.2727,2,12179.9,6557.65,0.1689,0,0,2,2,1310.12,557.34,0.4254,7,0,3,1.5517,14,0,1,1,1,RET003932,CUST03259
64,11,4,0.3636,3,12737.24,6557.65,0.1766,0,1,3,3,2516.12,2516.12,1.0,13,1,4,1.875,6,0,1,1,1,RET003933,CUST03259
10,1,0,0.0,0,0.0,26549.04,0.0,0,0,0,0,26549.04,21797.87,0.821,7,0,0,0.0,10,0,1,1,0,RET003934,CUST03259
43,7,1,0.1429,0,0.0,7706.94,0.0,0,0,0,0,1427.21,1427.21,1.0,6,0,1,0.6977,33,0,1,1,0,RET003935,CUST03259
44,7,2,0.2857,0,0.0,7706.94,0.0,0,1,1,0,10752.69,10752.69,1.0,9,0,2,1.3636,1,0,1,1,0,RET003936,CUST03259
463,6,0,0.0,0,0.0,1798.87,0.0,0,0,0,0,1574.37,1574.37,1.0,16,0,0,0.0,463,0,1,1,0,RET003937,CUST03260
253,6,0,0.0,0,0.0,1519.13,0.0,0,0,0,0,1708.47,1708.47,1.0,25,0,0,0.0,253,0,1,1,0,RET003938,CUST03261
326,4,0,0.0,0,0.0,2868.98,0.0,1,0,0,0,765.45,765.45,1.0,19,0,0,0.0,326,0,1,1,0,RET003939,CUST03262
151,4,0,0.0,0,0.0,1390.48,0.0,0,0,0,0,1741.52,1741.52,1.0,21,0,0,0.0,151,0,1,1,0,RET003940,CUST03263
143,6,0,0.0,0,0.0,2506.69,0.0,0,0,0,0,2598.49,2014.11,0.7751,25,0,0,0.0,143,0,1,1,1,RET003941,CUST03264
357,8,2,0.25,0,0.0,3386.43,0.0,0,0,0,0,3412.39,3412.39,1.0,14,0,2,0.1681,43,0,5,1,1,RET003942,CUST03265
314,5,1,0.2,0,0.0,4007.61,0.0,0,0,0,0,285.05,179.5,0.6297,9,0,1,0.0955,137,0,5,1,1,RET003943,CUST03265
177,2,0,0.0,0,0.0,1372.42,0.0,1,0,0,0,1801.56,1801.56,1.0,20,0,0,0.0,177,0,5,1,0,RET003944,CUST03265
77,5,1,0.2,1,986.31,2288.63,0.0862,0,0,1,1,1722.27,1116.86,0.6485,10,1,1,0.3896,17,0,5,1,0,RET003945,CUST03266
60,4,0,0.0,0,0.0,2430.22,0.0,0,0,0,0,2408.05,986.31,0.4096,13,0,0,0.0,60,0,5,1,0,RET003946,CUST03266
90,8,2,0.25,2,2103.17,5884.81,0.0447,0,0,2,2,5807.58,5807.58,1.0,6,2,1,0.6667,13,0,5,1,1,RET003947,CUST03266
136,10,3,0.3,2,2103.17,5054.64,0.0416,0,0,0,0,1626.01,1626.01,1.0,12,0,1,0.6618,46,0,5,1,1,RET003948,CUST03266
527,5,0,0.0,0,0.0,2325.07,0.0,0,0,0,0,4767.34,4767.34,1.0,7,0,0,0.0,527,1,1,1,0,RET003949,CUST03267
54,6,3,0.5,1,2490.78,9912.94,0.0419,0,0,1,1,4320.97,4320.97,1.0,2,1,3,1.6667,16,0,1,1,1,RET003950,CUST03268
60,8,4,0.5,1,2490.78,10523.82,0.0296,0,1,2,1,22279.51,22279.51,1.0,3,1,3,2.0,6,1,1,1,1,RET003951,CUST03268
17,2,0,0.0,0,0.0,3515.91,0.0,0,0,0,0,427.1,427.1,1.0,2,0,0,0.0,17,0,1,1,0,RET003952,CUST03268
38,5,2,0.4,0,0.0,11031.34,0.0,0,0,2,0,2490.78,2490.78,1.0,3,0,2,1.5789,17,0,1,1,0,RET003953,CUST03268
117,18,9,0.5,2,24770.29,10932.02,0.1259,1,1,3,0,5132.74,5132.74,1.0,11,2,6,2.3077,7,0,1,1,1,RET003954,CUST03268
86,10,5,0.5,2,24770.29,11659.69,0.2124,0,0,1,1,29784.12,21450.31,0.7202,10,0,3,1.7442,26,0,1,1,1,RET003955,CUST03268
106,16,7,0.4375,2,24770.29,11708.31,0.1322,1,1,2,0,24324.53,24324.53,1.0,7,0,4,1.9811,1,1,1,1,1,RET003956,CUST03268
110,17,8,0.4706,2,24770.29,11321.51,0.1287,0,2,3,0,3382.42,3382.42,1.0,5,0,5,2.1818,4,0,1,1,1,RET003957,CUST03268
21,3,1,0.3333,0,0.0,10922.32,0.0,0,1,1,0,6604.71,6604.71,1.0,10,0,1,1.4286,4,0,1,1,0,RET003958,CUST03268
105,15,6,0.4,2,24770.29,12263.37,0.1347,0,0,1,0,1481.34,1481.34,1.0,8,2,4,1.7143,19,0,1,1,1,RET003959,CUST03268
20,7,1,0.1429,0,0.0,7927.19,0.0,1,1,1,0,18196.73,18196.73,1.0,1,0,1,1.5,6,1,1,1,0,RET003960,CUST03270
14,5,0,0.0,0,0.0,7263.55,0.0,1,0,0,0,1386.48,1386.48,1.0,13,0,0,0.0,14,0,1,1,0,RET003961,CUST03270
27,8,2,0.25,2,18410.16,7082.22,0.3249,0,1,2,2,975.82,975.82,1.0,9,0,2,2.2222,7,0,1,1,1,RET003962,CUST03270
300,5,0,0.0,0,0.0,1837.8,0.0,0,0,0,0,308.87,308.87,1.0,29,0,0,0.0,300,0,1,1,0,RET003963,CUST03272
19,7,0,0.0,1,424.61,2312.02,0.0262,0,0,0,1,2672.49,2672.49,1.0,7,0,0,0.0,19,0,4,3,0,RET003964,CUST03275
27,9,1,0.1111,2,3097.1,2222.37,0.1548,1,0,1,2,834.54,834.54,1.0,14,0,1,1.1111,8,0,4,3,0,RET003965,CUST03275
45,15,2,0.1333,3,3931.64,6399.66,0.041,0,0,2,3,11162.28,11162.28,1.0,11,0,2,1.3333,18,0,4,3,1,RET003966,CUST03275
77,9,1,0.1111,1,1191.05,6535.36,0.0202,0,0,1,1,427.87,427.87,1.0,12,0,1,0.3896,16,0,1,1,0,RET003967,CUST03278
61,5,0,0.0,0,0.0,8611.95,0.0,0,0,0,0,1495.48,1495.48,1.0,14,0,0,0.0,61,0,1,1,0,RET003968,CUST03278
397,7,1,0.1429,0,0.0,4250.82,0.0,0,0,0,0,893.74,893.74,1.0,29,0,1,0.0756,127,0,1,1,0,RET003969,CUST03282
270,2,0,0.0,0,0.0,1350.56,0.0,0,0,0,0,1430.48,1430.48,1.0,23,0,0,0.0,270,0,1,1,0,RET003970,CUST03282
383,3,0,0.0,0,0.0,3616.37,0.0,0,0,0,0,1806.42,1806.42,1.0,2,0,0,0.0,383,0,1,4,1,RET003971,CUST03285
404,7,2,0.2857,1,1701.36,3379.55,0.0719,0,1,2,1,1115.82,1115.82,1.0,11,0,1,0.1485,4,0,1,4,1,RET003972,CUST03285
485,13,3,0.2308,2,2619.17,2649.82,0.076,1,0,0,0,1034.85,1034.85,1.0,1,0,2,0.1856,81,0,1,4,1,RET003973,CUST03285
400,7,1,0.1429,1,1701.36,3379.55,0.0719,0,0,1,1,2049.69,1660.49,0.8101,5,1,1,0.075,17,0,1,4,0,RET003974,CUST03285
506,16,5,0.3125,3,3654.02,3212.65,0.0711,1,1,2,1,1516.06,1516.06,1.0,1,1,4,0.2964,7,0,1,4,1,RET003975,CUST03285
499,15,4,0.2667,3,3654.02,3325.76,0.0732,1,0,1,1,112.5,112.5,1.0,13,0,3,0.2405,14,0,1,4,1,RET003976,CUST03285
215,1,0,0.0,0,0.0,1410.12,0.0,0,0,0,0,1410.12,1208.58,0.8571,18,0,0,0.0,215,0,1,1,0,RET003977,CUST03288
106,7,4,0.5714,1,1589.66,3974.83,0.0571,0,0,0,1,1478.85,1478.85,1.0,8,0,3,1.1321,33,0,1,3,1,RET003978,CUST03291
69,6,2,0.3333,0,0.0,4390.82,0.0,0,1,2,0,12497.53,12497.53,1.0,14,0,1,0.8696,7,1,1,3,1,RET003979,CUST03291
121,8,5,0.625,2,3068.51,3892.7,0.0985,1,0,1,1,3317.79,3317.79,1.0,1,0,4,1.2397,15,0,1,3,1,RET003980,CUST03291
62,5,1,0.2,0,0.0,4951.06,0.0,0,1,1,0,2728.31,2728.31,1.0,4,1,1,0.4839,1,0,1,3,0,RET003981,CUST03291
61,5,0,0.0,0,0.0,4951.06,0.0,0,0,0,0,2789.84,2789.84,1.0,12,0,0,0.0,61,0,1,3,0,RET003982,CUST03291
73,6,3,0.5,0,0.0,4390.82,0.0,0,1,3,0,1589.66,1589.66,1.0,7,0,2,1.2329,4,0,1,3,0,RET003983,CUST03291
76,1,0,0.0,0,0.0,23498.06,0.0,0,0,0,0,23498.06,23498.06,1.0,26,0,0,0.0,76,0,5,1,0,RET003984,CUST03292
357,2,0,0.0,0,0.0,2119.98,0.0,0,0,0,0,625.62,625.62,1.0,3,0,0,0.0,357,0,1,1,0,RET003985,CUST03295
362,3,0,0.0,0,0.0,2528.13,0.0,1,0,0,0,3358.41,3358.41,1.0,23,0,0,0.0,362,0,1,1,0,RET003986,CUST03298
212,3,0,0.0,0,0.0,932.96,0.0,0,0,0,0,1955.11,1698.67,0.8688,4,0,0,0.0,212,0,1,1,0,RET003987,CUST03300
313,2,0,0.0,0,0.0,14760.53,0.0,0,0,0,0,28063.6,28063.6,1.0,10,0,0,0.0,313,0,1,1,0,RET003988,CUST03301
88,7,1,0.1429,1,628.02,3944.48,0.0227,0,0,0,1,399.05,399.05,1.0,9,1,1,0.3409,34,0,1,4,0,RET003989,CUST03303
54,5,0,0.0,0,0.0,4718.33,0.0,0,0,0,0,1984.27,1151.67,0.5804,11,0,0,0.0,54,0,1,4,0,RET003990,CUST03303
125,9,3,0.3333,3,3037.51,3482.59,0.0969,0,0,1,2,1548.0,1201.12,0.7759,5,0,2,0.72,26,0,1,4,1,RET003991,CUST03303
99,7,2,0.2857,1,628.02,3944.48,0.0227,0,0,1,0,3620.63,2010.44,0.5553,13,0,1,0.6061,11,0,1,4,1,RET003992,CUST03303
203,5,0,0.0,0,0.0,2450.2,0.0,0,0,0,0,3346.83,3346.83,1.0,26,0,0,0.0,203,0,1,1,0,RET003993,CUST03305
405,7,0,0.0,0,0.0,5649.86,0.0,0,0,0,0,6071.78,6071.78,1.0,8,0,0,0.0,405,0,1,1,0,RET003994,CUST03307
106,4,0,0.0,0,0.0,2847.56,0.0,0,0,0,0,1702.59,1702.59,1.0,29,0,0,0.0,106,0,1,1,0,RET003995,CUST03308
67,7,1,0.1429,1,392.76,6581.32,0.0085,0,0,0,0,32838.05,32838.05,1.0,4,0,1,0.4478,47,1,2,1,0,RET003996,CUST03309
94,10,4,0.4,1,392.76,8110.31,0.0048,0,0,3,0,4211.92,4211.92,1.0,12,1,4,1.2766,20,0,2,1,1,RET003997,CUST03309
74,8,3,0.375,1,392.76,9292.39,0.0053,1,2,2,0,28269.92,28269.92,1.0,1,0,3,1.2162,7,1,2,1,1,RET003998,CUST03309
67,7,1,0.1429,1,392.76,6581.32,0.0085,0,0,0,0,358.32,358.32,1.0,6,0,1,0.4478,47,0,2,1,0,RET003999,CUST03309
99,11,5,0.4545,1,392.76,7525.81,0.0047,1,1,2,0,1680.82,1680.82,1.0,1,1,4,1.5152,5,0,2,1,1,RET004000,CUST03309
20,1,0,0.0,0,0.0,977.7,0.0,0,0,0,0,977.7,392.76,0.4017,14,0,0,0.0,20,0,2,1,0,RET004001,CUST03309
298,4,0,0.0,0,0.0,4754.42,0.0,1,0,0,0,5894.14,5573.39,0.9456,13,0,0,0.0,298,0,1,1,1,RET004002,CUST03313
308,5,2,0.4,0,0.0,3890.36,0.0,0,0,2,0,434.12,434.12,1.0,6,0,2,0.1948,8,0,1,1,0,RET004003,CUST03313
300,4,1,0.25,0,0.0,4754.42,0.0,0,1,1,0,3910.1,3910.1,1.0,3,0,1,0.1,2,0,1,1,0,RET004004,CUST03313
41,10,0,0.0,0,0.0,8815.58,0.0,1,0,0,0,11479.66,7974.04,0.6946,7,0,0,0.0,41,0,2,1,0,RET004005,CUST03314
64,17,3,0.1765,2,6791.01,10629.6,0.0376,0,0,3,2,8795.57,8795.57,1.0,13,1,2,1.4062,17,0,2,1,1,RET004006,CUST03314
47,12,2,0.1667,1,4058.42,7802.86,0.0433,0,2,2,1,13832.85,8782.31,0.6349,9,0,1,1.2766,4,0,2,1,1,RET004007,CUST03314
43,11,1,0.0909,0,0.0,8095.09,0.0,0,1,1,0,2732.59,2732.59,1.0,11,1,1,0.6977,2,0,2,1,1,RET004008,CUST03314
69,17,4,0.2353,2,6791.01,10629.6,0.0376,0,1,4,2,42988.59,42988.59,1.0,13,0,2,1.7391,5,1,2,1,1,RET004009,CUST03314
88,18,5,0.2778,4,56110.73,10191.89,0.3059,0,0,2,2,2750.84,2750.84,1.0,9,0,3,1.7045,19,0,2,1,1,RET004010,CUST03314
114,21,6,0.2857,4,56110.73,10161.24,0.263,0,0,1,0,1261.9,1261.9,1.0,6,2,4,1.5789,26,0,2,1,1,RET004011,CUST03314
334,8,0,0.0,0,0.0,6078.79,0.0,1,0,0,0,3277.12,3277.12,1.0,7,0,0,0.0,334,0,1,1,0,RET004012,CUST03316
383,2,0,0.0,0,0.0,4274.11,0.0,0,0,0,0,1396.01,1396.01,1.0,27,0,0,0.0,383,0,1,1,0,RET004013,CUST03317
71,6,1,0.1667,1,3284.18,3570.23,0.1533,0,0,1,1,3961.96,3961.96,1.0,4,0,1,0.4225,29,0,1,1,0,RET004014,CUST03319
42,3,0,0.0,0,0.0,2075.48,0.0,0,0,0,0,3284.18,3284.18,1.0,4,0,0,0.0,42,0,1,1,0,RET004015,CUST03319
113,11,2,0.1818,2,7246.14,4294.03,0.1534,1,0,0,0,2566.29,2566.29,1.0,1,0,2,0.531,42,0,1,1,1,RET004016,CUST03319
155,2,0,0.0,0,0.0,1465.68,0.0,0,0,0,0,1054.9,1054.9,1.0,9,0,0,0.0,155,0,1,1,0,RET004017,CUST03322
172,8,0,0.0,0,0.0,3314.2,0.0,0,0,0,0,4460.3,4460.3,1.0,19,0,0,0.0,172,0,1,1,0,RET004018,CUST03324
97,7,0,0.0,0,0.0,8872.94,0.0,0,0,0,0,27666.26,27666.26,1.0,6,0,0,0.0,97,1,1,1,0,RET004019,CUST03325
33,10,1,0.1,1,2921.8,9654.21,0.0303,0,0,1,1,1709.08,1709.08,1.0,11,0,1,0.9091,20,0,1,1,0,RET004020,CUST03329
13,5,0,0.0,0,0.0,7174.95,0.0,1,0,0,0,3264.59,2921.8,0.895,10,0,0,0.0,13,0,1,1,0,RET004021,CUST03329
109,4,0,0.0,0,0.0,4142.84,0.0,0,0,0,0,713.15,713.15,1.0,4,0,0,0.0,109,0,1,1,0,RET004022,CUST03331
239,2,0,0.0,0,0.0,1256.11,0.0,0,0,0,0,305.84,305.84,1.0,23,0,0,0.0,239,0,1,1,0,RET004023,CUST03332
360,6,1,0.1667,1,305.84,5722.93,0.0089,0,0,0,0,18542.27,18542.27,1.0,24,0,1,0.0833,121,1,1,1,0,RET004024,CUST03332
443,8,2,0.25,2,18848.11,5270.66,0.447,0,0,0,0,5458.1,4506.8,0.8257,10,0,2,0.1354,83,0,1,1,1,RET004025,CUST03332
106,4,0,0.0,0,0.0,2361.21,0.0,0,0,0,0,2707.28,2707.28,1.0,26,0,0,0.0,106,0,1,4,0,RET004026,CUST03334
20,8,4,0.5,1,1112.05,5090.3,0.0273,0,3,4,1,772.39,772.39,1.0,5,1,4,6.0,1,0,1,1,1,RET004027,CUST03335
21,8,5,0.625,1,1112.05,5090.3,0.0273,0,4,5,1,9686.01,9686.01,1.0,8,1,4,7.1429,1,0,1,1,1,RET004028,CUST03335
19,8,1,0.125,1,1112.05,5090.3,0.0273,0,0,1,1,1430.79,930.15,0.6501,3,0,1,1.5789,8,0,1,1,1,RET004029,CUST03335
19,8,1,0.125,1,1112.05,5090.3,0.0273,0,0,1,1,10854.18,10854.18,1.0,11,0,1,1.5789,8,1,1,1,0,RET004030,CUST03335
22,9,6,0.6667,1,1112.05,5350.46,0.0231,1,5,6,1,407.58,407.58,1.0,5,1,4,8.1818,1,0,1,1,1,RET004031,CUST03335
34,12,7,0.5833,3,2814.59,7220.12,0.0325,1,0,7,3,7431.7,7431.7,1.0,13,2,4,6.1765,12,0,1,1,0,RET004032,CUST03335
11,2,0,0.0,0,0.0,6139.89,0.0,0,0,0,0,1425.59,1425.59,1.0,3,0,0,0.0,11,0,1,1,0,RET004033,CUST03335
19,8,1,0.125,1,1112.05,5090.3,0.0273,0,0,1,1,2072.22,2072.22,1.0,4,0,1,1.5789,8,0,1,1,0,RET004034,CUST03335
34,1,0,0.0,0,0.0,2916.3,0.0,0,0,0,0,2916.3,2916.3,1.0,2,0,0,0.0,34,0,1,1,0,RET004035,CUST03339
40,11,3,0.2727,2,14048.96,8472.6,0.1507,1,1,3,2,26119.21,21289.97,0.8151,14,1,3,2.25,3,1,5,3,1,RET004036,CUST03340
43,11,4,0.3636,3,35338.93,8472.6,0.3792,0,2,4,3,4055.68,4055.68,1.0,9,2,3,2.7907,3,0,5,3,1,RET004037,CUST03340
29,8,1,0.125,1,11933.75,10645.05,0.1401,0,1,1,1,2115.21,2115.21,1.0,6,0,1,1.0345,7,0,5,3,0,RET004038,CUST03340
37,10,2,0.2,2,14048.96,9072.44,0.1549,0,0,2,2,29585.69,29585.69,1.0,10,0,2,1.6216,8,1,5,3,0,RET004039,CUST03340
22,3,0,0.0,0,0.0,5319.47,0.0,0,0,0,0,11933.75,11933.75,1.0,8,0,0,0.0,22,1,5,3,0,RET004040,CUST03340
50,11,5,0.4545,4,64924.62,8472.6,0.6966,0,1,5,4,2474.28,2474.28,1.0,11,0,3,3.0,7,0,5,3,1,RET004041,CUST03340
65,5,0,0.0,0,0.0,1720.64,0.0,0,0,0,0,2112.41,2112.41,1.0,3,0,0,0.0,65,0,1,1,0,RET004042,CUST03343
49,5,1,0.2,1,886.98,6969.47,0.0255,0,0,0,1,681.04,681.04,1.0,6,0,1,0.6122,31,0,1,1,0,RET004043,CUST03345
110,9,3,0.3333,1,886.98,6764.15,0.0146,0,0,0,0,16786.39,16786.39,1.0,13,1,2,0.8182,60,1,1,1,0,RET004044,CUST03345
50,5,2,0.4,1,886.98,6969.47,0.0255,0,1,1,1,1439.31,1439.31,1.0,10,1,2,1.2,1,0,1,1,0,RET004045,CUST03345
18,1,0,0.0,0,0.0,886.98,0.0,0,0,0,0,886.98,886.98,1.0,3,0,0,0.0,18,0,1,1,0,RET004046,CUST03345
383,6,0,0.0,0,0.0,5305.76,0.0,0,0,0,0,1783.15,1783.15,1.0,26,0,0,0.0,383,0,1,1,1,RET004047,CUST03349
21,2,0,0.0,0,0.0,14969.71,0.0,0,0,0,0,27760.08,27760.08,1.0,4,0,0,0.0,21,0,1,2,1,RET004048,CUST03350
40,8,4,0.5,2,28613.71,9545.34,0.3747,0,2,4,2,3998.42,3998.42,1.0,5,0,4,3.0,3,0,1,2,1,RET004049,CUST03350
30,5,1,0.2,1,27760.08,6541.38,0.8488,0,0,1,1,853.63,853.63,1.0,2,0,1,1.0,9,0,1,2,1,RET004050,CUST03350
37,8,3,0.375,2,28613.71,9545.34,0.3747,0,2,3,2,747.13,747.13,1.0,12,0,3,2.4324,2,0,1,2,1,RET004051,CUST03350
35,7,2,0.2857,2,28613.71,10337.76,0.3954,0,1,2,2,1166.72,1166.72,1.0,9,0,2,1.7143,5,0,1,2,1,RET004052,CUST03350
264,3,0,0.0,0,0.0,1358.84,0.0,0,0,0,0,874.17,874.17,1.0,19,0,0,0.0,264,0,4,1,0,RET004053,CUST03351
360,5,0,0.0,0,0.0,2240.89,0.0,0,0,0,0,2414.91,2414.91,1.0,9,0,0,0.0,360,0,1,1,0,RET004054,CUST03354
48,6,0,0.0,0,0.0,6034.41,0.0,1,0,0,0,14023.28,6550.27,0.4671,13,0,0,0.0,48,0,1,1,0,RET004055,CUST03355
62,12,1,0.0833,2,17437.04,9544.84,0.1522,0,0,1,2,1386.12,1386.12,1.0,8,0,1,0.4839,14,0,1,1,1,RET004056,CUST03355
65,12,2,0.1667,2,17437.04,9544.84,0.1522,0,1,2,2,1299.69,1299.69,1.0,9,1,2,0.9231,3,0,1,1,0,RET004057,CUST03355
114,14,3,0.2143,2,2724.28,3460.96,0.0562,1,0,2,2,7441.27,7441.27,1.0,6,1,3,0.7895,10,1,5,3,1,RET004058,CUST03356
128,19,7,0.3684,5,9984.87,4642.52,0.1132,0,1,5,5,1977.04,1411.64,0.714,13,0,5,1.6406,6,0,5,3,1,RET004059,CUST03356
117,18,5,0.2778,2,2724.28,4705.61,0.0322,0,2,4,2,1960.41,1695.45,0.8648,4,1,4,1.2821,3,0,5,3,1,RET004060,CUST03356
92,4,1,0.25,0,0.0,3315.63,0.0,0,0,0,0,577.33,577.33,1.0,2,0,1,0.3261,87,0,5,3,1,RET004061,CUST03356
122,18,6,0.3333,3,7771.41,4705.61,0.0918,0,1,5,3,9232.24,9232.24,1.0,14,0,4,1.4754,5,0,5,3,1,RET004062,CUST03356
129,19,8,0.4211,5,9984.87,4642.52,0.1132,0,2,6,5,3506.93,3506.93,1.0,7,1,6,1.8605,1,0,5,3,1,RET004063,CUST03356
104,6,2,0.3333,1,577.33,2732.74,0.0352,1,0,1,1,2463.95,2315.71,0.9398,7,0,2,0.5769,12,0,5,3,1,RET004064,CUST03356
114,14,3,0.2143,2,2724.28,3460.96,0.0562,1,0,2,2,518.01,518.01,1.0,6,0,3,0.7895,10,0,5,3,1,RET004065,CUST03356
141,21,9,0.4286,5,9984.87,4952.53,0.096,0,0,6,3,14168.54,13060.2,0.9218,6,2,6,1.9149,12,1,5,3,1,RET004066,CUST03356
5,1,0,0.0,0,0.0,2321.75,0.0,1,0,0,0,2321.75,998.21,0.4299,1,0,0,0.0,5,0,5,3,0,RET004067,CUST03356
173,7,0,0.0,0,0.0,4307.33,0.0,0,0,0,0,12514.4,12514.4,1.0,25,0,0,0.0,173,1,1,1,0,RET004068,CUST03360
57,12,3,0.25,2,25200.69,7225.13,0.2907,0,1,3,2,1728.68,1728.68,1.0,6,0,2,1.5789,1,0,5,1,1,RET004069,CUST03363
58,12,4,0.3333,2,25200.69,7225.13,0.2907,0,2,4,2,2399.08,2399.08,1.0,12,0,3,2.069,1,0,5,1,1,RET004070,CUST03363
56,12,2,0.1667,2,25200.69,7225.13,0.2907,0,0,2,2,1111.27,1111.27,1.0,11,0,1,1.0714,15,0,5,1,1,RET004071,CUST03363
41,5,1,0.2,0,0.0,10642.02,0.0,0,1,1,0,23572.48,23572.48,1.0,6,1,1,0.7317,2,1,5,1,0,RET004072,CUST03363
39,5,0,0.0,0,0.0,10642.02,0.0,1,0,0,0,1628.21,1628.21,1.0,6,0,0,0.0,39,0,5,1,0,RET004073,CUST03363
191,8,0,0.0,0,0.0,1814.41,0.0,0,0,0,0,581.95,581.95,1.0,23,0,0,0.0,191,0,1,1,0,RET004074,CUST03366
67,10,1,0.1,0,0.0,3518.44,0.0,1,1,1,0,1638.5,1638.5,1.0,12,0,1,0.4478,5,0,1,1,0,RET004075,CUST03370
73,10,2,0.2,1,693.41,3518.44,0.0197,0,1,2,1,4000.0,4000.0,1.0,14,1,2,0.8219,6,0,1,1,0,RET004076,CUST03370
62,9,0,0.0,0,0.0,3418.66,0.0,0,0,0,0,693.41,693.41,1.0,14,0,0,0.0,62,0,1,1,0,RET004077,CUST03370
83,14,3,0.2143,1,693.41,4029.89,0.0123,0,0,3,1,16051.03,16051.03,1.0,5,0,2,1.0843,10,1,1,1,0,RET004078,CUST03370
233,6,2,0.3333,2,17931.22,4618.1,0.6471,0,0,1,1,3047.89,2496.3,0.819,9,1,2,0.2575,12,0,5,1,0,RET004079,CUST03371
86,1,0,0.0,0,0.0,1738.76,0.0,0,0,0,0,1738.76,1738.76,1.0,25,0,0,0.0,86,0,5,1,0,RET004080,CUST03371
221,5,1,0.2,1,1738.76,4932.14,0.0705,0,0,0,0,16192.46,16192.46,1.0,3,0,1,0.1357,135,1,5,1,0,RET004081,CUST03371
132,5,0,0.0,0,0.0,2318.06,0.0,0,0,0,0,709.83,709.83,1.0,20,0,0,0.0,132,0,1,1,0,RET004082,CUST03372
255,11,3,0.2727,2,6500.7,9951.6,0.0594,0,1,2,1,23979.07,23979.07,1.0,9,0,2,0.3529,1,1,1,1,1,RET004083,CUST03373
244,6,1,0.1667,1,1171.77,7919.53,0.0247,0,0,1,1,5328.93,5328.93,1.0,9,0,1,0.123,30,0,1,1,0,RET004084,CUST03373
258,11,4,0.3636,2,6500.7,9951.6,0.0594,0,2,3,1,14846.84,14846.84,1.0,12,2,3,0.4651,3,0,1,1,1,RET004085,CUST03373
254,11,2,0.1818,2,6500.7,9951.6,0.0594,0,0,1,1,1351.24,1351.24,1.0,14,1,2,0.2362,10,0,1,1,0,RET004086,CUST03373
214,1,0,0.0,0,0.0,1301.94,0.0,0,0,0,0,1301.94,1171.77,0.9,4,0,0,0.0,214,0,1,1,0,RET004087,CUST03373
182,5,0,0.0,0,0.0,1699.01,0.0,0,0,0,0,2140.16,2140.16,1.0,11,0,0,0.0,182,0,1,1,0,RET004088,CUST03374
62,14,4,0.2857,2,2608.11,5378.45,0.0346,0,0,3,2,2023.76,2023.76,1.0,13,1,3,1.9355,10,0,1,2,1,RET004089,CUST03378
34,8,1,0.125,0,0.0,6503.94,0.0,0,1,1,0,608.02,608.02,1.0,6,0,1,0.8824,3,0,1,2,0,RET004090,CUST03378
84,18,5,0.2778,3,4631.87,7496.39,0.0343,1,0,1,2,1211.45,1211.45,1.0,13,0,3,1.7857,22,0,1,2,1,RET004091,CUST03378
52,13,3,0.2308,1,608.02,5475.05,0.0085,0,1,3,1,2000.09,2000.09,1.0,3,1,3,1.7308,4,0,1,2,1,RET004092,CUST03378
31,8,0,0.0,0,0.0,6503.94,0.0,1,0,0,0,13401.11,13401.11,1.0,9,0,0,0.0,31,1,1,2,0,RET004093,CUST03378
94,18,6,0.3333,4,5843.32,7496.39,0.0433,0,0,1,2,1428.77,1428.77,1.0,11,0,4,1.9149,10,0,1,2,1,RET004094,CUST03378
48,10,2,0.2,1,608.02,6594.13,0.0092,1,0,2,1,2331.0,2331.0,1.0,1,0,2,1.25,14,0,1,2,0,RET004095,CUST03378
114,4,0,0.0,0,0.0,2101.39,0.0,0,0,0,0,1132.66,1132.66,1.0,19,0,0,0.0,114,0,1,1,1,RET004096,CUST03379
413,13,5,0.3846,3,21954.77,6292.83,0.2684,0,1,1,0,2686.44,2686.44,1.0,4,0,3,0.3632,1,0,4,4,1,RET004097,CUST03380
418,15,8,0.5333,4,24006.6,7151.99,0.2238,0,4,4,1,1413.45,1413.45,1.0,11,1,5,0.5742,1,0,4,4,1,RET004098,CUST03380
412,13,4,0.3077,3,21954.77,6292.83,0.2684,0,0,0,0,2883.56,2051.83,0.7116,7,1,3,0.2913,59,0,4,4,1,RET004099,CUST03380
422,17,9,0.5294,6,28106.49,6597.01,0.2506,0,3,5,3,5096.06,5096.06,1.0,13,2,5,0.6398,4,0,4,4,1,RET004100,CUST03380
417,15,6,0.4,4,24006.6,7151.99,0.2238,2,2,2,1,1252.58,1020.51,0.8147,10,1,4,0.4317,4,0,4,4,1,RET004101,CUST03380
423,17,10,0.5882,6,28106.49,6597.01,0.2506,0,4,6,3,2180.48,1123.74,0.5154,7,2,5,0.7092,1,0,4,4,1,RET004102,CUST03380
417,15,6,0.4,4,24006.6,7151.99,0.2238,2,2,2,1,23292.6,13747.14,0.5902,1,0,4,0.4317,4,0,4,4,0,RET004103,CUST03380
291,4,1,0.25,1,2114.62,11915.21,0.0444,0,0,1,1,23130.87,23130.87,1.0,14,0,1,0.1031,26,0,4,4,1,RET004104,CUST03380
294,4,2,0.5,1,2114.62,11915.21,0.0444,0,1,2,1,18624.57,18624.57,1.0,12,1,2,0.2041,3,0,4,4,1,RET004105,CUST03380
353,5,3,0.6,2,20739.19,9841.7,0.4215,0,0,0,0,1547.66,1547.66,1.0,8,0,2,0.255,59,0,4,4,1,RET004106,CUST03380
265,2,0,0.0,0,0.0,2952.7,0.0,0,0,0,0,2114.62,2114.62,1.0,4,0,0,0.0,265,0,4,4,0,RET004107,CUST03380
321,6,0,0.0,0,0.0,1983.26,0.0,0,0,0,0,1421.14,866.47,0.6097,30,0,0,0.0,321,0,1,1,0,RET004108,CUST03381
46,8,3,0.375,3,21115.66,7112.87,0.3711,0,1,2,3,3125.02,2363.28,0.7562,10,0,3,1.9565,7,0,5,1,1,RET004109,CUST03382
38,7,1,0.1429,1,1713.41,5503.74,0.0445,0,0,1,1,4486.13,4486.13,1.0,10,0,1,0.7895,28,0,5,1,0,RET004110,CUST03382
39,8,2,0.25,1,1713.41,7112.87,0.0301,1,1,2,1,17603.5,14916.12,0.8473,7,0,2,1.5385,1,1,5,1,1,RET004111,CUST03382
10,1,0,0.0,0,0.0,1807.6,0.0,0,0,0,0,1807.6,1713.41,0.9479,8,0,0,0.0,10,0,5,1,0,RET004112,CUST03382
85,11,4,0.3636,3,21115.66,5680.58,0.3379,1,0,0,0,841.95,841.95,1.0,1,0,4,1.4118,39,0,5,1,1,RET004113,CUST03382
90,11,5,0.4545,3,21115.66,5680.58,0.3379,0,1,1,0,3476.6,3476.6,1.0,10,0,5,1.6667,5,0,5,1,1,RET004114,CUST03382
77,5,0,0.0,0,0.0,9539.49,0.0,0,0,0,0,4554.4,4554.4,1.0,11,0,0,0.0,77,0,1,3,0,RET004115,CUST03385
122,6,1,0.1667,0,0.0,12144.16,0.0,0,0,0,0,25167.51,15047.09,0.5979,9,0,1,0.2459,45,0,1,3,0,RET004116,CUST03385
262,5,0,0.0,0,0.0,6763.85,0.0,0,0,0,0,1026.14,1026.14,1.0,18,0,0,0.0,262,0,1,1,0,RET004117,CUST03386
177,1,0,0.0,0,0.0,755.97,0.0,0,0,0,0,755.97,755.97,1.0,23,0,0,0.0,177,0,1,4,0,RET004118,CUST03387
303,1,0,0.0,0,0.0,2779.62,0.0,0,0,0,0,2779.62,2779.62,1.0,13,0,0,0.0,303,0,1,1,0,RET004119,CUST03389
344,1,0,0.0,0,0.0,2505.29,0.0,0,0,0,0,2505.29,2505.29,1.0,30,0,0,0.0,344,0,1,1,0,RET004120,CUST03390
194,2,0,0.0,0,0.0,13015.88,0.0,0,0,0,0,1377.27,768.9,0.5583,15,0,0,0.0,194,0,1,1,0,RET004121,CUST03391
253,5,1,0.2,1,401.91,6466.78,0.0124,0,0,0,0,870.58,799.23,0.918,3,0,1,0.1186,59,0,1,1,0,RET004122,CUST03391
279,7,2,0.2857,2,1201.14,7625.31,0.0225,0,0,1,1,2017.79,2017.79,1.0,20,0,2,0.2151,26,0,1,1,0,RET004123,CUST03391
101,6,0,0.0,0,0.0,5354.03,0.0,0,0,0,0,3813.94,3813.94,1.0,15,0,0,0.0,101,0,1,1,0,RET004124,CUST03392
29,5,0,0.0,0,0.0,2324.59,0.0,0,0,0,0,1136.1,1136.1,1.0,8,0,0,0.0,29,0,5,3,0,RET004125,CUST03393
30,5,1,0.2,0,0.0,2324.59,0.0,0,1,1,0,992.09,992.09,1.0,15,1,1,1.0,1,0,5,3,0,RET004126,CUST03393
305,7,0,0.0,0,0.0,10024.35,0.0,0,0,0,0,7961.25,7961.25,1.0,7,0,0,0.0,305,0,4,1,0,RET004127,CUST03394
33,2,0,0.0,0,0.0,3814.64,0.0,0,0,0,0,4390.27,2932.63,0.668,11,0,0,0.0,33,0,1,1,0,RET004128,CUST03396
169,3,0,0.0,0,0.0,2912.18,0.0,0,0,0,0,2098.96,2098.96,1.0,9,0,0,0.0,169,0,1,1,0,RET004129,CUST03397
124,1,0,0.0,0,0.0,12631.23,0.0,0,0,0,0,12631.23,12631.23,1.0,8,0,0,0.0,124,0,1,1,0,RET004130,CUST03399
70,6,0,0.0,0,0.0,4719.78,0.0,0,0,0,0,2112.69,885.99,0.4194,13,0,0,0.0,70,0,1,1,0,RET004131,CUST03401
314,4,0,0.0,0,0.0,2650.27,0.0,0,0,0,0,1320.97,555.22,0.4203,24,0,0,0.0,314,0,4,1,0,RET004132,CUST03402
215,7,1,0.1429,0,0.0,2477.71,0.0,0,1,1,0,927.71,927.71,1.0,23,1,1,0.1395,4,0,1,1,0,RET004133,CUST03404
211,7,0,0.0,0,0.0,2477.71,0.0,0,0,0,0,2591.15,2591.15,1.0,13,0,0,0.0,211,0,1,1,0,RET004134,CUST03404
445,6,0,0.0,0,0.0,1484.87,0.0,0,0,0,0,1268.16,761.8,0.6007,8,0,0,0.0,445,0,1,1,0,RET004135,CUST03405
244,7,0,0.0,0,0.0,11949.09,0.0,0,0,0,0,17953.53,17953.53,1.0,28,0,0,0.0,244,0,5,1,0,RET004136,CUST03407
124,4,0,0.0,0,0.0,1926.55,0.0,0,0,0,0,742.67,742.67,1.0,30,0,0,0.0,124,0,1,2,0,RET004137,CUST03412
268,2,0,0.0,0,0.0,1583.97,0.0,0,0,0,0,887.53,887.53,1.0,5,0,0,0.0,268,0,1,1,0,RET004138,CUST03420
23,15,4,0.2667,2,18683.73,7896.17,0.1577,0,2,4,2,5918.01,5918.01,1.0,9,0,3,5.2174,1,0,3,1,1,RET004139,CUST03421
22,15,3,0.2,2,18683.73,7896.17,0.1577,0,1,3,2,14501.31,14501.31,1.0,8,1,3,4.0909,3,0,3,1,1,RET004140,CUST03421
19,15,2,0.1333,2,18683.73,7896.17,0.1577,0,0,2,2,2209.87,2209.87,1.0,11,0,2,3.1579,10,0,3,1,1,RET004141,CUST03421
24,15,5,0.3333,2,18683.73,7896.17,0.1577,0,3,5,2,2325.1,2325.1,1.0,14,2,4,6.25,1,0,3,1,1,RET004142,CUST03421
9,7,1,0.1429,0,0.0,8188.29,0.0,1,1,1,0,19691.92,13619.48,0.6916,7,0,1,3.3333,6,0,3,1,0,RET004143,CUST03421
3,4,0,0.0,0,0.0,7181.02,0.0,2,0,0,0,5064.25,5064.25,1.0,1,0,0,0.0,3,0,3,1,0,RET004144,CUST03421
162,2,0,0.0,0,0.0,713.72,0.0,0,0,0,0,886.74,886.74,1.0,16,0,0,0.0,162,0,1,1,0,RET004145,CUST03427
209,2,0,0.0,0,0.0,4311.45,0.0,0,0,0,0,7172.99,6229.58,0.8685,2,0,0,0.0,209,0,1,1,0,RET004146,CUST03429
288,6,0,0.0,0,0.0,1837.16,0.0,0,0,0,0,849.05,849.05,1.0,23,0,0,0.0,288,0,1,1,0,RET004147,CUST03431
69,9,0,0.0,0,0.0,8162.79,0.0,0,0,0,0,917.5,917.5,1.0,5,0,0,0.0,69,0,1,1,0,RET004148,CUST03432
74,10,1,0.1,0,0.0,7467.35,0.0,1,1,1,0,6237.59,6237.59,1.0,11,1,1,0.4054,5,0,1,1,0,RET004149,CUST03432
99,8,1,0.125,1,1672.87,3899.05,0.0536,0,0,1,1,1190.92,711.3,0.5973,28,0,1,0.303,16,0,1,1,0,RET004150,CUST03433
83,8,0,0.0,0,0.0,3899.05,0.0,0,0,0,0,1672.87,1672.87,1.0,27,0,0,0.0,83,0,1,1,0,RET004151,CUST03433
44,2,0,0.0,0,0.0,3630.48,0.0,0,0,0,0,1704.24,1704.24,1.0,14,0,0,0.0,44,0,1,1,0,RET004152,CUST03435
354,5,1,0.2,1,452.03,4579.22,0.0197,0,0,0,0,1395.09,1395.09,1.0,29,1,1,0.0847,78,0,1,1,0,RET004153,CUST03437
276,2,0,0.0,0,0.0,2700.55,0.0,0,0,0,0,715.04,715.04,1.0,4,0,0,0.0,276,0,1,1,0,RET004154,CUST03437
406,4,0,0.0,0,0.0,4354.55,0.0,0,0,0,0,952.2,952.2,1.0,25,0,0,0.0,406,0,1,1,0,RET004155,CUST03442
424,6,1,0.1667,1,657.01,3518.87,0.0311,0,0,1,1,924.45,924.45,1.0,2,0,1,0.0708,18,0,1,1,0,RET004156,CUST03442
52,11,3,0.2727,1,1319.87,5457.8,0.022,0,2,2,1,7825.62,7825.62,1.0,14,1,3,1.7308,2,0,1,2,1,RET004157,CUST03448
54,11,4,0.3636,1,1319.87,5457.8,0.022,0,3,3,1,3135.77,1334.35,0.4255,5,2,3,2.2222,2,0,1,2,1,RET004158,CUST03448
54,11,4,0.3636,1,1319.87,5457.8,0.022,0,3,3,1,875.4,875.4,1.0,4,0,3,2.2222,2,0,1,2,1,RET004159,CUST03448
50,10,2,0.2,0,0.0,5916.04,0.0,1,1,2,0,1319.87,1319.87,1.0,3,0,2,1.2,2,0,1,2,0,RET004160,CUST03448
48,9,1,0.1111,0,0.0,6224.95,0.0,1,0,1,0,1094.62,1094.62,1.0,9,0,1,0.625,28,0,1,2,0,RET004161,CUST03448
20,1,0,0.0,0,0.0,2417.76,0.0,0,0,0,0,2417.76,2417.76,1.0,12,0,0,0.0,20,0,1,2,0,RET004162,CUST03448
25,10,2,0.2,0,0.0,11561.14,0.0,0,2,2,0,3025.45,3025.45,1.0,12,0,2,2.4,6,0,5,4,0,RET004163,CUST03451
19,10,0,0.0,0,0.0,11561.14,0.0,0,0,0,0,11942.27,11942.27,1.0,7,0,0,0.0,19,0,5,4,0,RET004164,CUST03451
26,10,3,0.3,0,0.0,11561.14,0.0,0,3,3,0,38812.87,38812.87,1.0,14,0,3,3.4615,1,1,5,4,1,RET004165,CUST03451
19,10,0,0.0,0,0.0,11561.14,0.0,0,0,0,0,2045.35,957.63,0.4682,12,0,0,0.0,19,0,5,4,0,RET004166,CUST03451
32,13,4,0.3077,3,48891.07,9254.8,0.4064,0,2,4,3,1534.52,964.3,0.6284,2,1,4,3.75,6,0,5,4,1,RET004167,CUST03451
164,2,0,0.0,0,0.0,4111.83,0.0,0,0,0,0,223.66,95.83,0.4285,27,0,0,0.0,164,0,1,1,0,RET004168,CUST03454
129,1,0,0.0,0,0.0,3410.53,0.0,0,0,0,0,3410.53,3410.53,1.0,29,0,0,0.0,129,0,1,1,0,RET004169,CUST03460
80,2,0,0.0,0,0.0,1543.34,0.0,0,0,0,0,618.42,618.42,1.0,13,0,0,0.0,80,0,1,1,0,RET004170,CUST03465
312,5,0,0.0,0,0.0,2101.86,0.0,0,0,0,0,7679.9,7679.9,1.0,4,0,0,0.0,312,1,1,3,0,RET004171,CUST03466
501,6,0,0.0,0,0.0,2401.77,0.0,0,0,0,0,1779.97,1779.97,1.0,10,0,0,0.0,501,0,1,1,0,RET004172,CUST03467
6,3,0,0.0,0,0.0,10104.14,0.0,0,0,0,0,3391.39,3391.39,1.0,3,0,0,0.0,6,0,1,1,0,RET004173,CUST03468
122,10,2,0.2,2,23667.54,8881.57,0.2665,0,0,1,1,1656.01,1656.01,1.0,4,0,2,0.4918,11,0,1,1,0,RET004174,CUST03468
123,10,3,0.3,2,23667.54,8881.57,0.2665,0,1,2,1,1620.44,1127.53,0.6958,4,0,3,0.7317,1,0,1,1,0,RET004175,CUST03468
111,8,1,0.125,1,3391.39,10692.41,0.0396,0,0,0,0,31638.45,31638.45,1.0,8,0,1,0.2703,105,1,1,1,0,RET004176,CUST03468
398,17,7,0.4118,5,18685.48,5357.91,0.2051,0,0,1,1,17310.68,7459.62,0.4309,12,1,6,0.5276,13,0,1,1,1,RET004177,CUST03469
455,18,8,0.4444,5,18685.48,6583.38,0.1577,0,0,0,0,27416.34,27416.34,1.0,10,1,6,0.5275,57,1,1,1,1,RET004178,CUST03469
247,3,1,0.3333,0,0.0,2931.52,0.0,0,1,1,0,4143.87,4143.87,1.0,14,0,1,0.1215,4,0,1,1,0,RET004179,CUST03469
385,14,6,0.4286,4,17541.56,4825.99,0.2596,0,0,1,0,1143.92,1143.92,1.0,10,0,5,0.4675,29,0,1,1,1,RET004180,CUST03469
243,3,0,0.0,0,0.0,2931.52,0.0,0,0,0,0,1552.6,1053.57,0.6786,7,0,0,0.0,243,0,1,1,0,RET004181,CUST03469
322,10,4,0.4,3,6267.49,4201.25,0.1492,0,0,2,1,11274.07,11274.07,1.0,7,0,4,0.3727,11,1,1,1,1,RET004182,CUST03469
307,8,2,0.25,2,5197.44,3501.78,0.1855,1,0,0,0,4679.69,4679.69,1.0,5,0,2,0.1954,60,0,1,1,0,RET004183,CUST03469
311,8,3,0.375,2,5197.44,3501.78,0.1855,0,1,1,0,2129.21,2129.21,1.0,12,0,3,0.2894,4,0,1,1,1,RET004184,CUST03469
356,13,5,0.3846,4,17541.56,5109.22,0.2641,0,0,0,0,22204.77,22204.77,1.0,12,1,5,0.4213,34,1,1,1,1,RET004185,CUST03469
106,5,2,0.4,0,0.0,5817.21,0.0,0,0,0,0,2134.39,2134.39,1.0,8,0,1,0.566,69,0,5,1,1,RET004186,CUST03471
37,2,1,0.5,0,0.0,11693.28,0.0,0,1,1,0,20012.1,20012.1,1.0,9,1,1,0.8108,2,0,5,1,1,RET004187,CUST03471
126,9,4,0.4444,1,2134.39,4124.63,0.0575,0,1,2,1,1133.46,1133.46,1.0,13,2,3,0.9524,2,0,5,1,1,RET004188,CUST03471
124,9,3,0.3333,1,2134.39,4124.63,0.0575,1,0,1,1,2813.69,2813.69,1.0,1,0,2,0.7258,18,0,5,1,1,RET004189,CUST03471
35,2,0,0.0,0,0.0,11693.28,0.0,0,0,0,0,3374.47,3374.47,1.0,5,0,0,0.0,35,0,5,1,0,RET004190,CUST03471
55,8,1,0.125,0,0.0,2394.02,0.0,0,0,0,0,971.15,971.15,1.0,3,0,1,0.5455,47,0,5,1,0,RET004191,CUST03472
73,15,5,0.3333,1,608.28,4935.57,0.0082,0,1,4,1,2338.68,2338.68,1.0,6,2,4,2.0548,4,0,5,1,1,RET004192,CUST03472
8,1,0,0.0,0,0.0,1323.32,0.0,0,0,0,0,1323.32,1323.32,1.0,5,0,0,0.0,8,0,5,1,0,RET004193,CUST03472
65,13,3,0.2308,0,0.0,4906.23,0.0,0,1,2,0,23465.45,22194.93,0.9459,2,0,2,1.3846,1,1,5,1,1,RET004194,CUST03472
69,15,4,0.2667,0,0.0,4935.57,0.0,0,2,3,0,7913.99,7913.99,1.0,4,0,3,1.7391,4,0,5,1,1,RET004195,CUST03472
64,13,2,0.1538,0,0.0,4906.23,0.0,1,0,1,0,593.92,593.92,1.0,8,1,2,0.9375,9,0,5,1,1,RET004196,CUST03472
260,9,0,0.0,0,0.0,2359.53,0.0,1,0,0,0,5991.14,5991.14,1.0,12,0,0,0.0,260,1,1,1,0,RET004197,CUST03473
36,3,0,0.0,0,0.0,2252.27,0.0,0,0,0,0,1543.45,1543.45,1.0,17,0,0,0.0,36,0,1,1,0,RET004198,CUST03475
159,7,3,0.4286,3,4205.65,1525.5,0.3938,0,0,0,0,427.61,427.61,1.0,13,1,3,0.566,69,0,1,1,1,RET004199,CUST03475
220,9,4,0.4444,4,4633.26,3004.99,0.1713,0,0,0,0,14182.78,8725.12,0.6152,3,0,3,0.5455,61,1,1,1,1,RET004200,CUST03475
90,5,2,0.4,2,2534.24,1883.8,0.2691,0,0,1,1,1671.41,1671.41,1.0,19,0,2,0.6667,24,0,1,1,0,RET004201,CUST03475
66,4,1,0.25,1,1543.45,1936.9,0.1992,0,0,1,1,990.79,990.79,1.0,17,0,1,0.4545,30,0,1,1,0,RET004202,CUST03475
217,7,0,0.0,0,0.0,4178.89,0.0,0,0,0,0,14714.7,8101.29,0.5506,15,0,0,0.0,217,0,1,1,0,RET004203,CUST03479
408,16,5,0.3125,3,4745.15,2304.71,0.1287,0,1,1,0,2129.42,2129.42,1.0,4,1,5,0.3676,7,0,5,1,1,RET004204,CUST03481
258,7,2,0.2857,1,2042.46,3003.49,0.0971,0,0,1,0,2247.93,2247.93,1.0,10,0,2,0.2326,18,0,5,1,1,RET004205,CUST03481
316,9,3,0.3333,2,4290.39,2668.6,0.1786,0,0,0,0,740.07,454.76,0.6145,8,0,3,0.2848,58,0,5,1,1,RET004206,CUST03481
240,5,1,0.2,1,2042.46,3409.17,0.1198,0,0,0,1,1775.41,1775.41,1.0,14,0,1,0.125,32,0,5,1,0,RET004207,CUST03481
401,15,4,0.2667,3,4745.15,2316.4,0.1366,0,0,0,0,1598.9,1393.24,0.8714,9,0,4,0.2993,85,0,5,1,1,RET004208,CUST03481
208,3,0,0.0,0,0.0,3757.98,0.0,0,0,0,0,2042.46,2042.46,1.0,11,0,0,0.0,208,0,5,1,0,RET004209,CUST03481
394,3,0,0.0,0,0.0,8410.68,0.0,0,0,0,0,2224.12,2224.12,1.0,29,0,0,0.0,394,0,1,1,0,RET004210,CUST03487
35,7,1,0.1429,0,0.0,5847.83,0.0,1,1,1,0,1305.67,1055.84,0.8087,1,0,1,0.8571,6,0,4,1,0,RET004211,CUST03491
46,7,3,0.4286,1,11747.95,5847.83,0.287,0,0,3,1,2561.16,2561.16,1.0,13,1,3,1.9565,10,0,4,1,1,RET004212,CUST03491
36,7,2,0.2857,0,0.0,5847.83,0.0,0,2,2,0,3265.7,3265.7,1.0,12,0,2,1.6667,1,0,4,1,1,RET004213,CUST03491
93,9,4,0.4444,2,12803.79,4939.99,0.288,0,0,0,0,1755.92,1183.88,0.6742,11,0,3,1.2903,47,0,4,1,1,RET004214,CUST03491
29,3,0,0.0,0,0.0,8065.7,0.0,0,0,0,0,11747.95,11747.95,1.0,3,0,0,0.0,29,0,4,1,0,RET004215,CUST03491
309,6,0,0.0,0,0.0,5442.45,0.0,0,0,0,0,26749.17,26749.17,1.0,13,0,0,0.0,309,1,1,1,0,RET004216,CUST03494
26,10,0,0.0,0,0.0,5676.92,0.0,0,0,0,0,2002.65,2002.65,1.0,4,0,0,0.0,26,0,1,1,0,RET004217,CUST03495
28,11,2,0.1818,0,0.0,6179.88,0.0,1,2,2,0,11209.42,11209.42,1.0,1,1,2,2.1429,2,0,1,1,1,RET004218,CUST03495
28,11,2,0.1818,0,0.0,6179.88,0.0,1,2,2,0,2940.04,2940.04,1.0,9,0,2,2.1429,2,0,1,1,1,RET004219,CUST03495
49,15,7,0.4667,3,15163.24,4981.47,0.2029,0,0,7,3,2998.05,2998.05,1.0,13,1,4,4.2857,8,0,1,1,1,RET004220,CUST03495
35,13,5,0.3846,3,15163.24,5461.43,0.2136,0,3,5,3,2577.61,2577.61,1.0,14,2,4,4.2857,4,0,1,1,1,RET004221,CUST03495
31,11,4,0.3636,1,2940.04,6179.88,0.0432,0,4,4,1,2117.26,2117.26,1.0,13,0,3,3.871,3,0,1,1,1,RET004222,CUST03495
26,10,0,0.0,0,0.0,5676.92,0.0,0,0,0,0,35231.32,35231.32,1.0,10,0,0,0.0,26,1,1,1,0,RET004223,CUST03495
41,14,6,0.4286,3,15163.24,5285.47,0.2049,0,1,6,3,1223.02,1223.02,1.0,8,1,4,4.3902,6,0,1,1,1,RET004224,CUST03495
55,16,8,0.5,3,15163.24,5203.53,0.1821,0,1,8,3,8534.55,8534.55,1.0,6,0,4,4.3636,6,0,1,1,1,RET004225,CUST03495
106,16,4,0.25,4,38525.26,10810.21,0.2227,0,1,3,4,1929.87,1059.07,0.5488,12,1,4,1.1321,6,0,1,1,1,RET004226,CUST03498
100,16,3,0.1875,2,30509.17,10810.21,0.1764,0,1,3,2,2083.11,1666.49,0.8,6,0,3,0.9,7,0,1,1,1,RET004227,CUST03498
87,8,1,0.125,1,16359.98,11743.09,0.1741,0,0,1,1,14149.19,14149.19,1.0,6,0,1,0.3448,13,0,1,1,0,RET004228,CUST03498
93,10,2,0.2,1,16359.98,14211.0,0.1151,1,1,2,1,6349.6,6349.6,1.0,12,0,2,0.6452,6,0,1,1,0,RET004229,CUST03498
74,4,0,0.0,0,0.0,8185.8,0.0,0,0,0,0,16359.98,16359.98,1.0,10,0,0,0.0,74,0,1,1,0,RET004230,CUST03498
62,9,3,0.3333,1,3487.59,9147.33,0.0424,0,0,2,1,1851.33,1851.33,1.0,9,1,3,1.4516,16,0,4,4,1,RET004231,CUST03501
77,10,4,0.4,1,3487.59,10374.84,0.0336,0,0,1,1,21422.48,21422.48,1.0,9,2,3,1.5584,15,1,4,4,1,RET004232,CUST03501
106,15,7,0.4667,1,3487.59,9432.12,0.0247,0,1,3,0,23942.61,23942.61,1.0,2,0,4,1.9811,1,1,4,4,1,RET004233,CUST03501
25,2,0,0.0,0,0.0,9849.3,0.0,0,0,0,0,19051.52,16039.53,0.8419,5,0,0,0.0,25,0,4,4,0,RET004234,CUST03501
46,5,2,0.4,0,0.0,8139.4,0.0,0,1,2,0,2012.92,2012.92,1.0,2,0,2,1.3043,4,0,4,4,1,RET004235,CUST03501
105,15,6,0.4,1,3487.59,9432.12,0.0247,1,0,2,0,2773.48,2773.48,1.0,12,0,3,1.7143,18,0,4,4,1,RET004236,CUST03501
42,4,1,0.25,0,0.0,9671.02,0.0,0,0,1,0,3487.59,3487.59,1.0,3,0,1,0.7143,17,0,4,4,1,RET004237,CUST03501
87,11,5,0.4545,1,3487.59,9779.09,0.0324,0,0,2,0,3821.53,3821.53,1.0,4,3,3,1.7241,10,0,4,4,1,RET004238,CUST03501
379,6,0,0.0,0,0.0,3160.25,0.0,0,0,0,0,1981.77,1981.77,1.0,26,0,0,0.0,379,0,1,1,0,RET004239,CUST03502
392,7,1,0.1429,1,1981.77,10565.93,0.0268,1,0,1,1,5136.52,5136.52,1.0,28,1,1,0.0765,13,0,1,1,0,RET004240,CUST03502
121,3,0,0.0,0,0.0,1590.95,0.0,0,0,0,0,1753.71,1753.71,1.0,5,0,0,0.0,121,0,5,1,0,RET004241,CUST03504
148,5,1,0.2,1,1753.71,1443.53,0.243,0,0,1,1,1325.04,1325.04,1.0,4,0,1,0.2027,27,0,5,1,0,RET004242,CUST03504
25,21,5,0.2381,4,45684.63,12463.21,0.1746,1,1,5,4,2294.13,1158.88,0.5052,13,1,4,6.0,7,0,5,3,1,RET004243,CUST03506
18,18,4,0.2222,2,22325.61,13299.64,0.0933,0,3,4,2,1074.33,495.91,0.4616,9,1,4,6.6667,2,0,5,3,1,RET004244,CUST03506
10,13,0,0.0,0,0.0,16750.25,0.0,1,0,0,0,19988.4,19988.4,1.0,6,0,0,0.0,10,0,5,3,1,RET004245,CUST03506
11,13,1,0.0769,0,0.0,16750.25,0.0,0,1,1,0,2337.21,2337.21,1.0,8,0,1,2.7273,1,0,5,3,0,RET004246,CUST03506
14,17,2,0.1176,0,0.0,13797.82,0.0,1,2,2,0,20206.63,20206.63,1.0,11,0,2,4.2857,3,0,5,3,1,RET004247,CUST03506
16,18,3,0.1667,1,2337.21,13299.64,0.0098,1,3,3,1,3152.39,3152.39,1.0,11,0,3,5.625,2,0,5,3,1,RET004248,CUST03506
39,22,9,0.4091,6,53270.2,12363.92,0.1958,0,0,9,6,10278.94,10278.94,1.0,14,3,5,6.9231,11,0,5,3,1,RET004249,CUST03506
25,21,5,0.2381,4,45684.63,12463.21,0.1746,1,1,5,4,2754.96,2754.96,1.0,13,0,4,6.0,7,0,5,3,1,RET004250,CUST03506
28,22,8,0.3636,6,53270.2,12363.92,0.1958,0,3,8,6,2741.83,2741.83,1.0,4,2,5,8.5714,3,0,5,3,1,RET004251,CUST03506
25,21,5,0.2381,4,45684.63,12463.21,0.1746,1,1,5,4,4830.61,4830.61,1.0,10,1,4,6.0,7,0,5,3,1,RET004252,CUST03506
385,3,0,0.0,0,0.0,7574.04,0.0,0,0,0,0,20461.96,20461.96,1.0,14,0,0,0.0,385,1,1,1,0,RET004253,CUST03508
141,6,0,0.0,0,0.0,6742.22,0.0,0,0,0,0,2550.71,2550.71,1.0,12,0,0,0.0,141,0,1,1,0,RET004254,CUST03512
122,2,0,0.0,0,0.0,3306.5,0.0,0,0,0,0,5030.03,2037.02,0.405,25,0,0,0.0,122,0,1,1,0,RET004255,CUST03513
88,4,0,0.0,0,0.0,9411.23,0.0,0,0,0,0,30124.66,15635.19,0.519,10,0,0,0.0,88,0,1,1,0,RET004256,CUST03515
104,9,1,0.1111,0,0.0,5239.68,0.0,0,1,1,0,24782.77,24782.77,1.0,7,0,1,0.2885,1,1,3,3,0,RET004257,CUST03518
103,9,0,0.0,0,0.0,5239.68,0.0,0,0,0,0,2064.1,2064.1,1.0,10,0,0,0.0,103,0,3,3,0,RET004258,CUST03518
126,14,3,0.2143,0,0.0,4229.6,0.0,0,0,3,0,2414.07,2414.07,1.0,8,1,3,0.7143,22,0,3,3,0,RET004259,CUST03518
104,9,1,0.1111,0,0.0,5239.68,0.0,0,1,1,0,2082.77,2082.77,1.0,4,0,1,0.2885,1,0,3,3,0,RET004260,CUST03518
52,3,0,0.0,0,0.0,1543.59,0.0,0,0,0,0,1784.03,1404.86,0.7875,28,0,0,0.0,52,0,1,4,0,RET004261,CUST03524
65,7,2,0.2857,1,3812.09,8063.35,0.0675,0,1,1,0,6000.0,6000.0,1.0,12,0,2,0.9231,5,0,1,1,0,RET004262,CUST03526
29,1,0,0.0,0,0.0,3812.09,0.0,0,0,0,0,3812.09,3812.09,1.0,7,0,0,0.0,29,0,1,1,1,RET004263,CUST03526
60,7,1,0.1429,1,3812.09,8063.35,0.0675,0,0,0,1,3180.88,3180.88,1.0,12,0,1,0.5,31,0,1,1,0,RET004264,CUST03526
16,6,0,0.0,0,0.0,3669.01,0.0,0,0,0,0,14890.91,11143.22,0.7483,11,0,0,0.0,16,1,3,3,0,RET004265,CUST03527
21,6,1,0.1667,0,0.0,3669.01,0.0,0,1,1,0,1884.71,1884.71,1.0,14,1,1,1.4286,5,0,3,3,0,RET004266,CUST03527
41,8,2,0.25,1,1884.71,3059.72,0.077,1,0,2,1,1050.47,1050.47,1.0,1,0,1,1.4634,20,0,3,3,0,RET004267,CUST03527
135,2,0,0.0,0,0.0,1896.89,0.0,0,0,0,0,2783.44,2115.56,0.7601,7,0,0,0.0,135,0,1,1,0,RET004268,CUST03529
246,1,0,0.0,0,0.0,6980.29,0.0,0,0,0,0,6980.29,6980.29,1.0,12,0,0,0.0,246,0,1,1,0,RET004269,CUST03534
27,9,2,0.2222,2,26581.88,12441.94,0.2374,0,1,2,2,2621.57,2621.57,1.0,6,1,2,2.2222,7,0,5,4,1,RET004270,CUST03539
20,8,1,0.125,1,1882.59,13669.49,0.0172,0,0,1,1,24699.29,24699.29,1.0,10,0,1,1.5,11,0,5,4,0,RET004271,CUST03539
32,10,3,0.3,2,26581.88,12670.6,0.2098,0,1,3,2,14728.52,14728.52,1.0,5,2,2,2.8125,5,0,5,4,1,RET004272,CUST03539
9,4,0,0.0,0,0.0,17800.9,0.0,2,0,0,0,1882.59,1882.59,1.0,7,0,0,0.0,9,0,5,4,0,RET004273,CUST03539
38,4,0,0.0,0,0.0,2524.16,0.0,0,0,0,0,1745.47,1209.94,0.6932,24,0,0,0.0,38,0,3,1,0,RET004274,CUST03541
100,7,1,0.1429,1,1209.94,2060.46,0.0839,0,0,0,0,2720.44,1754.98,0.6451,17,0,1,0.3,62,0,3,1,0,RET004275,CUST03541
38,3,0,0.0,0,0.0,1567.66,0.0,1,0,0,0,1959.3,1959.3,1.0,14,0,0,0.0,38,0,1,1,0,RET004276,CUST03542
259,3,0,0.0,0,0.0,2158.62,0.0,0,0,0,0,2791.95,2791.95,1.0,19,0,0,0.0,259,0,1,1,0,RET004277,CUST03545
227,6,0,0.0,0,0.0,2362.92,0.0,0,0,0,0,2899.84,2899.84,1.0,29,0,0,0.0,227,0,1,1,0,RET004278,CUST03546
188,8,0,0.0,0,0.0,7265.77,0.0,0,0,0,0,7722.03,5735.84,0.7428,8,0,0,0.0,188,0,1,1,0,RET004279,CUST03547
65,10,1,0.1,0,0.0,5806.42,0.0,0,0,1,0,3090.26,3090.26,1.0,11,1,1,0.4615,9,0,1,1,0,RET004280,CUST03548
56,8,0,0.0,0,0.0,6939.01,0.0,0,0,0,0,16899.35,16899.35,1.0,14,0,0,0.0,56,1,1,1,0,RET004281,CUST03548
96,16,4,0.25,3,22176.56,9029.33,0.1535,1,0,2,3,18764.93,18764.93,1.0,10,1,3,1.25,17,1,1,1,1,RET004282,CUST03548
79,13,3,0.2308,1,1473.77,8350.22,0.0136,0,0,3,1,20461.07,20461.07,1.0,12,0,2,1.1392,12,1,1,1,1,RET004283,CUST03548
67,12,2,0.1667,0,0.0,7340.98,0.0,1,1,2,0,1473.77,1473.77,1.0,6,0,1,0.8955,2,0,1,1,1,RET004284,CUST03548
27,3,0,0.0,0,0.0,7753.21,0.0,0,0,0,0,4588.44,4588.44,1.0,2,0,0,0.0,27,0,1,4,0,RET004285,CUST03552
32,6,1,0.1667,0,0.0,9304.02,0.0,2,1,1,0,2455.34,2455.34,1.0,1,1,1,0.9375,5,0,1,4,0,RET004286,CUST03552
39,7,2,0.2857,2,7043.78,8553.32,0.1176,1,1,2,2,28184.21,28184.21,1.0,11,0,1,1.5385,7,1,1,4,1,RET004287,CUST03552
236,5,0,0.0,0,0.0,2739.18,0.0,0,0,0,0,2596.82,2596.82,1.0,24,0,0,0.0,236,0,1,1,0,RET004288,CUST03556
378,5,0,0.0,0,0.0,2312.26,0.0,0,0,0,0,1868.15,1868.15,1.0,21,0,0,0.0,378,0,1,1,0,RET004289,CUST03559
169,3,0,0.0,0,0.0,16015.62,0.0,0,0,0,0,36142.53,36142.53,1.0,8,0,0,0.0,169,1,1,1,0,RET004290,CUST03562
231,4,1,0.25,1,36142.53,12492.4,0.7233,0,0,0,0,1922.72,1922.72,1.0,10,1,1,0.1299,62,0,1,1,1,RET004291,CUST03562
88,4,0,0.0,0,0.0,1181.07,0.0,0,0,0,0,792.9,482.95,0.6091,19,0,0,0.0,88,0,1,1,0,RET004292,CUST03563
352,3,0,0.0,0,0.0,2058.82,0.0,0,0,0,0,2172.43,2172.43,1.0,26,0,0,0.0,352,0,1,3,0,RET004293,CUST03567
162,4,0,0.0,0,0.0,4474.39,0.0,0,0,0,0,13139.5,13139.5,1.0,30,0,0,0.0,162,1,1,1,0,RET004294,CUST03568
120,4,0,0.0,0,0.0,20041.06,0.0,0,0,0,0,50321.32,50321.32,1.0,18,0,0,0.0,120,1,1,1,0,RET004295,CUST03570
65,15,2,0.1333,0,0.0,6632.28,0.0,0,2,2,0,7373.95,3002.44,0.4072,6,0,2,0.9231,2,0,5,1,1,RET004296,CUST03571
70,15,3,0.2,1,11693.28,6632.28,0.1175,0,2,3,1,19466.53,19466.53,1.0,13,0,3,1.2857,5,1,5,1,1,RET004297,CUST03571
58,11,0,0.0,0,0.0,6398.77,0.0,3,0,0,0,2443.24,2443.24,1.0,1,0,0,0.0,58,0,5,1,1,RET004298,CUST03571
63,15,1,0.0667,0,0.0,6632.28,0.0,0,1,1,0,11693.28,11693.28,1.0,6,0,1,0.4762,5,0,5,1,1,RET004299,CUST03571
101,19,4,0.2105,1,11693.28,5708.05,0.1078,0,0,0,0,1397.73,1233.17,0.8823,2,1,4,1.1881,31,0,5,1,1,RET004300,CUST03571
118,6,0,0.0,0,0.0,2590.96,0.0,0,0,0,0,631.36,631.36,1.0,14,0,0,0.0,118,0,1,1,0,RET004301,CUST03572
359,7,0,0.0,0,0.0,1935.0,0.0,0,0,0,0,1231.37,1231.37,1.0,9,0,0,0.0,359,0,1,1,0,RET004302,CUST03575
120,2,0,0.0,0,0.0,15967.18,0.0,0,0,0,0,29223.92,19931.72,0.682,4,0,0,0.0,120,0,1,1,0,RET004303,CUST03577
7,1,0,0.0,0,0.0,2777.64,0.0,0,0,0,0,2777.64,2777.64,1.0,6,0,0,0.0,7,0,3,3,0,RET004304,CUST03578
45,6,1,0.1667,1,2777.64,9727.33,0.0476,0,0,0,0,791.85,791.85,1.0,12,0,1,0.6667,38,0,3,3,0,RET004305,CUST03578
69,9,2,0.2222,2,3569.49,7573.02,0.0524,0,0,1,1,907.79,705.08,0.7767,12,1,2,0.8696,24,0,3,3,0,RET004306,CUST03578
16,5,2,0.4,1,5289.05,4374.02,0.2418,1,1,2,1,285.2,285.2,1.0,1,1,2,3.75,1,0,1,1,0,RET004307,CUST03579
42,11,6,0.5455,2,7550.33,6741.03,0.1018,1,1,5,1,23020.19,23020.19,1.0,11,0,3,4.2857,1,1,1,1,1,RET004308,CUST03579
46,11,7,0.6364,3,10051.96,6741.03,0.1356,0,2,5,2,12010.88,12010.88,1.0,5,0,4,4.5652,4,0,1,1,1,RET004309,CUST03579
41,10,5,0.5,2,7550.33,6214.04,0.1215,0,0,4,1,2501.63,2501.63,1.0,14,0,2,3.6585,10,0,1,1,1,RET004310,CUST03579
15,4,1,0.25,1,5289.05,5396.22,0.245,0,0,1,1,2261.28,2261.28,1.0,10,0,1,2.0,8,0,1,1,0,RET004311,CUST03579
28,9,3,0.3333,2,7550.33,4346.69,0.193,1,0,3,2,12728.67,12728.67,1.0,3,2,2,3.2143,12,1,1,1,1,RET004312,CUST03579
31,9,4,0.4444,2,7550.33,4346.69,0.193,0,1,4,2,1051.36,750.32,0.7137,12,3,2,3.871,3,0,1,1,1,RET004313,CUST03579
7,4,0,0.0,0,0.0,5396.22,0.0,1,0,0,0,5289.05,5289.05,1.0,3,0,0,0.0,7,0,1,1,0,RET004314,CUST03579
472,8,0,0.0,0,0.0,12598.54,0.0,0,0,0,0,1259.4,508.86,0.404,26,0,0,0.0,472,0,1,1,0,RET004315,CUST03580
298,11,2,0.1818,2,20070.94,4057.07,0.4497,0,0,0,0,1387.97,1178.11,0.8488,20,0,2,0.2013,149,0,1,1,1,RET004316,CUST03586
140,4,0,0.0,0,0.0,7909.39,0.0,0,0,0,0,1028.39,611.32,0.5944,3,0,0,0.0,140,0,1,1,0,RET004317,CUST03586
149,4,1,0.25,1,359.55,7909.39,0.0114,0,0,1,1,19711.39,19711.39,1.0,27,0,1,0.2013,9,1,1,1,0,RET004318,CUST03586
11,2,0,0.0,0,0.0,836.22,0.0,0,0,0,0,672.02,672.02,1.0,4,0,0,0.0,11,0,1,1,0,RET004319,CUST03588
376,4,0,0.0,0,0.0,5770.53,0.0,0,0,0,0,18893.66,18893.66,1.0,30,0,0,0.0,376,1,1,1,0,RET004320,CUST03594
464,5,1,0.2,1,18893.66,4759.97,0.7939,0,0,0,0,717.73,717.73,1.0,16,1,1,0.0647,88,0,1,1,1,RET004321,CUST03594
531,6,0,0.0,0,0.0,1848.66,0.0,0,0,0,0,1733.9,1252.96,0.7226,18,0,0,0.0,531,0,5,1,0,RET004322,CUST03596
299,2,0,0.0,0,0.0,339.87,0.0,0,0,0,0,237.58,147.46,0.6207,3,0,0,0.0,299,0,1,1,1,RET004323,CUST03598
84,10,3,0.3,2,14286.45,9987.23,0.143,0,0,2,1,11682.56,11682.56,1.0,2,0,2,1.0714,15,0,5,1,1,RET004324,CUST03603
15,2,0,0.0,0,0.0,10403.64,0.0,0,0,0,0,17846.58,11292.08,0.6327,14,0,0,0.0,15,0,5,1,0,RET004325,CUST03603
64,6,1,0.1667,1,11292.08,7841.55,0.24,0,0,0,0,2994.37,2994.37,1.0,7,1,1,0.4688,49,0,5,1,0,RET004326,CUST03603
69,6,2,0.3333,2,14286.45,7841.55,0.3036,0,1,1,1,17586.44,9399.23,0.5345,8,0,1,0.8696,5,0,5,1,1,RET004327,CUST03603
94,11,4,0.3636,2,14286.45,9217.13,0.1409,0,0,3,1,16911.13,16911.13,1.0,12,0,3,1.2766,10,0,5,1,1,RET004328,CUST03603
50,7,3,0.4286,0,0.0,2166.49,0.0,0,1,2,0,1149.9,1149.9,1.0,10,1,3,1.8,1,0,2,1,1,RET004329,CUST03604
49,7,2,0.2857,0,0.0,2166.49,0.0,0,1,1,0,2653.01,1205.5,0.4544,4,0,2,1.2245,7,0,2,1,0,RET004330,CUST03604
42,6,1,0.1667,0,0.0,2085.4,0.0,1,0,1,0,2388.63,2388.63,1.0,8,0,1,0.7143,27,0,2,1,0,RET004331,CUST03604
15,1,0,0.0,0,0.0,2302.06,0.0,0,0,0,0,2302.06,2302.06,1.0,6,0,0,0.0,15,0,2,1,0,RET004332,CUST03604
114,4,0,0.0,0,0.0,2394.31,0.0,1,0,0,0,285.4,285.4,1.0,30,0,0,0.0,114,0,1,1,0,RET004333,CUST03606
315,11,3,0.2727,1,2278.29,7654.85,0.0271,1,1,1,0,14125.28,14125.28,1.0,5,1,3,0.2857,5,0,1,1,0,RET004334,CUST03607
315,11,3,0.2727,1,2278.29,7654.85,0.0271,1,1,1,0,1953.86,1953.86,1.0,4,1,3,0.2857,5,0,1,1,0,RET004335,CUST03607
310,8,2,0.25,1,2278.29,8354.41,0.0341,0,0,0,1,1375.22,1375.22,1.0,7,0,2,0.1935,39,0,1,1,0,RET004336,CUST03607
224,2,0,0.0,0,0.0,1878.02,0.0,0,0,0,0,792.46,792.46,1.0,6,0,0,0.0,224,0,1,1,0,RET004337,CUST03607
353,13,5,0.3846,4,19732.65,8032.98,0.189,0,0,0,1,2081.29,2081.29,1.0,11,3,3,0.4249,38,0,1,1,1,RET004338,CUST03607
271,5,1,0.2,0,0.0,7287.52,0.0,0,0,0,0,3350.44,2888.73,0.8622,8,0,1,0.1107,47,0,1,1,0,RET004339,CUST03607
354,13,6,0.4615,4,19732.65,8032.98,0.189,0,1,1,0,18144.1,18144.1,1.0,8,0,3,0.5085,1,1,1,1,1,RET004340,CUST03607
106,10,1,0.1,0,0.0,7604.94,0.0,0,1,1,0,409.92,409.92,1.0,22,0,1,0.283,5,0,1,4,0,RET004341,CUST03608
101,9,0,0.0,0,0.0,6898.18,0.0,0,0,0,0,707.7,707.7,1.0,27,0,0,0.0,101,0,1,4,0,RET004342,CUST03608
280,8,1,0.125,1,1259.45,1969.3,0.0799,0,0,0,0,2290.53,2290.53,1.0,10,0,1,0.1071,171,0,1,1,0,RET004343,CUST03615
109,2,0,0.0,0,0.0,1020.58,0.0,0,0,0,0,1259.45,1259.45,1.0,22,0,0,0.0,109,0,1,1,0,RET004344,CUST03615
116,5,0,0.0,0,0.0,2183.64,0.0,0,0,0,0,2601.72,2601.72,1.0,21,0,0,0.0,116,0,1,2,0,RET004345,CUST03616
248,9,1,0.1111,1,2601.72,7696.95,0.0376,0,0,0,0,3129.1,3129.1,1.0,24,0,1,0.121,132,0,1,2,0,RET004346,CUST03616
234,4,0,0.0,0,0.0,8306.65,0.0,0,0,0,0,763.48,763.48,1.0,25,0,0,0.0,234,0,1,1,0,RET004347,CUST03617
62,1,0,0.0,0,0.0,906.54,0.0,0,0,0,0,906.54,397.98,0.439,20,0,0,0.0,62,0,1,1,0,RET004348,CUST03619
154,3,0,0.0,0,0.0,2783.74,0.0,0,0,0,0,665.39,665.39,1.0,9,0,0,0.0,154,0,1,1,0,RET004349,CUST03620
71,3,1,0.3333,0,0.0,4049.97,0.0,0,0,1,0,3855.71,3855.71,1.0,9,0,1,0.4225,30,0,1,1,0,RET004350,CUST03621
41,1,0,0.0,0,0.0,6658.09,0.0,0,0,0,0,6658.09,6658.09,1.0,17,0,0,0.0,41,0,1,1,0,RET004351,CUST03621
155,6,2,0.3333,1,3855.71,2891.83,0.2222,0,0,0,0,902.05,902.05,1.0,22,0,2,0.3871,84,0,1,1,0,RET004352,CUST03621
112,3,0,0.0,0,0.0,6371.9,0.0,0,0,0,0,14569.77,14569.77,1.0,17,0,0,0.0,112,1,1,1,0,RET004353,CUST03622
121,6,1,0.1667,1,15638.48,11708.52,0.2226,0,0,0,0,23063.02,23063.02,1.0,12,0,1,0.2479,76,0,1,1,0,RET004354,CUST03623
199,7,2,0.2857,2,38701.5,10638.52,0.5197,0,0,0,0,4218.54,4218.54,1.0,9,0,2,0.3015,78,0,1,1,1,RET004355,CUST03623
45,2,0,0.0,0,0.0,10466.17,0.0,0,0,0,0,18892.24,18892.24,1.0,11,0,0,0.0,45,0,1,1,0,RET004356,CUST03623
113,12,2,0.1667,2,28833.22,8289.87,0.2898,0,1,1,1,3937.65,3937.65,1.0,13,1,2,0.531,6,0,1,1,1,RET004357,CUST03625
107,9,1,0.1111,1,26856.6,9748.73,0.3061,0,0,0,0,1976.62,1976.62,1.0,11,0,1,0.2804,80,0,1,1,1,RET004358,CUST03625
113,12,2,0.1667,2,28833.22,8289.87,0.2898,0,1,1,1,484.36,289.13,0.5969,14,0,2,0.531,6,0,1,1,1,RET004359,CUST03625
124,12,4,0.3333,2,28833.22,8289.87,0.2898,0,0,3,1,7135.0,7135.0,1.0,13,1,3,0.9677,11,0,1,1,0,RET004360,CUST03625
27,2,0,0.0,0,0.0,19218.4,0.0,1,0,0,0,26856.6,26856.6,1.0,9,0,0,0.0,27,0,1,1,0,RET004361,CUST03625
67,2,0,0.0,0,0.0,9065.07,0.0,0,0,0,0,15473.24,15473.24,1.0,13,0,0,0.0,67,0,1,1,0,RET004362,CUST03626
195,10,1,0.1,1,11154.24,10800.17,0.1033,0,1,1,1,1565.29,1565.29,1.0,8,0,1,0.1538,7,0,1,4,0,RET004363,CUST03630
188,6,0,0.0,0,0.0,11008.24,0.0,3,0,0,0,11154.24,11154.24,1.0,8,0,0,0.0,188,0,1,4,0,RET004364,CUST03630
203,10,2,0.2,2,12719.53,10800.17,0.1178,0,0,2,2,3404.81,3404.81,1.0,13,0,2,0.2956,8,0,1,4,0,RET004365,CUST03630
239,11,3,0.2727,3,16124.34,9990.39,0.1467,0,0,0,0,1892.65,1892.65,1.0,3,1,3,0.3766,36,0,1,4,1,RET004366,CUST03630
358,15,4,0.2667,4,18016.99,9005.22,0.1334,0,0,0,0,2310.64,2310.64,1.0,3,0,3,0.3352,119,0,1,4,1,RET004367,CUST03630
214,1,0,0.0,0,0.0,11276.27,0.0,0,0,0,0,11276.27,11276.27,1.0,5,0,0,0.0,214,0,1,1,0,RET004368,CUST03631
165,2,0,0.0,0,0.0,4318.14,0.0,0,0,0,0,5415.94,3349.94,0.6185,29,0,0,0.0,165,0,1,4,0,RET004369,CUST03632
364,19,8,0.4211,3,10117.97,10379.6,0.0513,1,0,1,0,820.42,820.42,1.0,1,6,3,0.6593,11,0,5,3,1,RET004370,CUST03633
365,19,9,0.4737,3,10117.97,10379.6,0.0513,0,1,2,0,3030.95,3030.95,1.0,13,0,3,0.7397,1,0,5,3,1,RET004371,CUST03633
353,17,7,0.4118,3,10117.97,10778.57,0.0552,1,0,0,0,18734.94,18734.94,1.0,9,5,3,0.5949,34,0,5,3,1,RET004372,CUST03633
319,13,6,0.4615,3,10117.97,12185.39,0.0639,0,0,2,1,39529.74,39529.74,1.0,12,0,2,0.5643,9,1,5,3,1,RET004373,CUST03633
255,5,1,0.2,0,0.0,1748.76,0.0,0,0,0,0,3765.96,3765.96,1.0,10,1,1,0.1176,36,1,5,3,0,RET004374,CUST03633
310,12,5,0.4167,3,10117.97,12028.59,0.0701,0,0,3,2,15103.94,6957.03,0.4606,9,4,2,0.4839,20,0,5,3,1,RET004375,CUST03633
286,10,3,0.3,1,3765.96,8970.94,0.042,0,1,1,1,4839.72,4839.72,1.0,6,3,1,0.3147,2,0,5,3,1,RET004376,CUST03633
219,2,0,0.0,0,0.0,1721.25,0.0,0,0,0,0,2322.19,1792.65,0.772,7,0,0,0.0,219,0,5,3,0,RET004377,CUST03633
290,10,4,0.4,2,5278.25,8970.94,0.0588,0,2,2,2,27496.51,27496.51,1.0,11,0,1,0.4138,4,1,5,3,1,RET004378,CUST03633
398,22,11,0.5,4,12908.68,9567.78,0.0613,0,0,0,0,11365.48,11365.48,1.0,12,0,5,0.8291,31,0,5,3,1,RET004379,CUST03633
284,9,2,0.2222,1,3765.96,7595.68,0.0551,0,0,1,1,1512.29,1512.29,1.0,3,2,1,0.2113,29,0,5,3,1,RET004380,CUST03633
367,20,10,0.5,3,10117.97,9933.08,0.0509,0,2,3,0,13156.38,13156.38,1.0,11,0,4,0.8174,2,0,5,3,1,RET004381,CUST03633
76,6,0,0.0,0,0.0,3922.4,0.0,0,0,0,0,15501.26,15501.26,1.0,21,0,0,0.0,76,1,1,1,0,RET004382,CUST03639
25,1,0,0.0,0,0.0,16604.24,0.0,0,0,0,0,16604.24,16604.24,1.0,24,0,0,0.0,25,0,1,1,0,RET004383,CUST03641
488,6,0,0.0,0,0.0,4657.54,0.0,0,0,0,0,16203.58,14249.74,0.8794,11,0,0,0.0,488,1,1,4,0,RET004384,CUST03643
39,3,0,0.0,0,0.0,1861.95,0.0,0,0,0,0,860.69,860.69,1.0,4,0,0,0.0,39,0,1,1,0,RET004385,CUST03649
16,11,1,0.0909,0,0.0,3474.57,0.0,1,0,1,0,690.25,690.25,1.0,6,0,1,1.875,15,0,2,1,1,RET004386,CUST03650
31,12,2,0.1667,1,494.81,3961.02,0.0104,0,0,2,1,9312.02,9312.02,1.0,14,1,2,1.9355,15,1,2,1,1,RET004387,CUST03650
1,1,0,0.0,0,0.0,535.9,0.0,1,0,0,0,535.9,535.9,1.0,1,0,0,0.0,1,0,2,1,1,RET004388,CUST03650
230,8,1,0.125,1,222.41,3135.34,0.0089,0,0,0,0,1498.26,1498.26,1.0,10,0,1,0.1304,178,0,1,1,0,RET004389,CUST03651
52,3,0,0.0,0,0.0,2503.92,0.0,0,0,0,0,4951.25,4951.25,1.0,17,0,0,0.0,52,0,1,1,0,RET004390,CUST03651
109,13,6,0.4615,3,10408.14,2468.18,0.3244,0,0,3,2,2120.67,2120.67,1.0,7,1,4,1.6514,18,0,3,2,1,RET004391,CUST03652
46,7,1,0.1429,0,0.0,2242.41,0.0,1,0,0,0,605.53,605.53,1.0,1,0,1,0.6522,34,0,3,2,0,RET004392,CUST03652
91,11,5,0.4545,1,6671.07,2628.79,0.2307,0,2,3,1,1581.11,1581.11,1.0,8,0,3,1.6484,1,0,3,2,1,RET004393,CUST03652
63,8,2,0.25,0,0.0,2795.99,0.0,0,0,1,0,6671.07,6671.07,1.0,8,1,2,0.9524,17,1,3,2,0,RET004394,CUST03652
90,11,3,0.2727,1,6671.07,2628.79,0.2307,0,0,1,1,2811.69,2811.69,1.0,6,0,2,1.0,27,0,3,2,1,RET004395,CUST03652
90,11,3,0.2727,1,6671.07,2628.79,0.2307,0,0,1,1,2155.96,2155.96,1.0,2,2,2,1.0,27,0,3,2,1,RET004396,CUST03652
12,3,0,0.0,0,0.0,2495.66,0.0,1,0,0,0,3238.87,3238.87,1.0,1,0,0,0.0,12,0,3,2,0,RET004397,CUST03652
161,4,0,0.0,0,0.0,4381.6,0.0,0,0,0,0,3638.37,3638.37,1.0,25,0,0,0.0,161,0,1,3,0,RET004398,CUST03653
137,11,4,0.3636,2,1457.19,10194.27,0.013,0,0,2,2,1952.29,1952.29,1.0,14,2,3,0.8759,8,0,5,1,1,RET004399,CUST03655
145,12,5,0.4167,3,3021.48,9483.27,0.0266,0,0,3,2,1956.69,1956.69,1.0,13,3,3,1.0345,8,0,5,1,1,RET004400,CUST03655
129,9,3,0.3333,1,649.3,11361.85,0.0063,0,0,1,1,1487.11,807.89,0.5433,12,1,3,0.6977,8,0,5,1,1,RET004401,CUST03655
121,8,2,0.25,1,649.3,12538.04,0.0065,0,0,1,1,33864.14,33864.14,1.0,6,0,2,0.4959,25,1,5,1,1,RET004402,CUST03655
52,1,0,0.0,0,0.0,35112.78,0.0,0,0,0,0,35112.78,35112.78,1.0,4,0,0,0.0,52,0,5,1,0,RET004403,CUST03655
96,3,1,0.3333,0,0.0,12108.35,0.0,1,0,0,0,727.56,727.56,1.0,4,0,1,0.3125,44,0,5,1,1,RET004404,CUST03655
301,3,1,0.3333,0,0.0,2877.59,0.0,0,0,0,0,4541.8,3572.51,0.7866,28,1,1,0.0997,77,0,1,1,0,RET004405,CUST03656
224,1,0,0.0,0,0.0,2959.59,0.0,0,0,0,0,2959.59,2959.59,1.0,6,0,0,0.0,224,0,1,1,0,RET004406,CUST03656
172,4,0,0.0,0,0.0,3691.17,0.0,1,0,0,0,3014.32,3014.32,1.0,15,0,0,0.0,172,0,1,1,0,RET004407,CUST03657
212,7,1,0.1429,1,1532.41,3273.77,0.0669,0,0,0,1,5204.48,5204.48,1.0,25,0,1,0.1415,40,0,1,1,0,RET004408,CUST03657
28,3,0,0.0,1,1429.92,4734.91,0.1007,0,0,0,1,2073.07,2073.07,1.0,8,0,0,0.0,28,0,1,1,0,RET004409,CUST03664
128,11,1,0.0909,1,3244.14,6137.32,0.0481,0,0,1,1,22407.38,22407.38,1.0,27,0,1,0.2344,22,1,3,1,0,RET004410,CUST03668
106,11,0,0.0,0,0.0,6137.32,0.0,0,0,0,0,3244.14,3244.14,1.0,23,0,0,0.0,106,0,3,1,1,RET004411,CUST03668
78,3,0,0.0,0,0.0,3909.16,0.0,0,0,0,0,7718.35,6591.06,0.8539,7,0,0,0.0,78,0,1,1,0,RET004412,CUST03671
32,7,0,0.0,0,0.0,10480.78,0.0,0,0,0,0,4691.09,4691.09,1.0,7,0,0,0.0,32,0,1,1,0,RET004413,CUST03681
336,5,0,0.0,0,0.0,6360.5,0.0,0,0,0,0,8246.37,8246.37,1.0,21,0,0,0.0,336,0,1,1,0,RET004414,CUST03682
83,6,0,0.0,0,0.0,1561.26,0.0,0,0,0,0,1928.63,1042.68,0.5406,23,0,0,0.0,83,0,1,1,0,RET004415,CUST03683
525,3,1,0.3333,0,0.0,15545.48,0.0,0,0,0,0,3773.96,3773.96,1.0,7,1,1,0.0571,118,0,1,1,0,RET004416,CUST03686
407,1,0,0.0,0,0.0,12973.6,0.0,0,0,0,0,12973.6,12973.6,1.0,22,0,0,0.0,407,0,1,1,0,RET004417,CUST03686
67,6,3,0.5,1,971.13,7173.9,0.0226,0,0,0,0,14719.21,14719.21,1.0,3,0,3,1.3433,31,1,1,1,1,RET004418,CUST03687
120,9,5,0.5556,2,2638.98,5752.83,0.051,0,0,1,1,4625.42,4625.42,1.0,11,1,5,1.25,17,0,1,1,1,RET004419,CUST03687
103,8,4,0.5,1,971.13,5893.76,0.0206,0,0,0,0,2456.03,2456.03,1.0,5,0,4,1.165,36,0,1,1,0,RET004420,CUST03687
11,2,0,0.0,0,0.0,1882.55,0.0,0,0,0,0,3284.02,2595.41,0.7903,9,0,0,0.0,11,0,1,1,0,RET004421,CUST03687
16,3,1,0.3333,0,0.0,1578.74,0.0,0,1,1,0,971.13,971.13,1.0,3,0,1,1.875,5,0,1,1,0,RET004422,CUST03687
135,11,6,0.5455,2,2638.98,5210.3,0.046,0,0,1,1,4243.68,2413.37,0.5687,3,2,5,1.3333,15,0,1,1,1,RET004423,CUST03687
36,4,2,0.5,1,971.13,2635.07,0.0921,0,0,2,1,5804.07,2701.65,0.4655,13,0,2,1.6667,20,0,1,1,0,RET004424,CUST03687
151,12,7,0.5833,2,2638.98,4851.93,0.0453,0,0,1,0,909.92,909.92,1.0,11,1,5,1.3907,16,0,1,1,1,RET004425,CUST03687
198,14,8,0.5714,3,3548.9,5191.75,0.0488,0,0,0,0,13919.4,13919.4,1.0,5,0,5,1.2121,47,1,1,1,1,RET004426,CUST03687
155,2,0,0.0,0,0.0,2490.07,0.0,0,0,0,0,667.79,380.95,0.5705,9,0,0,0.0,155,0,1,1,0,RET004427,CUST03689
300,6,0,0.0,0,0.0,2773.44,0.0,0,0,0,0,2998.65,2998.65,1.0,7,0,0,0.0,300,0,1,1,0,RET004428,CUST03690
450,7,1,0.1429,0,0.0,2825.89,0.0,0,0,1,0,895.74,895.74,1.0,30,1,1,0.0667,10,0,1,1,0,RET004429,CUST03693
440,7,0,0.0,0,0.0,2825.89,0.0,0,0,0,0,559.42,559.42,1.0,21,0,0,0.0,440,0,1,1,0,RET004430,CUST03693
305,12,1,0.0833,1,1057.67,11318.92,0.0078,0,0,0,1,20553.89,20553.89,1.0,9,0,1,0.0984,35,0,5,1,0,RET004431,CUST03694
270,5,0,0.0,0,0.0,9778.5,0.0,0,0,0,0,1139.73,1057.67,0.928,7,0,0,0.0,270,0,5,1,0,RET004432,CUST03694
21,4,0,0.0,0,0.0,6200.64,0.0,1,0,0,0,2124.23,1582.05,0.7448,8,0,0,0.0,21,0,1,1,0,RET004433,CUST03695
78,9,2,0.2222,0,0.0,6897.43,0.0,0,0,1,0,4665.7,4665.7,1.0,2,1,2,0.7692,19,0,1,1,0,RET004434,CUST03695
59,6,1,0.1667,0,0.0,4938.34,0.0,0,0,0,0,2147.6,2147.6,1.0,10,0,1,0.5085,38,0,1,1,0,RET004435,CUST03695
137,2,1,0.5,1,1037.22,1372.18,0.3779,0,0,0,0,1707.15,1707.15,1.0,23,1,1,0.219,43,0,1,1,1,RET004436,CUST03698
94,1,0,0.0,0,0.0,1037.22,0.0,0,0,0,0,1037.22,1037.22,1.0,3,0,0,0.0,94,0,1,1,0,RET004437,CUST03698
483,7,0,0.0,0,0.0,6573.2,0.0,0,0,0,0,23860.77,17167.82,0.7195,18,0,0,0.0,483,1,1,1,0,RET004438,CUST03701
133,9,0,0.0,0,0.0,2924.4,0.0,0,0,0,0,2140.05,2140.05,1.0,22,0,0,0.0,133,0,1,1,0,RET004439,CUST03703
87,2,0,0.0,0,0.0,4017.52,0.0,0,0,0,0,4385.61,4385.61,1.0,30,0,0,0.0,87,0,1,1,0,RET004440,CUST03704
168,7,1,0.1429,1,4385.61,2594.84,0.2414,0,0,0,0,3394.15,3394.15,1.0,24,0,1,0.1786,81,0,1,1,0,RET004441,CUST03704
232,3,0,0.0,0,0.0,2781.58,0.0,0,0,0,0,2990.46,2990.46,1.0,2,0,0,0.0,232,0,1,1,0,RET004442,CUST03705
29,4,0,0.0,0,0.0,9817.85,0.0,0,0,0,0,19838.1,19838.1,1.0,12,0,0,0.0,29,1,1,1,0,RET004443,CUST03706
31,4,1,0.25,0,0.0,9817.85,0.0,0,1,1,0,2004.75,2004.75,1.0,4,0,1,0.9677,2,0,1,1,0,RET004444,CUST03706
50,9,2,0.2222,1,19838.1,10386.74,0.2122,0,0,2,1,370.18,370.18,1.0,6,1,2,1.2,19,0,1,1,0,RET004445,CUST03706
66,2,0,0.0,0,0.0,2718.79,0.0,0,0,0,0,3973.39,3973.39,1.0,17,0,0,0.0,66,0,5,1,0,RET004446,CUST03710
254,4,1,0.25,1,3973.39,2298.11,0.4322,0,0,0,0,2084.03,2084.03,1.0,21,0,1,0.1181,188,0,5,1,1,RET004447,CUST03710
48,4,0,0.0,0,0.0,2106.2,0.0,0,0,0,0,1543.67,1543.67,1.0,28,0,0,0.0,48,0,1,1,0,RET004448,CUST03713
384,3,0,0.0,0,0.0,2012.09,0.0,0,0,0,0,2269.12,2269.12,1.0,23,0,0,0.0,384,0,1,1,0,RET004449,CUST03716
70,8,1,0.125,0,0.0,4842.73,0.0,0,0,1,0,26243.79,11538.14,0.4397,13,0,1,0.4286,19,1,1,1,0,RET004450,CUST03717
51,6,0,0.0,0,0.0,1535.29,0.0,1,0,0,0,554.02,554.02,1.0,1,0,0,0.0,51,0,1,1,0,RET004451,CUST03717
303,7,0,0.0,0,0.0,7143.52,0.0,0,0,0,0,25962.97,25962.97,1.0,13,0,0,0.0,303,1,1,1,0,RET004452,CUST03718
335,13,1,0.0769,0,0.0,7239.79,0.0,0,0,1,0,2205.19,2205.19,1.0,12,0,1,0.0896,8,0,4,1,0,RET004453,CUST03724
327,12,0,0.0,0,0.0,7688.34,0.0,0,0,0,0,2584.54,1790.75,0.6929,7,0,0,0.0,327,0,4,1,0,RET004454,CUST03724
293,2,0,0.0,0,0.0,8639.61,0.0,0,0,0,0,2488.98,2488.98,1.0,24,0,0,0.0,293,0,1,1,0,RET004455,CUST03730
266,2,1,0.5,1,3724.49,2062.24,0.903,0,0,1,1,400.0,400.0,1.0,20,0,1,0.1128,20,0,5,1,1,RET004456,CUST03731
246,1,0,0.0,0,0.0,3724.49,0.0,0,0,0,0,3724.49,3724.49,1.0,9,0,0,0.0,246,0,5,1,0,RET004457,CUST03731
113,5,0,0.0,0,0.0,2091.5,0.0,0,0,0,0,3484.13,3484.13,1.0,26,0,0,0.0,113,0,1,1,1,RET004458,CUST03733
151,2,0,0.0,0,0.0,3286.22,0.0,0,0,0,0,3236.27,3236.27,1.0,19,0,0,0.0,151,0,1,1,0,RET004459,CUST03735
183,3,0,0.0,0,0.0,1979.78,0.0,0,0,0,0,2215.95,2215.95,1.0,3,0,0,0.0,183,0,3,3,0,RET004460,CUST03736
196,8,2,0.25,2,4008.51,2859.94,0.1752,0,0,2,2,2793.0,2793.0,1.0,2,0,2,0.3061,10,0,3,3,0,RET004461,CUST03736
186,4,1,0.25,0,0.0,1932.97,0.0,1,1,1,0,1792.56,1792.56,1.0,1,0,1,0.1613,3,0,3,3,0,RET004462,CUST03736
275,11,3,0.2727,3,6801.51,3263.84,0.1894,0,0,0,0,9109.67,9109.67,1.0,4,0,3,0.3273,79,1,3,3,1,RET004463,CUST03736
107,3,0,0.0,0,0.0,2492.89,0.0,0,0,0,0,2028.24,2028.24,1.0,12,0,0,0.0,107,0,1,1,1,RET004464,CUST03739
118,3,1,0.3333,1,2028.24,2492.89,0.2712,0,0,1,1,1831.23,1831.23,1.0,27,0,1,0.2542,11,0,1,1,0,RET004465,CUST03739
35,2,0,0.0,0,0.0,3956.55,0.0,0,0,0,0,5768.98,5768.98,1.0,2,0,0,0.0,35,0,5,1,0,RET004466,CUST03741
492,8,2,0.25,1,1269.51,4664.04,0.034,0,1,1,0,2917.92,2917.92,1.0,12,0,2,0.122,6,0,1,4,1,RET004467,CUST03742
486,8,1,0.125,1,1269.51,4664.04,0.034,0,0,0,0,1787.23,1384.68,0.7748,5,0,1,0.0617,160,0,1,4,0,RET004468,CUST03742
326,1,0,0.0,0,0.0,1530.88,0.0,0,0,0,0,1530.88,1269.51,0.8293,14,0,0,0.0,326,0,1,4,0,RET004469,CUST03742
279,4,0,0.0,1,66.9,4599.51,0.0036,0,0,0,0,16381.7,12530.9,0.7649,24,0,0,0.0,279,1,1,1,0,RET004470,CUST03745
126,8,3,0.375,3,17490.8,6270.01,0.3487,0,0,1,1,2524.21,2524.21,1.0,29,0,2,0.7143,12,0,1,1,1,RET004471,CUST03747
114,6,2,0.3333,2,3258.79,7599.36,0.0715,0,0,0,0,14232.01,14232.01,1.0,30,0,1,0.5263,86,0,1,1,0,RET004472,CUST03747
28,3,1,0.3333,0,0.0,3512.15,0.0,0,1,1,0,4857.89,2583.82,0.5319,2,1,1,1.0714,1,0,1,1,0,RET004473,CUST03747
27,3,0,0.0,0,0.0,3512.15,0.0,1,0,0,0,1248.07,1248.07,1.0,15,0,0,0.0,27,0,1,1,0,RET004474,CUST03747
112,2,0,0.0,0,0.0,3020.77,0.0,0,0,0,0,5405.03,5405.03,1.0,7,0,0,0.0,112,0,1,1,0,RET004475,CUST03749
70,9,2,0.2222,0,0.0,4861.07,0.0,0,1,2,0,26094.13,26094.13,1.0,5,0,2,0.8571,3,1,1,2,0,RET004476,CUST03751
79,10,4,0.4,2,2933.68,4623.54,0.0635,0,1,4,2,2485.81,2485.81,1.0,5,0,4,1.519,6,0,1,2,1,RET004477,CUST03751
61,4,0,0.0,0,0.0,1413.86,0.0,1,0,0,0,1357.07,1357.07,1.0,9,0,0,0.0,61,0,1,2,0,RET004478,CUST03751
67,9,1,0.1111,0,0.0,4861.07,0.0,0,1,1,0,725.35,725.35,1.0,3,0,1,0.4478,6,0,1,2,0,RET004479,CUST03751
73,9,3,0.3333,0,0.0,4861.07,0.0,0,2,3,0,1576.61,1576.61,1.0,9,0,3,1.2329,3,0,1,2,0,RET004480,CUST03751
220,16,5,0.3125,3,5419.49,7060.69,0.048,0,0,0,0,34512.73,18989.36,0.5502,6,1,5,0.6818,141,1,1,2,1,RET004481,CUST03751
81,11,3,0.2727,1,2441.96,5108.17,0.0435,1,0,1,0,1977.21,1977.21,1.0,10,0,2,1.1111,11,0,1,1,1,RET004482,CUST03752
25,4,0,0.0,0,0.0,1630.05,0.0,0,0,0,0,1224.02,1224.02,1.0,7,0,0,0.0,25,0,1,1,0,RET004483,CUST03752
84,11,4,0.3636,1,2441.96,5108.17,0.0435,0,1,2,0,4101.94,4101.94,1.0,6,0,3,1.4286,3,0,1,1,1,RET004484,CUST03752
70,7,2,0.2857,1,2441.96,3328.23,0.1048,1,0,0,0,13456.97,13456.97,1.0,1,1,2,0.8571,40,1,1,1,1,RET004485,CUST03752
30,5,1,0.2,0,0.0,1443.83,0.0,0,1,1,0,2441.96,2441.96,1.0,12,0,1,1.0,5,0,1,1,0,RET004486,CUST03752
378,4,0,0.0,0,0.0,2487.19,0.0,0,0,0,0,1375.4,1375.4,1.0,5,0,0,0.0,378,0,1,1,0,RET004487,CUST03755
96,5,1,0.2,0,0.0,2445.98,0.0,0,0,0,0,869.27,869.27,1.0,17,0,1,0.3125,75,0,1,1,0,RET004488,CUST03756
21,2,0,0.0,0,0.0,1340.97,0.0,0,0,0,0,937.62,937.62,1.0,8,0,0,0.0,21,0,1,1,0,RET004489,CUST03756
321,1,0,0.0,0,0.0,2384.02,0.0,0,0,0,0,2384.02,2384.02,1.0,21,0,0,0.0,321,0,1,1,0,RET004490,CUST03759
160,1,0,0.0,0,0.0,23836.66,0.0,0,0,0,0,23836.66,23836.66,1.0,14,0,0,0.0,160,0,1,1,0,RET004491,CUST03763
15,9,0,0.0,0,0.0,10807.79,0.0,0,0,0,0,2960.49,2960.49,1.0,9,0,0,0.0,15,0,1,1,0,RET004492,CUST03765
43,15,1,0.0667,1,2960.49,8639.81,0.0228,0,0,1,1,884.81,884.81,1.0,6,0,1,0.6977,28,0,1,1,1,RET004493,CUST03765
34,6,2,0.3333,0,0.0,8018.78,0.0,1,1,2,0,3334.62,3334.62,1.0,1,0,2,1.7647,1,0,1,1,0,RET004494,CUST03768
33,5,1,0.2,0,0.0,8955.61,0.0,0,0,1,0,994.48,994.48,1.0,12,0,1,0.9091,27,0,1,1,0,RET004495,CUST03768
63,10,4,0.4,2,4329.1,6966.46,0.0621,0,0,3,2,2411.43,1538.09,0.6378,7,0,4,1.9048,19,0,1,1,1,RET004496,CUST03768
6,1,0,0.0,0,0.0,38916.2,0.0,0,0,0,0,38916.2,38916.2,1.0,2,0,0,0.0,6,0,1,1,0,RET004497,CUST03768
44,7,3,0.4286,2,4329.1,7402.05,0.0836,0,0,2,2,3701.68,3701.68,1.0,6,0,3,2.0455,10,0,1,1,1,RET004498,CUST03768
151,7,1,0.1429,1,514.88,10490.55,0.007,1,1,1,1,27587.18,27587.18,1.0,1,0,1,0.1987,3,1,1,1,0,RET004499,CUST03769
155,8,2,0.25,1,514.88,9674.0,0.0067,0,2,2,1,3958.1,3958.1,1.0,4,1,2,0.3871,4,0,1,1,0,RET004500,CUST03769
148,6,0,0.0,1,514.88,7641.11,0.0112,0,0,0,1,4651.9,4651.9,1.0,7,0,0,0.0,148,0,1,1,0,RET004501,CUST03769
391,12,4,0.3333,1,1178.65,5962.13,0.0165,0,1,4,1,4178.77,4178.77,1.0,13,0,3,0.3069,3,0,1,1,0,RET004502,CUST03771
376,9,0,0.0,0,0.0,6300.14,0.0,2,0,0,0,7611.52,7611.52,1.0,6,0,0,0.0,376,0,1,1,0,RET004503,CUST03771
388,12,3,0.25,1,1178.65,5962.13,0.0165,0,1,3,1,867.32,867.32,1.0,13,1,3,0.232,6,0,1,1,0,RET004504,CUST03771
382,12,2,0.1667,0,0.0,5962.13,0.0,0,2,2,0,1178.65,1178.65,1.0,10,0,2,0.1571,6,0,1,1,0,RET004505,CUST03771
376,9,0,0.0,0,0.0,6300.14,0.0,2,0,0,0,476.41,476.41,1.0,4,0,0,0.0,376,0,1,1,0,RET004506,CUST03771
84,16,1,0.0625,0,0.0,10203.63,0.0,0,0,1,0,1217.25,1217.25,1.0,4,0,1,0.3571,8,0,2,1,1,RET004507,CUST03772
86,16,3,0.1875,0,0.0,10203.63,0.0,0,2,3,0,5616.16,5616.16,1.0,7,1,3,1.0465,2,0,2,1,1,RET004508,CUST03772
86,16,3,0.1875,0,0.0,10203.63,0.0,0,2,3,0,2403.52,2403.52,1.0,7,0,3,1.0465,2,0,2,1,1,RET004509,CUST03772
84,16,1,0.0625,0,0.0,10203.63,0.0,0,0,1,0,1193.4,1193.4,1.0,14,0,1,0.3571,8,0,2,1,1,RET004510,CUST03772
118,21,8,0.381,4,10430.33,8210.47,0.0605,0,2,3,3,1509.25,1173.37,0.7775,4,2,4,2.0339,5,0,2,1,1,RET004511,CUST03772
76,10,0,0.0,0,0.0,12899.74,0.0,0,0,0,0,2447.05,2447.05,1.0,11,0,0,0.0,76,0,2,1,0,RET004512,CUST03772
104,20,5,0.25,4,10430.33,8545.53,0.061,0,0,5,4,2333.19,2185.09,0.9365,6,1,4,1.4423,18,0,2,1,1,RET004513,CUST03772
112,20,6,0.3,4,10430.33,8545.53,0.061,0,0,5,4,1708.76,1708.76,1.0,14,1,4,1.6071,8,0,2,1,1,RET004514,CUST03772
113,20,7,0.35,4,10430.33,8545.53,0.061,0,1,6,4,1705.26,1705.26,1.0,14,1,4,1.8584,1,0,2,1,1,RET004515,CUST03772
320,8,0,0.0,0,0.0,5503.94,0.0,0,0,0,0,4181.87,4181.87,1.0,27,0,0,0.0,320,0,1,1,0,RET004516,CUST03773
214,16,8,0.5,4,39298.18,8380.74,0.2931,0,0,0,0,2191.52,2191.52,1.0,3,0,3,1.1215,54,0,1,2,1,RET004517,CUST03775
134,11,5,0.4545,1,27905.16,9886.68,0.2566,1,1,4,0,514.75,514.75,1.0,1,2,2,1.1194,5,0,1,2,1,RET004518,CUST03775
65,2,0,0.0,0,0.0,15330.9,0.0,0,0,0,0,27905.16,27905.16,1.0,5,0,0,0.0,65,0,1,2,0,RET004519,CUST03775
227,18,9,0.5,5,40958.07,8951.58,0.2542,0,0,1,1,6239.09,4612.44,0.7393,7,0,4,1.1894,13,0,1,2,1,RET004520,CUST03775
116,6,1,0.1667,1,27905.16,13112.75,0.3547,0,0,0,0,2037.96,1015.66,0.4984,5,1,1,0.2586,51,0,1,2,1,RET004521,CUST03775
160,12,7,0.5833,3,32129.18,9660.2,0.2772,0,0,2,2,7169.0,7169.0,1.0,5,0,2,1.3125,21,0,1,2,1,RET004522,CUST03775
139,11,6,0.5455,2,28419.91,9886.68,0.2613,0,1,5,1,3709.27,3709.27,1.0,13,3,2,1.295,5,0,1,2,1,RET004523,CUST03775
119,8,2,0.25,1,27905.16,12590.42,0.277,1,1,1,0,28445.04,28445.04,1.0,14,0,1,0.5042,3,1,1,2,0,RET004524,CUST03775
129,10,4,0.4,1,27905.16,10823.87,0.2578,0,1,3,0,19879.19,19879.19,1.0,12,1,2,0.9302,5,0,1,2,1,RET004525,CUST03775
124,8,3,0.375,1,27905.16,12590.42,0.277,0,1,2,0,2167.72,2167.72,1.0,6,2,2,0.7258,5,0,1,2,1,RET004526,CUST03775
26,4,0,0.0,0,0.0,12085.09,0.0,0,0,0,0,4541.0,4541.0,1.0,9,0,0,0.0,26,0,2,1,0,RET004527,CUST03777
81,17,2,0.1176,2,14741.35,7331.25,0.1183,0,0,1,1,1100.41,1100.41,1.0,11,1,2,0.7407,23,0,2,1,1,RET004528,CUST03777
58,14,1,0.0714,1,4541.0,8539.97,0.038,0,0,0,1,10200.35,10200.35,1.0,14,0,1,0.5172,32,0,2,1,1,RET004529,CUST03777
113,4,2,0.5,1,1865.77,2949.7,0.1581,0,1,1,0,1069.98,1069.98,1.0,6,0,1,0.531,6,0,1,1,0,RET004530,CUST03779
77,2,0,0.0,0,0.0,3872.26,0.0,0,0,0,0,3358.61,1865.77,0.5555,28,0,0,0.0,77,0,1,1,0,RET004531,CUST03779
107,3,1,0.3333,1,1865.77,3576.28,0.1739,0,0,1,1,2984.32,2984.32,1.0,21,1,1,0.2804,30,0,1,1,0,RET004532,CUST03779
39,9,1,0.1111,1,7784.32,15495.61,0.0558,0,0,1,1,23885.75,23885.75,1.0,7,1,1,0.7692,17,0,5,1,0,RET004533,CUST03785
59,12,6,0.5,5,78913.67,12504.87,0.5259,0,1,5,4,1061.01,1061.01,1.0,13,0,3,3.0508,5,0,5,1,1,RET004534,CUST03785
46,10,4,0.4,2,31670.07,13986.33,0.2264,1,3,4,2,30155.7,30155.7,1.0,12,2,3,2.6087,3,1,5,1,1,RET004535,CUST03785
39,9,1,0.1111,1,7784.32,15495.61,0.0558,0,0,1,1,3992.91,3361.72,0.8419,4,0,1,0.7692,17,0,5,1,0,RET004536,CUST03785
22,1,0,0.0,0,0.0,10160.34,0.0,0,0,0,0,10160.34,7784.32,0.7661,12,0,0,0.0,22,0,5,1,0,RET004537,CUST03785
54,11,5,0.4545,3,48528.95,12811.3,0.3444,0,0,4,3,402.83,229.02,0.5685,9,1,3,2.7778,8,0,5,1,1,RET004538,CUST03785
71,13,7,0.5385,6,79679.15,12720.85,0.4818,0,0,4,5,15312.7,15312.7,1.0,6,0,4,2.9577,12,0,5,1,1,RET004539,CUST03785
43,9,3,0.3333,2,31670.07,15495.61,0.2271,0,2,3,2,17917.48,16858.88,0.9409,14,0,2,2.093,4,0,5,1,1,RET004540,CUST03785
79,14,5,0.3571,3,19228.98,4503.65,0.305,0,1,3,2,1300.99,1300.99,1.0,13,2,4,1.8987,6,0,1,1,1,RET004541,CUST03786
81,14,6,0.4286,4,20611.25,4503.65,0.3269,0,1,4,3,2886.12,1801.92,0.6243,14,1,4,2.2222,2,0,1,1,1,RET004542,CUST03786
68,10,2,0.2,1,2043.56,3725.94,0.0548,2,0,0,0,2493.85,1329.07,0.5329,1,1,2,0.8824,33,0,1,1,0,RET004543,CUST03786
73,14,4,0.2857,1,2043.56,4503.65,0.0324,0,2,2,0,1382.27,1382.27,1.0,2,0,3,1.6438,4,0,1,1,1,RET004544,CUST03786
69,12,3,0.25,1,2043.56,4796.09,0.0355,2,1,1,0,16022.31,16022.31,1.0,1,0,2,1.3043,1,1,1,1,1,RET004545,CUST03786
19,2,0,0.0,0,0.0,11481.63,0.0,1,0,0,0,2043.56,2043.56,1.0,1,0,0,0.0,19,0,1,1,0,RET004546,CUST03786
35,4,1,0.25,1,2043.56,6168.29,0.0828,0,0,1,1,604.42,604.42,1.0,3,0,1,0.8571,16,0,1,1,0,RET004547,CUST03786
52,12,4,0.3333,1,9478.43,6086.63,0.1298,0,2,3,1,14114.23,12648.66,0.8962,7,3,2,2.3077,4,1,1,4,1,RET004548,CUST03788
48,12,3,0.25,1,9478.43,6086.63,0.1298,1,1,3,1,4804.16,3622.63,0.7541,4,2,2,1.875,1,0,1,4,1,RET004549,CUST03788
47,11,2,0.1818,1,9478.43,6444.14,0.1337,0,0,2,1,3589.79,3589.79,1.0,11,1,2,1.2766,13,0,1,4,1,RET004550,CUST03788
34,4,1,0.25,1,9478.43,8767.6,0.2703,0,0,1,1,12344.71,12344.71,1.0,2,0,1,0.8824,13,0,1,4,1,RET004551,CUST03788
21,2,0,0.0,0,0.0,5268.78,0.0,0,0,0,0,9478.43,9478.43,1.0,2,0,0,0.0,21,0,1,4,0,RET004552,CUST03788
133,2,0,0.0,0,0.0,12717.1,0.0,0,0,0,0,24541.36,24541.36,1.0,10,0,0,0.0,133,0,1,1,0,RET004553,CUST03791
13,2,0,0.0,0,0.0,17792.03,0.0,0,0,0,0,34504.25,34504.25,1.0,2,0,0,0.0,13,0,1,3,0,RET004554,CUST03792
114,3,0,0.0,0,0.0,5517.25,0.0,0,0,0,0,693.58,556.98,0.8031,6,0,0,0.0,114,0,1,1,0,RET004555,CUST03793
101,12,3,0.25,1,2127.55,3956.64,0.0448,0,2,2,0,4844.81,4844.81,1.0,8,2,2,0.8911,4,0,1,1,1,RET004556,CUST03797
97,11,2,0.1818,1,2127.55,3770.88,0.0513,0,1,1,0,1414.51,1414.51,1.0,6,1,2,0.6186,2,0,1,1,1,RET004557,CUST03797
95,11,1,0.0909,1,2127.55,3770.88,0.0513,0,0,0,0,1563.5,1563.5,1.0,3,0,1,0.3158,90,0,1,1,1,RET004558,CUST03797
111,12,4,0.3333,3,5105.56,3956.64,0.1075,0,0,3,2,6000.0,6000.0,1.0,14,3,2,1.0811,10,0,1,1,1,RET004559,CUST03797
5,1,0,0.0,0,0.0,2127.55,0.0,0,0,0,0,2127.55,2127.55,1.0,2,0,0,0.0,5,0,1,1,0,RET004560,CUST03797
239,14,2,0.1429,2,4629.41,8610.6,0.0384,0,0,0,1,24200.47,24200.47,1.0,3,0,2,0.251,40,1,2,1,0,RET004561,CUST03799
199,11,1,0.0909,1,2419.81,6743.83,0.0326,0,0,0,0,2209.6,2209.6,1.0,3,0,1,0.1508,143,0,2,1,0,RET004562,CUST03799
56,4,0,0.0,0,0.0,8378.81,0.0,0,0,0,0,2122.08,2122.08,1.0,8,0,0,0.0,56,0,2,1,0,RET004563,CUST03799
70,4,0,0.0,0,0.0,864.88,0.0,0,0,0,0,1207.82,1207.82,1.0,11,0,0,0.0,70,0,1,1,0,RET004564,CUST03800
77,6,1,0.1667,0,0.0,1929.6,0.0,1,1,1,0,471.44,471.44,1.0,11,0,1,0.3896,7,0,1,1,0,RET004565,CUST03800
200,1,0,0.0,0,0.0,2281.2,0.0,0,0,0,0,2281.2,2281.2,1.0,25,0,0,0.0,200,0,4,1,0,RET004566,CUST03801
224,4,0,0.0,0,0.0,1480.86,0.0,0,0,0,0,3419.87,3419.87,1.0,10,0,0,0.0,224,1,1,2,0,RET004567,CUST03802
104,11,2,0.1818,1,3059.52,3188.73,0.0872,0,0,1,0,2186.5,2186.5,1.0,11,0,2,0.5769,18,0,1,4,1,RET004568,CUST03804
67,4,0,0.0,0,0.0,2810.44,0.0,0,0,0,0,3059.52,3059.52,1.0,4,0,0,0.0,67,0,1,4,0,RET004569,CUST03804
86,5,1,0.2,1,3059.52,2964.49,0.2064,0,0,1,1,3580.68,3580.68,1.0,3,0,1,0.3488,19,0,1,4,0,RET004570,CUST03804
276,15,5,0.3333,3,7214.36,7863.42,0.0612,0,2,2,0,3260.36,1851.94,0.568,2,2,4,0.5435,4,0,2,3,0,RET004571,CUST03807
305,17,6,0.3529,5,12829.58,7495.85,0.1007,0,0,1,2,7947.73,7947.73,1.0,8,1,4,0.5902,29,0,2,3,1,RET004572,CUST03807
320,18,7,0.3889,6,20777.31,7247.26,0.1593,0,0,1,1,3021.26,3021.26,1.0,12,0,4,0.6562,15,0,2,3,1,RET004573,CUST03807
144,2,0,0.0,0,0.0,3698.98,0.0,0,0,0,0,2079.18,2079.18,1.0,10,0,0,0.0,144,0,2,3,0,RET004574,CUST03807
188,5,1,0.2,1,2079.18,6219.8,0.0669,0,0,0,0,2850.66,2850.66,1.0,5,0,1,0.1596,44,0,2,3,0,RET004575,CUST03807
272,14,3,0.2143,3,7214.36,8192.21,0.0629,0,0,0,0,822.46,822.46,1.0,7,0,3,0.3309,57,0,2,3,0,RET004576,CUST03807
272,14,3,0.2143,3,7214.36,8192.21,0.0629,0,0,0,0,5404.63,3763.28,0.6963,5,1,3,0.3309,57,0,2,3,0,RET004577,CUST03807
215,7,2,0.2857,2,4929.84,5168.22,0.1363,0,0,1,1,3657.31,3657.31,1.0,4,0,2,0.2791,27,0,2,3,0,RET004578,CUST03807
15,5,0,0.0,0,0.0,3387.72,0.0,0,0,0,0,3928.54,3928.54,1.0,11,0,0,0.0,15,0,1,1,0,RET004579,CUST03811
76,7,1,0.1429,1,3928.54,3183.06,0.1763,0,0,0,0,2306.75,1039.63,0.4507,12,0,1,0.3947,61,0,1,1,0,RET004580,CUST03811
331,5,0,0.0,0,0.0,3921.77,0.0,0,0,0,0,1726.62,1726.62,1.0,13,0,0,0.0,331,0,1,1,0,RET004581,CUST03815
331,6,0,0.0,0,0.0,8756.98,0.0,0,0,0,0,19218.8,19218.8,1.0,27,0,0,0.0,331,1,1,4,0,RET004582,CUST03816
344,5,0,0.0,0,0.0,11180.11,0.0,0,0,0,0,2319.14,2319.14,1.0,13,0,0,0.0,344,0,1,1,0,RET004583,CUST03818
473,12,3,0.25,1,2319.14,8999.88,0.0215,0,1,1,0,1447.05,1447.05,1.0,5,2,2,0.1903,4,0,1,1,0,RET004584,CUST03818
469,12,2,0.1667,1,2319.14,8999.88,0.0215,1,0,0,0,15606.61,15606.61,1.0,13,1,2,0.1279,101,0,1,1,0,RET004585,CUST03818
368,7,1,0.1429,1,2319.14,11399.18,0.0291,0,0,1,1,22637.14,12836.57,0.5671,6,0,1,0.0815,24,0,1,1,0,RET004586,CUST03818
45,12,2,0.1667,2,34171.79,10584.81,0.269,0,0,1,2,2672.8,2672.8,1.0,5,0,2,1.3333,12,0,1,4,1,RET004587,CUST03819
14,3,0,0.0,0,0.0,32953.02,0.0,1,0,0,0,31219.98,31219.98,1.0,1,0,0,0.0,14,0,1,4,0,RET004588,CUST03819
33,5,1,0.2,1,31219.98,20634.62,0.3026,1,0,1,1,2951.81,2951.81,1.0,1,0,1,0.9091,19,0,1,4,1,RET004589,CUST03819
298,2,0,0.0,0,0.0,1905.85,0.0,0,0,0,0,1362.46,1362.46,1.0,18,0,0,0.0,298,0,1,1,0,RET004590,CUST03824
184,5,2,0.4,2,4240.37,11740.65,0.0722,0,0,0,0,47876.18,25000.18,0.5222,11,0,2,0.3261,41,1,1,1,1,RET004591,CUST03826
143,3,1,0.3333,1,2626.54,1576.46,0.5554,0,0,0,1,1613.83,1613.83,1.0,9,0,1,0.2098,33,0,1,1,1,RET004592,CUST03826
110,1,0,0.0,0,0.0,2626.54,0.0,0,0,0,0,2626.54,2626.54,1.0,9,0,0,0.0,110,0,1,1,0,RET004593,CUST03826
133,7,1,0.1429,1,2804.3,2951.88,0.1357,0,0,0,0,1711.41,1711.41,1.0,27,0,1,0.2256,60,0,1,1,0,RET004594,CUST03828
73,2,0,0.0,0,0.0,1804.43,0.0,0,0,0,0,2804.3,2804.3,1.0,21,0,0,0.0,73,0,1,1,0,RET004595,CUST03828
285,11,1,0.0909,1,5590.47,4999.67,0.1017,0,0,0,0,851.14,851.14,1.0,3,0,1,0.1053,33,0,1,1,0,RET004596,CUST03830
293,12,2,0.1667,1,5590.47,7894.19,0.059,0,0,1,0,1468.71,1367.96,0.9314,12,1,2,0.2048,8,0,1,1,0,RET004597,CUST03830
419,17,4,0.2353,4,12930.8,8284.17,0.0918,0,0,0,0,2856.69,2284.55,0.7997,9,1,3,0.2864,42,0,1,1,0,RET004598,CUST03830
377,14,3,0.2143,3,7809.57,9492.85,0.0588,0,0,0,0,6000.0,5121.23,0.8535,12,0,2,0.2387,84,0,1,1,0,RET004599,CUST03830
252,3,0,0.0,0,0.0,14062.94,0.0,0,0,0,0,6927.41,5590.47,0.807,10,0,0,0.0,252,0,1,1,0,RET004600,CUST03830
440,6,0,0.0,0,0.0,8446.19,0.0,0,0,0,0,2518.25,2518.25,1.0,5,0,0,0.0,440,0,1,1,0,RET004601,CUST03831
389,10,2,0.2,2,52547.28,12415.8,0.4232,0,0,1,2,4824.88,4824.88,1.0,6,0,2,0.1542,27,0,4,1,1,RET004602,CUST03832
351,7,0,0.0,0,0.0,8683.65,0.0,0,0,0,0,826.75,826.75,1.0,11,0,0,0.0,351,0,4,1,0,RET004603,CUST03832
362,9,1,0.1111,0,0.0,13259.23,0.0,0,0,1,0,52129.22,52129.22,1.0,5,0,1,0.0829,11,1,4,1,0,RET004604,CUST03832
71,2,0,0.0,0,0.0,14012.47,0.0,0,0,0,0,617.9,617.9,1.0,15,0,0,0.0,71,0,1,1,0,RET004605,CUST03833
14,5,0,0.0,0,0.0,3881.58,0.0,1,0,0,0,2998.92,2998.92,1.0,1,0,0,0.0,14,0,1,1,0,RET004606,CUST03835
26,7,1,0.1429,1,2998.92,3427.2,0.125,0,0,1,1,2650.29,2650.29,1.0,6,0,1,1.1538,12,0,1,1,0,RET004607,CUST03835
190,3,0,0.0,0,0.0,12204.86,0.0,0,0,0,0,937.52,937.52,1.0,3,0,0,0.0,190,0,1,1,0,RET004608,CUST03837
226,5,0,0.0,0,0.0,1469.52,0.0,0,0,0,0,1314.38,1314.38,1.0,25,0,0,0.0,226,0,1,1,0,RET004609,CUST03844
122,3,0,0.0,0,0.0,4259.29,0.0,0,0,0,0,4346.33,4346.33,1.0,6,0,0,0.0,122,0,1,3,0,RET004610,CUST03846
216,10,4,0.4,3,8042.41,3430.09,0.2345,0,0,0,0,884.87,884.87,1.0,6,2,3,0.5556,46,0,1,3,1,RET004611,CUST03846
133,5,1,0.2,0,0.0,4755.23,0.0,0,0,1,0,6515.35,6515.35,1.0,8,0,1,0.2256,11,0,1,3,0,RET004612,CUST03846
170,8,3,0.375,2,7668.82,3404.28,0.2816,0,0,1,1,373.59,373.59,1.0,8,1,3,0.5294,30,0,1,3,1,RET004613,CUST03846
140,6,2,0.3333,1,6515.35,4154.93,0.2613,0,1,2,1,1153.47,1153.47,1.0,6,0,2,0.4286,7,0,1,3,0,RET004614,CUST03846
241,12,5,0.4167,4,8927.28,3112.22,0.239,0,0,1,1,1429.33,1057.47,0.7398,4,1,3,0.6224,25,0,1,3,1,RET004615,CUST03846
36,6,1,0.1667,0,0.0,9937.16,0.0,0,1,1,0,1701.51,1701.51,1.0,7,0,1,0.8333,7,0,3,1,0,RET004616,CUST03849
29,4,0,0.0,0,0.0,10959.87,0.0,0,0,0,0,4987.1,4987.1,1.0,6,0,0,0.0,29,0,3,1,0,RET004617,CUST03849
45,8,2,0.25,0,0.0,7737.47,0.0,0,0,2,0,1211.06,1211.06,1.0,4,1,2,1.3333,9,0,3,1,0,RET004618,CUST03849
66,10,3,0.3,0,0.0,6366.53,0.0,0,0,2,0,441.65,441.65,1.0,10,0,2,1.3636,21,0,3,1,0,RET004619,CUST03849
90,16,4,0.25,1,441.65,5963.9,0.0046,1,0,1,1,627.87,627.87,1.0,3,2,3,1.3333,24,0,3,1,1,RET004620,CUST03849
281,2,0,0.0,0,0.0,1698.18,0.0,0,0,0,0,670.23,670.23,1.0,18,0,0,0.0,281,0,1,1,0,RET004621,CUST03850
216,2,0,0.0,0,0.0,12185.06,0.0,0,0,0,0,4116.99,4116.99,1.0,9,0,0,0.0,216,0,1,1,0,RET004622,CUST03851
381,5,1,0.2,1,4116.99,15443.22,0.0533,0,0,0,0,15911.28,15911.28,1.0,23,0,1,0.0787,165,0,1,1,0,RET004623,CUST03851
527,8,0,0.0,0,0.0,9126.1,0.0,0,0,0,0,29541.1,29541.1,1.0,20,0,0,0.0,527,1,1,1,0,RET004624,CUST03852
492,7,0,0.0,0,0.0,2706.17,0.0,0,0,0,0,4348.13,4088.88,0.9404,21,0,0,0.0,492,0,1,1,0,RET004625,CUST03853
305,2,0,0.0,0,0.0,8186.34,0.0,0,0,0,0,3793.18,3793.18,1.0,28,0,0,0.0,305,0,1,1,0,RET004626,CUST03854
36,6,1,0.1667,0,0.0,5833.05,0.0,0,1,1,0,3257.41,3257.41,1.0,14,0,1,0.8333,4,0,4,1,0,RET004627,CUST03858
32,6,0,0.0,0,0.0,5833.05,0.0,1,0,0,0,2385.85,2385.85,1.0,10,0,0,0.0,32,0,4,1,0,RET004628,CUST03858
421,3,0,0.0,0,0.0,5690.3,0.0,0,0,0,0,1623.03,1623.03,1.0,15,0,0,0.0,421,0,1,1,0,RET004629,CUST03860
404,4,0,0.0,0,0.0,2416.72,0.0,0,0,0,0,5709.09,5709.09,1.0,9,0,0,0.0,404,1,1,1,0,RET004630,CUST03861
405,4,1,0.25,0,0.0,2416.72,0.0,0,1,1,0,1378.87,707.37,0.513,17,0,1,0.0741,1,0,1,1,0,RET004631,CUST03861
242,2,0,0.0,0,0.0,2077.41,0.0,0,0,0,0,3160.21,3160.21,1.0,12,0,0,0.0,242,0,1,1,0,RET004632,CUST03864
174,3,0,0.0,0,0.0,7139.69,0.0,0,0,0,0,16978.44,7841.07,0.4618,6,0,0,0.0,174,0,1,1,0,RET004633,CUST03865
29,15,6,0.4,4,57552.42,8929.71,0.4297,0,0,6,4,3474.19,3474.19,1.0,10,1,3,6.2069,8,0,1,1,1,RET004634,CUST03867
15,11,1,0.0909,0,0.0,8301.55,0.0,2,1,1,0,20561.85,20561.85,1.0,3,0,1,2.0,2,1,1,1,1,RET004635,CUST03867
16,12,2,0.1667,0,0.0,9837.51,0.0,1,2,2,0,10886.91,10886.91,1.0,5,0,2,3.75,1,0,1,1,1,RET004636,CUST03867
20,15,3,0.2,0,0.0,8929.71,0.0,2,3,3,0,1973.9,1973.9,1.0,7,1,3,4.5,4,0,1,1,1,RET004637,CUST03867
13,8,0,0.0,0,0.0,8204.04,0.0,2,0,0,0,1700.48,1700.48,1.0,4,0,0,0.0,13,0,1,1,0,RET004638,CUST03867
21,15,4,0.2667,0,0.0,8929.71,0.0,0,3,4,0,26733.08,26733.08,1.0,6,2,3,5.7143,1,1,1,1,1,RET004639,CUST03867
21,15,4,0.2667,0,0.0,8929.71,0.0,0,3,4,0,21034.27,18231.95,0.8668,7,2,3,5.7143,1,1,1,1,1,RET004640,CUST03867
32,15,7,0.4667,4,57552.42,8929.71,0.4297,0,1,7,4,10836.56,10836.56,1.0,13,4,3,6.5625,3,0,1,1,1,RET004641,CUST03867
217,7,0,0.0,0,0.0,2889.19,0.0,0,0,0,0,8230.35,8230.35,1.0,11,0,0,0.0,217,1,1,1,0,RET004642,CUST03868
37,3,0,0.0,0,0.0,11981.16,0.0,1,0,0,0,26476.09,26476.09,1.0,17,0,0,0.0,37,1,1,1,0,RET004643,CUST03870
488,4,0,0.0,0,0.0,6834.95,0.0,0,0,0,0,20758.67,20758.67,1.0,14,0,0,0.0,488,1,1,1,0,RET004644,CUST03876
82,3,0,0.0,0,0.0,3307.49,0.0,0,0,0,0,2361.9,2361.9,1.0,4,0,0,0.0,82,0,1,1,0,RET004645,CUST03879
203,6,1,0.1667,1,694.02,3009.42,0.0384,0,0,0,0,1803.68,1803.68,1.0,23,0,1,0.1478,129,0,1,1,0,RET004646,CUST03880
74,1,0,0.0,0,0.0,694.02,0.0,0,0,0,0,694.02,694.02,1.0,5,0,0,0.0,74,0,1,1,0,RET004647,CUST03880
267,4,0,0.0,0,0.0,3951.19,0.0,0,0,0,0,10170.72,10170.72,1.0,17,0,0,0.0,267,1,1,1,0,RET004648,CUST03885
405,5,0,0.0,0,0.0,3717.0,0.0,0,0,0,0,3173.47,3173.47,1.0,22,0,0,0.0,405,0,1,1,0,RET004649,CUST03887
510,8,0,0.0,0,0.0,4803.14,0.0,0,0,0,0,1007.07,1007.07,1.0,4,0,0,0.0,510,0,1,1,0,RET004650,CUST03888
52,6,0,0.0,0,0.0,4291.96,0.0,0,0,0,0,3375.51,3375.51,1.0,30,0,0,0.0,52,0,1,1,0,RET004651,CUST03891
200,4,0,0.0,0,0.0,22969.97,0.0,0,0,0,0,21468.44,13649.3,0.6358,28,0,0,0.0,200,0,1,1,0,RET004652,CUST03892
57,4,0,0.0,0,0.0,1842.1,0.0,0,0,0,0,2649.46,2649.46,1.0,27,0,0,0.0,57,0,1,1,0,RET004653,CUST03896
561,6,0,0.0,0,0.0,8540.21,0.0,0,0,0,0,2784.66,1260.32,0.4526,25,0,0,0.0,561,0,1,1,0,RET004654,CUST03897
43,8,2,0.25,0,0.0,3474.5,0.0,0,1,1,0,1649.17,1649.17,1.0,8,0,2,1.3953,1,0,5,1,1,RET004655,CUST03900
42,8,1,0.125,0,0.0,3474.5,0.0,0,0,0,0,517.03,517.03,1.0,8,0,1,0.7143,39,0,5,1,0,RET004656,CUST03900
59,15,3,0.2,2,2166.2,5476.05,0.0264,1,0,2,2,37328.57,37328.57,1.0,5,1,3,1.5254,16,1,5,1,1,RET004657,CUST03900
62,15,5,0.3333,2,2166.2,5476.05,0.0264,0,2,4,2,5261.07,5261.07,1.0,12,0,3,2.4194,2,0,5,1,1,RET004658,CUST03900
60,15,4,0.2667,2,2166.2,5476.05,0.0264,0,1,3,2,990.6,990.6,1.0,7,1,3,2.0,1,0,5,1,1,RET004659,CUST03900
3,2,0,0.0,0,0.0,2550.19,0.0,1,0,0,0,783.5,783.5,1.0,1,0,0,0.0,3,0,5,1,0,RET004660,CUST03900
66,15,6,0.4,3,3156.8,5476.05,0.0384,0,3,5,3,6000.0,6000.0,1.0,8,0,4,2.7273,4,0,5,1,1,RET004661,CUST03900
6,4,0,0.0,0,0.0,5187.72,0.0,0,0,0,0,1242.61,1242.61,1.0,6,0,0,0.0,6,0,1,1,0,RET004662,CUST03901
14,8,2,0.25,0,0.0,3566.55,0.0,0,1,2,0,2373.85,2373.85,1.0,3,0,2,4.2857,6,0,1,1,0,RET004663,CUST03901
8,5,1,0.2,0,0.0,4488.16,0.0,1,1,1,0,1689.94,1008.19,0.5966,1,0,1,3.75,2,0,1,1,0,RET004664,CUST03901
16,10,4,0.4,1,1242.61,4880.83,0.0255,1,2,4,1,625.96,625.96,1.0,5,0,3,7.5,2,0,1,1,1,RET004665,CUST03901
14,8,2,0.25,0,0.0,3566.55,0.0,0,1,2,0,15539.43,15539.43,1.0,11,1,2,4.2857,6,1,1,1,0,RET004666,CUST03901
29,12,5,0.4167,3,17790.23,4444.9,0.3335,0,0,5,3,2990.81,2990.81,1.0,13,0,4,5.1724,13,0,1,1,1,RET004667,CUST03901
173,8,2,0.25,2,4008.56,4257.5,0.1177,0,1,1,1,1506.0,1506.0,1.0,26,0,2,0.3468,6,0,1,1,0,RET004668,CUST03904
167,8,1,0.125,1,1581.89,4257.5,0.0464,0,0,0,0,2683.87,2426.67,0.9042,3,0,1,0.1796,77,0,1,1,0,RET004669,CUST03904
90,4,0,0.0,0,0.0,2566.42,0.0,0,0,0,0,1742.43,1581.89,0.9079,14,0,0,0.0,90,0,1,1,0,RET004670,CUST03904
41,15,6,0.4,2,3124.73,4928.92,0.0423,0,5,6,2,22649.43,22649.43,1.0,12,1,5,4.3902,1,1,5,3,1,RET004671,CUST03907
34,12,1,0.0833,1,2170.78,5424.36,0.0333,1,0,1,1,953.95,953.95,1.0,7,1,1,0.8824,9,0,5,3,1,RET004672,CUST03907
42,15,7,0.4667,3,4414.31,4928.92,0.0597,0,4,7,3,2103.32,2103.32,1.0,7,2,5,5.0,1,0,5,3,1,RET004673,CUST03907
34,12,1,0.0833,1,2170.78,5424.36,0.0333,1,0,1,1,1289.58,1289.58,1.0,2,0,1,0.8824,9,0,5,3,1,RET004674,CUST03907
36,15,3,0.2,1,2170.78,4928.92,0.0294,2,2,3,1,8558.58,8558.58,1.0,5,0,2,2.5,2,0,5,3,1,RET004675,CUST03907
95,19,9,0.4737,8,39797.7,6429.59,0.3258,0,0,0,0,22464.49,17934.94,0.7984,3,3,6,2.8421,43,1,5,3,1,RET004676,CUST03907
52,16,8,0.5,7,39349.5,4681.96,0.5253,0,0,8,7,977.6,448.2,0.4585,7,0,5,4.6154,10,0,5,3,1,RET004677,CUST03907
38,15,4,0.2667,2,3124.73,4928.92,0.0423,0,3,4,2,2683.19,2683.19,1.0,14,0,3,3.1579,2,0,5,3,1,RET004678,CUST03907
25,2,0,0.0,0,0.0,2426.99,0.0,1,0,0,0,2170.78,2170.78,1.0,14,0,0,0.0,25,0,5,3,0,RET004679,CUST03907
103,20,10,0.5,8,39797.7,6206.65,0.3206,0,0,1,0,1970.93,1970.93,1.0,2,1,6,2.9126,8,0,5,3,1,RET004680,CUST03907
40,15,5,0.3333,2,3124.73,4928.92,0.0423,0,4,5,2,1043.99,1043.99,1.0,7,0,4,3.75,2,0,5,3,1,RET004681,CUST03907
107,21,11,0.5238,8,39797.7,6552.57,0.2892,0,1,2,0,13470.89,13470.89,1.0,3,2,6,3.0841,4,1,5,3,1,RET004682,CUST03907
191,5,0,0.0,0,0.0,17980.93,0.0,0,0,0,0,10921.44,10921.44,1.0,10,0,0,0.0,191,0,1,1,0,RET004683,CUST03909
211,5,1,0.2,1,10921.44,17980.93,0.1215,0,0,1,1,2779.62,2779.62,1.0,28,1,1,0.1422,20,0,1,1,0,RET004684,CUST03909
97,1,0,0.0,0,0.0,8000.0,0.0,0,0,0,0,8000.0,8000.0,1.0,11,0,0,0.0,97,0,1,1,0,RET004685,CUST03910
26,20,9,0.45,3,20353.92,10851.18,0.0938,0,0,9,3,885.86,695.76,0.7854,11,2,5,10.3846,9,0,1,1,1,RET004686,CUST03913
11,11,1,0.0909,0,0.0,11269.96,0.0,1,1,1,0,1249.46,1249.46,1.0,10,0,1,2.7273,3,0,1,1,1,RET004687,CUST03913
17,20,8,0.4,0,0.0,10851.18,0.0,2,7,8,0,4341.9,4341.9,1.0,9,0,4,14.1176,1,0,1,1,1,RET004688,CUST03913
28,20,12,0.6,3,20353.92,10851.18,0.0938,0,3,12,3,2887.98,2887.98,1.0,14,0,6,12.8571,1,0,1,1,1,RET004689,CUST03913
13,14,4,0.2857,0,0.0,12526.36,0.0,1,4,4,0,11477.62,11477.62,1.0,5,0,3,9.2308,1,0,1,1,1,RET004690,CUST03913
26,20,9,0.45,3,20353.92,10851.18,0.0938,0,0,9,3,13475.47,13475.47,1.0,14,0,5,10.3846,9,0,1,1,1,RET004691,CUST03913
12,13,3,0.2308,0,0.0,12453.35,0.0,2,3,3,0,8984.94,8984.94,1.0,1,0,2,7.5,1,0,1,1,1,RET004692,CUST03913
13,14,4,0.2857,0,0.0,12526.36,0.0,1,4,4,0,204.36,204.36,1.0,7,1,3,9.2308,1,0,1,1,1,RET004693,CUST03913
16,18,7,0.3889,0,0.0,11925.29,0.0,1,6,7,0,2407.87,2407.87,1.0,10,1,4,13.125,1,0,1,1,1,RET004694,CUST03913
8,7,0,0.0,0,0.0,9220.7,0.0,0,0,0,0,19182.2,19182.2,1.0,5,0,0,0.0,8,1,1,1,0,RET004695,CUST03913
11,11,1,0.0909,0,0.0,11269.96,0.0,1,1,1,0,19075.42,19075.42,1.0,3,0,1,2.7273,3,0,1,1,1,RET004696,CUST03913
15,17,6,0.3529,0,0.0,12574.67,0.0,2,6,6,0,18190.85,18190.85,1.0,11,1,4,12.0,2,0,1,1,0,RET004697,CUST03913
27,20,11,0.55,3,20353.92,10851.18,0.0938,0,2,11,3,827.06,827.06,1.0,11,2,6,12.2222,1,0,1,1,1,RET004698,CUST03913
285,10,3,0.3,2,3880.71,3877.57,0.1001,1,1,1,0,7753.62,7753.62,1.0,5,0,3,0.3158,2,0,1,3,0,RET004699,CUST03915
299,22,8,0.3636,5,22508.16,5717.27,0.1789,0,0,6,3,1347.39,1273.1,0.9449,13,3,4,0.8027,8,0,1,3,1,RET004700,CUST03915
290,17,6,0.3529,3,6430.4,5437.39,0.0696,1,4,4,1,14438.98,14438.98,1.0,2,2,4,0.6207,2,1,1,3,1,RET004701,CUST03915
288,15,5,0.3333,3,6430.4,5090.53,0.0842,3,3,3,1,5647.31,5647.31,1.0,6,1,4,0.5208,3,0,1,3,1,RET004702,CUST03915
302,22,9,0.4091,5,22508.16,5717.27,0.1789,0,1,7,3,17871.56,17871.56,1.0,11,0,4,0.894,3,1,1,3,1,RET004703,CUST03915
291,18,7,0.3889,3,6430.4,5260.83,0.0679,1,4,5,1,1638.78,1638.78,1.0,2,2,4,0.7216,1,0,1,3,1,RET004704,CUST03915
283,9,2,0.2222,2,3880.71,4099.61,0.1052,2,0,0,0,2549.69,2549.69,1.0,3,0,2,0.212,47,0,1,3,0,RET004705,CUST03915
285,10,3,0.3,2,3880.71,3877.57,0.1001,1,1,1,0,1086.98,1086.98,1.0,3,1,3,0.3158,2,0,1,3,0,RET004706,CUST03915
236,4,1,0.25,1,1903.93,4270.82,0.1114,0,0,1,1,1976.78,1976.78,1.0,10,0,1,0.1271,13,0,1,3,0,RET004707,CUST03915
223,3,0,0.0,0,0.0,5035.5,0.0,0,0,0,0,2447.89,2447.89,1.0,13,0,0,0.0,223,0,1,3,1,RET004708,CUST03915
354,25,11,0.44,8,44063.28,5254.29,0.3354,0,0,0,1,1760.3,1760.3,1.0,4,0,5,0.9322,42,0,1,3,1,RET004709,CUST03915
312,23,10,0.4348,6,23781.26,5573.5,0.1855,0,0,8,4,2410.46,2410.46,1.0,5,1,5,0.9615,10,0,1,3,1,RET004710,CUST03915
84,1,0,0.0,0,0.0,4918.16,0.0,0,0,0,0,4918.16,4918.16,1.0,11,0,0,0.0,84,0,1,1,0,RET004711,CUST03919
54,11,4,0.3636,3,24584.44,9091.79,0.2458,0,0,2,2,21059.06,21059.06,1.0,6,0,4,2.2222,18,1,4,3,1,RET004712,CUST03922
13,1,0,0.0,0,0.0,13080.64,0.0,0,0,0,0,13080.64,13080.64,1.0,10,0,0,0.0,13,0,4,3,0,RET004713,CUST03922
36,6,3,0.5,2,3700.51,7557.2,0.0816,0,0,3,2,20883.93,20883.93,1.0,12,0,3,2.5,11,1,4,3,1,RET004714,CUST03922
18,3,1,0.3333,0,0.0,5668.0,0.0,0,1,1,0,1025.25,1025.25,1.0,2,0,1,1.6667,5,0,4,3,1,RET004715,CUST03922
80,14,7,0.5,4,45643.5,11050.06,0.295,0,0,3,1,37137.36,37137.36,1.0,2,0,5,2.625,20,1,4,3,1,RET004716,CUST03922
54,11,4,0.3636,3,24584.44,9091.79,0.2458,0,0,2,2,11910.08,11910.08,1.0,14,1,4,2.2222,18,0,4,3,1,RET004717,CUST03922
25,4,2,0.5,1,1025.25,9471.98,0.0271,1,1,2,1,2898.1,2675.26,0.9231,10,0,2,2.4,7,0,4,3,1,RET004718,CUST03922
60,11,6,0.5455,3,24584.44,9091.79,0.2458,0,2,3,2,17873.96,8919.81,0.499,11,1,5,3.0,6,0,4,3,1,RET004719,CUST03922
91,8,0,0.0,0,0.0,10103.46,0.0,0,0,0,0,18291.44,18291.44,1.0,29,0,0,0.0,91,0,1,1,0,RET004720,CUST03925
367,24,5,0.2083,2,7762.02,7041.69,0.0459,0,0,2,0,13890.67,13890.67,1.0,12,1,5,0.4087,22,0,1,1,0,RET004721,CUST03929
162,2,0,0.0,0,0.0,7929.56,0.0,0,0,0,0,4211.9,4211.9,1.0,10,0,0,0.0,162,0,1,1,0,RET004722,CUST03929
345,22,4,0.1818,2,7762.02,6316.21,0.0559,0,1,1,0,11336.18,11336.18,1.0,3,0,4,0.3478,6,0,1,1,0,RET004723,CUST03929
339,21,3,0.1429,2,7762.02,6077.16,0.0608,0,0,0,0,885.66,885.66,1.0,13,0,3,0.2655,158,0,1,1,0,RET004724,CUST03929
177,6,1,0.1667,1,4211.9,7395.86,0.0949,0,0,1,1,2406.64,2406.64,1.0,3,0,1,0.1695,15,0,1,1,0,RET004725,CUST03929
181,8,2,0.25,1,4211.9,6190.46,0.085,1,1,2,1,3550.12,3550.12,1.0,2,0,2,0.3315,4,0,1,1,0,RET004726,CUST03929
52,2,0,0.0,0,0.0,1463.61,0.0,0,0,0,0,2182.92,2182.92,1.0,30,0,0,0.0,52,0,1,1,0,RET004727,CUST03930
118,3,0,0.0,0,0.0,2977.27,0.0,0,0,0,0,743.05,743.05,1.0,27,0,0,0.0,118,0,1,1,0,RET004728,CUST03935
75,6,2,0.3333,1,990.48,6112.13,0.027,1,1,1,1,1506.38,1506.38,1.0,2,1,2,0.8,7,0,1,4,1,RET004729,CUST03936
89,7,3,0.4286,2,2122.5,5370.86,0.0565,0,0,2,1,923.26,923.26,1.0,7,2,2,1.0112,14,0,1,4,1,RET004730,CUST03936
100,9,4,0.4444,3,3045.76,4539.36,0.0746,0,0,2,2,1446.07,1446.07,1.0,9,1,2,1.2,11,0,1,4,1,RET004731,CUST03936
68,4,1,0.25,1,990.48,4305.52,0.0575,0,0,1,1,11716.54,11716.54,1.0,14,0,1,0.4412,24,1,1,4,1,RET004732,CUST03936
44,3,0,0.0,0,0.0,1835.18,0.0,0,0,0,0,990.48,990.48,1.0,5,0,0,0.0,44,0,1,4,0,RET004733,CUST03936
299,2,0,0.0,0,0.0,1523.11,0.0,0,0,0,0,1960.91,1960.91,1.0,15,0,0,0.0,299,0,1,1,0,RET004734,CUST03938
400,4,1,0.25,1,1960.91,1696.53,0.289,0,0,0,0,1681.76,1681.76,1.0,21,0,1,0.075,101,0,1,1,0,RET004735,CUST03938
175,5,0,0.0,0,0.0,1832.98,0.0,0,0,0,0,1930.78,1930.78,1.0,5,0,0,0.0,175,0,1,1,0,RET004736,CUST03940
293,15,4,0.2667,1,1736.22,6246.64,0.0185,0,2,4,1,19185.42,19185.42,1.0,9,0,2,0.4096,1,1,1,2,1,RET004737,CUST03943
295,15,5,0.3333,1,1736.22,6246.64,0.0185,0,2,5,1,3867.71,3867.71,1.0,5,0,3,0.5085,2,0,1,2,0,RET004738,CUST03943
286,5,2,0.4,0,0.0,9474.37,0.0,0,2,2,0,17282.06,17282.06,1.0,2,1,2,0.2098,1,0,1,2,0,RET004739,CUST03943
301,15,8,0.5333,3,8578.84,6246.64,0.0916,0,3,8,3,3367.42,3367.42,1.0,12,0,4,0.7973,3,0,1,2,1,RET004740,CUST03943
292,15,3,0.2,1,1736.22,6246.64,0.0185,1,2,3,1,3088.02,3088.02,1.0,3,1,2,0.3082,6,0,1,2,0,RET004741,CUST03943
297,15,6,0.4,2,4824.24,6246.64,0.0515,0,3,6,2,3754.6,3754.6,1.0,7,2,4,0.6061,2,0,1,2,1,RET004742,CUST03943
285,5,1,0.2,0,0.0,9474.37,0.0,3,1,1,0,2331.6,2331.6,1.0,1,0,1,0.1053,3,0,1,2,0,RET004743,CUST03943
298,15,7,0.4667,2,4824.24,6246.64,0.0515,0,4,7,2,3975.06,3626.6,0.9123,12,1,4,0.7047,1,0,1,2,1,RET004744,CUST03943
304,15,9,0.6,4,24490.21,6246.64,0.2614,0,3,9,4,796.16,796.16,1.0,14,0,5,0.8882,3,0,1,2,1,RET004745,CUST03943
343,17,11,0.6471,4,24490.21,7007.62,0.2056,0,0,1,0,23898.12,23898.12,1.0,14,2,7,0.9621,9,1,1,2,1,RET004746,CUST03943
428,20,12,0.6,6,49782.78,7411.78,0.3358,0,0,0,0,803.64,803.64,1.0,13,1,7,0.8411,85,0,1,2,1,RET004747,CUST03943
282,2,0,0.0,0,0.0,4286.39,0.0,0,0,0,0,4077.57,2716.4,0.6662,6,0,0,0.0,282,0,1,2,0,RET004748,CUST03943
334,17,10,0.5882,4,24490.21,7007.62,0.2056,0,0,1,0,1531.8,1394.45,0.9103,6,0,6,0.8982,30,0,1,2,1,RET004749,CUST03943
74,2,0,0.0,0,0.0,9457.6,0.0,0,0,0,0,18594.39,18594.39,1.0,5,0,0,0.0,74,0,1,1,0,RET004750,CUST03944
144,6,0,0.0,0,0.0,4774.86,0.0,0,0,0,0,2315.56,2315.56,1.0,6,0,0,0.0,144,0,1,1,0,RET004751,CUST03946
38,1,0,0.0,0,0.0,17726.05,0.0,0,0,0,0,17726.05,17726.05,1.0,21,0,0,0.0,38,0,1,1,0,RET004752,CUST03948
370,4,0,0.0,0,0.0,7652.6,0.0,0,0,0,0,21170.68,21170.68,1.0,21,0,0,0.0,370,1,1,1,0,RET004753,CUST03950
485,10,2,0.2,2,31631.33,8857.65,0.3571,1,0,1,1,5067.99,5067.99,1.0,2,1,2,0.1237,12,0,3,2,1,RET004754,CUST03951
525,15,3,0.2,3,36699.32,10083.84,0.2426,0,0,0,1,17187.01,15708.53,0.914,14,1,2,0.1714,40,0,3,2,0,RET004755,CUST03951
372,2,0,0.0,0,0.0,2749.19,0.0,0,0,0,0,969.44,969.44,1.0,8,0,0,0.0,372,0,3,2,0,RET004756,CUST03951
473,6,1,0.1667,1,969.44,9236.52,0.0175,0,0,0,0,30661.89,30661.89,1.0,8,0,1,0.0634,101,1,3,2,0,RET004757,CUST03951
172,4,0,0.0,0,0.0,2356.49,0.0,1,0,0,0,1060.62,1060.62,1.0,26,0,0,0.0,172,0,1,1,0,RET004758,CUST03952
114,4,0,0.0,0,0.0,4361.8,0.0,0,0,0,0,1667.93,1667.93,1.0,26,0,0,0.0,114,0,1,1,0,RET004759,CUST03954
28,14,3,0.2143,2,12241.66,5821.28,0.1502,0,2,3,2,1424.36,894.65,0.6281,6,0,1,3.2143,5,0,1,4,1,RET004760,CUST03956
21,9,1,0.1111,0,0.0,5557.34,0.0,0,1,1,0,9616.24,9616.24,1.0,7,1,1,1.4286,6,0,1,4,0,RET004761,CUST03956
29,16,4,0.25,2,12241.66,8007.69,0.0955,2,2,4,2,395.21,395.21,1.0,14,3,2,4.1379,1,0,1,4,1,RET004762,CUST03956
23,12,2,0.1667,0,0.0,6390.21,0.0,1,1,2,0,1781.97,1781.97,1.0,8,2,1,2.6087,2,0,1,4,1,RET004763,CUST03956
38,17,7,0.4118,3,12946.58,7590.42,0.1003,0,1,7,3,932.52,932.52,1.0,14,0,3,5.5263,5,0,1,4,1,RET004764,CUST03956
44,18,8,0.4444,6,35807.37,7275.17,0.2734,0,1,8,6,913.98,913.98,1.0,14,1,4,5.4545,6,0,1,4,1,RET004765,CUST03956
33,17,6,0.3529,2,12241.66,7590.42,0.0949,0,3,6,2,704.92,704.92,1.0,5,4,3,5.4545,4,0,1,4,1,RET004766,CUST03956
29,16,4,0.25,2,12241.66,8007.69,0.0955,2,2,4,2,21802.36,21802.36,1.0,14,0,2,4.1379,1,1,1,4,1,RET004767,CUST03956
50,19,9,0.4737,6,35807.37,6947.27,0.2713,0,1,8,6,1045.12,1045.12,1.0,4,2,4,5.4,6,0,1,4,1,RET004768,CUST03956
103,23,11,0.4783,9,39682.51,7111.08,0.2426,0,0,0,0,4672.69,4672.69,1.0,13,6,4,3.2039,51,0,1,4,1,RET004769,CUST03956
15,2,0,0.0,0,0.0,6120.83,0.0,1,0,0,0,2625.42,2625.42,1.0,14,0,0,0.0,15,0,1,4,0,RET004770,CUST03956
52,19,10,0.5263,6,35807.37,6947.27,0.2713,0,1,8,6,1916.04,1916.04,1.0,10,5,4,5.7692,2,0,1,4,1,RET004771,CUST03956
273,7,0,0.0,0,0.0,5634.24,0.0,1,0,0,0,25598.78,25598.78,1.0,7,0,0,0.0,273,1,1,1,0,RET004772,CUST03957
278,7,1,0.1429,0,0.0,5634.24,0.0,0,1,1,0,1382.92,1382.92,1.0,6,1,1,0.1079,5,0,1,1,0,RET004773,CUST03957
357,13,3,0.2308,1,663.67,6207.18,0.0082,0,0,1,1,2560.05,2242.02,0.8758,5,0,2,0.2521,22,0,1,1,0,RET004774,CUST03957
335,11,2,0.1818,0,0.0,6944.99,0.0,1,0,0,0,869.17,663.67,0.7636,1,0,1,0.1791,57,0,1,1,0,RET004775,CUST03957
23,8,0,0.0,0,0.0,8454.15,0.0,1,0,0,0,4019.89,3147.04,0.7829,13,0,0,0.0,23,0,3,1,0,RET004776,CUST03960
46,3,1,0.3333,1,302.49,1431.03,0.0705,0,0,0,1,2135.1,2135.1,1.0,5,0,1,0.6522,34,0,3,1,0,RET004777,CUST03961
12,1,0,0.0,0,0.0,738.33,0.0,0,0,0,0,738.33,302.49,0.4097,5,0,0,0.0,12,0,3,1,0,RET004778,CUST03961
124,15,3,0.2,1,302.49,5567.84,0.0036,0,0,0,0,5086.18,5086.18,1.0,11,0,2,0.7258,32,0,3,1,0,RET004779,CUST03961
92,10,2,0.2,1,302.49,2832.05,0.0107,0,0,0,0,13780.69,13780.69,1.0,2,1,2,0.6522,46,1,3,1,0,RET004780,CUST03961
68,13,3,0.2308,0,0.0,8627.73,0.0,2,3,3,0,737.57,737.57,1.0,9,1,3,1.3235,1,0,1,1,1,RET004781,CUST03963
71,13,6,0.4615,2,20338.76,8627.73,0.1813,0,5,6,2,18135.91,18135.91,1.0,4,2,3,2.5352,2,1,1,1,1,RET004782,CUST03963
68,13,3,0.2308,0,0.0,8627.73,0.0,2,3,3,0,2373.1,2373.1,1.0,2,1,3,1.3235,1,0,1,1,1,RET004783,CUST03963
66,9,1,0.1111,0,0.0,7861.25,0.0,0,1,1,0,15261.69,15261.69,1.0,2,0,1,0.4545,4,0,1,1,0,RET004784,CUST03963
69,13,5,0.3846,0,0.0,8627.73,0.0,0,5,5,0,6128.6,6128.6,1.0,9,1,3,2.1739,1,0,1,1,1,RET004785,CUST03963
67,11,2,0.1818,0,0.0,6734.8,0.0,2,2,2,0,1302.16,1302.16,1.0,3,0,2,0.8955,1,0,1,1,1,RET004786,CUST03963
95,20,9,0.45,5,50407.77,8345.69,0.302,0,1,8,5,2847.28,2847.28,1.0,9,3,4,2.8421,2,0,1,1,1,RET004787,CUST03963
93,20,8,0.4,5,50407.77,8345.69,0.302,1,0,7,5,2778.83,2304.51,0.8293,2,0,3,2.5806,22,0,1,1,1,RET004788,CUST03963
71,13,6,0.4615,2,20338.76,8627.73,0.1813,0,5,6,2,13542.28,13542.28,1.0,9,3,3,2.5352,2,0,1,1,1,RET004789,CUST03963
62,6,0,0.0,0,0.0,6774.18,0.0,0,0,0,0,9560.0,9560.0,1.0,14,0,0,0.0,62,0,1,1,0,RET004790,CUST03963
122,23,11,0.4783,8,63808.47,7769.05,0.3571,0,0,3,3,5469.3,5469.3,1.0,13,4,4,2.7049,25,0,1,1,1,RET004791,CUST03963
97,21,10,0.4762,5,50407.77,8094.49,0.2965,0,2,8,5,2592.26,2592.26,1.0,14,4,4,3.0928,2,0,1,1,1,RET004792,CUST03963
65,8,0,0.0,0,0.0,8454.59,0.0,0,0,0,0,838.85,838.85,1.0,5,0,0,0.0,65,0,5,1,0,RET004793,CUST03964
97,7,0,0.0,0,0.0,1269.05,0.0,1,0,0,0,2737.87,2737.87,1.0,5,0,0,0.0,97,1,1,1,0,RET004794,CUST03967
105,12,2,0.1667,0,0.0,4025.26,0.0,1,1,2,0,1602.2,1602.2,1.0,14,0,1,0.5714,6,0,1,1,1,RET004795,CUST03967
99,7,1,0.1429,0,0.0,1269.05,0.0,0,1,1,0,623.58,623.58,1.0,5,1,1,0.303,2,0,1,1,0,RET004796,CUST03967
266,20,6,0.3,5,10217.83,3802.25,0.1344,0,0,0,0,638.68,638.68,1.0,12,0,4,0.6767,45,0,1,1,0,RET004797,CUST03967
191,14,3,0.2143,2,2066.32,3859.08,0.0382,0,0,0,0,3583.12,3583.12,1.0,8,0,2,0.4712,86,0,1,1,0,RET004798,CUST03967
267,20,7,0.35,5,10217.83,3802.25,0.1344,0,1,1,0,10885.65,10885.65,1.0,6,2,5,0.7865,1,1,1,1,1,RET004799,CUST03967
221,17,5,0.2941,4,8455.04,3568.91,0.1394,0,0,2,2,1762.79,1762.79,1.0,11,1,4,0.6787,24,0,1,1,0,RET004800,CUST03967
197,15,4,0.2667,3,5649.44,3788.84,0.0994,0,1,1,1,2805.6,2805.6,1.0,3,0,3,0.6091,6,0,1,1,0,RET004801,CUST03967
41,1,0,0.0,0,0.0,290.26,0.0,0,0,0,0,290.26,290.26,1.0,6,0,0,0.0,41,0,1,1,0,RET004802,CUST03968
145,2,0,0.0,0,0.0,8216.91,0.0,0,0,0,0,3995.12,3995.12,1.0,4,0,0,0.0,145,0,1,1,0,RET004803,CUST03970
359,2,0,0.0,0,0.0,863.85,0.0,0,0,0,0,1217.42,1217.42,1.0,16,0,0,0.0,359,0,1,1,0,RET004804,CUST03974
42,7,0,0.0,0,0.0,1491.23,0.0,0,0,0,0,319.79,260.9,0.8158,18,0,0,0.0,42,0,1,1,0,RET004805,CUST03975
50,7,1,0.1429,0,0.0,1491.23,0.0,0,0,1,0,865.69,350.26,0.4046,30,0,1,0.6,8,0,1,1,0,RET004806,CUST03975
361,9,2,0.2222,1,2590.26,4351.41,0.0661,1,0,0,0,583.16,583.16,1.0,6,0,2,0.1662,80,0,2,1,0,RET004807,CUST03979
204,5,0,0.0,0,0.0,2657.27,0.0,0,0,0,0,2958.28,2958.28,1.0,11,0,0,0.0,204,0,2,1,0,RET004808,CUST03979
281,6,1,0.1667,0,0.0,2646.1,0.0,0,0,0,0,2590.26,2590.26,1.0,25,0,1,0.1068,77,0,2,1,0,RET004809,CUST03979
118,15,4,0.2667,3,30552.1,9191.86,0.2216,0,0,0,1,1706.79,1706.79,1.0,4,0,3,1.0169,32,0,1,1,1,RET004810,CUST03982
78,10,2,0.2,2,16014.46,10740.55,0.1491,0,0,0,1,21126.73,21126.73,1.0,8,1,2,0.7692,36,0,1,1,0,RET004811,CUST03982
12,2,0,0.0,0,0.0,14362.24,0.0,0,0,0,0,15806.58,14002.57,0.8859,9,0,0,0.0,12,0,1,1,0,RET004812,CUST03982
86,11,3,0.2727,2,16014.46,11085.74,0.1313,0,0,1,0,14537.64,14537.64,1.0,2,0,2,1.0465,8,0,1,1,1,RET004813,CUST03982
42,5,1,0.2,1,14002.57,9537.91,0.2936,0,0,1,1,2380.27,2380.27,1.0,5,0,1,0.7143,30,0,1,1,0,RET004814,CUST03982
303,5,0,0.0,0,0.0,2802.41,0.0,0,0,0,0,2515.58,1672.09,0.6647,27,0,0,0.0,303,0,1,1,0,RET004815,CUST03983
94,5,1,0.2,1,426.2,1780.95,0.0479,0,0,1,1,1362.32,1362.32,1.0,28,0,1,0.3191,30,0,1,1,0,RET004816,CUST03984
64,3,0,0.0,0,0.0,1867.33,0.0,0,0,0,0,614.2,614.2,1.0,23,0,0,0.0,64,0,1,1,0,RET004817,CUST03984
414,8,0,0.0,0,0.0,5710.62,0.0,0,0,0,0,10072.13,10072.13,1.0,28,0,0,0.0,414,0,1,1,0,RET004818,CUST03986
361,2,0,0.0,0,0.0,2107.86,0.0,0,0,0,0,2260.42,2260.42,1.0,30,0,0,0.0,361,0,1,1,0,RET004819,CUST03991
325,1,0,0.0,0,0.0,5409.93,0.0,0,0,0,0,5409.93,5409.93,1.0,9,0,0,0.0,325,0,1,1,0,RET004820,CUST03992
200,14,3,0.2143,1,973.51,7798.48,0.0089,0,1,2,1,1670.23,1361.1,0.8149,12,0,3,0.45,6,0,5,1,1,RET004821,CUST03993
194,13,2,0.1538,1,973.51,8193.46,0.0091,0,0,1,1,2066.7,2066.7,1.0,8,0,2,0.3093,8,0,5,1,0,RET004822,CUST03993
186,9,1,0.1111,1,973.51,10241.93,0.0106,1,0,1,1,1451.89,1451.89,1.0,2,0,1,0.1613,27,0,5,1,0,RET004823,CUST03993
273,16,4,0.25,1,973.51,9478.8,0.0064,1,0,0,0,27039.48,27039.48,1.0,10,1,4,0.4396,73,1,5,1,1,RET004824,CUST03993
159,2,0,0.0,0,0.0,2344.66,0.0,0,0,0,0,1163.3,1163.3,1.0,10,0,0,0.0,159,0,5,1,0,RET004825,CUST03993
189,1,0,0.0,0,0.0,1989.92,0.0,0,0,0,0,1989.92,1989.92,1.0,15,0,0,0.0,189,0,1,1,0,RET004826,CUST03994
12,8,0,0.0,0,0.0,15456.55,0.0,2,0,0,0,55000.0,55000.0,1.0,11,0,0,0.0,12,1,5,1,0,RET004827,CUST03999
19,13,1,0.0769,0,0.0,10213.03,0.0,0,1,1,0,3244.36,3244.36,1.0,14,0,1,1.5789,7,0,5,1,1,RET004828,CUST03999
22,13,3,0.2308,0,0.0,10213.03,0.0,0,2,3,0,669.8,669.8,1.0,7,0,2,4.0909,1,0,5,1,1,RET004829,CUST03999
22,13,3,0.2308,0,0.0,10213.03,0.0,0,2,3,0,3369.45,3369.45,1.0,8,0,2,4.0909,1,0,5,1,1,RET004830,CUST03999
21,13,2,0.1538,0,0.0,10213.03,0.0,0,1,2,0,20048.53,20048.53,1.0,13,1,2,2.8571,2,0,5,1,1,RET004831,CUST03999
22,13,3,0.2308,0,0.0,10213.03,0.0,0,2,3,0,1247.85,1247.85,1.0,11,1,2,4.0909,1,0,5,1,1,RET004832,CUST03999
245,2,0,0.0,0,0.0,4531.62,0.0,0,0,0,0,995.14,995.14,1.0,4,0,0,0.0,245,0,1,1,0,RET004833,CUST04000
308,7,0,0.0,0,0.0,2905.29,0.0,0,0,0,0,2772.07,2184.9,0.7882,7,0,0,0.0,308,0,1,1,0,RET004834,CUST04002
127,5,0,0.0,0,0.0,2193.18,0.0,0,0,0,0,2943.89,2943.89,1.0,10,0,0,0.0,127,0,1,1,0,RET004835,CUST04007
85,2,0,0.0,0,0.0,1145.52,0.0,0,0,0,0,1214.5,1214.5,1.0,25,0,0,0.0,85,0,1,1,0,RET004836,CUST04010
291,5,0,0.0,0,0.0,5878.66,0.0,0,0,0,0,4022.71,3601.98,0.8954,2,0,0,0.0,291,0,1,1,0,RET004837,CUST04011
400,4,0,0.0,0,0.0,5872.51,0.0,0,0,0,0,687.61,687.61,1.0,10,0,0,0.0,400,0,1,1,0,RET004838,CUST04012
96,11,1,0.0909,0,0.0,5108.38,0.0,0,1,1,0,1446.41,1446.41,1.0,16,0,1,0.3125,6,0,1,1,0,RET004839,CUST04013
110,12,2,0.1667,1,649.83,4709.68,0.0115,0,0,2,1,324.03,149.86,0.4625,10,1,2,0.5455,14,0,1,1,1,RET004840,CUST04013
90,10,0,0.0,0,0.0,2042.42,0.0,0,0,0,0,649.83,649.83,1.0,24,0,0,0.0,90,0,1,1,0,RET004841,CUST04013
104,4,0,0.0,0,0.0,3042.39,0.0,0,0,0,0,2442.64,2442.64,1.0,24,0,0,0.0,104,0,1,1,0,RET004842,CUST04018
32,14,4,0.2857,1,8479.36,5626.39,0.1076,1,2,4,1,6399.1,6399.1,1.0,11,0,2,3.75,3,0,1,3,1,RET004843,CUST04020
26,9,2,0.2222,1,8479.36,7350.88,0.1282,1,0,2,1,4933.22,4933.22,1.0,7,0,1,2.3077,15,0,1,3,0,RET004844,CUST04020
38,15,6,0.4,4,24185.87,5435.45,0.2966,0,2,6,4,2525.31,2525.31,1.0,7,1,4,4.7368,4,0,1,3,1,RET004845,CUST04020
29,12,3,0.25,1,8479.36,6223.01,0.1135,1,1,3,1,4374.19,4374.19,1.0,1,2,2,3.1034,3,0,1,3,1,RET004846,CUST04020
11,2,1,0.5,0,0.0,5315.32,0.0,0,1,1,0,8479.36,8479.36,1.0,9,1,1,2.7273,1,0,1,3,0,RET004847,CUST04020
38,15,6,0.4,4,24185.87,5435.45,0.2966,0,2,6,4,2762.27,2762.27,1.0,2,0,4,4.7368,4,0,1,3,1,RET004848,CUST04020
34,14,5,0.3571,3,19252.65,5626.39,0.2444,0,2,5,3,33440.89,33440.89,1.0,11,0,3,4.4118,2,1,1,3,1,RET004849,CUST04020
10,2,0,0.0,0,0.0,5315.32,0.0,0,0,0,0,2151.27,2151.27,1.0,3,0,0,0.0,10,0,1,3,0,RET004850,CUST04020
76,3,0,0.0,0,0.0,5158.68,0.0,0,0,0,0,4051.04,4051.04,1.0,12,0,0,0.0,76,0,1,1,0,RET004851,CUST04021
203,5,1,0.2,1,4051.04,4138.51,0.1958,0,0,0,0,2030.68,2030.68,1.0,8,0,1,0.1478,127,0,1,1,0,RET004852,CUST04021
452,3,0,0.0,0,0.0,2282.09,0.0,0,0,0,0,3160.65,3160.65,1.0,23,0,0,0.0,452,0,1,1,0,RET004853,CUST04022
237,2,0,0.0,0,0.0,4886.36,0.0,0,0,0,0,2272.95,2272.95,1.0,29,0,0,0.0,237,0,1,1,0,RET004854,CUST04025
14,6,1,0.1667,1,1220.9,4834.67,0.0421,0,1,1,1,14256.48,11585.41,0.8126,5,0,1,2.1429,6,1,1,1,0,RET004855,CUST04027
14,6,1,0.1667,1,1220.9,4834.67,0.0421,0,1,1,1,7025.12,7025.12,1.0,2,0,1,2.1429,6,0,1,1,0,RET004856,CUST04027
8,3,0,0.0,0,0.0,1721.1,0.0,0,0,0,0,1220.9,1220.9,1.0,2,0,0,0.0,8,0,1,1,0,RET004857,CUST04027
37,12,4,0.3333,3,15778.5,4526.51,0.2905,0,0,4,3,14003.61,14003.61,1.0,7,0,3,3.2432,18,1,1,1,1,RET004858,CUST04027
19,10,3,0.3,1,1220.9,3796.46,0.0322,1,2,3,1,1096.19,1096.19,1.0,1,1,3,4.7368,5,0,1,1,0,RET004859,CUST04027
51,3,0,0.0,0,0.0,5595.26,0.0,0,0,0,0,9303.74,9303.74,1.0,12,0,0,0.0,51,0,4,1,0,RET004860,CUST04028
108,10,1,0.1,0,0.0,8424.35,0.0,0,0,0,0,5884.54,3322.0,0.5645,10,0,1,0.2778,57,0,4,1,0,RET004861,CUST04028
53,10,4,0.4,1,2608.71,4789.62,0.0545,0,1,3,0,2362.93,2362.93,1.0,9,0,4,2.2642,2,0,2,2,0,RET004862,CUST04033
38,8,2,0.25,1,2608.71,5322.0,0.0613,3,1,2,1,20195.0,20195.0,1.0,1,0,2,1.5789,3,1,2,2,0,RET004863,CUST04033
51,10,3,0.3,1,2608.71,4789.62,0.0545,0,0,2,0,2333.08,2333.08,1.0,14,0,3,1.7647,13,0,2,2,0,RET004864,CUST04033
17,1,0,0.0,0,0.0,2608.71,0.0,0,0,0,0,2608.71,2608.71,1.0,14,0,0,0.0,17,0,2,2,0,RET004865,CUST04033
35,4,1,0.25,1,2608.71,4050.52,0.161,0,0,1,1,4600.0,4600.0,1.0,10,0,1,0.8571,18,0,2,2,0,RET004866,CUST04033
156,4,0,0.0,0,0.0,2589.62,0.0,0,0,0,0,829.06,829.06,1.0,21,0,0,0.0,156,0,1,1,0,RET004867,CUST04034
175,6,0,0.0,1,1583.71,5070.47,0.0521,0,0,0,0,339.8,339.8,1.0,8,0,0,0.0,175,0,1,1,0,RET004868,CUST04035
49,2,0,0.0,0,0.0,3537.22,0.0,0,0,0,0,1087.47,1087.47,1.0,14,0,0,0.0,49,0,1,1,0,RET004869,CUST04036
402,2,0,0.0,0,0.0,4587.42,0.0,0,0,0,0,1174.84,660.71,0.5624,18,0,0,0.0,402,0,1,1,0,RET004870,CUST04037
98,2,0,0.0,0,0.0,2614.09,0.0,0,0,0,0,1509.72,1509.72,1.0,6,0,0,0.0,98,0,1,1,0,RET004871,CUST04038
215,8,0,0.0,0,0.0,4383.61,0.0,0,0,0,0,13232.53,13232.53,1.0,19,0,0,0.0,215,1,4,1,0,RET004872,CUST04048
42,6,0,0.0,0,0.0,1927.55,0.0,2,0,0,0,1331.15,1203.32,0.904,10,0,0,0.0,42,0,1,1,0,RET004873,CUST04050
113,13,4,0.3077,3,7520.14,5057.25,0.1144,0,0,2,2,12619.24,12619.24,1.0,3,1,4,1.0619,21,1,1,1,1,RET004874,CUST04050
92,11,3,0.2727,1,796.75,4717.44,0.0154,0,0,1,0,11245.93,5504.37,0.4895,14,0,3,0.9783,9,0,1,1,1,RET004875,CUST04050
46,6,1,0.1667,0,0.0,1927.55,0.0,0,1,1,0,796.75,796.75,1.0,8,0,1,0.6522,4,0,1,1,0,RET004876,CUST04050
83,11,2,0.1818,1,796.75,4717.44,0.0154,0,0,0,1,1219.02,1219.02,1.0,13,0,2,0.7229,37,0,1,1,1,RET004877,CUST04050
350,2,0,0.0,0,0.0,1300.6,0.0,0,0,0,0,1362.47,1146.78,0.8417,5,0,0,0.0,350,0,1,1,0,RET004878,CUST04054
137,2,0,0.0,0,0.0,2195.24,0.0,0,0,0,0,1898.47,1898.47,1.0,5,0,0,0.0,137,0,1,1,0,RET004879,CUST04056
51,1,0,0.0,0,0.0,33800.79,0.0,0,0,0,0,33800.79,33800.79,1.0,18,0,0,0.0,51,0,1,1,0,RET004880,CUST04061
282,2,0,0.0,0,0.0,11861.09,0.0,0,0,0,0,2264.79,946.17,0.4178,26,0,0,0.0,282,0,1,1,0,RET004881,CUST04064
88,4,1,0.25,0,0.0,7844.17,0.0,0,0,0,0,23945.71,23945.71,1.0,30,0,1,0.3409,60,1,1,1,0,RET004882,CUST04065
28,1,0,0.0,0,0.0,5270.98,0.0,0,0,0,0,5270.98,5270.98,1.0,18,0,0,0.0,28,0,1,1,0,RET004883,CUST04065
84,6,1,0.1667,0,0.0,8723.94,0.0,1,0,1,0,18434.07,18434.07,1.0,14,0,1,0.3571,16,1,1,1,0,RET004884,CUST04066
68,4,0,0.0,0,0.0,7566.43,0.0,0,0,0,0,1438.27,1438.27,1.0,10,0,0,0.0,68,0,1,1,0,RET004885,CUST04066
108,8,2,0.25,0,0.0,9249.75,0.0,0,0,1,0,3544.75,3081.92,0.8694,9,1,2,0.5556,24,0,1,1,0,RET004886,CUST04066
359,10,4,0.4,2,30125.34,12364.4,0.2436,1,1,2,0,2955.58,2955.58,1.0,4,0,4,0.3343,3,0,1,1,1,RET004887,CUST04067
356,9,3,0.3333,2,30125.34,13372.37,0.2503,1,0,1,0,11043.97,11043.97,1.0,12,0,3,0.2528,17,0,1,1,0,RET004888,CUST04067
372,13,6,0.4615,3,33080.92,9734.84,0.2614,0,1,3,1,1265.38,1265.38,1.0,8,0,6,0.4839,1,0,1,1,1,RET004889,CUST04067
371,13,5,0.3846,3,33080.92,9734.84,0.2614,0,0,2,1,312.98,208.94,0.6676,6,0,5,0.4043,12,0,1,1,1,RET004890,CUST04067
339,5,2,0.4,2,30125.34,16769.22,0.3593,1,0,1,1,44083.08,44083.08,1.0,1,0,2,0.177,25,1,1,1,1,RET004891,CUST04067
314,4,1,0.25,1,11595.25,9940.75,0.2916,0,0,1,1,18530.09,18530.09,1.0,12,0,1,0.0955,12,0,1,1,0,RET004892,CUST04067
400,16,7,0.4375,5,34555.24,8388.31,0.2575,0,0,2,2,3003.67,3003.67,1.0,9,1,7,0.525,28,0,1,1,1,RET004893,CUST04067
302,3,0,0.0,0,0.0,7077.64,0.0,0,0,0,0,14135.21,11595.25,0.8203,6,0,0,0.0,302,0,1,1,0,RET004894,CUST04067
221,2,0,0.0,0,0.0,6239.19,0.0,0,0,0,0,1699.59,1699.59,1.0,28,0,0,0.0,221,0,1,4,0,RET004895,CUST04069
131,1,0,0.0,0,0.0,2410.8,0.0,0,0,0,0,2410.8,2410.8,1.0,10,0,0,0.0,131,0,2,1,0,RET004896,CUST04070
254,5,1,0.2,1,2410.8,5197.14,0.0928,0,0,0,0,16477.97,13711.18,0.8321,15,1,1,0.1181,123,1,2,1,0,RET004897,CUST04070
25,7,2,0.2857,2,4138.66,4714.22,0.1254,0,0,2,2,3264.81,2957.32,0.9058,10,1,2,2.4,11,0,1,3,0,RET004898,CUST04075
26,7,3,0.4286,2,4138.66,4714.22,0.1254,0,1,3,2,2107.05,2107.05,1.0,9,0,2,3.4615,1,0,1,3,1,RET004899,CUST04075
7,2,0,0.0,0,0.0,2132.2,0.0,0,0,0,0,2964.71,2964.71,1.0,3,0,0,0.0,7,0,1,3,0,RET004900,CUST04075
33,8,4,0.5,2,4138.66,5934.36,0.0872,0,1,4,2,3894.05,3894.05,1.0,14,1,3,3.6364,7,0,1,3,1,RET004901,CUST04075
58,12,5,0.4167,3,6245.71,4615.41,0.1128,0,0,1,1,1818.86,1818.86,1.0,5,1,3,2.5862,25,0,1,3,1,RET004902,CUST04075
14,4,1,0.25,0,0.0,5933.41,0.0,0,1,1,0,1299.68,1173.95,0.9033,14,0,1,2.1429,7,0,1,3,0,RET004903,CUST04075
69,4,1,0.25,0,0.0,6135.12,0.0,0,1,1,0,1096.44,1096.44,1.0,3,0,1,0.4348,1,0,1,1,0,RET004904,CUST04077
84,9,3,0.3333,1,2010.18,9229.32,0.0242,0,1,3,1,3045.26,3045.26,1.0,5,0,3,1.0714,2,0,1,1,0,RET004905,CUST04077
82,9,2,0.2222,1,2010.18,9229.32,0.0242,0,0,2,1,996.76,715.04,0.7174,9,0,2,0.7317,13,0,1,1,0,RET004906,CUST04077
92,10,4,0.4,3,5770.48,9856.33,0.0585,0,0,4,3,4040.0,4040.0,1.0,12,0,4,1.3043,8,0,1,1,1,RET004907,CUST04077
68,4,0,0.0,0,0.0,6135.12,0.0,1,0,0,0,3394.69,3394.69,1.0,2,0,0,0.0,68,0,1,1,0,RET004908,CUST04077
250,14,6,0.4286,4,9810.48,10713.03,0.0654,1,0,1,0,12592.14,12592.14,1.0,1,2,5,0.72,10,0,1,1,1,RET004909,CUST04077
240,13,5,0.3846,4,9810.48,10568.49,0.0714,0,0,0,0,1029.92,941.02,0.9137,14,1,5,0.625,148,0,1,1,1,RET004910,CUST04077
48,9,3,0.3333,2,22204.11,11291.44,0.2185,0,0,2,2,2310.17,2310.17,1.0,9,1,3,1.875,14,0,1,3,0,RET004911,CUST04078
89,17,5,0.2941,3,23829.9,8031.9,0.1745,0,0,1,1,1892.28,1892.28,1.0,8,0,4,1.6854,27,0,1,3,1,RET004912,CUST04078
104,19,6,0.3158,3,23829.9,7485.52,0.1676,0,0,1,0,2049.92,2049.92,1.0,14,1,5,1.7308,15,0,1,3,1,RET004913,CUST04078
62,13,4,0.3077,2,22204.11,9044.15,0.1889,2,0,2,2,1625.79,1625.79,1.0,14,0,3,1.9355,14,0,1,3,1,RET004914,CUST04078
31,7,1,0.1429,0,0.0,13761.09,0.0,2,0,1,0,20020.6,20020.6,1.0,8,0,1,0.9677,19,0,1,3,0,RET004915,CUST04078
34,7,2,0.2857,0,0.0,13761.09,0.0,0,1,2,0,3379.31,3379.31,1.0,4,0,2,1.7647,3,0,1,3,0,RET004916,CUST04078
12,2,0,0.0,0,0.0,7808.95,0.0,0,0,0,0,4092.25,4092.25,1.0,5,0,0,0.0,12,0,1,3,0,RET004917,CUST04078
98,9,4,0.4444,2,6088.33,8867.5,0.0763,1,0,0,2,10805.92,10805.92,1.0,7,0,3,1.2245,35,0,1,1,1,RET004918,CUST04081
42,1,0,0.0,0,0.0,4363.52,0.0,0,0,0,0,4363.52,4363.52,1.0,4,0,0,0.0,42,0,1,1,0,RET004919,CUST04081
61,6,2,0.3333,0,0.0,4981.21,0.0,0,1,2,0,2484.63,2484.63,1.0,7,0,2,0.9836,2,0,1,1,0,RET004920,CUST04081
63,6,3,0.5,0,0.0,4981.21,0.0,0,2,3,0,18704.53,10627.09,0.5682,7,1,3,1.4286,2,1,1,1,1,RET004921,CUST04081
59,6,1,0.1667,0,0.0,4981.21,0.0,0,0,1,0,897.04,431.97,0.4816,11,0,1,0.5085,17,0,1,1,0,RET004922,CUST04081
101,10,3,0.3,2,3515.45,8280.46,0.0425,0,0,0,0,17923.67,17923.67,1.0,10,1,3,0.8911,37,1,3,4,1,RET004923,CUST04082
23,1,0,0.0,0,0.0,1763.82,0.0,0,0,0,0,1763.82,1763.82,1.0,13,0,0,0.0,23,0,3,4,0,RET004924,CUST04082
38,3,1,0.3333,1,1763.82,12760.67,0.0461,0,0,1,1,1751.63,1751.63,1.0,4,0,1,0.7895,15,0,3,4,1,RET004925,CUST04082
64,5,2,0.4,2,3515.45,8825.0,0.0797,0,0,1,1,3646.16,3646.16,1.0,10,0,2,0.9375,26,0,3,4,1,RET004926,CUST04082
241,4,0,0.0,0,0.0,2668.0,0.0,0,0,0,0,1023.26,1023.26,1.0,26,0,0,0.0,241,0,1,1,0,RET004927,CUST04085
226,9,0,0.0,0,0.0,2433.33,0.0,0,0,0,0,2251.34,1422.78,0.632,6,0,0,0.0,226,0,1,1,0,RET004928,CUST04089
267,12,1,0.0833,1,1422.78,2663.84,0.0445,0,0,0,0,797.65,797.65,1.0,10,1,1,0.1124,41,0,1,1,0,RET004929,CUST04089
313,5,0,0.0,0,0.0,3123.69,0.0,0,0,0,0,1722.16,1722.16,1.0,30,0,0,0.0,313,0,1,1,0,RET004930,CUST04091
284,7,0,0.0,0,0.0,2217.99,0.0,0,0,0,0,5750.1,5434.14,0.9451,10,0,0,0.0,284,1,1,1,0,RET004931,CUST04094
459,6,0,0.0,0,0.0,4433.49,0.0,0,0,0,0,11047.91,11047.91,1.0,6,0,0,0.0,459,1,1,1,0,RET004932,CUST04095
74,12,1,0.0833,0,0.0,6840.44,0.0,0,0,1,0,2148.5,2148.5,1.0,14,0,1,0.4054,12,0,1,2,1,RET004933,CUST04098
95,15,4,0.2667,1,2148.5,7265.96,0.0197,0,0,3,1,21623.59,21623.59,1.0,4,0,4,1.2632,16,1,1,2,1,RET004934,CUST04098
98,16,5,0.3125,1,2148.5,7139.09,0.0188,0,1,4,1,3434.98,3434.98,1.0,6,0,5,1.5306,3,0,1,2,1,RET004935,CUST04098
62,10,0,0.0,0,0.0,3848.69,0.0,0,0,0,0,15928.54,15928.54,1.0,6,0,0,0.0,62,1,1,2,0,RET004936,CUST04098
107,16,6,0.375,2,5583.48,7139.09,0.0489,0,0,4,2,5236.01,3999.74,0.7639,11,0,6,1.6822,9,0,1,2,1,RET004937,CUST04098
77,13,2,0.1538,0,0.0,6456.22,0.0,0,1,2,0,13540.42,13540.42,1.0,6,0,2,0.7792,3,1,1,2,1,RET004938,CUST04098
79,13,3,0.2308,0,0.0,6456.22,0.0,0,2,3,0,1845.65,1845.65,1.0,5,0,3,1.1392,2,0,1,2,1,RET004939,CUST04098
201,5,0,0.0,0,0.0,4157.61,0.0,0,0,0,0,2724.02,2724.02,1.0,13,0,0,0.0,201,0,1,1,0,RET004940,CUST04099
223,6,1,0.1667,1,1657.07,3788.25,0.0729,0,0,1,1,3913.62,3913.62,1.0,25,0,1,0.1345,22,0,1,1,0,RET004941,CUST04099
327,12,4,0.3333,1,2094.26,10629.61,0.0164,0,1,2,0,19890.26,11152.71,0.5607,8,0,4,0.367,5,0,1,4,1,RET004942,CUST04100
319,11,2,0.1818,1,2094.26,9787.73,0.0195,0,0,0,0,28511.55,28511.55,1.0,8,0,2,0.1881,64,1,1,4,0,RET004943,CUST04100
322,12,3,0.25,1,2094.26,10629.61,0.0164,0,1,1,0,19242.89,19242.89,1.0,8,0,3,0.2795,3,0,1,4,1,RET004944,CUST04100
255,4,1,0.25,0,0.0,2067.54,0.0,0,0,0,0,2094.26,2094.26,1.0,7,0,1,0.1176,87,0,1,4,1,RET004945,CUST04100
168,1,0,0.0,0,0.0,2284.19,0.0,0,0,0,0,2284.19,2284.19,1.0,12,0,0,0.0,168,0,1,4,0,RET004946,CUST04100
444,2,0,0.0,0,0.0,16322.1,0.0,0,0,0,0,20028.42,17746.09,0.886,23,0,0,0.0,444,0,1,1,0,RET004947,CUST04101
355,7,0,0.0,0,0.0,3263.34,0.0,1,0,0,0,5602.58,5602.58,1.0,30,0,0,0.0,355,0,1,1,0,RET004948,CUST04103
238,2,1,0.5,1,2141.46,1770.61,0.6047,0,0,1,1,1399.76,1399.76,1.0,18,0,1,0.1261,29,0,1,1,1,RET004949,CUST04106
209,1,0,0.0,0,0.0,2141.46,0.0,0,0,0,0,2141.46,2141.46,1.0,6,0,0,0.0,209,0,1,1,0,RET004950,CUST04106
172,5,0,0.0,0,0.0,4536.11,0.0,0,0,0,0,6295.95,6295.95,1.0,19,0,0,0.0,172,0,1,1,0,RET004951,CUST04107
389,5,0,0.0,0,0.0,2090.86,0.0,0,0,0,0,3383.48,3383.48,1.0,25,0,0,0.0,389,0,1,1,1,RET004952,CUST04110
273,3,0,0.0,0,0.0,10682.42,0.0,0,0,0,0,27807.13,27807.13,1.0,13,0,0,0.0,273,1,1,1,0,RET004953,CUST04116
487,16,7,0.4375,3,31261.34,5681.16,0.3439,0,0,0,0,596.73,596.73,1.0,8,0,2,0.4312,55,0,1,1,1,RET004954,CUST04116
300,6,3,0.5,2,29462.14,6696.0,0.7333,0,0,3,2,2024.91,2024.91,1.0,11,1,2,0.3,9,0,1,1,0,RET004955,CUST04116
275,3,1,0.3333,0,0.0,10682.42,0.0,0,1,1,0,1655.01,1655.01,1.0,10,1,1,0.1091,2,0,1,1,0,RET004956,CUST04116
291,5,2,0.4,2,29462.14,7258.35,0.8118,0,0,2,2,2219.56,2219.56,1.0,2,0,1,0.2062,16,0,1,1,1,RET004957,CUST04116
425,13,5,0.3846,2,29462.14,5639.56,0.4019,0,0,0,0,24245.13,19679.96,0.8117,5,2,2,0.3529,48,1,1,1,1,RET004958,CUST04116
432,14,6,0.4286,2,29462.14,5365.24,0.3922,0,1,1,0,1799.2,1799.2,1.0,3,3,2,0.4167,7,0,1,1,1,RET004959,CUST04116
377,8,4,0.5,2,29462.14,5250.01,0.7015,0,0,0,0,1475.66,1475.66,1.0,13,2,2,0.3183,77,0,1,1,1,RET004960,CUST04116
27,2,0,0.0,0,0.0,2329.17,0.0,0,0,0,0,3143.12,3143.12,1.0,22,0,0,0.0,27,0,1,1,1,RET004961,CUST04118
147,4,0,0.0,0,0.0,1436.39,0.0,0,0,0,0,1090.08,1090.08,1.0,19,0,0,0.0,147,0,1,1,0,RET004962,CUST04119
237,6,1,0.1667,1,3850.22,2086.49,0.3076,0,0,0,0,2678.54,2678.54,1.0,8,0,1,0.1266,71,0,1,1,1,RET004963,CUST04121
166,4,0,0.0,0,0.0,1993.56,0.0,0,0,0,0,3850.22,3850.22,1.0,25,0,0,0.0,166,0,1,1,0,RET004964,CUST04121
214,2,0,0.0,0,0.0,2006.0,0.0,0,0,0,0,1565.85,1565.85,1.0,15,0,0,0.0,214,0,1,1,0,RET004965,CUST04123
109,2,0,0.0,0,0.0,3496.79,0.0,0,0,0,0,1262.61,1262.61,1.0,22,0,0,0.0,109,0,1,1,0,RET004966,CUST04125
259,4,0,0.0,0,0.0,3215.18,0.0,0,0,0,0,2638.07,2638.07,1.0,13,0,0,0.0,259,0,1,1,0,RET004967,CUST04126
49,7,4,0.5714,2,3136.52,1630.08,0.2749,0,1,2,1,2602.92,2602.92,1.0,10,0,2,2.449,2,0,1,2,1,RET004968,CUST04128
47,6,3,0.5,2,3136.52,1433.78,0.3646,0,0,2,1,523.91,523.91,1.0,4,2,2,1.9149,25,0,1,2,1,RET004969,CUST04128
17,3,1,0.3333,1,795.76,1478.97,0.1793,0,1,1,1,2340.76,2340.76,1.0,14,0,1,1.7647,5,0,1,2,0,RET004970,CUST04128
88,13,7,0.5385,5,20020.42,3225.56,0.4774,0,0,2,2,2586.6,2586.6,1.0,9,1,4,2.3864,25,0,1,2,1,RET004971,CUST04128
12,2,0,0.0,0,0.0,1653.19,0.0,0,0,0,0,965.61,965.61,1.0,11,0,0,0.0,12,0,1,2,0,RET004972,CUST04128
22,3,2,0.6667,1,795.76,1478.97,0.1793,0,1,2,1,1130.55,1130.55,1.0,7,1,2,2.7273,5,0,1,2,0,RET004973,CUST04128
62,9,5,0.5556,3,5739.44,3687.33,0.1729,1,0,2,1,12017.55,12017.55,1.0,1,3,3,2.4194,13,1,1,2,1,RET004974,CUST04128
63,10,6,0.6,3,5739.44,3591.01,0.1598,1,1,3,1,2724.18,2724.18,1.0,1,0,3,2.8571,1,0,1,2,0,RET004975,CUST04128
107,15,9,0.6,5,20020.42,2998.48,0.4451,0,1,2,0,1202.55,1202.55,1.0,11,0,5,2.5234,4,0,1,2,1,RET004976,CUST04128
103,15,8,0.5333,5,20020.42,2998.48,0.4451,0,0,1,0,1842.41,774.03,0.4201,2,0,4,2.3301,15,0,1,2,1,RET004977,CUST04128
102,6,0,0.0,0,0.0,2116.54,0.0,0,0,0,0,221.79,143.93,0.6489,13,0,0,0.0,102,0,1,1,0,RET004978,CUST04130
236,13,4,0.3077,3,62238.11,7744.56,0.6182,0,0,1,0,724.3,724.3,1.0,6,0,3,0.5085,10,0,1,1,1,RET004979,CUST04135
226,9,3,0.3333,3,62238.11,9370.7,0.738,0,0,0,0,3699.13,3699.13,1.0,10,0,2,0.3982,74,0,1,1,1,RET004980,CUST04135
44,1,0,0.0,0,0.0,39195.97,0.0,0,0,0,0,39195.97,39195.97,1.0,5,0,0,0.0,44,0,1,1,0,RET004981,CUST04135
53,2,1,0.5,1,39195.97,30273.24,0.6474,0,0,1,1,21350.5,21350.5,1.0,5,0,1,0.566,9,0,1,1,1,RET004982,CUST04135
152,5,2,0.4,2,60546.47,13009.43,0.9308,0,0,0,0,1691.64,1691.64,1.0,9,1,2,0.3947,99,0,1,1,1,RET004983,CUST04135
30,4,0,0.0,0,0.0,4637.21,0.0,1,0,0,0,8316.45,7881.51,0.9477,11,0,0,0.0,30,0,1,4,0,RET004984,CUST04138
44,7,1,0.1429,1,7881.51,5318.13,0.2117,0,0,1,1,2979.44,2979.44,1.0,7,0,1,0.6818,14,0,1,4,0,RET004985,CUST04138
50,7,2,0.2857,1,7881.51,5318.13,0.2117,0,1,2,1,5388.01,5388.01,1.0,9,0,2,1.2,6,0,1,4,1,RET004986,CUST04138
136,1,0,0.0,0,0.0,560.41,0.0,0,0,0,0,560.41,560.41,1.0,16,0,0,0.0,136,0,1,1,0,RET004987,CUST04142
183,2,0,0.0,0,0.0,19724.42,0.0,0,0,0,0,1247.36,767.12,0.615,11,0,0,0.0,183,0,1,1,0,RET004988,CUST04144
232,2,0,0.0,0,0.0,12371.87,0.0,0,0,0,0,1921.17,1921.17,1.0,11,0,0,0.0,232,0,1,1,0,RET004989,CUST04148
416,8,2,0.25,1,1921.17,10771.81,0.0223,0,0,0,0,18592.75,10401.64,0.5594,12,0,2,0.1442,179,0,1,1,0,RET004990,CUST04148
237,3,1,0.3333,0,0.0,11241.42,0.0,1,1,1,0,8980.53,8980.53,1.0,1,0,1,0.1266,5,0,1,1,0,RET004991,CUST04148
16,9,1,0.1111,0,0.0,3397.65,0.0,0,0,1,0,1582.79,1582.79,1.0,4,0,1,1.875,11,0,4,3,0,RET004992,CUST04149
28,13,4,0.3077,2,1284.68,2864.69,0.0345,0,1,4,2,3168.0,3168.0,1.0,12,0,4,4.2857,7,0,4,3,1,RET004993,CUST04149
5,2,0,0.0,0,0.0,1933.01,0.0,1,0,0,0,2974.38,2974.38,1.0,2,0,0,0.0,5,0,4,3,0,RET004994,CUST04149
21,12,3,0.25,1,992.61,3053.23,0.0271,0,2,3,1,605.29,292.07,0.4825,2,0,3,4.2857,3,0,4,3,1,RET004995,CUST04149
18,11,2,0.1818,1,992.61,3275.77,0.0275,1,1,2,1,2023.58,2023.58,1.0,13,0,2,3.3333,2,0,4,3,1,RET004996,CUST04149
37,2,0,0.0,0,0.0,1757.74,0.0,0,0,0,0,1793.28,1793.28,1.0,29,0,0,0.0,37,0,1,1,1,RET004997,CUST04151
223,8,0,0.0,0,0.0,2455.97,0.0,0,0,0,0,4302.69,4302.69,1.0,24,0,0,0.0,223,0,1,1,0,RET004998,CUST04154
108,6,0,0.0,0,0.0,3690.08,0.0,0,0,0,0,1144.53,1144.53,1.0,15,0,0,0.0,108,0,1,1,0,RET004999,CUST04157
108,2,0,0.0,0,0.0,1462.41,0.0,0,0,0,0,1856.73,1856.73,1.0,12,0,0,0.0,108,0,1,1,0,RET005000,CUST04159
448,8,0,0.0,0,0.0,14046.69,0.0,0,0,0,0,3958.36,3958.36,1.0,13,0,0,0.0,448,0,1,1,0,RET005001,CUST04165
449,8,1,0.125,0,0.0,14046.69,0.0,0,1,1,0,1148.91,967.56,0.8422,15,1,1,0.0668,1,0,1,1,0,RET005002,CUST04165
446,2,0,0.0,0,0.0,653.4,0.0,0,0,0,0,1044.86,1044.86,1.0,7,0,0,0.0,446,0,1,1,0,RET005003,CUST04171
125,14,4,0.2857,2,14906.5,10997.35,0.0968,0,0,1,1,2063.31,2063.31,1.0,4,0,3,0.96,12,0,1,2,0,RET005004,CUST04173
11,4,0,0.0,0,0.0,15097.3,0.0,0,0,0,0,1266.78,1266.78,1.0,9,0,0,0.0,11,0,1,2,0,RET005005,CUST04173
29,6,2,0.3333,1,1266.78,14967.94,0.0141,0,0,2,1,27577.14,27577.14,1.0,3,0,2,2.069,15,0,1,2,0,RET005006,CUST04173
113,12,3,0.25,1,1266.78,10740.18,0.0098,0,0,0,0,13639.72,13639.72,1.0,5,1,3,0.7965,84,0,1,2,1,RET005007,CUST04173
14,4,1,0.25,1,1266.78,15097.3,0.021,0,1,1,1,37781.45,16306.68,0.4316,14,0,1,2.1429,3,0,1,2,0,RET005008,CUST04173
274,6,0,0.0,0,0.0,4168.24,0.0,0,0,0,0,6000.0,6000.0,1.0,12,0,0,0.0,274,0,1,1,0,RET005009,CUST04176
210,8,3,0.375,2,4094.88,10778.05,0.0475,0,0,0,0,3698.01,1826.86,0.494,3,1,3,0.4286,51,0,4,1,1,RET005010,CUST04177
142,3,1,0.3333,1,3804.64,16412.63,0.0773,0,0,1,1,10379.74,10379.74,1.0,2,0,1,0.2113,15,0,4,1,1,RET005011,CUST04177
341,14,5,0.3571,3,5527.51,11425.5,0.0346,0,0,0,0,4783.44,4783.44,1.0,11,2,3,0.4399,34,0,4,1,1,RET005012,CUST04177
159,4,2,0.5,1,3804.64,12382.03,0.0768,0,0,1,1,290.24,290.24,1.0,6,0,2,0.3774,17,0,4,1,1,RET005013,CUST04177
307,13,4,0.3077,3,5527.51,11936.42,0.0356,0,0,0,0,15980.57,15980.57,1.0,12,1,3,0.3909,97,0,4,1,1,RET005014,CUST04177
127,1,0,0.0,0,0.0,7248.26,0.0,0,0,0,0,7248.26,7248.26,1.0,8,0,0,0.0,127,0,4,1,0,RET005015,CUST04177
127,7,1,0.1429,1,295.7,2183.81,0.0193,0,0,0,0,3550.33,3239.88,0.9126,25,0,1,0.2362,48,0,1,1,1,RET005016,CUST04181
79,4,0,0.0,0,0.0,2125.02,0.0,0,0,0,0,447.22,295.7,0.6612,6,0,0,0.0,79,0,1,1,0,RET005017,CUST04181
58,5,0,0.0,0,0.0,4772.05,0.0,0,0,0,0,1599.62,1599.62,1.0,18,0,0,0.0,58,0,1,1,0,RET005018,CUST04182
197,1,0,0.0,0,0.0,3610.9,0.0,0,0,0,0,3610.9,3172.64,0.8786,29,0,0,0.0,197,0,3,1,0,RET005019,CUST04184
229,3,0,0.0,0,0.0,2467.29,0.0,0,0,0,0,3666.69,3666.69,1.0,11,0,0,0.0,229,0,1,1,0,RET005020,CUST04185
492,7,0,0.0,0,0.0,10194.05,0.0,0,0,0,0,1621.19,1621.19,1.0,28,0,0,0.0,492,0,1,1,0,RET005021,CUST04186
387,6,0,0.0,0,0.0,6065.02,0.0,0,0,0,0,16614.08,16614.08,1.0,16,0,0,0.0,387,1,1,1,0,RET005022,CUST04190
49,1,0,0.0,0,0.0,9571.14,0.0,0,0,0,0,9571.14,9571.14,1.0,9,0,0,0.0,49,0,1,4,0,RET005023,CUST04192
57,3,1,0.3333,0,0.0,5228.13,0.0,0,0,1,0,3118.46,3118.46,1.0,8,0,1,0.5263,8,0,1,4,1,RET005024,CUST04192
106,4,0,0.0,0,0.0,2304.46,0.0,0,0,0,0,1829.54,1829.54,1.0,6,0,0,0.0,106,0,1,1,0,RET005025,CUST04193
16,2,0,0.0,0,0.0,3987.57,0.0,0,0,0,0,3853.88,3853.88,1.0,3,0,0,0.0,16,0,1,1,0,RET005026,CUST04195
362,6,0,0.0,0,0.0,3143.11,0.0,0,0,0,0,3916.91,3916.91,1.0,14,0,0,0.0,362,0,1,1,1,RET005027,CUST04196
91,7,2,0.2857,1,1837.17,4587.38,0.0572,0,0,2,1,525.92,385.39,0.7328,7,0,1,0.6593,9,0,1,3,0,RET005028,CUST04197
82,5,1,0.2,0,0.0,6162.15,0.0,0,0,1,0,1837.17,1837.17,1.0,14,1,1,0.3659,16,0,1,3,0,RET005029,CUST04197
66,1,0,0.0,0,0.0,19900.69,0.0,0,0,0,0,19900.69,19900.69,1.0,7,0,0,0.0,66,0,1,3,0,RET005030,CUST04197
127,8,3,0.375,2,2222.56,5265.91,0.0528,0,0,0,0,10015.61,10015.61,1.0,4,0,2,0.7087,36,0,1,3,1,RET005031,CUST04197
349,6,1,0.1667,1,645.06,2245.76,0.0479,0,0,0,0,4825.04,4825.04,1.0,19,0,1,0.086,65,1,1,1,0,RET005032,CUST04200
284,3,0,0.0,0,0.0,1453.32,0.0,0,0,0,0,981.97,981.97,1.0,23,0,0,0.0,284,0,1,1,0,RET005033,CUST04200
288,3,0,0.0,0,0.0,1556.74,0.0,0,0,0,0,328.6,328.6,1.0,28,0,0,0.0,288,0,1,1,0,RET005034,CUST04205
82,14,4,0.2857,2,30006.31,11276.93,0.1901,0,0,0,1,8310.31,6795.33,0.8177,14,1,3,1.4634,31,0,1,1,1,RET005035,CUST04209
44,8,1,0.125,0,0.0,12444.36,0.0,0,0,0,0,55000.0,55000.0,1.0,2,0,1,0.6818,39,1,1,1,0,RET005036,CUST04209
51,10,3,0.3,1,7410.16,13991.41,0.053,1,2,2,1,29323.83,22596.15,0.7706,3,0,2,1.7647,6,0,1,1,0,RET005037,CUST04209
45,8,2,0.25,0,0.0,12444.36,0.0,0,1,1,0,7410.16,7410.16,1.0,9,1,2,1.3333,1,0,1,1,0,RET005038,CUST04209
102,15,5,0.3333,2,30006.31,10683.19,0.1872,0,0,1,0,2370.8,2370.8,1.0,13,2,3,1.4706,20,0,1,1,1,RET005039,CUST04209
5,1,0,0.0,0,0.0,526.4,0.0,0,0,0,0,526.4,365.26,0.6939,4,0,0,0.0,5,0,1,1,0,RET005040,CUST04209
99,10,5,0.5,3,5287.76,8844.82,0.0598,0,0,2,2,855.42,855.42,1.0,7,0,3,1.5152,14,0,1,1,1,RET005041,CUST04210
49,4,1,0.25,0,0.0,13223.71,0.0,0,0,0,0,1148.07,1148.07,1.0,7,0,1,0.6122,35,0,1,1,0,RET005042,CUST04210
55,5,2,0.4,0,0.0,15345.37,0.0,0,1,1,0,23831.99,23831.99,1.0,6,0,2,1.0909,6,0,1,1,0,RET005043,CUST04210
77,7,3,0.4286,1,1148.07,11552.36,0.0142,0,0,2,1,1464.45,1464.45,1.0,7,1,3,1.1688,22,0,1,1,1,RET005044,CUST04210
85,8,4,0.5,2,2612.52,10739.8,0.0304,0,0,2,2,2675.24,2675.24,1.0,12,1,3,1.4118,8,0,1,1,1,RET005045,CUST04210
14,2,0,0.0,0,0.0,17947.29,0.0,0,0,0,0,19066.64,19066.64,1.0,10,0,0,0.0,14,0,1,1,0,RET005046,CUST04210
74,10,1,0.1,0,0.0,3811.33,0.0,1,0,0,0,3281.19,3281.19,1.0,6,0,1,0.4054,66,0,1,1,0,RET005047,CUST04211
8,3,0,0.0,0,0.0,1346.62,0.0,0,0,0,0,988.81,988.81,1.0,2,0,0,0.0,8,0,1,1,0,RET005048,CUST04211
73,1,0,0.0,0,0.0,1397.91,0.0,0,0,0,0,1397.91,816.82,0.5843,25,0,0,0.0,73,0,1,1,0,RET005049,CUST04213
38,6,2,0.3333,1,1973.23,15067.03,0.0218,0,1,2,1,21167.86,21167.86,1.0,12,0,2,1.5789,6,0,1,1,0,RET005050,CUST04220
32,4,1,0.25,1,1973.23,9031.31,0.0546,0,0,1,1,1218.62,1218.62,1.0,11,0,1,0.9375,18,0,1,1,0,RET005051,CUST04220
42,7,3,0.4286,2,3191.85,13135.49,0.0347,1,1,3,2,17200.46,17200.46,1.0,8,1,3,2.1429,4,0,1,1,1,RET005052,CUST04220
14,1,0,0.0,0,0.0,1973.23,0.0,1,0,0,0,1973.23,1973.23,1.0,1,0,0,0.0,14,0,1,1,0,RET005053,CUST04220
67,12,5,0.4167,4,41560.17,11019.33,0.3143,1,0,3,3,1142.16,1142.16,1.0,6,3,3,2.2388,18,0,1,1,1,RET005054,CUST04220
73,13,6,0.4615,4,41560.17,10268.16,0.3113,0,1,2,2,1254.17,918.36,0.7322,6,0,3,2.4658,6,0,1,1,1,RET005055,CUST04220
49,8,4,0.5,3,20392.31,13974.09,0.1824,0,1,3,3,19844.35,19844.35,1.0,7,2,3,2.449,7,0,1,1,1,RET005056,CUST04220
246,1,0,0.0,0,0.0,3039.98,0.0,0,0,0,0,3039.98,3039.98,1.0,13,0,0,0.0,246,0,1,1,0,RET005057,CUST04224
156,4,0,0.0,0,0.0,1334.68,0.0,0,0,0,0,874.11,874.11,1.0,9,0,0,0.0,156,0,1,1,0,RET005058,CUST04226
137,2,0,0.0,0,0.0,3282.31,0.0,0,0,0,0,2374.93,1805.97,0.7604,4,0,0,0.0,137,0,1,1,0,RET005059,CUST04228
77,10,6,0.6,4,21363.85,8290.86,0.2577,0,1,5,4,13501.54,13501.54,1.0,12,1,5,2.3377,7,0,1,4,1,RET005060,CUST04230
67,10,4,0.4,1,8736.6,8290.86,0.1054,1,1,3,1,3272.75,3272.75,1.0,8,1,4,1.791,6,0,1,4,1,RET005061,CUST04230
70,10,5,0.5,2,11955.03,8290.86,0.1442,0,1,4,2,6136.07,6136.07,1.0,4,0,4,2.1429,3,0,1,4,1,RET005062,CUST04230
59,6,2,0.3333,0,0.0,6087.56,0.0,2,1,2,0,8736.6,8736.6,1.0,7,0,2,1.0169,1,0,1,4,1,RET005063,CUST04230
61,7,3,0.4286,0,0.0,5685.44,0.0,0,2,3,0,7792.32,7792.32,1.0,3,0,3,1.4754,2,0,1,4,1,RET005064,CUST04230
242,15,9,0.6,6,38444.66,6969.31,0.3678,0,0,1,0,7693.77,5852.01,0.7606,13,1,5,1.1157,21,0,1,4,1,RET005065,CUST04230
152,11,7,0.6364,5,34865.39,7862.54,0.4031,0,0,0,0,3579.27,3579.27,1.0,5,1,5,1.3816,75,0,1,4,1,RET005066,CUST04230
221,13,8,0.6154,6,38444.66,7342.13,0.4028,0,0,0,0,4081.47,4081.47,1.0,11,2,5,1.086,69,0,1,4,1,RET005067,CUST04230
32,1,0,0.0,0,0.0,1378.91,0.0,0,0,0,0,1378.91,705.4,0.5116,2,0,0,0.0,32,0,1,4,0,RET005068,CUST04230
58,4,1,0.25,0,0.0,3581.28,0.0,1,0,1,0,3218.43,3218.43,1.0,6,0,1,0.5172,26,0,1,4,1,RET005069,CUST04230
290,3,0,0.0,0,0.0,6114.67,0.0,0,0,0,0,13333.93,13333.93,1.0,22,0,0,0.0,290,1,1,1,0,RET005070,CUST04233
415,5,0,0.0,0,0.0,4575.05,0.0,0,0,0,0,3291.15,3291.15,1.0,16,0,0,0.0,415,0,1,1,0,RET005071,CUST04236
358,3,0,0.0,0,0.0,1802.27,0.0,0,0,0,0,1099.34,1099.34,1.0,22,0,0,0.0,358,0,1,1,0,RET005072,CUST04237
32,10,2,0.2,2,14866.3,5573.86,0.2667,0,1,2,2,4160.03,4160.03,1.0,10,0,1,1.875,4,0,1,1,0,RET005073,CUST04238
28,8,1,0.125,1,725.54,4447.83,0.0204,0,1,1,1,14140.76,14140.76,1.0,11,1,1,1.0714,7,1,1,1,0,RET005074,CUST04238
21,7,0,0.0,0,0.0,4488.94,0.0,0,0,0,0,725.54,725.54,1.0,7,0,0,0.0,21,0,1,1,0,RET005075,CUST04238
55,5,1,0.2,1,1370.26,4023.48,0.0681,0,0,0,1,3384.0,3384.0,1.0,4,0,1,0.5455,36,0,1,1,0,RET005076,CUST04239
19,1,0,0.0,0,0.0,1370.26,0.0,0,0,0,0,1370.26,1370.26,1.0,6,0,0,0.0,19,0,1,1,0,RET005077,CUST04239
81,7,2,0.2857,2,4754.26,3344.55,0.2031,1,0,1,1,1965.32,1965.32,1.0,1,0,2,0.7407,26,0,1,1,0,RET005078,CUST04239
100,9,3,0.3333,2,4754.26,3696.36,0.1429,0,0,1,0,1363.28,1104.48,0.8102,4,1,3,0.9,19,0,1,1,0,RET005079,CUST04239
401,7,0,0.0,0,0.0,4517.03,0.0,0,0,0,0,16368.65,16368.65,1.0,14,0,0,0.0,401,1,1,1,0,RET005080,CUST04241
37,2,0,0.0,0,0.0,2040.97,0.0,0,0,0,0,2491.0,2491.0,1.0,3,0,0,0.0,37,0,3,2,0,RET005081,CUST04242
63,4,2,0.5,1,2491.0,3394.68,0.1834,0,1,2,1,3907.67,3907.67,1.0,4,1,2,0.9524,6,0,3,2,0,RET005082,CUST04242
57,3,1,0.3333,1,2491.0,3223.68,0.2576,0,0,1,1,5589.1,5589.1,1.0,4,0,1,0.5263,20,0,3,2,0,RET005083,CUST04242
210,19,5,0.2632,4,21164.78,3415.75,0.3261,0,0,0,0,6000.0,6000.0,1.0,5,0,3,0.7143,66,0,3,2,1,RET005084,CUST04242
144,12,4,0.3333,4,21164.78,3726.44,0.4733,0,0,0,0,2446.92,2446.92,1.0,5,0,2,0.8333,59,0,3,2,1,RET005085,CUST04242
85,10,3,0.3,3,11987.77,4071.29,0.2944,1,0,2,2,15674.37,15674.37,1.0,2,2,2,1.0588,22,1,3,2,1,RET005086,CUST04242
371,3,0,0.0,0,0.0,1857.91,0.0,0,0,0,0,3069.61,3069.61,1.0,6,0,0,0.0,371,0,1,2,0,RET005087,CUST04247
11,6,1,0.1667,0,0.0,4477.29,0.0,0,1,1,0,1850.9,906.5,0.4898,11,0,1,2.7273,2,0,5,3,0,RET005088,CUST04251
9,6,0,0.0,0,0.0,4477.29,0.0,1,0,0,0,20250.69,20250.69,1.0,9,0,0,0.0,9,1,5,3,0,RET005089,CUST04251
18,9,3,0.3333,0,0.0,5379.28,0.0,1,2,3,0,19497.38,19497.38,1.0,5,0,3,5.0,2,1,5,3,1,RET005090,CUST04251
32,11,4,0.3636,2,17513.06,4784.05,0.3328,0,0,4,2,2085.24,2085.24,1.0,9,0,4,3.75,14,0,5,3,1,RET005091,CUST04251
16,8,2,0.25,0,0.0,5881.0,0.0,0,2,2,0,686.89,686.89,1.0,5,0,2,3.75,5,0,5,3,1,RET005092,CUST04251
50,2,1,0.5,0,0.0,14462.69,0.0,0,0,1,0,17410.02,17410.02,1.0,10,0,1,0.6,26,0,1,1,0,RET005093,CUST04252
24,1,0,0.0,0,0.0,11515.35,0.0,0,0,0,0,11515.35,11515.35,1.0,12,0,0,0.0,24,0,1,1,0,RET005094,CUST04252
257,1,0,0.0,0,0.0,2526.92,0.0,0,0,0,0,2526.92,2526.92,1.0,2,0,0,0.0,257,0,1,1,0,RET005095,CUST04253
169,3,0,0.0,0,0.0,1722.32,0.0,0,0,0,0,3049.07,3049.07,1.0,10,0,0,0.0,169,0,1,1,0,RET005096,CUST04257
63,2,0,0.0,0,0.0,1328.16,0.0,0,0,0,0,329.95,329.95,1.0,19,0,0,0.0,63,0,1,1,0,RET005097,CUST04258
20,1,0,0.0,0,0.0,5350.89,0.0,0,0,0,0,5350.89,5350.89,1.0,10,0,0,0.0,20,0,1,4,0,RET005098,CUST04259
23,2,0,0.0,0,0.0,1990.28,0.0,0,0,0,0,1052.75,1052.75,1.0,9,0,0,0.0,23,0,1,1,0,RET005099,CUST04263
57,2,0,0.0,0,0.0,1860.58,0.0,0,0,0,0,2150.85,1823.95,0.848,27,0,0,0.0,57,0,1,1,0,RET005100,CUST04267
54,4,0,0.0,0,0.0,2985.2,0.0,0,0,0,0,447.77,447.77,1.0,24,0,0,0.0,54,0,1,1,0,RET005101,CUST04268
494,8,1,0.125,1,3985.4,5145.04,0.0968,0,0,1,1,20417.54,20417.54,1.0,5,0,1,0.0607,27,1,1,1,0,RET005102,CUST04270
496,9,2,0.2222,1,3985.4,4719.29,0.0938,0,1,2,1,7199.5,7199.5,1.0,5,1,2,0.121,2,0,1,1,0,RET005103,CUST04270
467,4,0,0.0,0,0.0,2700.81,0.0,0,0,0,0,3985.4,3985.4,1.0,14,0,0,0.0,467,0,1,1,0,RET005104,CUST04270
141,2,0,0.0,0,0.0,1995.34,0.0,0,0,0,0,2206.54,1573.11,0.7129,16,0,0,0.0,141,0,5,1,0,RET005105,CUST04274
264,7,3,0.4286,2,1658.41,1437.16,0.1649,0,0,0,0,544.76,544.76,1.0,24,0,3,0.3409,59,0,5,1,1,RET005106,CUST04274
205,5,2,0.4,1,1103.89,1249.42,0.1767,0,1,1,1,554.52,554.52,1.0,28,0,2,0.2927,7,0,5,1,1,RET005107,CUST04274
198,5,1,0.2,0,0.0,1249.42,0.0,0,0,0,0,1103.89,1103.89,1.0,16,0,1,0.1515,57,0,5,1,0,RET005108,CUST04274
222,4,0,0.0,1,696.95,5001.16,0.0348,0,0,0,1,1387.98,1387.98,1.0,26,0,0,0.0,222,0,1,1,0,RET005109,CUST04275
491,8,1,0.125,1,3738.68,3374.28,0.1385,0,0,0,0,3552.14,1684.4,0.4742,20,1,1,0.0611,143,0,1,1,0,RET005110,CUST04278
348,4,0,0.0,0,0.0,3956.11,0.0,0,0,0,0,5364.77,3738.68,0.6969,27,0,0,0.0,348,0,1,1,0,RET005111,CUST04278
203,1,0,0.0,0,0.0,12428.51,0.0,0,0,0,0,12428.51,12428.51,1.0,23,0,0,0.0,203,0,1,1,0,RET005112,CUST04279
281,9,0,0.0,0,0.0,1925.56,0.0,0,0,0,0,1479.04,1479.04,1.0,8,0,0,0.0,281,0,1,1,0,RET005113,CUST04280
28,16,5,0.3125,2,30783.92,7181.2,0.2679,0,2,5,2,1613.34,1613.34,1.0,13,0,4,5.3571,3,0,1,1,1,RET005114,CUST04282
16,14,1,0.0714,1,30351.47,6415.45,0.3379,1,0,1,1,3372.67,3372.67,1.0,10,1,1,1.875,10,0,1,1,1,RET005115,CUST04282
6,5,0,0.0,0,0.0,11468.32,0.0,1,0,0,0,30351.47,30351.47,1.0,4,0,0,0.0,6,1,1,1,0,RET005116,CUST04282
23,15,3,0.2,2,30783.92,6813.17,0.3012,0,2,3,2,1317.28,1317.28,1.0,9,0,2,3.913,6,0,1,1,1,RET005117,CUST04282
25,16,4,0.25,2,30783.92,7181.2,0.2679,0,1,4,2,12701.75,6115.6,0.4815,2,0,3,4.8,2,0,1,1,1,RET005118,CUST04282
17,14,2,0.1429,1,30351.47,6415.45,0.3379,0,1,2,1,734.81,734.81,1.0,12,0,1,3.5294,1,0,1,1,1,RET005119,CUST04282
114,14,2,0.1429,1,4711.04,6540.76,0.0514,1,1,1,1,12692.61,12692.61,1.0,14,0,2,0.5263,3,0,4,1,1,RET005120,CUST04284
76,6,0,0.0,0,0.0,5359.12,0.0,0,0,0,0,4711.04,4711.04,1.0,3,0,0,0.0,76,0,4,1,0,RET005121,CUST04284
111,13,1,0.0769,1,4711.04,6123.77,0.0592,1,0,0,1,3423.46,3423.46,1.0,3,0,1,0.2703,35,0,4,1,1,RET005122,CUST04284
59,6,0,0.0,0,0.0,2423.17,0.0,0,0,0,0,1303.81,1303.81,1.0,6,0,0,0.0,59,0,1,1,0,RET005123,CUST04285
9,3,1,0.3333,0,0.0,12701.35,0.0,0,1,1,0,277.83,175.9,0.6331,4,0,1,3.3333,3,0,3,1,0,RET005124,CUST04287
6,3,0,0.0,0,0.0,12701.35,0.0,1,0,0,0,32562.02,32562.02,1.0,5,0,0,0.0,6,1,3,1,0,RET005125,CUST04287
67,19,8,0.4211,6,48957.17,6953.21,0.3706,1,0,3,3,1323.46,750.88,0.5674,6,1,5,3.5821,13,0,3,1,1,RET005126,CUST04287
78,22,9,0.4091,7,49708.05,7634.04,0.296,0,0,3,4,17186.74,17186.74,1.0,11,2,5,3.4615,11,1,3,1,1,RET005127,CUST04287
49,13,6,0.4615,3,36500.84,9163.25,0.3064,1,1,3,1,2678.99,2678.99,1.0,12,2,5,3.6735,3,0,3,1,1,RET005128,CUST04287
32,7,4,0.5714,3,36500.84,13916.44,0.3747,0,1,4,3,46332.19,46332.19,1.0,4,1,4,3.75,2,1,3,1,1,RET005129,CUST04287
13,3,2,0.6667,2,32737.92,12701.35,0.8592,0,2,2,2,5264.2,5264.2,1.0,10,0,2,4.6154,4,0,3,1,1,RET005130,CUST04287
30,7,3,0.4286,3,36500.84,13916.44,0.3747,0,0,3,3,684.26,684.26,1.0,3,0,3,3.0,17,0,3,1,1,RET005131,CUST04287
79,22,10,0.4545,7,49708.05,7634.04,0.296,0,1,4,4,11694.49,6332.47,0.5415,8,3,5,3.7975,1,0,3,1,1,RET005132,CUST04287
46,11,5,0.4545,3,36500.84,10481.05,0.3166,0,0,2,1,9331.28,9331.28,1.0,5,0,4,3.2609,14,0,3,1,1,RET005133,CUST04287
54,14,7,0.5,4,45832.12,8626.89,0.3795,1,1,4,1,1345.31,858.27,0.638,6,1,5,3.8889,5,0,3,1,1,RET005134,CUST04287
388,2,0,0.0,0,0.0,11145.9,0.0,0,0,0,0,19733.44,8992.2,0.4557,29,0,0,0.0,388,0,1,1,0,RET005135,CUST04292
52,16,7,0.4375,5,14200.45,5142.74,0.1726,1,0,5,5,3473.38,2936.2,0.8453,7,1,5,4.0385,11,0,3,4,1,RET005136,CUST04296
24,8,3,0.375,0,0.0,7818.55,0.0,0,1,3,0,265.35,236.62,0.8917,7,0,3,3.75,1,0,3,4,1,RET005137,CUST04296
69,19,10,0.5263,5,14200.45,7414.63,0.1008,0,1,4,1,55000.0,55000.0,1.0,13,3,6,4.3478,4,1,3,4,1,RET005138,CUST04296
36,12,5,0.4167,4,13025.52,6213.02,0.1747,1,0,5,4,1174.93,1174.93,1.0,12,0,4,4.1667,11,0,3,4,1,RET005139,CUST04296
25,9,4,0.4444,0,0.0,7080.37,0.0,1,2,4,0,724.01,724.01,1.0,11,1,4,4.8,1,0,3,4,1,RET005140,CUST04296
23,8,2,0.25,0,0.0,7818.55,0.0,0,1,2,0,4122.33,4122.33,1.0,10,0,2,2.6087,7,0,3,4,1,RET005141,CUST04296
41,12,6,0.5,5,14200.45,6213.02,0.1905,0,1,5,5,2366.18,2366.18,1.0,6,1,5,4.3902,5,0,3,4,1,RET005142,CUST04296
53,16,8,0.5,5,14200.45,5142.74,0.1726,0,1,6,5,1368.03,1368.03,1.0,2,0,5,4.5283,1,0,3,4,1,RET005143,CUST04296
16,6,1,0.1667,0,0.0,10049.69,0.0,0,0,1,0,8000.0,8000.0,1.0,11,0,1,1.875,10,0,3,4,0,RET005144,CUST04296
65,19,9,0.4737,5,14200.45,7414.63,0.1008,0,0,4,1,803.78,803.78,1.0,11,2,6,4.1538,12,0,3,4,1,RET005145,CUST04296
6,2,0,0.0,0,0.0,4991.25,0.0,1,0,0,0,1982.5,1982.5,1.0,2,0,0,0.0,6,0,3,4,0,RET005146,CUST04296
82,8,3,0.375,1,1764.79,6101.98,0.0362,1,1,2,1,25669.98,14310.04,0.5575,12,0,3,1.0976,4,1,1,1,1,RET005147,CUST04297
36,1,0,0.0,0,0.0,555.79,0.0,0,0,0,0,555.79,555.79,1.0,13,0,0,0.0,36,0,1,1,0,RET005148,CUST04297
111,13,5,0.3846,2,3020.84,5404.48,0.043,0,0,2,1,1156.45,1156.45,1.0,12,1,5,1.3514,18,0,1,1,1,RET005149,CUST04297
78,5,2,0.4,1,1764.79,7423.35,0.0475,0,0,1,1,2103.46,2103.46,1.0,10,0,2,0.7692,15,0,1,1,0,RET005150,CUST04297
63,3,1,0.3333,0,0.0,3114.43,0.0,0,0,1,0,1764.79,1764.79,1.0,7,0,1,0.4762,27,0,1,1,0,RET005151,CUST04297
93,11,4,0.3636,2,3020.84,5975.38,0.046,1,0,3,2,2016.06,1682.13,0.8344,14,0,4,1.2903,11,0,1,1,1,RET005152,CUST04297
119,4,1,0.25,0,0.0,6622.86,0.0,0,0,1,0,848.24,848.24,1.0,7,0,1,0.2521,25,0,3,1,0,RET005153,CUST04300
94,3,0,0.0,0,0.0,8547.74,0.0,0,0,0,0,17046.82,17046.82,1.0,11,0,0,0.0,94,0,3,1,0,RET005154,CUST04300
265,15,2,0.1333,0,0.0,5505.0,0.0,0,0,0,0,738.54,496.88,0.6728,14,0,2,0.2264,146,0,3,1,0,RET005155,CUST04300
19,13,5,0.3846,1,5248.35,9346.71,0.0432,1,4,5,1,14155.92,10010.82,0.7072,1,0,3,7.8947,1,0,1,1,1,RET005156,CUST04302
13,11,1,0.0909,0,0.0,9621.88,0.0,1,1,1,0,5248.35,5248.35,1.0,6,0,1,2.3077,3,0,1,1,1,RET005157,CUST04302
18,12,4,0.3333,1,5248.35,8945.94,0.0489,0,3,4,1,1510.67,1510.67,1.0,5,1,3,6.6667,3,0,1,1,1,RET005158,CUST04302
15,12,3,0.25,0,0.0,8945.94,0.0,0,3,3,0,892.14,892.14,1.0,9,1,3,6.0,1,0,1,1,1,RET005159,CUST04302
24,17,6,0.3529,1,5248.35,8818.04,0.035,0,2,6,1,663.46,350.12,0.5277,2,1,4,7.5,5,0,1,1,1,RET005160,CUST04302
14,12,2,0.1667,0,0.0,8945.94,0.0,1,2,2,0,4788.51,4788.51,1.0,5,0,2,4.2857,1,0,1,1,1,RET005161,CUST04302
10,9,0,0.0,0,0.0,10174.94,0.0,2,0,0,0,3289.24,3289.24,1.0,6,0,0,0.0,10,0,1,1,0,RET005162,CUST04302
68,23,11,0.4783,6,31009.11,7582.89,0.1778,0,0,1,2,2711.1,2711.1,1.0,13,2,5,4.8529,15,0,1,1,1,RET005163,CUST04302
33,19,8,0.4211,3,15955.41,8069.4,0.1041,0,0,8,3,662.59,662.59,1.0,14,1,5,7.2727,9,0,1,1,0,RET005164,CUST04302
36,19,9,0.4737,4,16305.53,8069.4,0.1064,0,1,9,4,24346.29,19442.78,0.7986,14,2,5,7.5,3,1,1,1,1,RET005165,CUST04302
53,21,10,0.4762,5,16968.12,8021.72,0.1007,0,0,4,4,14040.99,14040.99,1.0,5,1,5,5.6604,17,0,1,1,1,RET005166,CUST04302
24,17,6,0.3529,1,5248.35,8818.04,0.035,0,2,6,1,2727.17,1334.43,0.4893,4,0,4,7.5,5,0,1,1,1,RET005167,CUST04302
289,2,0,0.0,0,0.0,1473.47,0.0,0,0,0,0,582.9,582.9,1.0,10,0,0,0.0,289,0,1,1,0,RET005168,CUST04306
308,1,0,0.0,0,0.0,1326.39,0.0,0,0,0,0,1326.39,1326.39,1.0,9,0,0,0.0,308,0,1,1,0,RET005169,CUST04308
32,9,2,0.2222,1,2840.13,5073.52,0.0622,0,0,2,1,3420.65,1545.57,0.4518,2,0,1,1.875,17,0,1,1,0,RET005170,CUST04309
36,14,3,0.2143,1,2840.13,3897.59,0.052,0,1,3,1,7950.54,7950.54,1.0,8,0,2,2.5,4,1,1,1,1,RET005171,CUST04309
46,16,6,0.375,2,10790.67,4742.55,0.1422,1,2,4,1,2428.25,2428.25,1.0,12,2,4,3.913,6,0,1,1,1,RET005172,CUST04309
40,14,5,0.3571,1,2840.13,3897.59,0.052,0,2,4,1,776.09,776.09,1.0,14,1,4,3.75,1,0,1,1,1,RET005173,CUST04309
15,3,1,0.3333,1,2840.13,9390.4,0.1008,0,1,1,1,1569.32,1569.32,1.0,10,1,1,2.0,7,0,1,1,0,RET005174,CUST04309
39,14,4,0.2857,1,2840.13,3897.59,0.052,0,2,3,1,2551.1,1857.26,0.728,6,0,3,3.0769,3,0,1,1,1,RET005175,CUST04309
8,2,0,0.0,0,0.0,2204.72,0.0,0,0,0,0,2840.13,2840.13,1.0,5,0,0,0.0,8,0,1,1,0,RET005176,CUST04309
256,1,0,0.0,0,0.0,901.14,0.0,0,0,0,0,901.14,637.74,0.7077,12,0,0,0.0,256,0,1,1,0,RET005177,CUST04311
322,6,0,0.0,0,0.0,5834.38,0.0,0,0,0,0,14295.31,14295.31,1.0,27,0,0,0.0,322,1,1,1,0,RET005178,CUST04314
268,3,0,0.0,0,0.0,2539.62,0.0,0,0,0,0,3436.48,3436.48,1.0,25,0,0,0.0,268,0,1,1,0,RET005179,CUST04317
30,2,1,0.5,0,0.0,10974.73,0.0,0,1,1,0,969.14,690.22,0.7122,4,0,1,1.0,1,0,1,3,0,RET005180,CUST04318
29,2,0,0.0,0,0.0,10974.73,0.0,0,0,0,0,20980.31,20980.31,1.0,5,0,0,0.0,29,0,1,3,0,RET005181,CUST04318
80,9,2,0.2222,2,24386.86,9845.03,0.2752,0,0,0,1,936.97,936.97,1.0,10,0,2,0.75,50,0,1,3,0,RET005182,CUST04318
358,1,0,0.0,0,0.0,55000.0,0.0,0,0,0,0,55000.0,55000.0,1.0,10,0,0,0.0,358,0,1,1,0,RET005183,CUST04319
53,4,1,0.25,0,0.0,10767.35,0.0,0,0,0,0,3411.93,3411.93,1.0,5,1,1,0.566,42,0,2,1,0,RET005184,CUST04320
11,3,0,0.0,0,0.0,13219.15,0.0,0,0,0,0,14857.79,14857.79,1.0,2,0,0,0.0,11,0,2,1,0,RET005185,CUST04320
93,8,3,0.375,1,3411.93,8887.38,0.048,1,0,1,0,1802.32,1470.59,0.8159,13,0,2,0.9677,17,0,2,1,1,RET005186,CUST04320
76,5,2,0.4,1,3411.93,13201.94,0.0517,0,0,1,1,22940.3,22940.3,1.0,7,0,1,0.7895,23,0,2,1,0,RET005187,CUST04320
112,3,0,0.0,0,0.0,2057.05,0.0,0,0,0,0,912.15,912.15,1.0,21,0,0,0.0,112,0,1,1,0,RET005188,CUST04321
7,2,0,0.0,0,0.0,6477.09,0.0,0,0,0,0,4665.74,4665.74,1.0,7,0,0,0.0,7,0,5,1,0,RET005189,CUST04326
45,10,2,0.2,2,6857.87,4540.84,0.151,0,0,1,1,10499.39,10499.39,1.0,14,1,2,1.3333,14,1,5,1,0,RET005190,CUST04326
31,9,1,0.1111,1,4665.74,3878.78,0.1337,0,0,1,1,2692.73,2192.13,0.8141,8,0,1,0.9677,24,0,5,1,0,RET005191,CUST04326
73,3,0,0.0,0,0.0,1743.63,0.0,0,0,0,0,2215.45,2215.45,1.0,20,0,0,0.0,73,0,1,1,0,RET005192,CUST04329
161,6,1,0.1667,0,0.0,1418.2,0.0,0,0,0,0,1210.26,1210.26,1.0,15,1,1,0.1863,88,0,1,1,0,RET005193,CUST04329
20,4,1,0.25,1,30350.6,9003.07,0.8428,0,0,1,1,795.44,795.44,1.0,3,0,1,1.5,17,0,4,1,1,RET005194,CUST04330
37,10,3,0.3,2,31146.04,7816.85,0.3984,0,1,2,2,2668.44,2668.44,1.0,6,1,3,2.4324,6,0,4,1,1,RET005195,CUST04330
3,3,0,0.0,0,0.0,11738.94,0.0,0,0,0,0,30350.6,30350.6,1.0,2,0,0,0.0,3,1,4,1,0,RET005196,CUST04330
37,10,3,0.3,2,31146.04,7816.85,0.3984,0,1,2,2,2274.65,2274.65,1.0,11,1,3,2.4324,6,0,4,1,1,RET005197,CUST04330
31,8,2,0.25,1,30350.6,9291.81,0.4083,0,0,2,1,25000.04,25000.04,1.0,11,0,2,1.9355,11,1,4,1,1,RET005198,CUST04330
20,1,0,0.0,0,0.0,1741.25,0.0,0,0,0,0,1741.25,1741.25,1.0,3,0,0,0.0,20,0,5,1,0,RET005199,CUST04332
53,8,1,0.125,0,0.0,10306.51,0.0,0,0,0,0,5236.67,5236.67,1.0,6,0,1,0.566,33,0,5,1,0,RET005200,CUST04332
189,12,2,0.1667,2,4233.66,6317.11,0.0558,0,0,1,1,5113.77,5113.77,1.0,10,1,2,0.3175,29,0,1,1,0,RET005201,CUST04335
160,9,1,0.1111,1,1382.91,7418.47,0.0207,0,0,1,1,2850.75,2850.75,1.0,5,0,1,0.1875,20,0,1,1,0,RET005202,CUST04335
140,7,0,0.0,0,0.0,7148.8,0.0,0,0,0,0,1382.91,1382.91,1.0,9,0,0,0.0,140,0,1,1,0,RET005203,CUST04335
48,8,2,0.25,1,25554.59,6278.4,0.5088,1,1,2,1,1827.6,1827.6,1.0,12,1,2,1.25,3,0,1,1,1,RET005204,CUST04337
40,6,0,0.0,0,0.0,7451.12,0.0,0,0,0,0,25554.59,25554.59,1.0,4,0,0,0.0,40,1,1,1,0,RET005205,CUST04337
48,8,2,0.25,1,25554.59,6278.4,0.5088,1,1,2,1,2483.06,1585.36,0.6385,11,1,2,1.25,3,0,1,1,1,RET005206,CUST04337
45,7,1,0.1429,1,25554.59,6829.07,0.5346,0,1,1,1,5426.63,5426.63,1.0,12,0,1,0.6667,5,0,1,1,1,RET005207,CUST04337
52,8,4,0.5,1,25554.59,6278.4,0.5088,0,3,4,1,3855.66,3855.66,1.0,14,1,2,2.3077,4,0,1,1,0,RET005208,CUST04337
208,13,5,0.3846,5,38249.84,6782.38,0.4338,0,0,0,0,6780.07,5827.85,0.8596,14,3,2,0.7212,156,0,1,1,1,RET005209,CUST04337
408,7,0,0.0,0,0.0,3644.91,0.0,0,0,0,0,1208.89,535.45,0.4429,2,0,0,0.0,408,0,1,2,0,RET005210,CUST04341
77,7,0,0.0,0,0.0,6724.67,0.0,0,0,0,0,1320.83,864.11,0.6542,8,0,0,0.0,77,0,1,1,0,RET005211,CUST04344
109,11,1,0.0909,1,864.11,7578.35,0.0104,0,0,0,1,20043.3,20043.3,1.0,25,0,1,0.2752,32,1,1,1,1,RET005212,CUST04344
174,5,0,0.0,0,0.0,10004.98,0.0,0,0,0,0,26742.87,26742.87,1.0,8,0,0,0.0,174,1,1,1,0,RET005213,CUST04347
313,8,2,0.25,1,679.48,7276.02,0.0117,0,0,0,0,5599.02,5599.02,1.0,3,0,2,0.1917,56,0,1,1,0,RET005214,CUST04347
257,6,1,0.1667,0,0.0,8450.73,0.0,0,0,0,0,679.48,679.48,1.0,5,0,1,0.1167,83,0,1,1,0,RET005215,CUST04347
379,11,1,0.0909,0,0.0,10956.38,0.0,0,0,0,0,10580.92,10580.92,1.0,14,0,1,0.0792,168,0,3,1,0,RET005216,CUST04349
211,2,0,0.0,0,0.0,6389.73,0.0,0,0,0,0,1961.8,1961.8,1.0,12,0,0,0.0,211,0,3,1,0,RET005217,CUST04349
410,12,2,0.1667,1,10580.92,10220.12,0.0863,0,0,0,1,2121.27,2121.27,1.0,9,1,2,0.1463,31,0,3,1,0,RET005218,CUST04349
21,8,2,0.25,0,0.0,6068.41,0.0,0,2,2,0,920.17,920.17,1.0,11,1,2,2.8571,2,0,1,3,0,RET005219,CUST04351
21,8,2,0.25,0,0.0,6068.41,0.0,0,2,2,0,24301.47,24301.47,1.0,11,1,2,2.8571,2,1,1,3,1,RET005220,CUST04351
18,8,0,0.0,0,0.0,6068.41,0.0,0,0,0,0,1592.27,1592.27,1.0,12,0,0,0.0,18,0,1,3,0,RET005221,CUST04351
19,8,1,0.125,0,0.0,6068.41,0.0,0,1,1,0,5967.42,5967.42,1.0,7,0,1,1.5789,1,0,1,3,0,RET005222,CUST04351
24,1,0,0.0,0,0.0,684.66,0.0,0,0,0,0,684.66,566.61,0.8276,12,0,0,0.0,24,0,1,1,0,RET005223,CUST04352
7,5,0,0.0,0,0.0,1760.44,0.0,1,0,0,0,673.92,673.92,1.0,5,0,0,0.0,7,0,1,4,0,RET005224,CUST04353
505,16,3,0.1875,1,24909.34,6987.87,0.2228,0,0,1,0,14347.21,14347.21,1.0,6,0,3,0.1782,13,1,4,1,0,RET005225,CUST04362
492,15,2,0.1333,1,24909.34,6497.25,0.2556,1,0,0,0,18761.38,14196.61,0.7567,7,0,2,0.122,87,1,4,1,0,RET005226,CUST04362
405,9,1,0.1111,0,0.0,4687.61,0.0,0,0,0,0,24909.34,24909.34,1.0,9,0,1,0.0741,116,1,4,1,0,RET005227,CUST04362
289,2,0,0.0,0,0.0,1585.16,0.0,0,0,0,0,1767.24,1767.24,1.0,5,0,0,0.0,289,0,4,1,0,RET005228,CUST04362
22,7,0,0.0,0,0.0,5628.55,0.0,1,0,0,0,15267.11,15267.11,1.0,10,0,0,0.0,22,1,1,3,0,RET005229,CUST04363
43,13,1,0.0769,0,0.0,6423.31,0.0,0,0,1,0,5351.26,5002.0,0.9347,7,0,1,0.6977,21,0,1,3,1,RET005230,CUST04363
33,5,0,0.0,0,0.0,5269.9,0.0,1,0,0,0,3474.53,3474.53,1.0,6,0,0,0.0,33,0,1,1,0,RET005231,CUST04364
91,16,2,0.125,2,3716.63,3498.08,0.0664,0,0,0,1,2858.62,2858.62,1.0,7,0,2,0.6593,31,0,1,1,1,RET005232,CUST04364
60,14,1,0.0714,1,3474.53,3681.35,0.0674,0,0,1,1,242.1,242.1,1.0,4,0,1,0.5,27,0,1,1,1,RET005233,CUST04364
453,4,0,0.0,0,0.0,2374.59,0.0,0,0,0,0,1375.07,1375.07,1.0,3,0,0,0.0,453,0,1,1,0,RET005234,CUST04369
66,5,0,0.0,0,0.0,2327.21,0.0,1,0,0,0,2923.39,2489.13,0.8515,2,0,0,0.0,66,0,1,2,0,RET005235,CUST04372
70,9,2,0.2222,0,0.0,4262.33,0.0,2,2,2,0,812.52,812.52,1.0,1,0,2,0.8571,4,0,1,2,0,RET005236,CUST04372
66,5,0,0.0,0,0.0,2327.21,0.0,1,0,0,0,770.71,770.71,1.0,1,0,0,0.0,66,0,1,2,0,RET005237,CUST04372
142,11,3,0.2727,0,0.0,3838.72,0.0,0,0,0,0,2649.98,2649.98,1.0,14,1,3,0.6338,72,0,1,2,0,RET005238,CUST04372
72,3,0,0.0,0,0.0,3454.19,0.0,0,0,0,0,2222.28,1816.16,0.8173,16,0,0,0.0,72,0,1,1,0,RET005239,CUST04374
309,8,0,0.0,0,0.0,4544.24,0.0,0,0,0,0,3094.34,3094.34,1.0,13,0,0,0.0,309,0,1,1,0,RET005240,CUST04375
33,2,0,0.0,0,0.0,9567.33,0.0,0,0,0,0,17726.45,14930.92,0.8423,2,0,0,0.0,33,0,1,1,0,RET005241,CUST04380
341,4,1,0.25,0,0.0,4488.23,0.0,0,0,0,0,2174.27,2174.27,1.0,14,0,1,0.088,73,0,1,1,0,RET005242,CUST04381
268,2,0,0.0,0,0.0,2645.11,0.0,0,0,0,0,1717.6,1717.6,1.0,19,0,0,0.0,268,0,1,1,0,RET005243,CUST04381
280,1,0,0.0,0,0.0,15713.43,0.0,0,0,0,0,15713.43,15713.43,1.0,11,0,0,0.0,280,0,5,3,0,RET005244,CUST04383
464,14,3,0.2143,3,19313.11,9254.82,0.1491,0,0,0,0,1965.1,1965.1,1.0,8,0,3,0.194,108,0,5,3,1,RET005245,CUST04383
355,9,1,0.1111,1,15713.43,9472.39,0.1843,0,0,0,0,1954.14,1954.14,1.0,5,0,1,0.0845,75,0,5,3,0,RET005246,CUST04383
356,9,2,0.2222,1,15713.43,9472.39,0.1843,0,1,1,0,1645.54,1645.54,1.0,5,0,2,0.1685,1,0,5,3,1,RET005247,CUST04383
89,8,3,0.375,2,1051.66,10689.59,0.0123,0,1,2,1,2869.22,1413.65,0.4927,10,0,2,1.0112,4,0,1,1,1,RET005248,CUST04384
129,13,4,0.3077,3,2465.31,7700.26,0.0246,0,0,0,0,3686.82,3686.82,1.0,7,0,3,0.9302,40,0,1,1,0,RET005249,CUST04384
79,6,1,0.1667,1,328.1,13627.97,0.004,0,0,0,0,30460.59,30460.59,1.0,5,1,1,0.3797,37,1,1,1,0,RET005250,CUST04384
138,14,5,0.3571,3,2465.31,7296.77,0.0241,0,0,1,0,2051.38,2051.38,1.0,7,1,4,1.087,9,0,1,1,1,RET005251,CUST04384
85,8,2,0.25,1,328.1,10689.59,0.0038,0,1,1,0,879.65,723.56,0.8226,5,0,1,0.7059,6,0,1,1,0,RET005252,CUST04384
42,3,0,0.0,0,0.0,1073.36,0.0,0,0,0,0,763.68,328.1,0.4296,14,0,0,0.0,42,0,1,1,0,RET005253,CUST04384
72,1,0,0.0,0,0.0,4137.05,0.0,0,0,0,0,4137.05,3348.34,0.8094,12,0,0,0.0,72,0,3,1,0,RET005254,CUST04388
356,6,0,0.0,0,0.0,2020.31,0.0,0,0,0,0,448.72,448.72,1.0,22,0,0,0.0,356,0,1,1,0,RET005255,CUST04389
178,5,0,0.0,0,0.0,7925.69,0.0,0,0,0,0,30393.32,30393.32,1.0,6,0,0,0.0,178,1,1,1,0,RET005256,CUST04390
206,7,1,0.1429,1,30393.32,6131.26,0.7082,0,0,1,1,1535.4,1535.4,1.0,26,0,1,0.1456,28,0,1,1,1,RET005257,CUST04390
304,5,0,0.0,0,0.0,1664.96,0.0,0,0,0,0,884.96,884.96,1.0,6,0,0,0.0,304,0,1,1,0,RET005258,CUST04391
265,3,0,0.0,0,0.0,13056.27,0.0,0,0,0,0,3995.7,3995.7,1.0,19,0,0,0.0,265,0,1,1,0,RET005259,CUST04395
104,6,0,0.0,0,0.0,3959.39,0.0,0,0,0,0,915.11,915.11,1.0,7,0,0,0.0,104,0,5,4,0,RET005260,CUST04396
149,12,2,0.1667,1,400.0,5171.39,0.0064,0,1,2,1,1871.17,1871.17,1.0,8,1,2,0.4027,3,0,3,3,0,RET005261,CUST04398
146,12,1,0.0833,1,400.0,5171.39,0.0064,2,0,1,1,1938.2,1241.01,0.6403,1,0,1,0.2055,11,0,3,3,0,RET005262,CUST04398
135,3,0,0.0,0,0.0,4789.87,0.0,0,0,0,0,400.0,400.0,1.0,8,0,0,0.0,135,0,3,3,0,RET005263,CUST04398
229,17,4,0.2353,2,2271.17,4316.58,0.031,0,0,1,0,2793.61,2793.61,1.0,12,1,2,0.524,13,0,3,3,0,RET005264,CUST04398
263,19,5,0.2632,3,5064.78,4215.25,0.0632,0,0,0,1,5774.19,5774.19,1.0,6,3,2,0.5703,34,0,3,3,0,RET005265,CUST04398
216,16,3,0.1875,2,2271.17,4411.76,0.0322,0,0,0,0,1587.59,1587.59,1.0,2,2,2,0.4167,67,0,3,3,0,RET005266,CUST04398
260,2,0,0.0,0,0.0,4691.69,0.0,0,0,0,0,6393.51,6393.51,1.0,11,0,0,0.0,260,0,1,1,1,RET005267,CUST04400
309,4,0,0.0,0,0.0,943.83,0.0,0,0,0,0,1193.2,735.99,0.6168,6,0,0,0.0,309,0,1,1,0,RET005268,CUST04402
34,1,0,0.0,0,0.0,2414.62,0.0,0,0,0,0,2414.62,2414.62,1.0,6,0,0,0.0,34,0,1,1,0,RET005269,CUST04403
58,4,1,0.25,0,0.0,6424.16,0.0,0,0,1,0,17553.43,17553.43,1.0,17,0,1,0.5172,24,1,1,1,0,RET005270,CUST04403
133,2,0,0.0,0,0.0,3715.26,0.0,0,0,0,0,5741.08,5741.08,1.0,19,0,0,0.0,133,0,1,1,0,RET005271,CUST04404
52,8,2,0.25,0,0.0,5574.59,0.0,1,1,1,0,22122.49,18314.64,0.8279,11,2,1,1.1538,1,1,1,3,0,RET005272,CUST04405
60,8,3,0.375,0,0.0,5574.59,0.0,0,0,2,0,2402.5,1544.26,0.6428,14,3,1,1.5,8,0,1,3,1,RET005273,CUST04405
101,12,5,0.4167,2,2584.28,7908.48,0.0272,0,0,1,0,12165.3,12165.3,1.0,10,0,2,1.4851,24,0,1,3,1,RET005274,CUST04405
77,10,4,0.4,2,2584.28,7083.64,0.0365,0,0,3,2,19851.55,10945.82,0.5514,10,0,1,1.5584,17,0,1,3,1,RET005275,CUST04405
12,1,0,0.0,0,0.0,2960.63,0.0,0,0,0,0,2960.63,2960.63,1.0,7,0,0,0.0,12,0,1,3,0,RET005276,CUST04405
51,7,1,0.1429,0,0.0,6054.11,0.0,0,0,0,0,1040.02,1040.02,1.0,4,1,1,0.5882,39,0,1,3,0,RET005277,CUST04405
46,8,3,0.375,2,6884.57,13722.15,0.0627,0,0,3,2,41402.72,41402.72,1.0,4,0,3,1.9565,11,1,4,1,1,RET005278,CUST04408
35,6,2,0.3333,0,0.0,4383.16,0.0,0,2,2,0,5466.57,5466.57,1.0,5,0,2,1.7143,5,0,4,1,1,RET005279,CUST04408
59,11,5,0.4545,2,6884.57,11138.88,0.0562,0,0,4,2,1290.83,1290.83,1.0,13,2,4,2.5424,8,0,4,1,1,RET005280,CUST04408
51,11,4,0.3636,2,6884.57,11138.88,0.0562,0,1,4,2,9088.91,9088.91,1.0,2,1,4,2.3529,5,0,4,1,1,RET005281,CUST04408
28,3,0,0.0,0,0.0,4767.29,0.0,0,0,0,0,11544.82,11544.82,1.0,9,0,0,0.0,28,1,4,1,1,RET005282,CUST04408
30,3,1,0.3333,0,0.0,4767.29,0.0,0,1,1,0,2178.33,1418.0,0.651,14,0,1,1.0,2,0,4,1,1,RET005283,CUST04408
118,10,1,0.1,2,14083.43,7672.98,0.1835,0,0,0,1,1137.33,954.9,0.8396,10,0,1,0.2542,48,0,1,1,0,RET005284,CUST04409
125,10,2,0.2,2,14083.43,7672.98,0.1835,0,1,1,1,1617.7,1617.7,1.0,9,0,2,0.48,7,0,1,1,1,RET005285,CUST04409
126,10,3,0.3,2,14083.43,7672.98,0.1835,0,1,2,1,2047.8,1615.11,0.7887,13,0,3,0.7143,1,0,1,1,0,RET005286,CUST04409
70,3,0,0.0,0,0.0,2213.38,0.0,0,0,0,0,1596.76,1596.76,1.0,9,0,0,0.0,70,0,1,1,0,RET005287,CUST04409
415,8,1,0.125,0,0.0,5869.62,0.0,1,0,1,0,15967.01,15967.01,1.0,1,0,1,0.0723,24,1,1,1,0,RET005288,CUST04410
434,9,2,0.2222,0,0.0,5492.04,0.0,0,0,1,0,2471.43,1567.1,0.6341,11,0,2,0.1382,19,0,1,1,0,RET005289,CUST04410
391,2,0,0.0,0,0.0,498.88,0.0,0,0,0,0,144.29,144.29,1.0,8,0,0,0.0,391,0,1,1,0,RET005290,CUST04410
510,3,0,0.0,0,0.0,7139.62,0.0,0,0,0,0,18881.47,18881.47,1.0,20,0,0,0.0,510,1,1,1,0,RET005291,CUST04412
67,17,5,0.2941,4,48077.62,8135.28,0.3476,1,0,3,3,1113.43,1113.43,1.0,1,2,3,2.2388,10,0,4,4,1,RET005292,CUST04415
67,17,5,0.2941,4,48077.62,8135.28,0.3476,1,0,3,3,2563.83,2563.83,1.0,2,2,3,2.2388,10,0,4,4,1,RET005293,CUST04415
74,20,8,0.4,4,48077.62,8764.32,0.2743,0,3,5,2,2569.32,2569.32,1.0,4,3,3,3.2432,7,0,4,4,1,RET005294,CUST04415
21,4,0,0.0,0,0.0,6638.85,0.0,0,0,0,0,1436.01,1436.01,1.0,11,0,0,0.0,21,0,4,4,0,RET005295,CUST04415
91,22,9,0.4091,4,48077.62,8078.38,0.2705,1,0,4,2,440.2,440.2,1.0,3,4,3,2.967,17,0,4,4,1,RET005296,CUST04415
36,8,1,0.125,1,1436.01,6294.5,0.0285,1,0,1,1,1276.84,1276.84,1.0,1,1,1,0.8333,15,0,4,4,0,RET005297,CUST04415
67,17,5,0.2941,4,48077.62,8135.28,0.3476,1,0,3,3,17743.18,17743.18,1.0,14,2,3,2.2388,10,1,4,4,1,RET005298,CUST04415
57,15,4,0.2667,2,28291.84,8974.83,0.2102,0,1,3,1,17881.1,17881.1,1.0,13,1,3,2.1053,2,0,4,4,1,RET005299,CUST04415
40,10,2,0.2,1,1436.01,8033.72,0.0179,1,1,2,1,26855.83,26855.83,1.0,1,0,1,1.5,4,1,4,4,0,RET005300,CUST04415
55,15,3,0.2,2,28291.84,8974.83,0.2102,0,0,2,1,1904.68,1904.68,1.0,9,0,2,1.6364,15,0,4,4,1,RET005301,CUST04415
242,3,0,0.0,0,0.0,1479.62,0.0,0,0,0,0,460.34,460.34,1.0,14,0,0,0.0,242,0,1,1,0,RET005302,CUST04417
30,10,5,0.5,3,21063.8,3577.02,0.5889,0,3,5,3,982.73,982.73,1.0,12,1,3,5.0,4,0,2,1,1,RET005303,CUST04422
20,8,1,0.125,1,17593.35,4078.47,0.5392,0,1,1,1,2092.86,2092.86,1.0,8,1,1,1.5,5,0,2,1,1,RET005304,CUST04422
25,10,3,0.3,2,19686.21,3577.02,0.5504,0,2,3,2,1815.59,1815.59,1.0,5,0,1,3.6,2,0,2,1,1,RET005305,CUST04422
26,10,4,0.4,2,19686.21,3577.02,0.5504,0,3,4,2,4080.43,4080.43,1.0,10,0,2,4.6154,1,0,2,1,1,RET005306,CUST04422
50,12,6,0.5,4,22046.53,3455.18,0.5317,0,0,5,3,3465.3,3465.3,1.0,9,0,3,3.6,20,0,2,1,1,RET005307,CUST04422
74,15,7,0.4667,4,22046.53,5316.07,0.2765,1,0,1,0,9490.19,9490.19,1.0,6,2,4,2.8378,24,0,2,1,1,RET005308,CUST04422
15,4,0,0.0,0,0.0,5591.68,0.0,1,0,0,0,17593.35,17593.35,1.0,1,0,0,0.0,15,1,2,1,0,RET005309,CUST04422
23,10,2,0.2,2,19686.21,3577.02,0.5504,0,1,2,2,1596.17,1596.17,1.0,5,2,1,2.6087,3,0,2,1,1,RET005310,CUST04422
75,15,8,0.5333,4,22046.53,5316.07,0.2765,0,1,2,0,25996.32,25996.32,1.0,2,1,4,3.2,1,1,2,1,1,RET005311,CUST04422
86,15,9,0.6,6,54214.31,5316.07,0.6799,0,0,2,2,2792.43,2792.43,1.0,14,0,4,3.1395,11,0,2,1,1,RET005312,CUST04422
54,10,4,0.4,1,1980.37,9331.17,0.0212,0,3,3,0,1327.5,1327.5,1.0,8,2,3,2.2222,1,0,1,4,1,RET005313,CUST04426
19,1,0,0.0,0,0.0,1980.37,0.0,0,0,0,0,1980.37,1980.37,1.0,11,0,0,0.0,19,0,1,4,0,RET005314,CUST04426
53,10,2,0.2,1,1980.37,9331.17,0.0212,0,1,1,0,26753.24,26753.24,1.0,2,0,2,1.1321,2,1,1,4,0,RET005315,CUST04426
51,9,1,0.1111,1,1980.37,7395.38,0.0298,0,0,0,0,26778.6,26778.6,1.0,14,0,1,0.5882,32,1,1,4,0,RET005316,CUST04426
76,15,5,0.3333,3,30061.11,8172.05,0.2452,0,0,4,2,1478.86,1478.86,1.0,4,0,3,1.9737,22,0,1,4,1,RET005317,CUST04426
77,15,6,0.4,3,30061.11,8172.05,0.2452,0,1,5,2,2692.23,2692.23,1.0,8,0,4,2.3377,1,0,1,4,1,RET005318,CUST04426
53,10,2,0.2,1,1980.37,9331.17,0.0212,0,1,1,0,10634.98,10634.98,1.0,11,1,2,1.1321,2,0,1,4,0,RET005319,CUST04426
25,2,0,0.0,0,0.0,7993.39,0.0,0,0,0,0,1207.88,1207.88,1.0,2,0,0,0.0,25,0,1,2,0,RET005320,CUST04429
72,10,1,0.1,1,1207.88,5249.6,0.023,0,0,0,0,1756.54,1756.54,1.0,14,0,1,0.4167,47,0,1,2,0,RET005321,CUST04429
161,7,1,0.1429,0,0.0,5767.11,0.0,0,0,0,0,6994.48,6994.48,1.0,22,1,1,0.1863,44,0,1,1,0,RET005322,CUST04430
117,3,0,0.0,0,0.0,6994.74,0.0,1,0,0,0,3088.52,2796.06,0.9053,4,0,0,0.0,117,0,1,1,0,RET005323,CUST04430
21,2,0,0.0,0,0.0,1781.68,0.0,0,0,0,0,3025.36,3025.36,1.0,10,0,0,0.0,21,0,1,1,0,RET005324,CUST04431
134,5,1,0.2,0,0.0,1569.39,0.0,0,0,0,0,1176.14,1176.14,1.0,30,0,1,0.2239,113,0,1,1,0,RET005325,CUST04431
58,19,5,0.2632,2,5892.48,6412.87,0.0484,0,2,5,2,2226.97,2039.42,0.9158,11,1,5,2.5862,1,0,4,1,1,RET005326,CUST04433
47,13,1,0.0769,0,0.0,6861.62,0.0,1,1,1,0,1558.5,1049.06,0.6731,4,0,1,0.6383,2,0,4,1,1,RET005327,CUST04433
45,8,0,0.0,0,0.0,5181.79,0.0,0,0,0,0,4843.42,4843.42,1.0,4,0,0,0.0,45,0,4,1,0,RET005328,CUST04433
58,19,5,0.2632,2,5892.48,6412.87,0.0484,0,2,5,2,13137.03,13137.03,1.0,13,1,5,2.5862,1,1,4,1,1,RET005329,CUST04433
55,19,3,0.1579,2,5892.48,6412.87,0.0484,0,0,3,2,746.4,746.4,1.0,9,0,3,1.6364,8,0,4,1,1,RET005330,CUST04433
47,13,1,0.0769,0,0.0,6861.62,0.0,1,1,1,0,3220.09,3220.09,1.0,2,0,1,0.6383,2,0,4,1,1,RET005331,CUST04433
60,19,7,0.3684,2,5892.48,6412.87,0.0484,0,4,7,2,2912.97,1574.1,0.5404,10,1,5,3.5,2,0,4,1,1,RET005332,CUST04433
57,19,4,0.2105,2,5892.48,6412.87,0.0484,0,1,4,2,3257.01,3257.01,1.0,7,0,4,2.1053,2,0,4,1,1,RET005333,CUST04433
79,21,9,0.4286,3,7931.9,6540.95,0.0577,0,1,6,3,13338.89,13338.89,1.0,3,0,5,3.4177,5,1,4,1,1,RET005334,CUST04433
74,20,8,0.4,3,7931.9,6201.05,0.064,0,0,8,3,2176.51,2176.51,1.0,12,3,5,3.2432,14,0,4,1,1,RET005335,CUST04433
78,14,4,0.2857,1,13377.33,6461.65,0.1479,1,1,2,1,6342.01,5108.27,0.8055,7,2,2,1.5385,2,0,1,2,1,RET005336,CUST04434
98,17,7,0.4118,4,29251.13,6722.86,0.2559,0,0,4,3,797.32,797.32,1.0,10,4,3,2.1429,14,0,1,2,1,RET005337,CUST04434
79,14,5,0.3571,1,13377.33,6461.65,0.1479,0,2,3,1,1543.27,1543.27,1.0,7,0,2,1.8987,1,0,1,2,1,RET005338,CUST04434
84,14,6,0.4286,1,13377.33,6461.65,0.1479,0,2,4,0,22064.75,9820.64,0.4451,14,3,3,2.1429,5,0,1,2,1,RET005339,CUST04434
67,7,2,0.2857,1,13377.33,7490.16,0.2551,0,0,2,1,1429.63,1429.63,1.0,6,1,2,0.8955,24,0,1,2,0,RET005340,CUST04434
98,17,7,0.4118,4,29251.13,6722.86,0.2559,0,0,4,3,8845.77,8845.77,1.0,12,0,3,2.1429,14,0,1,2,1,RET005341,CUST04434
43,6,1,0.1667,0,0.0,8500.24,0.0,0,1,1,0,24893.25,24893.25,1.0,14,0,1,0.6977,6,1,1,2,0,RET005342,CUST04434
76,13,3,0.2308,1,13377.33,6751.41,0.1524,1,0,1,1,2273.97,2273.97,1.0,5,1,2,1.1842,9,0,1,2,1,RET005343,CUST04434
37,6,0,0.0,0,0.0,8500.24,0.0,0,0,0,0,1734.91,1734.91,1.0,4,0,0,0.0,37,0,1,2,1,RET005344,CUST04434
297,3,0,0.0,0,0.0,3593.87,0.0,0,0,0,0,1974.35,1974.35,1.0,19,0,0,0.0,297,0,2,1,0,RET005345,CUST04435
273,5,0,0.0,0,0.0,4208.44,0.0,0,0,0,0,2898.69,2898.69,1.0,13,0,0,0.0,273,0,1,1,0,RET005346,CUST04440
144,3,0,0.0,0,0.0,2821.54,0.0,0,0,0,0,5212.5,5212.5,1.0,7,0,0,0.0,144,0,1,1,0,RET005347,CUST04444
270,7,0,0.0,0,0.0,2701.04,0.0,0,0,0,0,3279.58,3279.58,1.0,18,0,0,0.0,270,0,1,1,0,RET005348,CUST04447
118,15,7,0.4667,4,10283.63,4280.8,0.1602,0,1,5,3,17821.51,17821.51,1.0,8,2,6,1.7797,4,1,5,4,1,RET005349,CUST04448
92,7,2,0.2857,1,3075.25,2464.39,0.1783,1,0,1,1,1393.72,1393.72,1.0,1,0,2,0.6522,18,0,5,4,1,RET005350,CUST04448
103,11,5,0.4545,2,3872.67,2549.6,0.1381,0,2,4,2,4054.74,4054.74,1.0,10,1,5,1.4563,3,0,5,4,1,RET005351,CUST04448
74,4,1,0.25,0,0.0,2991.57,0.0,0,0,0,0,3075.25,3075.25,1.0,7,0,1,0.4054,46,0,5,4,1,RET005352,CUST04448
98,10,3,0.3,1,3075.25,2568.93,0.1197,0,1,2,1,1532.53,1532.53,1.0,13,0,3,0.9184,6,0,5,4,1,RET005353,CUST04448
100,11,4,0.3636,1,3075.25,2549.6,0.1097,1,1,3,1,2356.22,2356.22,1.0,1,0,4,1.2,2,0,5,4,1,RET005354,CUST04448
114,14,6,0.4286,4,10283.63,4461.76,0.1646,1,0,4,3,946.79,495.49,0.5233,5,0,5,1.5789,11,0,5,4,1,RET005355,CUST04448
28,2,0,0.0,0,0.0,3136.66,0.0,0,0,0,0,3151.53,3151.53,1.0,8,0,0,0.0,28,0,5,4,0,RET005356,CUST04448
67,3,0,0.0,0,0.0,6897.76,0.0,0,0,0,0,12000.0,12000.0,1.0,10,0,0,0.0,67,0,1,1,0,RET005357,CUST04453
44,9,2,0.2222,1,1005.2,4750.46,0.0235,0,0,1,1,1355.57,1355.57,1.0,8,0,2,1.3636,22,0,1,1,0,RET005358,CUST04454
4,1,0,0.0,0,0.0,19536.74,0.0,0,0,0,0,19536.74,19536.74,1.0,2,0,0,0.0,4,0,1,1,0,RET005359,CUST04454
61,12,3,0.25,2,2360.77,4300.76,0.0457,0,0,1,2,2004.6,2004.6,1.0,11,0,3,1.4754,17,0,1,1,1,RET005360,CUST04454
22,6,1,0.1667,0,0.0,6378.74,0.0,1,0,1,0,2302.34,1005.2,0.4366,4,0,1,1.3636,18,0,1,1,0,RET005361,CUST04454
152,11,4,0.3636,3,27704.48,9358.56,0.2691,0,0,1,1,6868.84,6868.84,1.0,11,1,4,0.7895,12,0,4,1,1,RET005362,CUST04457
22,3,0,0.0,0,0.0,11783.76,0.0,0,0,0,0,12902.18,12902.18,1.0,8,0,0,0.0,22,0,4,1,0,RET005363,CUST04457
140,10,3,0.3,2,26472.21,9607.53,0.2755,0,0,0,0,1232.27,1232.27,1.0,3,0,3,0.6429,60,0,4,1,1,RET005364,CUST04457
55,4,1,0.25,1,12902.18,12230.33,0.2637,0,0,0,1,13570.03,13570.03,1.0,6,0,1,0.5455,33,0,4,1,1,RET005365,CUST04457
80,6,2,0.3333,2,26472.21,9040.55,0.488,0,0,1,1,2294.79,2294.79,1.0,5,0,2,0.75,25,0,4,1,0,RET005366,CUST04457
64,3,0,0.0,0,0.0,1997.34,0.0,0,0,0,0,2730.2,2324.33,0.8513,7,0,0,0.0,64,0,1,1,0,RET005367,CUST04459
171,2,0,0.0,0,0.0,2769.22,0.0,0,0,0,0,3998.03,3998.03,1.0,4,0,0,0.0,171,0,4,4,0,RET005368,CUST04464
365,14,2,0.1429,1,3998.03,8350.38,0.0342,1,0,1,0,21422.7,21422.7,1.0,1,0,1,0.1644,29,1,4,4,0,RET005369,CUST04464
336,12,1,0.0833,1,3998.03,7047.61,0.0473,0,0,0,0,6000.0,6000.0,1.0,4,1,1,0.0893,165,0,4,4,0,RET005370,CUST04464
74,15,6,0.4,4,9148.59,5759.12,0.1059,0,2,3,2,40434.78,40434.78,1.0,11,0,4,2.4324,3,1,5,1,1,RET005371,CUST04468
77,16,7,0.4375,4,9148.59,5494.94,0.1041,0,2,4,2,3464.22,3464.22,1.0,9,2,5,2.7273,3,0,5,1,1,RET005372,CUST04468
69,15,4,0.2667,3,7435.55,5759.12,0.0861,1,0,1,1,778.6,778.6,1.0,3,1,4,1.7391,16,0,5,1,1,RET005373,CUST04468
34,8,2,0.25,2,5671.36,4141.41,0.1712,0,0,2,2,3022.61,3022.61,1.0,2,0,2,1.7647,19,0,5,1,1,RET005374,CUST04468
15,6,1,0.1667,0,0.0,4668.97,0.0,0,1,1,0,2703.86,2703.86,1.0,8,0,1,2.0,4,0,5,1,0,RET005375,CUST04468
53,11,3,0.2727,2,5671.36,3636.01,0.1418,0,0,1,1,2992.12,2992.12,1.0,8,0,3,1.6981,19,0,5,1,1,RET005376,CUST04468
11,5,0,0.0,0,0.0,5481.38,0.0,0,0,0,0,2967.5,2967.5,1.0,6,0,0,0.0,11,0,5,1,0,RET005377,CUST04468
71,15,5,0.3333,3,7435.55,5759.12,0.0861,0,1,2,1,1713.04,1713.04,1.0,4,1,4,2.1127,2,0,5,1,1,RET005378,CUST04468
148,3,1,0.3333,0,0.0,8861.68,0.0,0,0,0,0,19680.92,19680.92,1.0,29,1,1,0.2027,52,1,1,1,1,RET005379,CUST04469
96,1,0,0.0,0,0.0,2766.82,0.0,0,0,0,0,2766.82,2766.82,1.0,22,0,0,0.0,96,0,1,1,0,RET005380,CUST04469
221,3,0,0.0,0,0.0,2261.77,0.0,0,0,0,0,1248.73,1248.73,1.0,16,0,0,0.0,221,0,1,1,0,RET005381,CUST04470
52,2,0,0.0,0,0.0,511.07,0.0,0,0,0,0,360.78,360.78,1.0,23,0,0,0.0,52,0,1,1,0,RET005382,CUST04473
256,6,0,0.0,0,0.0,14112.46,0.0,0,0,0,0,30684.92,30684.92,1.0,23,0,0,0.0,256,1,1,1,0,RET005383,CUST04475
422,10,2,0.2,1,1309.56,6941.45,0.0189,0,1,2,1,1705.56,1705.56,1.0,7,1,2,0.1422,7,0,1,3,0,RET005384,CUST04477
415,8,1,0.125,1,1309.56,5230.09,0.0313,0,0,1,1,3332.38,1951.22,0.5855,3,0,1,0.0723,15,0,1,3,0,RET005385,CUST04477
400,3,0,0.0,0,0.0,4423.02,0.0,0,0,0,0,1309.56,1309.56,1.0,3,0,0,0.0,400,0,1,3,0,RET005386,CUST04477
123,9,1,0.1111,0,0.0,4919.28,0.0,1,0,0,0,15356.28,6835.86,0.4452,1,1,1,0.2439,71,0,1,1,0,RET005387,CUST04478
52,3,0,0.0,0,0.0,2347.86,0.0,1,0,0,0,1715.99,1715.99,1.0,1,0,0,0.0,52,0,1,1,0,RET005388,CUST04478
115,15,5,0.3333,2,15173.37,3982.92,0.254,1,1,2,1,4825.99,3377.54,0.6999,13,1,3,1.3043,4,0,2,1,1,RET005389,CUST04480
98,11,3,0.2727,1,1593.28,3974.66,0.0364,0,0,1,0,18205.83,13580.09,0.7459,2,0,2,0.9184,17,1,2,1,1,RET005390,CUST04480
8,1,0,0.0,0,0.0,2499.55,0.0,0,0,0,0,2499.55,2499.55,1.0,8,0,0,0.0,8,0,2,1,0,RET005391,CUST04480
81,8,2,0.25,1,1593.28,2711.06,0.0735,0,0,0,0,1994.48,1994.48,1.0,2,1,2,0.7407,58,0,2,1,0,RET005392,CUST04480
111,14,4,0.2857,2,15173.37,4219.12,0.2569,0,0,2,1,2321.82,1831.0,0.7886,8,2,3,1.0811,13,0,2,1,1,RET005393,CUST04480
23,4,1,0.25,0,0.0,2375.58,0.0,0,0,1,0,1593.28,1593.28,1.0,7,0,1,1.3043,15,0,2,1,0,RET005394,CUST04480
53,13,2,0.1538,2,46818.99,8083.03,0.4456,1,0,1,1,31712.34,31712.34,1.0,14,0,2,1.1321,26,1,1,1,1,RET005395,CUST04483
18,2,0,0.0,0,0.0,22324.98,0.0,0,0,0,0,42894.77,42894.77,1.0,9,0,0,0.0,18,0,1,1,0,RET005396,CUST04483
27,9,1,0.1111,1,42894.77,7649.08,0.6231,1,0,1,1,3924.22,3924.22,1.0,7,0,1,1.1111,9,0,1,1,1,RET005397,CUST04483
246,1,0,0.0,0,0.0,1655.0,0.0,0,0,0,0,1655.0,1655.0,1.0,14,0,0,0.0,246,0,1,1,0,RET005398,CUST04484
279,5,0,0.0,0,0.0,9963.78,0.0,0,0,0,0,620.82,620.82,1.0,9,0,0,0.0,279,0,5,1,0,RET005399,CUST04488
73,3,0,0.0,0,0.0,1453.57,0.0,0,0,0,0,1791.34,1791.34,1.0,13,0,0,0.0,73,0,1,1,0,RET005400,CUST04490
21,11,2,0.1818,1,7536.18,12815.32,0.0535,1,0,2,1,991.55,991.55,1.0,6,0,1,2.8571,11,0,1,1,1,RET005401,CUST04492
4,2,0,0.0,0,0.0,9840.44,0.0,1,0,0,0,7536.18,7536.18,1.0,4,0,0,0.0,4,0,1,1,0,RET005402,CUST04492
33,16,5,0.3125,1,7536.18,12893.57,0.0365,1,1,5,1,26409.43,26409.43,1.0,1,0,3,4.5455,3,1,1,1,1,RET005403,CUST04492
34,16,6,0.375,3,26221.87,12893.57,0.1271,0,2,6,3,1839.28,1839.28,1.0,14,0,4,5.2941,1,0,1,1,1,RET005404,CUST04492
30,14,4,0.2857,1,7536.18,12673.78,0.0425,0,1,4,1,4617.51,4617.51,1.0,12,0,2,4.0,5,0,1,1,1,RET005405,CUST04492
25,13,3,0.2308,1,7536.18,12313.19,0.0471,1,1,3,1,17694.14,17694.14,1.0,8,2,2,3.6,4,0,1,1,1,RET005406,CUST04492
36,16,7,0.4375,3,26221.87,12893.57,0.1271,0,3,6,3,17361.44,9822.04,0.5657,11,1,5,5.8333,2,0,1,1,1,RET005407,CUST04492
10,3,1,0.3333,0,0.0,11467.54,0.0,0,1,1,0,14721.73,14721.73,1.0,4,1,1,3.0,6,0,1,1,0,RET005408,CUST04492
38,9,5,0.5556,4,5293.57,6826.39,0.0862,0,0,5,4,28043.81,28043.81,1.0,7,1,4,3.9474,11,1,1,4,1,RET005409,CUST04496
47,13,7,0.5385,4,5293.57,6803.47,0.0599,0,0,6,4,4611.35,4611.35,1.0,5,1,5,4.4681,8,0,1,4,1,RET005410,CUST04496
61,16,11,0.6875,8,27624.85,7124.49,0.2423,0,0,6,6,22540.47,22540.47,1.0,10,4,6,5.4098,10,1,1,4,1,RET005411,CUST04496
67,20,12,0.6,8,27624.85,8195.37,0.1685,0,1,7,4,887.12,887.12,1.0,9,5,6,5.3731,6,0,1,4,1,RET005412,CUST04496
50,14,8,0.5714,5,6019.09,6468.88,0.0665,1,1,6,5,17256.19,17256.19,1.0,10,2,5,4.8,3,1,1,4,1,RET005413,CUST04496
79,22,15,0.6818,10,51052.44,7576.57,0.3063,0,1,7,5,996.88,523.51,0.5251,4,7,6,5.6962,7,0,1,4,1,RET005414,CUST04496
70,21,13,0.619,9,50165.32,7889.88,0.3028,1,1,6,5,1780.16,1780.16,1.0,1,1,6,5.5714,3,0,1,4,1,RET005415,CUST04496
24,7,3,0.4286,1,946.41,4637.05,0.0292,0,2,3,1,459.03,459.03,1.0,4,1,3,3.75,3,0,1,4,1,RET005416,CUST04496
51,14,9,0.6429,5,6019.09,6468.88,0.0665,0,2,7,4,3332.8,3332.8,1.0,10,0,5,5.2941,1,0,1,4,1,RET005417,CUST04496
51,14,9,0.6429,5,6019.09,6468.88,0.0665,0,2,7,4,2119.23,1257.78,0.5935,2,3,5,5.2941,1,0,1,4,1,RET005418,CUST04496
27,7,4,0.5714,1,946.41,4637.05,0.0292,0,2,4,1,3776.14,3776.14,1.0,6,0,3,4.4444,3,0,1,4,1,RET005419,CUST04496
21,6,2,0.3333,1,946.41,4780.54,0.033,1,2,2,1,184.12,184.12,1.0,4,0,2,2.8571,2,0,1,4,1,RET005420,CUST04496
39,9,6,0.6667,4,5293.57,6826.39,0.0862,0,1,6,4,934.28,725.52,0.7766,3,0,4,4.6154,1,0,1,4,1,RET005421,CUST04496
16,3,0,0.0,0,0.0,8753.33,0.0,1,0,0,0,23450.82,23450.82,1.0,13,0,0,0.0,16,1,1,4,0,RET005422,CUST04496
72,21,14,0.6667,9,50165.32,7889.88,0.3028,0,2,7,5,763.53,620.67,0.8129,7,6,6,5.8333,2,0,1,4,1,RET005423,CUST04496
19,5,1,0.2,0,0.0,5644.84,0.0,1,1,1,0,1083.02,1083.02,1.0,12,0,1,1.5789,3,0,1,4,0,RET005424,CUST04496
130,3,0,0.0,0,0.0,12676.44,0.0,0,0,0,0,35776.28,28269.54,0.7902,6,0,0,0.0,130,1,1,1,0,RET005425,CUST04499
274,1,0,0.0,0,0.0,7543.03,0.0,0,0,0,0,7543.03,7543.03,1.0,21,0,0,0.0,274,0,1,1,0,RET005426,CUST04501
375,3,1,0.3333,1,7543.03,3555.82,0.7071,0,0,0,0,1005.86,1005.86,1.0,16,0,1,0.08,101,0,1,1,0,RET005427,CUST04501
196,8,0,0.0,0,0.0,7523.09,0.0,0,0,0,0,483.17,483.17,1.0,7,0,0,0.0,196,0,1,1,0,RET005428,CUST04502
352,2,0,0.0,0,0.0,2950.16,0.0,0,0,0,0,3964.76,3964.76,1.0,6,0,0,0.0,352,0,5,1,0,RET005429,CUST04504
241,3,0,0.0,0,0.0,6301.73,0.0,0,0,0,0,2255.25,2255.25,1.0,23,0,0,0.0,241,0,1,1,0,RET005430,CUST04505
166,3,1,0.3333,1,1446.88,2507.72,0.1923,0,0,0,0,5240.75,5240.75,1.0,18,0,1,0.1807,34,1,1,1,1,RET005431,CUST04508
132,2,0,0.0,0,0.0,1141.2,0.0,0,0,0,0,1446.88,1446.88,1.0,8,0,0,0.0,132,0,1,1,0,RET005432,CUST04508
87,11,3,0.2727,2,21956.56,6588.02,0.303,1,1,2,2,2050.58,2050.58,1.0,3,0,2,1.0345,1,0,5,1,1,RET005433,CUST04512
86,10,2,0.2,2,21956.56,7164.4,0.3065,1,0,1,2,16910.47,16910.47,1.0,4,0,1,0.6977,27,1,5,1,1,RET005434,CUST04512
55,3,0,0.0,0,0.0,8951.43,0.0,0,0,0,0,22942.11,22942.11,1.0,11,0,0,0.0,55,1,5,1,0,RET005435,CUST04512
59,3,1,0.3333,0,0.0,8951.43,0.0,0,1,1,0,727.09,399.42,0.5493,9,1,1,0.5085,4,0,5,1,1,RET005436,CUST04512
244,1,0,0.0,0,0.0,1500.62,0.0,0,0,0,0,1500.62,1500.62,1.0,2,0,0,0.0,244,0,1,1,0,RET005437,CUST04513
223,2,1,0.5,0,0.0,2142.65,0.0,0,0,1,0,2563.35,1482.47,0.5783,17,1,1,0.1345,15,0,1,1,0,RET005438,CUST04515
208,2,0,0.0,0,0.0,2142.65,0.0,0,0,0,0,1721.95,1721.95,1.0,13,0,0,0.0,208,0,1,1,0,RET005439,CUST04515
336,4,2,0.5,1,1482.47,4441.34,0.0834,0,0,0,0,12450.1,12450.1,1.0,30,0,1,0.1786,113,1,1,1,1,RET005440,CUST04515
326,5,0,0.0,0,0.0,1928.68,0.0,0,0,0,0,1761.1,1761.1,1.0,23,0,0,0.0,326,0,1,1,0,RET005441,CUST04516
534,5,1,0.2,1,19155.72,11294.45,0.3392,0,0,0,0,2425.93,2425.93,1.0,5,0,1,0.0562,142,0,1,1,1,RET005442,CUST04520
392,2,0,0.0,0,0.0,12902.99,0.0,0,0,0,0,19155.72,19155.72,1.0,29,0,0,0.0,392,0,1,1,0,RET005443,CUST04520
35,3,0,0.0,0,0.0,2462.81,0.0,1,0,0,0,4504.97,4504.97,1.0,8,0,0,0.0,35,0,1,1,0,RET005444,CUST04522
223,4,0,0.0,0,0.0,5176.45,0.0,0,0,0,0,1061.14,653.42,0.6158,20,0,0,0.0,223,0,4,1,0,RET005445,CUST04523
108,17,3,0.1765,1,1485.84,7614.52,0.0115,0,0,2,1,1243.34,872.94,0.7021,9,0,1,0.8333,13,0,1,1,1,RET005446,CUST04524
108,17,3,0.1765,1,1485.84,7614.52,0.0115,0,0,2,1,4523.78,4523.78,1.0,8,0,1,0.8333,13,0,1,1,1,RET005447,CUST04524
110,18,7,0.3889,1,1485.84,7301.89,0.0113,0,4,6,1,3359.93,3359.93,1.0,10,1,4,1.9091,2,0,1,1,1,RET005448,CUST04524
113,18,8,0.4444,1,1485.84,7301.89,0.0113,0,5,7,1,2014.19,2014.19,1.0,11,4,4,2.1239,3,0,1,1,1,RET005449,CUST04524
108,17,3,0.1765,1,1485.84,7614.52,0.0115,0,0,2,1,10526.0,10526.0,1.0,10,3,1,0.8333,13,0,1,1,1,RET005450,CUST04524
108,17,3,0.1765,1,1485.84,7614.52,0.0115,0,0,2,1,1053.48,615.55,0.5843,12,0,1,0.8333,13,0,1,1,1,RET005451,CUST04524
93,5,1,0.2,0,0.0,5535.56,0.0,1,0,0,0,1485.84,1485.84,1.0,1,1,1,0.3226,79,0,1,1,0,RET005452,CUST04524
14,1,0,0.0,0,0.0,516.42,0.0,1,0,0,0,516.42,516.42,1.0,1,0,0,0.0,14,0,1,1,0,RET005453,CUST04524
137,20,10,0.5,3,3887.3,7221.27,0.0269,0,1,7,2,1734.39,1734.39,1.0,2,2,4,2.1898,3,0,1,1,1,RET005454,CUST04524
95,5,2,0.4,0,0.0,5535.56,0.0,0,1,1,0,3933.7,3933.7,1.0,5,2,1,0.6316,2,0,1,1,1,RET005455,CUST04524
134,19,9,0.4737,3,3887.3,7510.05,0.0272,0,0,6,2,11256.95,11256.95,1.0,14,1,4,2.0149,21,0,1,1,1,RET005456,CUST04524
149,7,0,0.0,0,0.0,7696.81,0.0,0,0,0,0,291.49,291.49,1.0,26,0,0,0.0,149,0,1,1,0,RET005457,CUST04525
234,5,0,0.0,0,0.0,3881.8,0.0,0,0,0,0,1716.12,1716.12,1.0,24,0,0,0.0,234,0,1,1,0,RET005458,CUST04526
244,5,1,0.2,1,1716.12,3881.8,0.0884,0,0,1,1,1691.64,1691.64,1.0,24,1,1,0.123,10,0,1,1,0,RET005459,CUST04526
89,3,0,0.0,0,0.0,1480.51,0.0,0,0,0,0,2387.93,1558.53,0.6527,18,0,0,0.0,89,0,1,1,0,RET005460,CUST04529
37,15,2,0.1333,2,5934.75,10710.03,0.0369,0,0,1,2,52929.25,52929.25,1.0,10,0,2,1.6216,9,1,1,1,1,RET005461,CUST04532
5,1,0,0.0,0,0.0,4873.06,0.0,0,0,0,0,4873.06,4873.06,1.0,2,0,0,0.0,5,0,1,1,0,RET005462,CUST04532
37,15,2,0.1333,2,5934.75,10710.03,0.0369,0,0,1,2,1606.04,1606.04,1.0,14,1,2,1.6216,9,0,1,1,1,RET005463,CUST04532
28,14,1,0.0714,1,4873.06,11431.45,0.0304,2,0,1,1,1061.69,1061.69,1.0,5,0,1,1.0714,23,0,1,1,1,RET005464,CUST04532
46,15,4,0.2667,3,7540.79,10710.03,0.0469,0,0,3,3,610.18,397.37,0.6512,14,1,3,2.6087,9,0,1,1,1,RET005465,CUST04532
104,1,0,0.0,0,0.0,827.58,0.0,0,0,0,0,827.58,827.58,1.0,14,0,0,0.0,104,0,1,1,0,RET005466,CUST04533
107,2,1,0.5,0,0.0,833.24,0.0,1,1,1,0,838.9,838.9,1.0,1,0,1,0.2804,3,0,1,1,0,RET005467,CUST04533
355,1,0,0.0,0,0.0,2120.27,0.0,0,0,0,0,2120.27,2120.27,1.0,2,0,0,0.0,355,0,1,1,0,RET005468,CUST04534
536,3,1,0.3333,1,1365.33,2293.27,0.1985,0,0,0,0,2250.24,2250.24,1.0,21,0,1,0.056,181,0,1,1,0,RET005469,CUST04534
165,3,0,0.0,0,0.0,1780.5,0.0,0,0,0,0,2472.5,2472.5,1.0,15,0,0,0.0,165,0,1,3,0,RET005470,CUST04535
23,7,2,0.2857,1,4244.69,3373.8,0.1797,1,1,2,1,2671.93,2671.93,1.0,6,1,2,2.6087,3,0,1,1,0,RET005471,CUST04536
37,11,5,0.4545,2,14342.23,4090.52,0.3187,0,1,4,1,761.05,761.05,1.0,4,0,3,4.0541,6,0,1,1,1,RET005472,CUST04536
31,10,4,0.4,1,4244.69,4423.46,0.096,0,1,4,1,14782.86,12673.01,0.8573,5,1,3,3.871,5,1,1,1,1,RET005473,CUST04536
20,5,1,0.2,1,4244.69,2279.1,0.3725,0,0,1,1,2082.05,2082.05,1.0,7,0,1,1.5,17,0,1,1,1,RET005474,CUST04536
57,14,6,0.4286,4,27776.29,5841.39,0.3396,0,0,2,3,33274.64,33274.64,1.0,11,1,4,3.1579,20,1,1,1,1,RET005475,CUST04536
3,1,0,0.0,0,0.0,4244.69,0.0,0,0,0,0,4244.69,4244.69,1.0,3,0,0,0.0,3,0,1,1,0,RET005476,CUST04536
26,9,3,0.3333,1,4244.69,3272.42,0.1441,2,2,3,1,10097.54,10097.54,1.0,6,0,2,3.4615,3,1,1,1,1,RET005477,CUST04536
115,9,4,0.4444,3,36480.26,5304.24,0.7642,1,0,2,2,1611.02,1611.02,1.0,6,0,1,1.0435,15,0,2,3,0,RET005478,CUST04538
118,10,5,0.5,3,36480.26,4935.25,0.7392,1,1,2,2,1868.94,1868.94,1.0,6,0,2,1.2712,3,0,2,3,1,RET005479,CUST04538
125,13,6,0.4615,4,38349.2,7074.68,0.417,1,1,3,2,1860.92,1860.92,1.0,11,4,3,1.44,7,0,2,3,1,RET005480,CUST04538
86,3,2,0.6667,1,1375.26,11846.06,0.0387,0,0,1,0,32861.45,32861.45,1.0,2,2,1,0.6977,8,1,2,3,1,RET005481,CUST04538
15,1,0,0.0,0,0.0,1375.26,0.0,0,0,0,0,1375.26,1375.26,1.0,12,0,0,0.0,15,0,2,3,0,RET005482,CUST04538
78,2,1,0.5,1,1375.26,1338.36,0.5138,0,0,0,0,1301.46,1301.46,1.0,2,1,1,0.3846,63,0,2,3,1,RET005483,CUST04538
100,4,3,0.75,2,34236.71,9445.43,0.9062,0,0,2,1,2243.55,2243.55,1.0,14,3,1,0.9,14,0,2,3,1,RET005484,CUST04538
9,5,0,0.0,0,0.0,2320.14,0.0,0,0,0,0,2517.15,2517.15,1.0,5,0,0,0.0,9,0,1,1,0,RET005485,CUST04540
11,5,1,0.2,0,0.0,2320.14,0.0,0,1,1,0,1687.66,1687.66,1.0,6,1,1,2.7273,2,0,1,1,0,RET005486,CUST04540
191,3,0,0.0,0,0.0,2904.44,0.0,0,0,0,0,3340.32,2244.3,0.6719,24,0,0,0.0,191,0,1,1,0,RET005487,CUST04541
12,2,0,0.0,0,0.0,2961.15,0.0,0,0,0,0,1922.31,1922.31,1.0,6,0,0,0.0,12,0,2,1,1,RET005488,CUST04546
48,7,3,0.4286,2,6120.52,8804.8,0.0993,0,0,2,1,14547.39,14547.39,1.0,5,0,2,1.875,19,0,2,1,1,RET005489,CUST04546
29,4,2,0.5,1,1523.97,5727.99,0.0665,0,1,2,1,10658.27,4596.55,0.4313,9,1,2,2.069,3,0,2,1,0,RET005490,CUST04546
97,12,6,0.5,3,20667.91,8229.34,0.2093,0,1,1,0,28980.0,28980.0,1.0,11,0,4,1.8557,2,1,2,1,1,RET005491,CUST04546
58,8,4,0.5,3,20667.91,8096.47,0.3191,0,0,2,2,3138.18,3138.18,1.0,2,2,3,2.069,10,0,2,1,1,RET005492,CUST04546
95,12,5,0.4167,3,20667.91,8229.34,0.2093,0,0,0,0,2123.56,1754.88,0.8264,2,0,3,1.5789,37,0,2,1,1,RET005493,CUST04546
26,4,1,0.25,1,1523.97,5727.99,0.0665,0,0,1,1,6331.38,6331.38,1.0,3,0,1,1.1538,14,0,2,1,0,RET005494,CUST04546
11,11,2,0.1818,1,1639.54,5404.46,0.0276,0,2,2,1,2189.36,2189.36,1.0,2,1,2,5.4545,6,0,5,4,1,RET005495,CUST04547
15,13,5,0.3846,2,3828.9,4974.71,0.0592,1,3,5,2,9415.83,9415.83,1.0,7,2,4,10.0,1,0,5,4,1,RET005496,CUST04547
14,12,4,0.3333,1,1639.54,5076.98,0.0269,0,2,4,1,1227.1,996.28,0.8119,14,0,3,8.5714,2,0,5,4,1,RET005497,CUST04547
5,6,1,0.1667,0,0.0,7113.71,0.0,1,1,1,0,1639.54,1639.54,1.0,4,0,1,6.0,1,0,5,4,0,RET005498,CUST04547
4,5,0,0.0,0,0.0,8023.32,0.0,1,0,0,0,12139.87,12139.87,1.0,2,0,0,0.0,4,0,5,4,0,RET005499,CUST04547
25,16,6,0.375,5,26530.4,5508.87,0.301,0,0,6,5,3747.46,3747.46,1.0,11,0,4,7.2,10,0,5,4,1,RET005500,CUST04547
28,16,8,0.5,5,26530.4,5508.87,0.301,0,2,8,5,17027.8,17027.8,1.0,11,0,5,8.5714,3,1,5,4,1,RET005501,CUST04547
25,16,6,0.375,5,26530.4,5508.87,0.301,0,0,6,5,5031.76,5031.76,1.0,10,3,4,7.2,10,0,5,4,1,RET005502,CUST04547
12,11,3,0.2727,1,1639.54,5404.46,0.0276,0,2,3,1,1861.23,1861.23,1.0,7,0,2,7.5,1,0,5,4,1,RET005503,CUST04547
242,6,1,0.1667,1,1119.09,6029.42,0.0309,1,0,0,0,5406.79,5406.79,1.0,7,0,1,0.124,43,0,1,1,0,RET005504,CUST04550
259,7,2,0.2857,1,1119.09,5321.79,0.03,0,0,1,0,1075.99,1075.99,1.0,14,1,2,0.2317,17,0,1,1,0,RET005505,CUST04550
199,1,0,0.0,0,0.0,1891.02,0.0,0,0,0,0,1891.02,1119.09,0.5918,10,0,0,0.0,199,0,1,1,0,RET005506,CUST04550
151,3,1,0.3333,1,2063.67,4581.28,0.1502,0,0,0,0,1671.82,1671.82,1.0,2,0,1,0.1987,38,0,1,1,0,RET005507,CUST04551
113,2,0,0.0,0,0.0,6036.01,0.0,0,0,0,0,2063.67,2063.67,1.0,9,0,0,0.0,113,0,1,1,0,RET005508,CUST04551
246,2,0,0.0,0,0.0,1798.34,0.0,0,0,0,0,1556.33,1556.33,1.0,5,0,0,0.0,246,0,5,4,0,RET005509,CUST04552
452,5,1,0.2,0,0.0,5940.87,0.0,0,0,0,0,3378.57,3378.57,1.0,3,0,1,0.0664,206,0,5,4,0,RET005510,CUST04552
58,3,0,0.0,0,0.0,6042.89,0.0,0,0,0,0,5456.39,5456.39,1.0,30,0,0,0.0,58,0,1,1,0,RET005511,CUST04554
383,3,0,0.0,0,0.0,7416.57,0.0,0,0,0,0,960.55,960.55,1.0,22,0,0,0.0,383,0,1,1,0,RET005512,CUST04556
202,2,0,0.0,0,0.0,7988.81,0.0,0,0,0,0,14209.85,14209.85,1.0,7,0,0,0.0,202,0,1,1,0,RET005513,CUST04557
460,7,0,0.0,0,0.0,7103.12,0.0,0,0,0,0,2186.21,2186.21,1.0,21,0,0,0.0,460,0,1,1,0,RET005514,CUST04559
16,1,0,0.0,0,0.0,3205.62,0.0,0,0,0,0,3205.62,3205.62,1.0,9,0,0,0.0,16,0,1,1,0,RET005515,CUST04560
202,1,0,0.0,0,0.0,3467.23,0.0,0,0,0,0,3467.23,3467.23,1.0,10,0,0,0.0,202,0,1,3,0,RET005516,CUST04563
287,3,0,0.0,0,0.0,13103.41,0.0,0,0,0,0,3059.62,1701.65,0.5562,16,0,0,0.0,287,0,1,1,0,RET005517,CUST04564
31,8,1,0.125,0,0.0,8868.7,0.0,0,0,1,0,2228.53,2228.53,1.0,10,0,1,0.9677,10,0,1,1,0,RET005518,CUST04565
45,11,2,0.1818,2,29426.8,12511.5,0.2138,0,0,2,2,24385.9,24385.9,1.0,11,1,2,1.3333,14,0,1,1,1,RET005519,CUST04565
21,6,0,0.0,0,0.0,11013.65,0.0,0,0,0,0,27198.27,27198.27,1.0,13,0,0,0.0,21,1,1,1,0,RET005520,CUST04565
106,2,0,0.0,0,0.0,1544.02,0.0,0,0,0,0,1512.92,1512.92,1.0,12,0,0,0.0,106,0,1,1,0,RET005521,CUST04566
96,2,0,0.0,0,0.0,2766.54,0.0,0,0,0,0,3681.18,3681.18,1.0,14,0,0,0.0,96,0,1,1,0,RET005522,CUST04569
166,8,1,0.125,1,2932.22,2148.88,0.1706,0,0,0,0,4065.87,4065.87,1.0,6,0,1,0.1807,83,0,1,1,0,RET005523,CUST04571
83,3,0,0.0,0,0.0,1928.15,0.0,0,0,0,0,3492.28,2932.22,0.8396,6,0,0,0.0,83,0,1,1,0,RET005524,CUST04571
7,2,0,0.0,0,0.0,20160.8,0.0,2,0,0,0,28644.87,28644.87,1.0,1,0,0,0.0,7,0,1,1,0,RET005525,CUST04572
78,9,3,0.3333,1,2769.19,11305.71,0.0272,0,0,1,1,5044.32,5044.32,1.0,12,3,1,1.1538,24,0,1,1,0,RET005526,CUST04572
17,2,1,0.5,0,0.0,20160.8,0.0,0,0,1,0,11676.73,11676.73,1.0,11,1,1,1.7647,10,0,1,1,0,RET005527,CUST04572
54,7,2,0.2857,0,0.0,13677.74,0.0,0,0,0,0,3876.81,3876.81,1.0,8,2,1,1.1111,37,0,1,1,0,RET005528,CUST04572
428,6,0,0.0,1,544.09,4838.88,0.0187,0,0,0,0,1524.71,1020.82,0.6695,27,0,0,0.0,428,0,1,1,0,RET005529,CUST04576
64,11,1,0.0909,1,3184.49,9050.53,0.032,0,0,0,1,864.65,864.65,1.0,14,0,1,0.4688,32,0,5,3,1,RET005530,CUST04578
32,5,0,0.0,0,0.0,12533.95,0.0,0,0,0,0,3184.49,3184.49,1.0,5,0,0,0.0,32,0,5,3,0,RET005531,CUST04578
57,13,3,0.2308,3,7847.23,10887.95,0.0554,0,0,3,3,948.24,948.24,1.0,14,2,2,1.5789,11,0,5,1,1,RET005532,CUST04580
42,11,0,0.0,0,0.0,11102.25,0.0,1,0,0,0,4671.42,4671.42,1.0,10,0,0,0.0,42,0,5,1,1,RET005533,CUST04580
46,13,2,0.1538,0,0.0,10887.95,0.0,0,2,2,0,1742.45,1742.45,1.0,11,1,2,1.3043,1,0,5,1,1,RET005534,CUST04580
45,13,1,0.0769,0,0.0,10887.95,0.0,0,1,1,0,1682.9,1433.36,0.8517,9,0,1,0.6667,3,0,5,1,1,RET005535,CUST04580
52,10,1,0.1,1,601.56,6342.62,0.0095,0,0,0,1,8034.98,7120.25,0.8862,7,0,1,0.5769,34,0,5,1,0,RET005536,CUST04582
70,15,3,0.2,3,10353.0,5194.28,0.1329,0,1,2,2,2463.89,2000.65,0.812,8,0,3,1.2857,7,0,5,1,1,RET005537,CUST04582
75,15,4,0.2667,3,10353.0,5194.28,0.1329,0,1,3,2,1309.02,1309.02,1.0,9,1,4,1.6,5,0,5,1,1,RET005538,CUST04582
18,5,0,0.0,0,0.0,8049.14,0.0,0,0,0,0,1373.01,601.56,0.4381,10,0,0,0.0,18,0,5,1,0,RET005539,CUST04582
63,13,2,0.1538,2,7721.81,5650.11,0.1051,2,0,1,1,3696.37,2631.19,0.7118,1,0,2,0.9524,11,0,5,1,1,RET005540,CUST04582
12,1,0,0.0,0,0.0,1944.71,0.0,0,0,0,0,1944.71,1944.71,1.0,5,0,0,0.0,12,0,1,1,0,RET005541,CUST04583
121,10,1,0.1,1,22215.18,10536.61,0.2108,0,0,1,1,15861.99,11297.5,0.7122,3,1,1,0.2479,8,0,1,4,0,RET005542,CUST04584
121,10,1,0.1,1,22215.18,10536.61,0.2108,0,0,1,1,1000.1,1000.1,1.0,2,0,1,0.2479,8,0,1,4,0,RET005543,CUST04584
113,8,0,0.0,0,0.0,11063.0,0.0,0,0,0,0,22215.18,22215.18,1.0,14,0,0,0.0,113,1,1,4,0,RET005544,CUST04584
365,9,1,0.1111,1,11184.28,8648.61,0.1437,1,0,0,0,3263.39,3263.39,1.0,4,0,1,0.0822,47,0,2,1,0,RET005545,CUST04587
378,10,3,0.3,3,27828.2,7936.71,0.3506,0,0,2,2,1529.6,1529.6,1.0,13,0,3,0.2381,12,0,2,1,1,RET005546,CUST04587
366,10,2,0.2,1,11184.28,7936.71,0.1409,1,1,1,0,13380.53,13380.53,1.0,10,0,2,0.1639,1,0,2,1,0,RET005547,CUST04587
318,3,0,0.0,0,0.0,5942.16,0.0,0,0,0,0,11184.28,11184.28,1.0,12,0,0,0.0,318,0,2,1,0,RET005548,CUST04587
226,8,0,0.0,0,0.0,4118.21,0.0,0,0,0,0,1537.48,1537.48,1.0,8,0,0,0.0,226,0,1,1,0,RET005549,CUST04590
51,9,2,0.2222,1,27201.03,7642.0,0.3955,0,1,2,1,8099.36,8099.36,1.0,14,2,1,1.1765,7,0,1,3,1,RET005550,CUST04591
38,5,0,0.0,0,0.0,3872.65,0.0,2,0,0,0,1875.0,1875.0,1.0,1,0,0,0.0,38,0,1,3,0,RET005551,CUST04591
44,9,1,0.1111,0,0.0,7642.0,0.0,1,1,1,0,27201.03,27201.03,1.0,4,1,1,0.6818,6,1,1,3,0,RET005552,CUST04591
60,12,3,0.25,2,35300.39,7124.38,0.4129,0,0,3,2,8668.18,8668.18,1.0,2,0,1,1.5,9,0,1,3,1,RET005553,CUST04591
63,12,4,0.3333,2,35300.39,7124.38,0.4129,0,1,4,2,5091.16,5091.16,1.0,12,1,2,1.9048,3,0,1,3,1,RET005554,CUST04591
400,5,0,0.0,0,0.0,12531.81,0.0,0,0,0,0,1358.16,1358.16,1.0,3,0,0,0.0,400,0,1,1,0,RET005555,CUST04592
40,13,5,0.3846,2,39104.24,9402.5,0.3199,0,1,4,2,1276.16,630.37,0.494,14,0,3,3.75,6,0,1,2,1,RET005556,CUST04596
9,3,0,0.0,0,0.0,22218.26,0.0,1,0,0,0,518.24,518.24,1.0,1,0,0,0.0,9,0,1,2,0,RET005557,CUST04596
19,9,2,0.2222,0,0.0,12846.86,0.0,0,1,2,0,24145.91,16640.55,0.6892,3,1,2,3.1579,7,0,1,2,0,RET005558,CUST04596
24,10,3,0.3,1,25708.38,11752.33,0.2188,0,1,3,1,13395.86,13395.86,1.0,13,2,2,3.75,5,0,1,2,0,RET005559,CUST04596
34,13,4,0.3077,2,39104.24,9402.5,0.3199,0,0,4,2,815.97,815.97,1.0,8,0,2,3.5294,10,0,1,2,1,RET005560,CUST04596
12,5,1,0.2,0,0.0,16462.09,0.0,1,1,1,0,25708.38,25708.38,1.0,6,0,1,2.5,3,0,1,2,0,RET005561,CUST04596
329,3,0,0.0,0,0.0,912.57,0.0,0,0,0,0,446.14,446.14,1.0,21,0,0,0.0,329,0,1,1,0,RET005562,CUST04598
309,1,0,0.0,0,0.0,683.41,0.0,0,0,0,0,683.41,683.41,1.0,13,0,0,0.0,309,0,5,1,0,RET005563,CUST04599
392,4,0,0.0,0,0.0,1282.21,0.0,0,0,0,0,2911.69,2911.69,1.0,7,0,0,0.0,392,1,5,1,0,RET005564,CUST04604
427,6,1,0.1667,1,2911.69,1936.14,0.2506,0,0,0,0,587.94,587.94,1.0,14,0,1,0.0703,35,0,5,1,0,RET005565,CUST04604
221,3,0,0.0,0,0.0,8063.74,0.0,0,0,0,0,7135.29,7135.29,1.0,29,0,0,0.0,221,0,1,1,0,RET005566,CUST04605
24,3,0,0.0,0,0.0,4230.07,0.0,0,0,0,0,7700.82,7700.82,1.0,12,0,0,0.0,24,0,1,1,0,RET005567,CUST04607
43,10,4,0.4,1,7700.82,5806.84,0.1326,1,2,4,1,886.04,552.71,0.6238,12,1,4,2.7907,1,0,1,1,1,RET005568,CUST04607
78,20,10,0.5,5,25053.21,4919.82,0.2546,0,0,5,2,638.6,638.6,1.0,11,4,6,3.8462,8,0,1,1,1,RET005569,CUST04607
41,8,2,0.25,1,7700.82,3125.05,0.308,0,0,2,1,8000.0,8000.0,1.0,10,0,2,1.4634,9,1,1,1,1,RET005570,CUST04607
63,17,8,0.4706,4,10102.53,5240.92,0.1134,0,1,6,3,1139.7,789.72,0.6929,3,2,6,3.8095,3,0,1,1,1,RET005571,CUST04607
82,20,11,0.55,5,25053.21,4919.82,0.2546,0,1,4,2,2661.51,1358.24,0.5103,8,1,6,4.0244,4,0,1,1,1,RET005572,CUST04607
60,15,7,0.4667,4,10102.53,5689.24,0.1184,0,0,6,4,14950.68,14950.68,1.0,10,1,6,3.5,9,1,1,1,1,RET005573,CUST04607
42,9,3,0.3333,1,7700.82,2834.78,0.3018,1,1,3,1,1336.35,1336.35,1.0,8,0,3,2.1429,1,0,1,1,0,RET005574,CUST04607
51,14,6,0.4286,3,9589.88,5654.6,0.1211,1,1,6,3,512.65,512.65,1.0,10,0,5,3.5294,2,0,1,1,1,RET005575,CUST04607
70,19,9,0.4737,4,10102.53,5038.68,0.1055,0,1,7,3,6000.66,5323.89,0.8872,5,3,6,3.8571,7,0,1,1,1,RET005576,CUST04607
49,13,5,0.3846,3,9589.88,4939.52,0.1493,0,2,5,3,2195.07,2195.07,1.0,3,0,4,3.0612,6,0,1,1,1,RET005577,CUST04607
32,7,1,0.1429,0,0.0,3380.58,0.0,2,0,1,0,284.62,284.62,1.0,8,0,1,0.9375,8,0,1,1,0,RET005578,CUST04607
23,3,1,0.3333,1,1070.12,6371.64,0.056,0,1,1,1,16812.74,16812.74,1.0,4,0,1,1.3043,6,1,1,3,1,RET005579,CUST04609
99,7,2,0.2857,1,1070.12,8703.69,0.0176,0,0,0,0,4000.0,4000.0,1.0,11,0,2,0.6061,76,0,1,3,0,RET005580,CUST04609
136,12,3,0.25,2,5070.12,8171.12,0.0517,0,0,0,0,2992.97,2992.97,1.0,14,0,3,0.6618,37,0,1,3,0,RET005581,CUST04609
17,1,0,0.0,0,0.0,1070.12,0.0,0,0,0,0,1070.12,1070.12,1.0,5,0,0,0.0,17,0,1,3,0,RET005582,CUST04609
81,10,0,0.0,0,0.0,3110.76,0.0,1,0,0,0,547.39,547.39,1.0,29,0,0,0.0,81,0,1,1,0,RET005583,CUST04610
289,3,0,0.0,0,0.0,5249.09,0.0,0,0,0,0,6132.73,3651.76,0.5955,21,0,0,0.0,289,0,5,1,0,RET005584,CUST04615
375,2,0,0.0,0,0.0,7707.06,0.0,0,0,0,0,3400.16,3400.16,1.0,16,0,0,0.0,375,0,1,1,0,RET005585,CUST04616
145,5,0,0.0,0,0.0,5209.16,0.0,1,0,0,0,2800.69,2800.69,1.0,18,0,0,0.0,145,0,1,3,0,RET005586,CUST04619
408,9,3,0.3333,3,3961.5,6017.59,0.0731,0,0,2,2,1076.6,1076.6,1.0,6,0,3,0.2206,14,0,1,3,0,RET005587,CUST04620
386,7,1,0.1429,1,2085.39,5787.7,0.0515,0,0,1,1,572.18,572.18,1.0,13,0,1,0.0777,20,0,1,3,0,RET005588,CUST04620
484,14,5,0.3571,3,3961.5,5680.02,0.0498,1,0,1,0,1160.07,1160.07,1.0,1,2,4,0.3099,9,0,1,3,1,RET005589,CUST04620
475,12,4,0.3333,3,3961.5,6330.56,0.0521,0,0,0,0,3259.31,3259.31,1.0,9,1,4,0.2526,67,0,1,3,0,RET005590,CUST04620
394,7,2,0.2857,2,2657.57,5787.7,0.0656,0,0,2,2,1737.99,1737.99,1.0,10,0,2,0.1523,8,0,1,3,0,RET005591,CUST04620
366,5,0,0.0,0,0.0,7640.75,0.0,0,0,0,0,2085.39,2085.39,1.0,10,0,0,0.0,366,0,1,3,0,RET005592,CUST04620
107,16,6,0.375,4,31498.97,10069.8,0.1955,0,0,1,1,1121.59,1121.59,1.0,5,0,4,1.6822,24,0,3,2,1,RET005593,CUST04625
71,11,4,0.3636,3,30639.85,9097.21,0.3062,0,0,1,1,1854.39,1024.92,0.5527,2,2,3,1.6901,9,0,3,2,0,RET005594,CUST04625
62,10,3,0.3,2,29510.54,9821.49,0.3005,0,0,0,1,1129.31,1129.31,1.0,13,0,2,1.4516,37,0,3,2,1,RET005595,CUST04625
25,5,2,0.4,0,0.0,13455.06,0.0,1,1,2,0,27293.48,27293.48,1.0,1,1,2,2.4,6,1,3,2,1,RET005596,CUST04625
15,3,0,0.0,0,0.0,5245.47,0.0,0,0,0,0,12667.2,12667.2,1.0,14,0,0,0.0,15,1,3,2,0,RET005597,CUST04625
19,3,1,0.3333,0,0.0,5245.47,0.0,0,1,1,0,2217.06,2217.06,1.0,6,0,1,1.5789,4,0,3,2,0,RET005598,CUST04625
83,14,5,0.3571,4,31498.97,8900.17,0.2528,0,0,2,2,21631.07,21631.07,1.0,5,0,3,1.8072,12,1,3,2,1,RET005599,CUST04625
151,6,0,0.0,1,129.83,7378.11,0.0029,0,0,0,0,23788.55,23788.55,1.0,25,0,0,0.0,151,1,1,1,0,RET005600,CUST04629
131,4,0,0.0,0,0.0,21905.42,0.0,0,0,0,0,25780.78,25780.78,1.0,5,0,0,0.0,131,0,1,1,0,RET005601,CUST04630
250,11,2,0.1818,1,1272.53,12248.1,0.0094,1,0,0,0,1942.49,1784.0,0.9184,1,0,1,0.24,61,0,1,1,0,RET005602,CUST04630
189,9,1,0.1111,0,0.0,14458.39,0.0,0,0,0,0,1272.53,1272.53,1.0,3,1,1,0.1587,58,0,1,1,0,RET005603,CUST04630
155,1,0,0.0,0,0.0,531.38,0.0,0,0,0,0,531.38,531.38,1.0,9,0,0,0.0,155,0,1,1,0,RET005604,CUST04631
40,6,2,0.3333,0,0.0,11558.8,0.0,0,0,0,0,17970.52,17970.52,1.0,5,0,2,1.5,34,0,5,1,1,RET005605,CUST04632
5,1,0,0.0,0,0.0,17889.73,0.0,0,0,0,0,17889.73,17889.73,1.0,5,0,0,0.0,5,0,5,1,0,RET005606,CUST04632
66,9,5,0.5556,2,20128.09,10101.03,0.2214,0,0,3,2,1805.17,1805.17,1.0,12,3,3,2.2727,13,0,5,1,0,RET005607,CUST04632
94,13,8,0.6154,4,23624.52,7958.78,0.2283,1,0,3,2,2582.56,2113.08,0.8182,1,6,3,2.5532,10,0,5,1,1,RET005608,CUST04632
84,12,7,0.5833,4,23624.52,8406.79,0.2342,0,0,2,3,5447.46,5447.46,1.0,9,5,3,2.5,15,0,5,1,1,RET005609,CUST04632
124,20,10,0.5,5,39860.31,6640.35,0.3001,0,0,2,1,517.33,517.33,1.0,9,0,4,2.4194,14,0,5,1,1,RET005610,CUST04632
110,15,9,0.6,4,23624.52,8084.41,0.1948,1,0,2,0,16235.79,16235.79,1.0,10,0,3,2.4545,16,1,5,1,1,RET005611,CUST04632
40,6,2,0.3333,0,0.0,11558.8,0.0,0,0,0,0,2068.06,2068.06,1.0,6,1,2,1.5,34,0,5,1,1,RET005612,CUST04632
53,7,4,0.5714,1,2068.06,12487.54,0.0237,0,0,2,1,18060.03,18060.03,1.0,7,2,3,2.2642,13,0,5,1,1,RET005613,CUST04632
69,9,6,0.6667,2,20128.09,10101.03,0.2214,0,1,4,2,1691.26,1691.26,1.0,11,4,3,2.6087,3,0,5,1,1,RET005614,CUST04632
6,2,1,0.5,0,0.0,16571.92,0.0,1,1,1,0,15254.11,15254.11,1.0,1,0,1,5.0,1,0,5,1,1,RET005615,CUST04632
435,6,0,0.0,0,0.0,2638.94,0.0,0,0,0,0,1020.97,1020.97,1.0,3,0,0,0.0,435,0,1,1,0,RET005616,CUST04644
52,1,0,0.0,0,0.0,860.96,0.0,0,0,0,0,860.96,860.96,1.0,21,0,0,0.0,52,0,1,1,0,RET005617,CUST04645
28,1,0,0.0,0,0.0,802.29,0.0,0,0,0,0,802.29,714.94,0.8911,5,0,0,0.0,28,0,1,1,0,RET005618,CUST04649
129,8,1,0.125,2,813.92,3003.06,0.0339,0,0,0,0,7619.19,7619.19,1.0,3,0,1,0.2326,101,1,1,1,0,RET005619,CUST04649
150,10,2,0.2,3,8433.11,2863.56,0.2945,0,0,1,1,1923.07,1923.07,1.0,2,0,2,0.4,21,0,1,1,0,RET005620,CUST04649
87,3,1,0.3333,0,0.0,1471.56,0.0,0,1,1,0,672.49,672.49,1.0,4,0,1,0.3448,3,0,1,1,0,RET005621,CUST04650
84,3,0,0.0,0,0.0,1471.56,0.0,1,0,0,0,2004.6,2004.6,1.0,3,0,0,0.0,84,0,1,1,0,RET005622,CUST04650
26,3,2,0.6667,1,13663.96,9272.07,0.4912,0,0,2,1,12261.7,7985.65,0.6513,4,0,2,2.3077,17,0,3,4,1,RET005623,CUST04652
99,14,8,0.5714,4,25895.49,6548.3,0.2825,0,0,1,0,1261.79,1261.79,1.0,13,1,4,2.4242,23,0,3,4,1,RET005624,CUST04652
44,7,3,0.4286,2,21649.61,7205.9,0.4292,0,0,1,1,1272.96,1272.96,1.0,13,1,3,2.0455,18,0,3,4,1,RET005625,CUST04652
9,2,1,0.5,0,0.0,7777.25,0.0,0,1,1,0,13663.96,13663.96,1.0,7,0,1,3.3333,2,0,3,4,1,RET005626,CUST04652
76,12,7,0.5833,4,25895.49,6710.92,0.3216,0,0,3,2,11124.57,11124.57,1.0,3,3,4,2.7632,18,0,3,4,1,RET005627,CUST04652
58,9,6,0.6667,3,23771.08,6209.08,0.4254,0,0,3,2,2767.63,2767.63,1.0,14,2,4,3.1034,8,0,3,4,1,RET005628,CUST04652
50,9,5,0.5556,2,21649.61,6209.08,0.3874,0,2,3,1,3379.94,3379.94,1.0,10,1,4,3.0,4,0,3,4,1,RET005629,CUST04652
117,15,9,0.6,5,27157.28,6166.02,0.2936,0,0,1,1,814.22,814.22,1.0,3,2,4,2.3077,18,0,3,4,1,RET005630,CUST04652
7,2,0,0.0,0,0.0,7777.25,0.0,0,0,0,0,1890.54,1890.54,1.0,7,0,0,0.0,7,0,3,4,0,RET005631,CUST04652
46,9,4,0.4444,2,21649.61,6209.08,0.3874,0,1,2,1,2672.81,2121.47,0.7937,2,0,3,2.6087,2,0,3,4,1,RET005632,CUST04652
41,4,0,0.0,0,0.0,6203.49,0.0,0,0,0,0,18830.36,18830.36,1.0,9,0,0,0.0,41,1,4,1,0,RET005633,CUST04653
85,9,3,0.3333,2,44702.15,12304.88,0.4037,0,0,0,1,37203.73,37203.73,1.0,2,0,3,1.0588,32,1,4,1,1,RET005634,CUST04653
46,5,1,0.2,1,18830.36,8762.76,0.4298,0,1,1,1,18999.85,18999.85,1.0,5,0,1,0.6522,5,1,4,1,1,RET005635,CUST04653
53,7,2,0.2857,1,18830.36,10370.13,0.2594,0,1,2,1,25871.79,25871.79,1.0,5,0,2,1.1321,7,1,4,1,1,RET005636,CUST04653
90,10,4,0.4,2,44702.15,13107.26,0.341,0,1,1,1,20328.71,20328.71,1.0,4,1,4,1.3333,5,0,4,1,1,RET005637,CUST04653
20,6,1,0.1667,0,0.0,7912.23,0.0,1,1,1,0,2656.83,1941.21,0.7306,7,0,1,1.5,5,0,1,2,0,RET005638,CUST04654
15,5,0,0.0,0,0.0,2825.85,0.0,2,0,0,0,3039.29,3039.29,1.0,12,0,0,0.0,15,0,1,2,0,RET005639,CUST04654
366,6,0,0.0,0,0.0,1663.37,0.0,0,0,0,0,490.65,490.65,1.0,2,0,0,0.0,366,0,1,1,0,RET005640,CUST04655
190,3,0,0.0,0,0.0,19324.96,0.0,0,0,0,0,23384.55,17137.41,0.7329,10,0,0,0.0,190,0,1,1,0,RET005641,CUST04657
484,4,0,0.0,0,0.0,7553.95,0.0,0,0,0,0,1129.6,1129.6,1.0,21,0,0,0.0,484,0,1,1,0,RET005642,CUST04662
200,1,0,0.0,0,0.0,1208.54,0.0,0,0,0,0,1208.54,608.16,0.5032,11,0,0,0.0,200,0,2,1,0,RET005643,CUST04665
41,4,0,0.0,0,0.0,2494.15,0.0,0,0,0,0,3277.64,3277.64,1.0,6,0,0,0.0,41,0,1,1,0,RET005644,CUST04669
118,10,1,0.1,2,4063.98,6154.45,0.066,0,0,0,0,1735.4,1735.4,1.0,3,0,1,0.2542,77,0,1,1,0,RET005645,CUST04669
260,2,0,0.0,0,0.0,20880.2,0.0,0,0,0,0,38649.96,38649.96,1.0,6,0,0,0.0,260,0,1,1,0,RET005646,CUST04673
34,11,5,0.4545,3,40799.07,9143.65,0.4056,0,0,5,3,4769.75,2669.32,0.5596,8,1,4,4.4118,9,0,1,1,1,RET005647,CUST04676
21,8,1,0.125,0,0.0,11470.32,0.0,0,0,1,0,784.0,784.0,1.0,4,0,1,1.4286,9,0,1,1,0,RET005648,CUST04676
60,20,8,0.4,5,44811.36,9869.1,0.227,0,0,3,4,658.73,658.73,1.0,8,0,4,4.0,9,0,1,1,1,RET005649,CUST04676
46,15,6,0.4,4,43468.39,9275.07,0.3124,0,0,5,4,11063.04,11063.04,1.0,5,1,4,3.913,12,0,1,1,1,RET005650,CUST04676
23,8,2,0.25,0,0.0,11470.32,0.0,0,1,2,0,37137.67,37137.67,1.0,4,0,2,2.6087,2,1,1,1,0,RET005651,CUST04676
62,22,9,0.4091,5,44811.36,11012.76,0.185,2,1,4,4,595.44,595.44,1.0,13,2,5,4.3548,2,0,1,1,1,RET005652,CUST04676
25,9,4,0.4444,0,0.0,10426.45,0.0,0,3,4,0,2877.4,2877.4,1.0,12,0,3,4.8,2,0,1,1,1,RET005653,CUST04676
12,5,0,0.0,0,0.0,10192.7,0.0,1,0,0,0,3012.09,3012.09,1.0,7,0,0,0.0,12,0,1,1,0,RET005654,CUST04676
62,22,9,0.4091,5,44811.36,11012.76,0.185,2,1,4,4,4228.23,4228.23,1.0,11,3,5,4.3548,2,0,1,1,1,RET005655,CUST04676
51,17,7,0.4118,4,43468.39,11252.33,0.2272,0,1,6,4,1342.97,1342.97,1.0,7,2,4,4.1176,5,0,1,1,1,RET005656,CUST04676
23,8,2,0.25,0,0.0,11470.32,0.0,0,1,2,0,6000.0,5280.39,0.8801,12,1,2,2.6087,2,0,1,1,0,RET005657,CUST04676
244,12,1,0.0833,0,0.0,8651.5,0.0,0,0,0,0,1484.88,1484.88,1.0,12,1,1,0.123,119,0,1,4,0,RET005658,CUST04679
125,2,0,0.0,0,0.0,3625.37,0.0,0,0,0,0,2695.34,1943.33,0.721,6,0,0,0.0,125,0,1,4,0,RET005659,CUST04679
64,10,3,0.3,2,1742.33,6187.61,0.0282,0,1,3,2,10694.07,10694.07,1.0,14,0,3,1.4062,2,0,1,1,1,RET005660,CUST04680
36,4,0,0.0,0,0.0,3886.25,0.0,1,0,0,0,559.13,559.13,1.0,11,0,0,0.0,36,0,1,1,0,RET005661,CUST04680
39,5,1,0.2,0,0.0,6388.33,0.0,0,1,1,0,2649.5,1252.96,0.4729,4,0,1,0.7692,3,0,1,1,0,RET005662,CUST04680
99,12,4,0.3333,3,3366.32,6764.55,0.0415,0,0,0,1,1101.21,1101.21,1.0,6,1,4,1.2121,35,0,1,1,1,RET005663,CUST04680
62,10,2,0.2,2,1742.33,6187.61,0.0282,0,0,2,2,1848.55,1623.99,0.8785,2,0,2,0.9677,23,0,1,1,0,RET005664,CUST04680
122,15,5,0.3333,4,4467.53,5892.83,0.0505,0,0,1,1,1551.09,1551.09,1.0,4,1,4,1.2295,23,0,1,1,0,RET005665,CUST04680
126,16,6,0.375,4,4467.53,5578.76,0.0501,1,1,2,1,867.71,634.86,0.7316,1,0,4,1.4286,4,0,1,1,1,RET005666,CUST04680
32,3,0,0.0,0,0.0,9071.43,0.0,0,0,0,0,21757.3,19798.2,0.91,2,0,0,0.0,32,1,1,1,0,RET005667,CUST04681
115,7,1,0.1429,1,19798.2,7491.65,0.3775,0,0,0,0,1594.88,1384.74,0.8682,5,0,1,0.2609,83,0,1,1,1,RET005668,CUST04681
35,1,0,0.0,0,0.0,696.75,0.0,0,0,0,0,696.75,696.75,1.0,12,0,0,0.0,35,0,1,1,0,RET005669,CUST04683
335,2,0,0.0,0,0.0,967.44,0.0,0,0,0,0,464.59,464.59,1.0,19,0,0,0.0,335,0,5,1,0,RET005670,CUST04685
440,4,0,0.0,0,0.0,8074.37,0.0,0,0,0,0,15902.65,15902.65,1.0,8,0,0,0.0,440,0,1,1,0,RET005671,CUST04686
93,8,3,0.375,3,20409.32,4371.02,0.5837,2,0,2,2,1132.29,1132.29,1.0,1,1,2,0.9677,14,0,1,1,1,RET005672,CUST04687
110,14,5,0.3571,5,24564.12,3367.88,0.521,0,0,2,4,1859.54,1859.54,1.0,13,0,2,1.3636,15,0,1,1,1,RET005673,CUST04687
95,10,4,0.4,3,20409.32,3711.41,0.5499,0,1,3,2,3375.94,3022.51,0.8953,3,2,2,1.2632,2,0,1,1,1,RET005674,CUST04687
74,4,1,0.25,1,17162.0,7078.56,0.6061,0,0,0,0,1639.67,1639.67,1.0,10,0,1,0.4054,61,0,1,1,1,RET005675,CUST04687
79,5,2,0.4,1,17162.0,5998.16,0.5722,1,1,1,0,1607.65,1607.65,1.0,14,1,2,0.7595,5,0,1,1,1,RET005676,CUST04687
146,16,6,0.375,6,26423.66,4565.37,0.3617,0,0,0,1,23665.5,9868.23,0.417,4,3,3,1.2329,36,1,1,1,1,RET005677,CUST04687
13,1,0,0.0,0,0.0,22204.38,0.0,0,0,0,0,22204.38,17162.0,0.7729,12,0,0,0.0,13,0,1,1,0,RET005678,CUST04687
30,1,0,0.0,0,0.0,5178.17,0.0,0,0,0,0,5178.17,4575.16,0.8835,3,0,0,0.0,30,0,1,1,0,RET005679,CUST04690
250,12,1,0.0833,1,4575.16,10975.85,0.0347,0,0,0,0,31897.43,31897.43,1.0,5,0,1,0.12,220,1,1,1,0,RET005680,CUST04690
405,3,0,0.0,0,0.0,1533.66,0.0,0,0,0,0,1977.29,1977.29,1.0,15,0,0,0.0,405,0,1,1,0,RET005681,CUST04695
236,4,0,0.0,0,0.0,2332.55,0.0,0,0,0,0,2904.01,2904.01,1.0,22,0,0,0.0,236,0,1,1,0,RET005682,CUST04697
449,5,0,0.0,0,0.0,2182.52,0.0,0,0,0,0,384.7,232.24,0.6037,9,0,0,0.0,449,0,1,1,0,RET005683,CUST04704
34,5,1,0.2,1,3715.13,14570.31,0.051,0,0,1,1,3895.36,3895.36,1.0,2,0,1,0.8824,9,0,1,1,0,RET005684,CUST04707
25,4,0,0.0,0,0.0,17239.05,0.0,1,0,0,0,3715.13,3715.13,1.0,15,0,0,0.0,25,0,1,1,0,RET005685,CUST04707
130,5,0,0.0,0,0.0,9496.06,0.0,0,0,0,0,1412.12,1412.12,1.0,7,0,0,0.0,130,0,1,1,0,RET005686,CUST04708
145,7,0,0.0,0,0.0,2060.26,0.0,0,0,0,0,3289.21,3289.21,1.0,30,0,0,0.0,145,0,1,1,0,RET005687,CUST04710
222,3,0,0.0,0,0.0,1790.41,0.0,0,0,0,0,1203.22,1203.22,1.0,21,0,0,0.0,222,0,1,1,0,RET005688,CUST04711
19,7,1,0.1429,0,0.0,7281.66,0.0,0,1,1,0,1459.48,1459.48,1.0,5,0,1,1.5789,5,0,5,1,0,RET005689,CUST04716
14,5,0,0.0,0,0.0,9372.67,0.0,0,0,0,0,2637.35,2637.35,1.0,2,0,0,0.0,14,0,5,1,0,RET005690,CUST04716
47,2,0,0.0,0,0.0,12510.84,0.0,0,0,0,0,921.71,921.71,1.0,21,0,0,0.0,47,0,1,1,0,RET005691,CUST04719
89,6,1,0.1667,1,921.71,5218.88,0.0294,0,0,0,0,1538.75,1538.75,1.0,8,0,1,0.3371,42,0,1,1,0,RET005692,CUST04719
171,11,3,0.2727,3,4751.5,4247.96,0.1017,0,0,0,0,3399.99,3399.99,1.0,29,0,3,0.5263,58,0,1,1,0,RET005693,CUST04719
113,6,2,0.3333,2,2460.46,5218.88,0.0786,0,0,1,1,2291.04,2291.04,1.0,29,0,2,0.531,24,0,1,1,0,RET005694,CUST04719
103,2,0,0.0,0,0.0,10112.7,0.0,0,0,0,0,2833.8,2833.8,1.0,24,0,0,0.0,103,0,1,1,0,RET005695,CUST04724
312,2,0,0.0,0,0.0,2263.91,0.0,0,0,0,0,1999.24,1999.24,1.0,29,0,0,0.0,312,0,1,1,0,RET005696,CUST04725
35,9,3,0.3333,3,19219.39,3722.97,0.5736,1,0,2,3,1651.89,1651.89,1.0,8,1,3,2.5714,19,0,5,4,1,RET005697,CUST04729
64,13,4,0.3077,4,20871.28,4248.77,0.3779,0,0,1,1,1786.53,1786.53,1.0,6,0,3,1.875,29,0,5,4,1,RET005698,CUST04729
79,17,5,0.2941,5,22657.81,5330.51,0.25,0,0,1,1,942.14,942.14,1.0,5,2,4,1.8987,15,0,5,4,1,RET005699,CUST04729
4,2,0,0.0,0,0.0,8371.93,0.0,1,0,0,0,15488.03,15488.03,1.0,4,0,0,0.0,4,0,5,4,0,RET005700,CUST04729
16,5,2,0.4,1,11569.26,5505.02,0.4203,1,0,2,1,6713.63,6713.63,1.0,1,0,2,3.75,8,0,5,4,1,RET005701,CUST04729
8,3,1,0.3333,0,0.0,6481.69,0.0,1,1,1,0,2701.22,2701.22,1.0,1,0,1,3.75,4,0,5,4,1,RET005702,CUST04729
285,5,1,0.2,1,1907.66,5955.33,0.0641,0,0,0,0,1886.19,1886.19,1.0,18,0,1,0.1053,139,0,1,1,0,RET005703,CUST04730
146,3,0,0.0,0,0.0,8934.46,0.0,0,0,0,0,1907.66,1907.66,1.0,2,0,0,0.0,146,0,1,1,0,RET005704,CUST04730
79,2,0,0.0,0,0.0,921.54,0.0,0,0,0,0,1415.5,1415.5,1.0,28,0,0,0.0,79,0,1,1,0,RET005705,CUST04732
349,6,1,0.1667,1,1285.97,1426.02,0.1503,0,0,0,0,466.97,466.97,1.0,26,0,1,0.086,160,0,1,4,0,RET005706,CUST04734
189,2,0,0.0,0,0.0,1405.86,0.0,0,0,0,0,1285.97,1285.97,1.0,25,0,0,0.0,189,0,1,4,0,RET005707,CUST04734
55,1,0,0.0,0,0.0,3737.11,0.0,0,0,0,0,3737.11,3737.11,1.0,27,0,0,0.0,55,0,1,1,0,RET005708,CUST04737
249,2,0,0.0,0,0.0,3424.14,0.0,0,0,0,0,3347.76,3347.76,1.0,26,0,0,0.0,249,0,1,1,0,RET005709,CUST04740
142,24,12,0.5,9,90698.95,10894.74,0.3469,0,1,3,3,2101.24,2101.24,1.0,4,2,5,2.5352,2,0,4,1,1,RET005710,CUST04742
11,3,0,0.0,0,0.0,2842.11,0.0,0,0,0,0,1857.62,1857.62,1.0,7,0,0,0.0,11,0,4,1,0,RET005711,CUST04742
40,6,4,0.6667,2,5131.65,9943.17,0.086,0,0,4,2,20488.3,20488.3,1.0,2,1,4,3.0,8,1,4,1,1,RET005712,CUST04742
14,4,2,0.5,0,0.0,5388.35,0.0,0,2,2,0,4288.57,4288.57,1.0,7,0,2,4.2857,1,0,4,1,1,RET005713,CUST04742
140,24,11,0.4583,8,69804.17,10894.74,0.267,0,0,2,2,20894.78,20894.78,1.0,14,1,5,2.3571,8,0,4,1,1,RET005714,CUST04742
82,12,6,0.5,4,49070.98,11659.79,0.3507,0,0,1,1,1531.54,1531.54,1.0,4,2,4,2.1951,29,0,4,1,1,RET005715,CUST04742
53,8,5,0.625,3,25619.95,16367.13,0.1957,0,0,2,2,25381.26,23451.03,0.924,3,1,4,2.8302,13,0,4,1,0,RET005716,CUST04742
32,5,3,0.6,2,5131.65,7834.15,0.131,0,0,3,2,17617.37,17617.37,1.0,2,0,3,2.8125,18,1,4,1,1,RET005717,CUST04742
92,14,8,0.5714,5,50577.36,10220.66,0.3535,0,0,2,1,1665.39,1665.39,1.0,8,3,4,2.6087,8,0,4,1,1,RET005718,CUST04742
132,23,10,0.4348,7,67614.12,11277.06,0.2607,1,0,1,2,2190.05,2190.05,1.0,3,1,5,2.2727,16,0,4,1,1,RET005719,CUST04742
116,18,9,0.5,6,52242.75,11154.07,0.2602,0,0,1,2,15371.37,15371.37,1.0,10,0,4,2.3276,24,0,4,1,1,RET005720,CUST04742
84,13,7,0.5385,4,49070.98,10878.75,0.347,0,1,1,1,1506.38,1506.38,1.0,2,1,4,2.5,2,0,4,1,1,RET005721,CUST04742
13,4,1,0.25,0,0.0,5388.35,0.0,1,1,1,0,2380.15,2380.15,1.0,12,0,1,2.3077,2,0,4,1,1,RET005722,CUST04742
181,4,0,0.0,0,0.0,1823.83,0.0,0,0,0,0,1197.49,1197.49,1.0,25,0,0,0.0,181,0,1,1,0,RET005723,CUST04744
260,5,0,0.0,0,0.0,3120.21,0.0,0,0,0,0,3734.04,3734.04,1.0,9,0,0,0.0,260,0,1,1,0,RET005724,CUST04747
240,8,1,0.125,1,11112.39,2898.07,0.4793,0,0,0,0,1134.99,1134.99,1.0,13,0,1,0.125,126,0,1,1,1,RET005725,CUST04748
114,2,0,0.0,0,0.0,5702.36,0.0,0,0,0,0,11112.39,11112.39,1.0,29,0,0,0.0,114,0,1,1,0,RET005726,CUST04748
283,11,2,0.1818,2,12055.07,5153.93,0.2126,0,0,0,0,2814.39,2814.39,1.0,26,0,2,0.212,43,0,1,1,0,RET005727,CUST04748
407,5,0,0.0,0,0.0,2038.94,0.0,0,0,0,0,1494.0,1494.0,1.0,21,0,0,0.0,407,0,1,1,0,RET005728,CUST04749
137,1,0,0.0,0,0.0,551.18,0.0,0,0,0,0,551.18,551.18,1.0,16,0,0,0.0,137,0,4,1,0,RET005729,CUST04750
311,5,0,0.0,0,0.0,3673.45,0.0,0,0,0,0,2927.64,2927.64,1.0,11,0,0,0.0,311,0,1,1,0,RET005730,CUST04751
362,9,2,0.2222,2,4087.15,4823.78,0.0941,0,0,1,1,17492.82,17492.82,1.0,14,1,2,0.1657,28,1,1,1,0,RET005731,CUST04751
334,8,1,0.125,1,2155.13,3240.15,0.0831,0,0,1,1,1932.02,1932.02,1.0,9,0,1,0.0898,23,0,1,1,0,RET005732,CUST04751
446,8,0,0.0,0,0.0,5349.45,0.0,0,0,0,0,2349.7,2349.7,1.0,21,0,0,0.0,446,0,2,1,0,RET005733,CUST04752
150,6,0,0.0,0,0.0,11403.66,0.0,0,0,0,0,11929.97,10420.84,0.8735,5,0,0,0.0,150,0,1,1,0,RET005734,CUST04753
21,8,2,0.25,1,2706.15,8315.44,0.0407,0,1,2,1,2163.27,2163.27,1.0,8,0,2,2.8571,2,0,2,1,0,RET005735,CUST04755
11,1,0,0.0,0,0.0,5409.61,0.0,0,0,0,0,5409.61,2706.15,0.5002,2,0,0,0.0,11,0,2,1,0,RET005736,CUST04755
19,8,1,0.125,1,2706.15,8315.44,0.0407,2,0,1,1,2980.53,2980.53,1.0,8,0,1,1.5789,8,0,2,1,0,RET005737,CUST04755
24,9,3,0.3333,2,4869.42,7725.51,0.07,0,2,3,2,4456.98,4456.98,1.0,12,0,3,3.75,3,0,2,1,0,RET005738,CUST04755
11,1,0,0.0,0,0.0,4623.7,0.0,0,0,0,0,4623.7,4623.7,1.0,6,0,0,0.0,11,0,1,1,0,RET005739,CUST04760
6,5,0,0.0,0,0.0,10821.86,0.0,0,0,0,0,10134.1,10134.1,1.0,3,0,0,0.0,6,0,1,3,0,RET005740,CUST04761
15,10,4,0.4,1,10134.1,8497.8,0.1193,0,3,4,1,2053.97,2053.97,1.0,12,0,3,8.0,1,0,1,3,1,RET005741,CUST04761
14,10,3,0.3,1,10134.1,8497.8,0.1193,1,2,3,1,2665.03,2665.03,1.0,7,0,2,6.4286,1,0,1,3,0,RET005742,CUST04761
13,9,2,0.2222,1,10134.1,9339.13,0.1206,0,2,2,1,13512.46,13512.46,1.0,11,1,2,4.6154,2,0,1,3,0,RET005743,CUST04761
11,7,1,0.1429,0,0.0,10247.29,0.0,0,1,1,0,14956.7,14956.7,1.0,3,0,1,2.7273,5,0,1,3,0,RET005744,CUST04761
16,11,5,0.4545,1,10134.1,7900.49,0.1166,1,4,5,1,2207.01,1306.38,0.5919,5,1,4,9.375,1,0,1,3,1,RET005745,CUST04761
103,3,0,0.0,0,0.0,1469.06,0.0,0,0,0,0,1397.19,1397.19,1.0,15,0,0,0.0,103,0,1,1,0,RET005746,CUST04766
297,5,0,0.0,0,0.0,5352.95,0.0,0,0,0,0,3092.72,3092.72,1.0,28,0,0,0.0,297,0,1,1,0,RET005747,CUST04767
105,17,7,0.4118,1,2094.42,7103.57,0.0173,0,1,1,0,3823.36,3823.36,1.0,12,3,4,2.0,1,0,3,1,1,RET005748,CUST04768
58,12,4,0.3333,0,0.0,6259.88,0.0,0,0,3,0,2094.42,2094.42,1.0,5,0,3,2.069,9,0,3,1,1,RET005749,CUST04768
47,11,2,0.1818,0,0.0,6638.56,0.0,1,1,2,0,1604.35,935.08,0.5828,10,0,2,1.2766,3,0,3,1,1,RET005750,CUST04768
44,9,1,0.1111,0,0.0,7803.18,0.0,0,0,1,0,1003.84,525.97,0.524,7,0,1,0.6818,23,0,3,1,0,RET005751,CUST04768
74,15,5,0.3333,1,2094.42,7693.16,0.0181,0,0,4,1,20393.44,11789.05,0.5781,6,1,4,2.027,16,0,3,1,1,RET005752,CUST04768
104,17,6,0.3529,1,2094.42,7103.57,0.0173,0,0,1,0,1539.88,984.73,0.6395,12,2,4,1.7308,30,0,3,1,1,RET005753,CUST04768
49,11,3,0.2727,0,0.0,6638.56,0.0,0,2,3,0,1570.08,1570.08,1.0,4,1,3,1.8367,2,0,3,1,1,RET005754,CUST04768
21,7,0,0.0,0,0.0,9660.07,0.0,0,0,0,0,996.45,996.45,1.0,8,0,0,0.0,21,0,3,1,1,RET005755,CUST04768
8,6,0,0.0,0,0.0,4026.23,0.0,0,0,0,0,976.03,976.03,1.0,7,0,0,0.0,8,0,1,1,0,RET005756,CUST04769
37,13,3,0.2308,2,8976.03,6594.33,0.1047,0,1,3,2,2133.48,2133.48,1.0,13,2,2,2.4324,7,0,1,1,1,RET005757,CUST04769
30,13,2,0.1538,2,8976.03,6594.33,0.1047,0,0,2,2,772.49,772.49,1.0,13,1,2,2.0,8,0,1,1,1,RET005758,CUST04769
22,11,1,0.0909,1,976.03,7534.96,0.0118,0,0,1,1,8000.0,8000.0,1.0,6,0,1,1.3636,14,0,1,1,1,RET005759,CUST04769
201,2,0,0.0,0,0.0,1677.56,0.0,0,0,0,0,2721.03,2721.03,1.0,11,0,0,0.0,201,0,1,1,0,RET005760,CUST04771
52,10,1,0.1,0,0.0,1888.81,0.0,0,0,1,0,1818.37,1818.37,1.0,15,0,1,0.5769,11,0,1,1,0,RET005761,CUST04772
41,9,0,0.0,0,0.0,1875.83,0.0,0,0,0,0,1120.07,1120.07,1.0,26,0,0,0.0,41,0,1,1,0,RET005762,CUST04772
38,13,4,0.3077,2,9212.52,7228.69,0.098,0,0,4,2,2120.66,2120.66,1.0,8,0,4,3.1579,9,0,1,1,1,RET005763,CUST04774
26,10,1,0.1,1,940.85,7179.31,0.0131,1,1,1,1,15303.23,15303.23,1.0,6,0,1,1.1538,4,1,1,1,0,RET005764,CUST04774
28,10,2,0.2,1,940.85,7179.31,0.0131,0,2,2,1,2094.56,1432.86,0.6841,13,0,2,2.1429,2,0,1,1,0,RET005765,CUST04774
22,5,0,0.0,0,0.0,8217.88,0.0,0,0,0,0,940.85,940.85,1.0,3,0,0,0.0,22,0,1,1,1,RET005766,CUST04774
29,10,3,0.3,1,940.85,7179.31,0.0131,0,3,3,1,8271.67,8271.67,1.0,7,0,3,3.1034,1,0,1,1,1,RET005767,CUST04774
67,16,5,0.3125,3,11333.18,7673.56,0.0923,0,0,1,1,13805.24,13805.24,1.0,8,1,5,2.2388,29,0,1,1,1,RET005768,CUST04774
330,6,0,0.0,0,0.0,5680.98,0.0,0,0,0,0,3899.66,3899.66,1.0,24,0,0,0.0,330,0,1,1,0,RET005769,CUST04776
94,11,1,0.0909,1,2037.39,7680.51,0.0241,0,0,0,1,2225.92,2225.92,1.0,8,0,1,0.3191,33,0,1,4,1,RET005770,CUST04777
100,15,2,0.1333,1,2037.39,6210.72,0.0219,0,1,1,0,1990.51,1171.37,0.5885,2,0,2,0.6,6,0,1,4,1,RET005771,CUST04777
61,4,0,0.0,0,0.0,10871.97,0.0,1,0,0,0,3191.84,2037.39,0.6383,1,0,0,0.0,61,0,1,4,0,RET005772,CUST04777
136,16,3,0.1875,2,4263.31,5956.37,0.0447,0,0,0,0,2141.13,2141.13,1.0,7,0,3,0.6618,36,0,1,4,0,RET005773,CUST04777
17,16,2,0.125,0,0.0,8693.32,0.0,0,1,2,0,1320.49,1320.49,1.0,11,0,1,3.5294,5,0,1,1,1,RET005774,CUST04783
17,16,2,0.125,0,0.0,8693.32,0.0,0,1,2,0,1312.87,1312.87,1.0,13,0,1,3.5294,5,0,1,1,1,RET005775,CUST04783
21,16,4,0.25,0,0.0,8693.32,0.0,0,2,4,0,18633.33,18633.33,1.0,6,2,3,5.7143,4,1,1,1,1,RET005776,CUST04783
2,2,0,0.0,0,0.0,1056.36,0.0,1,0,0,0,1295.21,1295.21,1.0,1,0,0,0.0,2,0,1,1,0,RET005777,CUST04783
12,12,1,0.0833,0,0.0,7801.9,0.0,2,0,1,0,817.51,817.51,1.0,12,1,1,2.5,10,0,1,1,1,RET005778,CUST04783
153,3,0,0.0,0,0.0,8435.23,0.0,0,0,0,0,2367.51,2367.51,1.0,8,0,0,0.0,153,0,1,1,0,RET005779,CUST04784
15,15,3,0.2,1,16450.06,3555.12,0.3085,0,3,3,1,1647.19,1647.19,1.0,12,2,2,6.0,2,0,5,1,1,RET005780,CUST04785
17,17,5,0.2941,2,17741.92,3467.57,0.301,1,3,5,2,1185.76,1185.76,1.0,12,1,3,8.8235,1,0,5,1,1,RET005781,CUST04785
8,11,0,0.0,0,0.0,4145.6,0.0,0,0,0,0,16450.06,16450.06,1.0,8,0,0,0.0,8,1,5,1,1,RET005782,CUST04785
16,16,4,0.25,2,17741.92,3575.91,0.3101,1,3,4,2,1929.53,969.45,0.5024,14,0,2,7.5,1,0,5,1,1,RET005783,CUST04785
31,25,6,0.24,3,18711.37,3014.77,0.2483,0,0,6,3,1138.01,1138.01,1.0,12,3,3,5.8065,14,0,5,1,1,RET005784,CUST04785
13,14,2,0.1429,1,16450.06,3658.89,0.3211,2,2,2,1,1291.86,1291.86,1.0,4,0,1,4.6154,4,0,5,1,1,RET005785,CUST04785
9,11,1,0.0909,0,0.0,4145.6,0.0,0,1,1,0,1671.16,779.37,0.4664,7,1,1,3.3333,1,0,5,1,0,RET005786,CUST04785
164,2,0,0.0,0,0.0,13194.93,0.0,0,0,0,0,23976.8,23976.8,1.0,25,0,0,0.0,164,0,1,1,0,RET005787,CUST04786
192,7,0,0.0,0,0.0,4944.6,0.0,0,0,0,0,1724.03,1724.03,1.0,12,0,0,0.0,192,0,1,1,0,RET005788,CUST04787
237,3,0,0.0,0,0.0,1500.74,0.0,0,0,0,0,1103.12,1103.12,1.0,10,0,0,0.0,237,0,1,1,1,RET005789,CUST04791
70,10,3,0.3,2,1744.19,3238.54,0.0539,0,0,2,1,3029.13,2479.22,0.8185,12,1,3,1.2857,12,0,3,3,0,RET005790,CUST04793
58,6,2,0.3333,1,1259.67,3661.11,0.0573,0,1,1,0,1057.23,484.52,0.4583,3,0,2,1.0345,7,0,3,3,0,RET005791,CUST04793
140,13,4,0.3077,2,1744.19,4970.5,0.027,0,0,0,0,615.65,334.09,0.5427,13,0,3,0.8571,70,0,3,3,0,RET005792,CUST04793
14,1,0,0.0,0,0.0,1259.67,0.0,0,0,0,0,1259.67,1259.67,1.0,7,0,0,0.0,14,0,3,3,1,RET005793,CUST04793
51,3,1,0.3333,1,1259.67,1699.32,0.2471,0,0,0,0,1810.33,1810.33,1.0,5,0,1,0.5882,37,0,3,3,0,RET005794,CUST04793
161,8,3,0.375,1,506.8,2146.64,0.0295,0,0,0,0,3784.9,3784.9,1.0,2,0,2,0.559,37,0,1,4,1,RET005795,CUST04796
241,11,4,0.3636,2,3467.38,3324.09,0.0948,0,0,0,0,4978.53,3660.88,0.7353,15,1,3,0.4979,80,0,1,4,1,RET005796,CUST04796
48,1,0,0.0,0,0.0,2042.86,0.0,0,0,0,0,2042.86,2042.86,1.0,4,0,0,0.0,48,0,1,4,0,RET005797,CUST04796
74,2,1,0.5,0,0.0,1274.83,0.0,0,0,1,0,506.8,506.8,1.0,14,1,1,0.4054,26,0,1,4,1,RET005798,CUST04796
124,6,2,0.3333,1,506.8,1835.91,0.046,0,0,0,0,564.01,564.01,1.0,28,0,1,0.4839,50,0,1,4,1,RET005799,CUST04796
244,12,5,0.4167,2,3467.38,3099.55,0.0932,0,1,1,0,629.51,629.51,1.0,2,2,3,0.6148,3,0,1,4,1,RET005800,CUST04796
111,4,0,0.0,0,0.0,2560.68,0.0,0,0,0,0,2796.76,1732.49,0.6195,29,0,0,0.0,111,0,1,1,1,RET005801,CUST04798
528,5,0,0.0,0,0.0,2773.93,0.0,0,0,0,0,964.07,964.07,1.0,30,0,0,0.0,528,0,1,1,0,RET005802,CUST04800
84,2,0,0.0,0,0.0,3519.31,0.0,0,0,0,0,6178.73,6178.73,1.0,20,0,0,0.0,84,0,1,1,0,RET005803,CUST04803
414,3,0,0.0,0,0.0,14163.11,0.0,0,0,0,0,2921.81,2921.81,1.0,9,0,0,0.0,414,0,1,1,0,RET005804,CUST04806
224,3,0,0.0,0,0.0,1787.74,0.0,0,0,0,0,1906.11,1906.11,1.0,24,0,0,0.0,224,0,1,1,0,RET005805,CUST04808
27,7,1,0.1429,0,0.0,11466.67,0.0,1,1,1,0,27860.78,27860.78,1.0,11,0,1,1.1111,2,1,1,2,0,RET005806,CUST04813
35,8,3,0.375,0,0.0,10407.2,0.0,0,1,3,0,799.92,799.92,1.0,11,0,2,2.5714,1,0,1,2,1,RET005807,CUST04813
25,6,0,0.0,0,0.0,13110.92,0.0,2,0,0,0,1500.0,1500.0,1.0,14,0,0,0.0,25,0,1,2,0,RET005808,CUST04813
34,8,2,0.25,0,0.0,10407.2,0.0,0,1,2,0,2990.89,2990.89,1.0,7,1,2,1.7647,7,0,1,2,0,RET005809,CUST04813
540,8,0,0.0,0,0.0,5313.4,0.0,0,0,0,0,2503.78,2503.78,1.0,16,0,0,0.0,540,0,1,1,0,RET005810,CUST04818
261,1,0,0.0,0,0.0,11860.66,0.0,0,0,0,0,11860.66,11860.66,1.0,7,0,0,0.0,261,0,1,1,0,RET005811,CUST04819
248,14,2,0.1429,1,928.24,6352.79,0.0104,0,0,1,0,11875.06,11875.06,1.0,6,0,2,0.2419,8,0,1,1,0,RET005812,CUST04822
277,16,4,0.25,2,12803.3,8159.52,0.0981,0,0,2,1,30931.78,30931.78,1.0,3,1,4,0.4332,23,1,1,1,0,RET005813,CUST04822
240,13,1,0.0769,1,928.24,5928.0,0.012,0,0,0,0,3042.35,3042.35,1.0,6,0,1,0.125,168,0,1,1,0,RET005814,CUST04822
254,15,3,0.2,1,928.24,6641.37,0.0093,0,1,2,0,10681.46,10681.46,1.0,4,0,3,0.3543,6,0,1,1,0,RET005815,CUST04822
72,4,0,0.0,0,0.0,11187.85,0.0,0,0,0,0,928.24,928.24,1.0,5,0,0,0.0,72,0,1,1,0,RET005816,CUST04822
156,15,6,0.4,4,23154.25,6870.87,0.2247,1,0,1,1,1399.35,1399.35,1.0,9,4,3,1.1538,12,0,5,3,1,RET005817,CUST04824
144,11,5,0.4545,3,7884.19,6449.11,0.1111,0,0,1,1,15270.06,15270.06,1.0,2,3,3,1.0417,28,1,5,3,1,RET005818,CUST04824
90,6,3,0.5,1,4682.36,7689.69,0.1015,0,0,1,1,649.27,649.27,1.0,6,1,3,1.0,9,0,5,3,1,RET005819,CUST04824
116,8,4,0.5,2,5331.63,6507.62,0.1024,0,0,1,1,2552.56,2552.56,1.0,14,2,3,1.0345,26,0,5,3,1,RET005820,CUST04824
47,2,1,0.5,0,0.0,18912.22,0.0,0,0,0,0,22836.14,11267.95,0.4934,10,0,1,0.6383,34,0,5,3,1,RET005821,CUST04824
81,4,2,0.5,0,0.0,11048.67,0.0,0,0,0,0,4682.36,4682.36,1.0,13,0,2,0.7407,34,0,5,3,1,RET005822,CUST04824
13,1,0,0.0,0,0.0,14988.3,0.0,0,0,0,0,14988.3,14988.3,1.0,6,0,0,0.0,13,0,5,3,0,RET005823,CUST04824
88,8,2,0.25,2,2902.59,6095.94,0.0595,0,0,1,1,4305.19,4305.19,1.0,13,0,2,0.6818,8,0,1,1,1,RET005824,CUST04825
80,8,1,0.125,1,2016.05,6095.94,0.0413,0,0,0,0,886.54,886.54,1.0,14,0,1,0.375,67,0,1,1,0,RET005825,CUST04825
13,2,0,0.0,0,0.0,2053.18,0.0,0,0,0,0,2016.05,2016.05,1.0,8,0,0,0.0,13,0,1,1,0,RET005826,CUST04825
73,1,0,0.0,0,0.0,1661.57,0.0,0,0,0,0,1661.57,1661.57,1.0,21,0,0,0.0,73,0,1,1,0,RET005827,CUST04826
478,3,0,0.0,0,0.0,1691.81,0.0,0,0,0,0,2763.84,2763.84,1.0,12,0,0,0.0,478,0,1,1,0,RET005828,CUST04831
487,3,1,0.3333,0,0.0,1691.81,0.0,0,0,1,0,762.24,616.46,0.8087,11,0,1,0.0616,9,0,1,1,0,RET005829,CUST04831
114,11,2,0.1818,1,6779.59,2012.68,0.3062,0,1,2,1,996.08,996.08,1.0,22,0,2,0.5263,7,0,1,1,1,RET005830,CUST04834
87,7,0,0.0,0,0.0,1528.81,0.0,0,0,0,0,1013.96,1013.96,1.0,16,0,0,0.0,87,0,1,1,0,RET005831,CUST04834
107,11,1,0.0909,0,0.0,2012.68,0.0,0,0,1,0,6779.59,6779.59,1.0,14,0,1,0.2804,20,1,1,1,1,RET005832,CUST04834
210,2,0,0.0,0,0.0,2685.92,0.0,0,0,0,0,4967.67,4967.67,1.0,11,0,0,0.0,210,0,1,4,0,RET005833,CUST04835
273,8,1,0.125,0,0.0,5700.75,0.0,1,0,0,0,14117.84,14117.84,1.0,2,0,1,0.1099,63,1,1,4,0,RET005834,CUST04835
339,13,3,0.2308,1,19624.25,7930.55,0.1903,1,0,1,1,15477.05,15477.05,1.0,2,2,2,0.2655,15,0,1,4,1,RET005835,CUST04835
386,14,4,0.2857,1,19624.25,7938.68,0.1766,0,0,0,0,8044.36,8044.36,1.0,14,3,2,0.3109,47,0,1,4,1,RET005836,CUST04835
324,11,2,0.1818,0,0.0,6791.29,0.0,0,0,0,0,19624.25,19624.25,1.0,4,1,2,0.1852,51,1,1,4,0,RET005837,CUST04835
307,2,0,0.0,1,410.97,2038.64,0.1008,0,0,0,0,1936.64,1936.64,1.0,16,0,0,0.0,307,0,1,1,0,RET005838,CUST04836
495,5,0,0.0,0,0.0,7863.82,0.0,0,0,0,0,19396.84,19396.84,1.0,7,0,0,0.0,495,1,1,1,0,RET005839,CUST04837
105,5,1,0.2,1,1913.68,8090.35,0.0473,0,0,0,0,4669.0,4669.0,1.0,22,0,1,0.2857,85,0,1,1,0,RET005840,CUST04838
20,1,0,0.0,0,0.0,1913.68,0.0,0,0,0,0,1913.68,1913.68,1.0,2,0,0,0.0,20,0,1,1,0,RET005841,CUST04838
321,5,0,0.0,0,0.0,1874.89,0.0,0,0,0,0,1090.17,1090.17,1.0,26,0,0,0.0,321,0,1,1,0,RET005842,CUST04842
400,7,0,0.0,1,463.67,2224.05,0.0298,0,0,0,0,1303.13,1303.13,1.0,16,0,0,0.0,400,0,1,1,0,RET005843,CUST04848
80,4,0,0.0,0,0.0,3206.55,0.0,0,0,0,0,1009.86,1009.86,1.0,27,0,0,0.0,80,0,1,1,0,RET005844,CUST04849
111,5,1,0.2,1,1009.86,2701.23,0.0748,0,0,0,1,679.94,679.94,1.0,10,0,1,0.2703,31,0,1,1,0,RET005845,CUST04849
258,17,6,0.3529,1,2530.1,4712.81,0.0316,0,2,4,1,4639.03,4639.03,1.0,4,2,3,0.6977,1,0,3,3,1,RET005846,CUST04856
257,17,5,0.2941,1,2530.1,4712.81,0.0316,0,1,4,1,1565.26,1107.47,0.7075,8,1,3,0.5837,2,0,3,3,0,RET005847,CUST04856
255,16,4,0.25,1,2530.1,4907.78,0.0322,1,0,3,1,541.4,541.4,1.0,10,2,3,0.4706,14,0,3,3,0,RET005848,CUST04856
227,5,1,0.2,0,0.0,2620.38,0.0,0,0,1,0,783.11,783.11,1.0,12,0,1,0.1322,15,0,3,3,0,RET005849,CUST04856
212,4,0,0.0,0,0.0,3079.69,0.0,0,0,0,0,3662.83,3662.83,1.0,14,0,0,0.0,212,0,3,3,0,RET005850,CUST04856
350,23,9,0.3913,5,13290.71,4551.9,0.1269,0,1,1,0,475.4,475.4,1.0,11,1,4,0.7714,1,0,3,3,1,RET005851,CUST04856
241,12,3,0.25,0,0.0,5820.08,0.0,0,1,3,0,2530.1,2530.1,1.0,13,1,3,0.3734,3,0,3,3,0,RET005852,CUST04856
349,23,8,0.3478,5,13290.71,4551.9,0.1269,0,0,0,0,1058.4,1058.4,1.0,7,0,3,0.6877,73,0,3,3,0,RET005853,CUST04856
276,19,7,0.3684,4,8818.0,4520.5,0.1027,0,0,3,3,4472.71,4472.71,1.0,7,3,3,0.7609,18,0,3,3,1,RET005854,CUST04856
238,9,2,0.2222,0,0.0,6238.44,0.0,1,0,2,0,11354.69,11354.69,1.0,10,0,2,0.2521,11,0,3,3,1,RET005855,CUST04856
357,24,10,0.4167,5,13290.71,4500.47,0.123,0,1,2,0,3317.7,3317.7,1.0,7,2,4,0.8403,7,0,3,3,1,RET005856,CUST04856
51,2,0,0.0,0,0.0,2678.78,0.0,0,0,0,0,3116.14,1322.87,0.4245,30,0,0,0.0,51,0,1,1,0,RET005857,CUST04857
85,5,1,0.2,0,0.0,4961.79,0.0,0,0,0,0,1146.26,1146.26,1.0,7,0,1,0.3529,34,0,1,1,0,RET005858,CUST04857
114,7,2,0.2857,1,1146.26,4012.41,0.0408,0,0,1,1,1943.78,1943.78,1.0,22,0,2,0.5263,29,0,1,1,0,RET005859,CUST04857
105,3,0,0.0,0,0.0,7588.87,0.0,0,0,0,0,8786.92,8786.92,1.0,27,0,0,0.0,105,0,1,1,0,RET005860,CUST04858
73,9,0,0.0,0,0.0,2425.02,0.0,0,0,0,0,829.92,829.92,1.0,12,0,0,0.0,73,0,1,1,0,RET005861,CUST04861
288,6,0,0.0,0,0.0,3431.24,0.0,0,0,0,0,11682.48,11682.48,1.0,12,0,0,0.0,288,1,1,1,0,RET005862,CUST04863
459,8,0,0.0,0,0.0,7923.73,0.0,0,0,0,0,1678.87,1678.87,1.0,21,0,0,0.0,459,0,1,1,0,RET005863,CUST04865
20,2,1,0.5,1,5224.0,8331.03,0.3135,0,0,1,1,3306.65,1557.69,0.4711,11,0,1,1.5,11,0,1,1,0,RET005864,CUST04869
9,1,0,0.0,0,0.0,13355.42,0.0,0,0,0,0,13355.42,9495.33,0.711,7,0,0,0.0,9,0,1,1,0,RET005865,CUST04869
340,4,0,0.0,0,0.0,2493.44,0.0,0,0,0,0,656.61,656.61,1.0,23,0,0,0.0,340,0,1,1,0,RET005866,CUST04873
230,1,0,0.0,0,0.0,6765.36,0.0,0,0,0,0,6765.36,6765.36,1.0,5,0,0,0.0,230,0,1,1,0,RET005867,CUST04874
86,2,0,0.0,0,0.0,2391.28,0.0,0,0,0,0,2828.62,2828.62,1.0,27,0,0,0.0,86,0,1,1,0,RET005868,CUST04878
33,11,4,0.3636,0,0.0,4285.1,0.0,0,1,4,0,11241.15,11241.15,1.0,9,2,2,3.6364,1,1,5,1,1,RET005869,CUST04880
13,5,1,0.2,0,0.0,3851.59,0.0,2,1,1,0,1086.93,1086.93,1.0,7,1,1,2.3077,3,0,5,1,0,RET005870,CUST04880
23,8,2,0.25,0,0.0,3987.02,0.0,1,0,2,0,1734.98,1734.98,1.0,10,0,1,2.6087,10,0,5,1,1,RET005871,CUST04880
32,11,3,0.2727,0,0.0,4285.1,0.0,0,0,3,0,1788.47,1788.47,1.0,4,1,2,2.8125,9,0,5,1,1,RET005872,CUST04880
51,12,5,0.4167,2,7411.19,4056.75,0.1522,0,0,3,2,1544.82,1544.82,1.0,8,0,2,2.9412,18,0,5,1,1,RET005873,CUST04880
62,13,6,0.4615,3,8956.01,6083.82,0.1132,0,0,3,3,30408.7,30408.7,1.0,2,1,3,2.9032,11,1,5,1,1,RET005874,CUST04880
10,3,0,0.0,0,0.0,1030.92,0.0,0,0,0,0,1445.74,1445.74,1.0,5,0,0,0.0,10,0,5,1,0,RET005875,CUST04880
77,7,0,0.0,0,0.0,6413.05,0.0,0,0,0,0,24223.78,24223.78,1.0,9,0,0,0.0,77,1,1,1,0,RET005876,CUST04884
99,8,1,0.125,0,0.0,6116.33,0.0,0,0,1,0,4039.28,4039.28,1.0,11,0,1,0.303,22,0,1,1,0,RET005877,CUST04884
39,2,0,0.0,0,0.0,7939.76,0.0,0,0,0,0,13412.46,13412.46,1.0,10,0,0,0.0,39,0,1,1,0,RET005878,CUST04886
56,3,1,0.3333,1,13412.46,6258.18,0.7144,0,0,1,1,2467.06,2467.06,1.0,30,0,1,0.5357,17,0,1,1,1,RET005879,CUST04886
34,13,5,0.3846,2,29691.37,12045.16,0.1896,0,2,5,2,13432.29,13432.29,1.0,9,0,2,4.4118,6,0,2,1,1,RET005880,CUST04890
40,16,7,0.4375,3,37880.5,10679.47,0.2217,0,2,6,3,4245.28,4245.28,1.0,11,2,3,5.25,4,0,2,1,1,RET005881,CUST04890
27,9,3,0.3333,2,29691.37,11716.75,0.2816,1,0,3,2,21422.91,19287.89,0.9003,3,1,2,3.3333,14,0,2,1,0,RET005882,CUST04890
28,9,4,0.4444,2,29691.37,11716.75,0.2816,0,1,4,2,1136.95,741.1,0.6518,5,2,2,4.2857,1,0,2,1,1,RET005883,CUST04890
41,16,8,0.5,4,41153.99,10679.47,0.2408,0,3,6,4,4963.4,2661.75,0.5363,11,0,3,5.8537,1,0,2,1,1,RET005884,CUST04890
36,15,6,0.4,3,37880.5,10821.5,0.2334,0,1,6,3,3273.49,3273.49,1.0,8,1,3,5.0,2,0,2,1,1,RET005885,CUST04890
9,2,0,0.0,0,0.0,10285.88,0.0,0,0,0,0,1427.0,1427.0,1.0,4,0,0,0.0,9,0,2,1,0,RET005886,CUST04890
10,2,1,0.5,0,0.0,10285.88,0.0,0,1,1,0,19144.75,19144.75,1.0,6,0,1,3.0,1,0,2,1,0,RET005887,CUST04890
13,3,2,0.6667,0,0.0,16278.71,0.0,1,2,2,0,28264.37,28264.37,1.0,1,1,2,4.6154,3,0,2,1,0,RET005888,CUST04890
46,16,11,0.6875,5,45399.27,10679.47,0.2657,0,4,8,4,2990.04,2990.04,1.0,12,0,6,7.1739,3,0,2,1,1,RET005889,CUST04890
43,16,10,0.625,4,41153.99,10679.47,0.2408,0,4,8,4,8548.99,6847.78,0.801,5,0,5,6.9767,1,0,2,1,0,RET005890,CUST04890
51,17,12,0.7059,9,59961.12,10673.1,0.3305,0,1,9,7,10571.17,10571.17,1.0,3,3,7,7.0588,5,0,2,1,1,RET005891,CUST04890
63,20,13,0.65,10,70532.29,9992.16,0.3529,0,0,8,8,2885.87,2885.87,1.0,11,2,7,6.1905,12,0,2,1,1,RET005892,CUST04890
70,23,14,0.6087,10,70532.29,9532.99,0.3217,0,1,7,7,2735.84,2735.84,1.0,13,1,7,6.0,7,0,2,1,1,RET005893,CUST04890
42,16,9,0.5625,4,41153.99,10679.47,0.2408,0,3,7,4,2745.35,2491.17,0.9074,8,0,4,6.4286,1,0,2,1,1,RET005894,CUST04890
78,16,8,0.5,6,22561.44,3761.44,0.3749,0,0,3,4,1125.33,658.86,0.5855,5,2,3,3.0769,9,0,1,1,1,RET005895,CUST04892
52,11,5,0.4545,2,18301.12,4880.96,0.3409,0,0,4,2,1481.01,1481.01,1.0,6,1,3,2.8846,8,0,1,1,1,RET005896,CUST04892
43,8,3,0.375,1,1147.28,5099.08,0.0281,0,2,3,1,384.1,384.1,1.0,7,0,2,2.093,1,0,1,1,1,RET005897,CUST04892
65,14,6,0.4286,4,20105.44,4122.37,0.3484,0,0,5,3,2196.35,2196.35,1.0,9,1,3,2.7692,13,0,1,1,1,RET005898,CUST04892
69,15,7,0.4667,4,20105.44,3937.18,0.3404,0,1,5,3,480.71,259.65,0.5401,8,3,3,3.0435,4,0,1,1,1,RET005899,CUST04892
42,8,2,0.25,1,1147.28,5099.08,0.0281,0,1,2,1,1420.22,1420.22,1.0,9,1,2,1.4286,5,0,1,1,0,RET005900,CUST04892
44,8,4,0.5,1,1147.28,5099.08,0.0281,0,3,4,1,17153.84,17153.84,1.0,7,2,3,2.7273,1,1,1,1,1,RET005901,CUST04892
37,7,1,0.1429,1,1147.28,3376.97,0.0485,1,0,1,1,3202.82,2543.66,0.7942,9,0,1,0.8108,23,0,1,1,0,RET005902,CUST04892
14,3,0,0.0,0,0.0,5753.63,0.0,0,0,0,0,1421.67,1147.28,0.807,5,0,0,0.0,14,0,1,1,0,RET005903,CUST04892
249,2,0,0.0,0,0.0,2196.84,0.0,0,0,0,0,356.3,356.3,1.0,17,0,0,0.0,249,0,1,2,0,RET005904,CUST04894
313,2,0,0.0,0,0.0,1620.47,0.0,0,0,0,0,1555.7,1555.7,1.0,7,0,0,0.0,313,0,1,1,0,RET005905,CUST04897
54,17,7,0.4118,3,5999.56,4646.01,0.076,0,1,7,3,1571.36,1571.36,1.0,14,0,4,3.8889,7,0,4,1,1,RET005906,CUST04903
34,12,2,0.1667,0,0.0,5701.07,0.0,0,2,2,0,1289.21,650.49,0.5046,2,0,1,1.7647,1,0,4,1,1,RET005907,CUST04903
35,13,3,0.2308,0,0.0,5389.53,0.0,1,3,3,0,1187.44,1187.44,1.0,11,0,2,2.5714,1,0,4,1,1,RET005908,CUST04903
33,12,1,0.0833,0,0.0,5701.07,0.0,1,1,1,0,4421.21,4421.21,1.0,5,1,1,0.9091,1,0,4,1,1,RET005909,CUST04903
42,17,5,0.2941,3,5999.56,4646.01,0.076,0,2,5,3,2197.54,2197.54,1.0,5,1,4,3.5714,7,0,4,1,1,RET005910,CUST04903
47,17,6,0.3529,3,5999.56,4646.01,0.076,0,1,6,3,2785.92,2785.92,1.0,11,2,4,3.8298,5,0,4,1,1,RET005911,CUST04903
35,13,3,0.2308,0,0.0,5389.53,0.0,1,3,3,0,10393.51,5779.44,0.5561,6,0,2,2.5714,1,0,4,1,1,RET005912,CUST04903
75,20,8,0.4,5,10851.95,5657.89,0.0959,0,0,2,2,25837.81,25837.81,1.0,10,3,5,3.2,21,1,4,1,1,RET005913,CUST04903
77,20,9,0.45,5,10851.95,5657.89,0.0959,0,1,3,2,1431.32,1431.32,1.0,6,1,5,3.5065,2,0,4,1,1,RET005914,CUST04903
32,11,0,0.0,0,0.0,6102.15,0.0,0,0,0,0,3671.24,3671.24,1.0,13,0,0,0.0,32,0,4,1,1,RET005915,CUST04903
98,7,1,0.1429,1,1001.54,3305.4,0.0433,0,0,0,0,2936.65,2307.17,0.7856,2,0,1,0.3061,56,0,5,3,0,RET005916,CUST04905
42,3,0,0.0,0,0.0,845.48,0.0,0,0,0,0,1001.54,1001.54,1.0,12,0,0,0.0,42,0,5,3,0,RET005917,CUST04905
433,1,0,0.0,0,0.0,2204.27,0.0,0,0,0,0,2204.27,2050.13,0.9301,27,0,0,0.0,433,0,5,1,0,RET005918,CUST04906
94,2,0,0.0,0,0.0,15673.43,0.0,0,0,0,0,25151.12,25151.12,1.0,22,0,0,0.0,94,0,1,1,0,RET005919,CUST04908
22,7,1,0.1429,1,16590.06,12282.34,0.193,0,1,1,1,51781.97,51781.97,1.0,9,0,1,1.3636,6,1,1,1,0,RET005920,CUST04910
43,11,3,0.2727,2,68372.03,9851.57,0.6309,1,1,3,2,1034.26,1034.26,1.0,1,1,3,2.093,5,0,1,1,1,RET005921,CUST04910
38,10,2,0.2,2,68372.03,10733.31,0.637,0,0,2,2,1614.64,1614.64,1.0,14,0,2,1.5789,16,0,1,1,1,RET005922,CUST04910
16,4,0,0.0,0,0.0,20021.98,0.0,0,0,0,0,26099.15,26099.15,1.0,9,0,0,0.0,16,0,1,1,0,RET005923,CUST04910
70,11,2,0.1818,1,1769.12,10184.02,0.0158,0,1,2,1,14777.9,14777.9,1.0,3,0,2,0.8571,2,0,2,1,1,RET005924,CUST04911
68,10,1,0.1,1,1769.12,10415.33,0.017,1,0,1,1,6906.48,4401.24,0.6373,7,0,1,0.4412,27,0,2,1,0,RET005925,CUST04911
41,2,0,0.0,0,0.0,1705.86,0.0,0,0,0,0,1769.12,1769.12,1.0,13,0,0,0.0,41,0,2,1,0,RET005926,CUST04911
85,13,3,0.2308,2,6170.36,9649.02,0.0492,1,0,2,1,10598.62,5512.28,0.5201,1,1,3,1.0588,15,0,2,1,1,RET005927,CUST04911
82,5,3,0.6,2,2817.2,5467.51,0.1031,0,1,3,2,20785.67,20785.67,1.0,26,2,2,1.0976,2,1,4,1,1,RET005928,CUST04917
80,5,2,0.4,2,2817.2,5467.51,0.1031,0,0,2,2,1583.54,1381.61,0.8725,24,1,2,0.75,21,0,4,1,1,RET005929,CUST04917
59,5,1,0.2,0,0.0,5467.51,0.0,0,1,1,0,2522.49,2522.49,1.0,29,0,1,0.5085,6,0,4,1,1,RET005930,CUST04917
53,3,0,0.0,0,0.0,1656.12,0.0,0,0,0,0,294.71,294.71,1.0,21,0,0,0.0,53,0,4,1,0,RET005931,CUST04917
280,7,0,0.0,0,0.0,3675.61,0.0,1,0,0,0,1600.73,1367.71,0.8544,13,0,0,0.0,280,0,1,1,0,RET005932,CUST04918
217,2,0,0.0,0,0.0,2102.15,0.0,0,0,0,0,1617.38,725.24,0.4484,18,0,0,0.0,217,0,1,1,0,RET005933,CUST04919
145,7,0,0.0,0,0.0,5483.09,0.0,0,0,0,0,780.13,780.13,1.0,23,0,0,0.0,145,0,5,1,0,RET005934,CUST04922
34,3,0,0.0,0,0.0,6470.74,0.0,0,0,0,0,10171.07,10171.07,1.0,3,0,0,0.0,34,0,1,1,0,RET005935,CUST04923
36,3,1,0.3333,0,0.0,6470.74,0.0,0,1,1,0,8244.32,8244.32,1.0,4,1,1,0.8333,2,0,1,1,1,RET005936,CUST04923
80,8,2,0.25,2,17477.93,4868.24,0.4488,0,0,0,0,786.66,418.96,0.5326,5,0,1,0.75,44,0,1,1,1,RET005937,CUST04923
103,9,3,0.3333,3,17896.89,4733.39,0.4201,0,0,1,1,3654.63,3654.63,1.0,6,0,2,0.8738,23,0,1,1,1,RET005938,CUST04923
87,2,1,0.5,1,2939.16,13023.34,0.1128,0,1,1,1,23107.53,23107.53,1.0,6,1,1,0.3448,6,0,1,1,0,RET005939,CUST04929
163,5,2,0.4,2,15564.15,9470.76,0.3287,0,0,0,0,2851.18,2851.18,1.0,8,0,1,0.3681,76,0,1,1,1,RET005940,CUST04929
81,1,0,0.0,0,0.0,2939.16,0.0,0,0,0,0,2939.16,2939.16,1.0,9,0,0,0.0,81,0,1,1,0,RET005941,CUST04929
171,23,8,0.3478,7,23854.82,9925.14,0.1045,0,0,2,1,55000.0,30048.71,0.5463,10,1,4,1.4035,8,1,5,1,1,RET005942,CUST04931
40,3,0,0.0,0,0.0,8633.25,0.0,1,0,0,0,1015.79,1015.79,1.0,11,0,0,0.0,40,0,5,1,0,RET005943,CUST04931
163,22,7,0.3182,7,23854.82,9553.74,0.1135,0,0,1,1,533.07,533.07,1.0,14,3,4,1.2883,20,0,5,1,1,RET005944,CUST04931
84,12,3,0.25,3,3360.96,6758.24,0.0414,0,0,2,2,1528.08,1528.08,1.0,14,1,3,1.0714,16,0,5,1,1,RET005945,CUST04931
68,8,2,0.25,2,2740.49,9024.33,0.038,0,0,2,2,620.47,620.47,1.0,10,0,2,0.8824,9,0,5,1,1,RET005946,CUST04931
90,13,4,0.3077,3,3360.96,6402.8,0.0404,1,1,2,2,1304.58,1304.58,1.0,9,0,3,1.3333,6,0,5,1,1,RET005947,CUST04931
112,16,5,0.3125,5,6025.02,5777.04,0.0652,0,0,2,2,3527.02,3527.02,1.0,10,1,4,1.3393,22,0,5,1,1,RET005948,CUST04931
185,25,9,0.36,9,54436.6,9247.75,0.2355,0,0,2,2,1757.48,1757.48,1.0,11,4,4,1.4595,14,0,5,1,1,RET005949,CUST04931
59,8,1,0.125,1,1015.79,9024.33,0.0141,2,0,1,1,1724.7,1724.7,1.0,2,0,1,0.5085,19,0,5,1,0,RET005950,CUST04931
143,19,6,0.3158,6,8210.57,8036.54,0.0538,0,0,0,1,18739.74,15644.25,0.8348,7,2,4,1.2587,31,0,5,1,1,RET005951,CUST04931
195,8,0,0.0,0,0.0,4757.65,0.0,0,0,0,0,4331.92,3271.6,0.7552,27,0,0,0.0,195,0,1,1,0,RET005952,CUST04933
61,11,2,0.1818,1,287.73,3847.78,0.0068,0,0,2,1,2064.08,2064.08,1.0,6,1,2,0.9836,16,0,1,1,1,RET005953,CUST04936
66,12,5,0.4167,2,2384.61,3815.94,0.0521,0,3,4,2,12468.85,12468.85,1.0,9,1,3,2.2727,3,1,1,1,1,RET005954,CUST04936
61,11,2,0.1818,1,287.73,3847.78,0.0068,0,0,2,1,2096.88,2096.88,1.0,3,1,2,0.9836,16,0,1,1,1,RET005955,CUST04936
63,12,4,0.3333,2,2384.61,3815.94,0.0521,0,2,4,2,15018.68,15018.68,1.0,5,0,2,1.9048,2,1,1,1,1,RET005956,CUST04936
45,2,1,0.5,0,0.0,1064.65,0.0,0,0,1,0,1412.89,1412.89,1.0,14,0,1,0.6667,12,0,1,1,0,RET005957,CUST04936
93,14,6,0.4286,3,14853.46,3780.17,0.2807,0,0,2,1,420.34,420.34,1.0,11,3,3,1.9355,27,0,1,1,1,RET005958,CUST04936
33,2,0,0.0,0,0.0,1064.65,0.0,0,0,0,0,716.41,287.73,0.4016,8,0,0,0.0,33,0,1,1,0,RET005959,CUST04936
135,17,7,0.4118,4,15273.8,4630.74,0.194,0,0,0,1,22521.43,22521.43,1.0,7,0,3,1.5556,42,1,1,1,1,RET005960,CUST04936
451,5,0,0.0,0,0.0,3113.71,0.0,0,0,0,0,2453.0,2453.0,1.0,20,0,0,0.0,451,0,1,1,0,RET005961,CUST04937
33,5,1,0.2,0,0.0,12607.46,0.0,0,0,1,0,1997.7,1997.7,1.0,7,1,1,0.9091,9,0,1,1,0,RET005962,CUST04945
86,14,3,0.2143,2,14623.44,8303.32,0.1258,0,0,1,0,9011.82,9011.82,1.0,12,1,2,1.0465,19,0,1,1,1,RET005963,CUST04945
67,8,2,0.25,2,14623.44,10075.2,0.1814,0,0,0,1,15647.49,15647.49,1.0,8,0,1,0.8955,34,0,1,1,0,RET005964,CUST04945
24,2,0,0.0,0,0.0,13845.78,0.0,0,0,0,0,12625.74,12625.74,1.0,13,0,0,0.0,24,0,1,1,0,RET005965,CUST04945
388,3,0,0.0,0,0.0,8185.67,0.0,0,0,0,0,1555.6,1555.6,1.0,24,0,0,0.0,388,0,1,1,0,RET005966,CUST04947
31,3,0,0.0,0,0.0,9852.74,0.0,0,0,0,0,2212.44,2212.44,1.0,6,0,0,0.0,31,0,5,4,0,RET005967,CUST04950
337,2,0,0.0,0,0.0,1990.16,0.0,0,0,0,0,3143.55,3143.55,1.0,4,0,0,0.0,337,0,1,1,0,RET005968,CUST04954
218,2,0,0.0,0,0.0,7806.34,0.0,0,0,0,0,1283.37,1283.37,1.0,19,0,0,0.0,218,0,1,1,0,RET005969,CUST04962
40,1,0,0.0,0,0.0,5802.46,0.0,0,0,0,0,5802.46,5802.46,1.0,9,0,0,0.0,40,0,1,1,0,RET005970,CUST04966
133,3,0,0.0,0,0.0,2336.72,0.0,0,0,0,0,1338.56,1338.56,1.0,20,0,0,0.0,133,0,1,1,0,RET005971,CUST04967
18,3,0,0.0,0,0.0,1556.07,0.0,0,0,0,0,1079.58,529.14,0.4901,4,0,0,0.0,18,0,1,1,0,RET005972,CUST04971
46,5,1,0.2,1,433.05,2116.14,0.0409,0,0,1,1,2400.83,2400.83,1.0,5,0,1,0.6522,28,0,1,1,0,RET005973,CUST04971
48,5,2,0.4,1,433.05,2116.14,0.0409,0,1,2,1,3511.67,3511.67,1.0,4,0,2,1.25,2,0,1,1,0,RET005974,CUST04971
199,3,0,0.0,0,0.0,3649.1,0.0,0,0,0,0,4968.68,4968.68,1.0,17,0,0,0.0,199,0,1,1,0,RET005975,CUST04972
105,2,0,0.0,0,0.0,13149.77,0.0,0,0,0,0,22318.62,22318.62,1.0,24,0,0,0.0,105,0,1,1,0,RET005976,CUST04978
279,9,0,0.0,0,0.0,2961.98,0.0,0,0,0,0,716.94,716.94,1.0,17,0,0,0.0,279,0,1,3,0,RET005977,CUST04983
29,1,0,0.0,0,0.0,1913.39,0.0,0,0,0,0,1913.39,1913.39,1.0,4,0,0,0.0,29,0,2,1,0,RET005978,CUST04984
105,11,1,0.0909,1,1913.39,11510.82,0.0151,0,0,0,0,15530.56,15530.56,1.0,5,0,1,0.2857,76,0,2,1,1,RET005979,CUST04984
478,12,3,0.25,2,8389.15,7139.96,0.0979,1,1,2,1,2437.05,2437.05,1.0,7,1,3,0.1883,3,0,1,4,1,RET005980,CUST04986
493,18,5,0.2778,5,38147.27,5939.3,0.3568,0,0,4,4,1831.13,1831.13,1.0,9,0,3,0.3043,8,0,1,4,1,RET005981,CUST04986
395,3,0,0.0,0,0.0,2944.06,0.0,0,0,0,0,3678.59,3678.59,1.0,6,0,0,0.0,395,0,1,4,0,RET005982,CUST04986
464,4,1,0.25,1,3678.59,3971.23,0.2316,0,0,0,0,7052.75,7052.75,1.0,5,0,1,0.0647,69,0,1,4,1,RET005983,CUST04986
475,8,2,0.25,2,8389.15,6362.09,0.1648,0,0,1,1,14878.48,14878.48,1.0,4,0,2,0.1263,11,1,1,4,1,RET005984,CUST04986
485,17,4,0.2353,4,25704.68,6136.84,0.2464,1,1,3,3,12442.59,12442.59,1.0,9,2,3,0.2474,7,1,1,4,1,RET005985,CUST04986
504,19,6,0.3158,6,39978.4,5722.89,0.3677,0,0,4,4,1827.46,1827.46,1.0,3,1,4,0.3571,11,0,1,4,1,RET005986,CUST04986
377,1,0,0.0,0,0.0,1161.25,0.0,0,0,0,0,1161.25,1161.25,1.0,4,0,0,0.0,377,0,1,1,0,RET005987,CUST04987
188,13,7,0.5385,5,29553.39,7442.53,0.3055,0,0,0,0,1421.39,1421.39,1.0,6,2,4,1.117,37,0,3,4,1,RET005988,CUST04996
72,5,2,0.4,2,6294.55,8422.56,0.1495,0,0,2,2,2443.2,2443.2,1.0,10,1,2,0.8333,9,0,3,4,1,RET005989,CUST04996
121,9,4,0.4444,4,10127.96,7273.35,0.1547,0,0,1,1,19425.43,19425.43,1.0,14,1,3,0.9917,9,1,3,4,1,RET005990,CUST04996
216,15,8,0.5333,6,30974.78,6613.31,0.3122,0,0,1,1,1122.52,1122.52,1.0,10,3,4,1.1111,28,0,3,4,1,RET005991,CUST04996
151,12,6,0.5,5,29553.39,7944.29,0.31,0,1,2,1,26853.12,20013.51,0.7453,11,0,3,1.1921,6,1,3,4,1,RET005992,CUST04996
53,3,0,0.0,0,0.0,11497.54,0.0,0,0,0,0,1117.56,1117.56,1.0,3,0,0,0.0,53,0,3,4,0,RET005993,CUST04996
112,7,3,0.4286,3,8737.75,9004.71,0.1386,0,0,0,1,1494.72,1390.21,0.9301,2,0,2,0.8036,40,0,3,4,1,RET005994,CUST04996
145,12,5,0.4167,5,29553.39,7944.29,0.31,0,0,1,2,829.89,829.89,1.0,7,1,3,1.0345,24,0,3,4,1,RET005995,CUST04996
63,5,1,0.2,1,1117.56,8422.56,0.0265,2,0,1,1,5176.99,5176.99,1.0,1,0,1,0.4762,10,0,3,4,0,RET005996,CUST04996
52,5,1,0.2,1,1925.54,4121.01,0.0934,2,0,1,1,12174.85,12174.85,1.0,7,0,1,0.5769,17,1,1,1,0,RET005997,CUST04998
35,2,0,0.0,0,0.0,2401.66,0.0,0,0,0,0,2459.28,2459.28,1.0,12,0,0,0.0,35,0,1,1,0,RET005998,CUST04998
